[{"map_name":"new_map","map_id":"nDzCsnQmNi5r","map_description":"\nLast Modified Tue Jun 11 2019 11:08:54 GMT-0500 (Central Daylight Time)","homepage":"https://escher.github.io","schema":"https://escher.github.io/escher/jsonschema/1-0-0#"},{"reactions":{"0":{"name":"rxn02167","bigg_id":"rxn02167","reversibility":false,"label_x":646.9999847412109,"label_y":422,"gene_reaction_rule":"","genes":[],"metabolites":[{"bigg_id":"cpd00842","coefficient":-1},{"bigg_id":"cpd00001","coefficient":1},{"bigg_id":"cpd00650","coefficient":1}],"segments":{"0":{"from_node_id":"1","to_node_id":"2","b1":null,"b2":null},"1":{"from_node_id":"3","to_node_id":"2","b1":null,"b2":null},"2":{"from_node_id":"1","to_node_id":"0","b1":{"x":631.9999847412109,"y":350},"b2":{"x":631.9999847412109,"y":286.75}},"3":{"from_node_id":"3","to_node_id":"4","b1":{"x":631.9999847412109,"y":478},"b2":{"x":613.9999847412109,"y":483.25}},"4":{"from_node_id":"3","to_node_id":"5","b1":{"x":631.9999847412109,"y":474},"b2":{"x":631.9999847412109,"y":528.25}}}},"1":{"name":"rxn01452","bigg_id":"rxn01452","reversibility":false,"label_x":646.9999847412109,"label_y":72,"gene_reaction_rule":"","genes":[],"metabolites":[{"bigg_id":"cpd00006","coefficient":-1},{"bigg_id":"cpd00842","coefficient":-1},{"bigg_id":"cpd00005","coefficient":1},{"bigg_id":"cpd00067","coefficient":1},{"bigg_id":"cpd00279","coefficient":1}],"segments":{"5":{"from_node_id":"6","to_node_id":"7","b1":null,"b2":null},"6":{"from_node_id":"8","to_node_id":"7","b1":null,"b2":null},"7":{"from_node_id":"6","to_node_id":"9","b1":{"x":631.9999847412109,"y":128},"b2":{"x":649.9999847412109,"y":133.25}},"8":{"from_node_id":"6","to_node_id":"0","b1":{"x":631.9999847412109,"y":124},"b2":{"x":631.9999847412109,"y":169.25}},"9":{"from_node_id":"8","to_node_id":"10","b1":{"x":631.9999847412109,"y":-4},"b2":{"x":613.9999847412109,"y":-9.25}},"10":{"from_node_id":"8","to_node_id":"11","b1":{"x":631.9999847412109,"y":-4},"b2":{"x":629.2500519188662,"y":-7.795448689845921}},"11":{"from_node_id":"8","to_node_id":"12","b1":{"x":631.9999847412109,"y":0},"b2":{"x":631.9999847412109,"y":-54.25}}}},"2":{"name":"rxn00178","bigg_id":"rxn00178","reversibility":false,"label_x":646.9999847412109,"label_y":-278,"gene_reaction_rule":"","genes":[],"metabolites":[{"bigg_id":"cpd00022","coefficient":-2},{"bigg_id":"cpd00010","coefficient":1},{"bigg_id":"cpd00279","coefficient":1}],"segments":{"12":{"from_node_id":"13","to_node_id":"14","b1":null,"b2":null},"13":{"from_node_id":"15","to_node_id":"14","b1":null,"b2":null},"14":{"from_node_id":"13","to_node_id":"16","b1":{"x":631.9999847412109,"y":-350},"b2":{"x":469.99998474121094,"y":-383.25}},"15":{"from_node_id":"15","to_node_id":"17","b1":{"x":631.9999847412109,"y":-222},"b2":{"x":649.9999847412109,"y":-216.75}},"16":{"from_node_id":"15","to_node_id":"12","b1":{"x":631.9999847412109,"y":-226},"b2":{"x":631.9999847412109,"y":-171.75}}}},"3":{"name":"rxn00872","bigg_id":"rxn00872","reversibility":false,"label_x":646.9999847412109,"label_y":772,"gene_reaction_rule":"","genes":[],"metabolites":[{"bigg_id":"cpd00015","coefficient":-1},{"bigg_id":"cpd00120","coefficient":-1},{"bigg_id":"cpd00650","coefficient":1},{"bigg_id":"cpd00982","coefficient":1}],"segments":{"17":{"from_node_id":"18","to_node_id":"19","b1":null,"b2":null},"18":{"from_node_id":"20","to_node_id":"19","b1":null,"b2":null},"19":{"from_node_id":"18","to_node_id":"21","b1":{"x":631.9999847412109,"y":824},"b2":{"x":601.38690698742,"y":831.4765615568026}},"20":{"from_node_id":"18","to_node_id":"122","b1":{"x":631.9999847412109,"y":828},"b2":{"x":633.3588252036026,"y":859.6020573264843}},"21":{"from_node_id":"20","to_node_id":"5","b1":{"x":631.9999847412109,"y":700},"b2":{"x":631.9999847412109,"y":645.75}},"22":{"from_node_id":"20","to_node_id":"23","b1":{"x":631.9999847412109,"y":696},"b2":{"x":613.9999847412109,"y":690.75}}}},"5":{"name":"rxn00875","bigg_id":"rxn00875","reversibility":false,"label_x":392.99998474121094,"label_y":1112,"gene_reaction_rule":"","genes":[],"metabolites":[{"bigg_id":"cpd00029","coefficient":-1},{"bigg_id":"cpd00120","coefficient":-1},{"bigg_id":"cpd00022","coefficient":1},{"bigg_id":"cpd00211","coefficient":1}],"segments":{"29":{"from_node_id":"30","to_node_id":"31","b1":null,"b2":null},"30":{"from_node_id":"32","to_node_id":"31","b1":null,"b2":null},"31":{"from_node_id":"30","to_node_id":"33","b1":{"x":377.99998474121094,"y":1036},"b2":{"x":191.2550327786893,"y":566.5183939997548}},"32":{"from_node_id":"30","to_node_id":"122","b1":{"x":377.99998474121094,"y":1040},"b2":{"x":632.9999847412109,"y":988.9419555664062}},"33":{"from_node_id":"32","to_node_id":"34","b1":{"x":377.99998474121094,"y":1164},"b2":{"x":412.09469993764856,"y":1186.9400545119142}},"34":{"from_node_id":"32","to_node_id":"35","b1":{"x":377.99998474121094,"y":1168},"b2":{"x":375.837816547919,"y":1226.127170982371}}}},"6":{"name":"rxn00225","bigg_id":"rxn00225","reversibility":false,"label_x":195.93285212932565,"label_y":331.3711201259903,"gene_reaction_rule":"","genes":[],"metabolites":[{"bigg_id":"cpd00002","coefficient":-1},{"bigg_id":"cpd00029","coefficient":-1},{"bigg_id":"cpd00008","coefficient":1},{"bigg_id":"cpd00196","coefficient":1}],"segments":{"35":{"from_node_id":"36","to_node_id":"37","b1":null,"b2":null},"36":{"from_node_id":"38","to_node_id":"37","b1":null,"b2":null},"37":{"from_node_id":"36","to_node_id":"39","b1":{"x":181.91116135051902,"y":387.36386905394244},"b2":{"x":199.98700383710099,"y":392.34648065834034}},"38":{"from_node_id":"36","to_node_id":"33","b1":{"x":181.8518698825679,"y":383.36430851285456},"b2":{"x":182.65601041665488,"y":437.60834835136075}},"39":{"from_node_id":"38","to_node_id":"40","b1":{"x":180.0138343760834,"y":259.37793173912627},"b2":{"x":218.24244785397798,"y":251.35592858165757}},"40":{"from_node_id":"38","to_node_id":"41","b1":{"x":179.95454290813228,"y":255.37837119803817},"b2":{"x":180.67909079555074,"y":235.94939908732925}}}},"7":{"name":"rxn00173","bigg_id":"rxn00173","reversibility":false,"label_x":195.62026514977617,"label_y":0.35861328958233685,"gene_reaction_rule":"","genes":[],"metabolites":[{"bigg_id":"cpd00009","coefficient":-1},{"bigg_id":"cpd00022","coefficient":-1},{"bigg_id":"cpd00010","coefficient":1},{"bigg_id":"cpd00196","coefficient":1}],"segments":{"41":{"from_node_id":"42","to_node_id":"43","b1":null,"b2":null},"42":{"from_node_id":"44","to_node_id":"43","b1":null,"b2":null},"43":{"from_node_id":"42","to_node_id":"45","b1":{"x":180.6202651497762,"y":-75.64138671041766},"b2":{"x":236.9926252763774,"y":-50.73780578682242}},"44":{"from_node_id":"42","to_node_id":"16","b1":{"x":180.6202651497762,"y":-71.64138671041766},"b2":{"x":465.6202651497762,"y":-380.8913867104177}},"45":{"from_node_id":"44","to_node_id":"47","b1":{"x":180.62026514977617,"y":56.35861328958234},"b2":{"x":198.62026514977617,"y":61.60861328958234}},"46":{"from_node_id":"44","to_node_id":"41","b1":{"x":180.62026514977617,"y":52.35861328958234},"b2":{"x":180.62026514977617,"y":106.60861328958234}}}},"8":{"name":"rxn02168","bigg_id":"rxn02168","reversibility":false,"label_x":966.1430018884066,"label_y":412.98199555223584,"gene_reaction_rule":"","genes":[],"metabolites":[{"bigg_id":"cpd02234","coefficient":-1},{"bigg_id":"cpd00001","coefficient":1},{"bigg_id":"cpd00650","coefficient":1}],"segments":{"47":{"from_node_id":"49","to_node_id":"50","b1":null,"b2":null},"48":{"from_node_id":"51","to_node_id":"50","b1":null,"b2":null},"49":{"from_node_id":"49","to_node_id":"48","b1":{"x":951.059420122758,"y":340.9820518902588},"b2":{"x":950.9862860778151,"y":286.7321011860273}},"50":{"from_node_id":"51","to_node_id":"52","b1":{"x":951.2319760260316,"y":468.9819355795031},"b2":{"x":958.5232357060204,"y":482.4284486266367}},"51":{"from_node_id":"51","to_node_id":"5","b1":{"x":951.2265836540544,"y":464.98193921421444},"b2":{"x":624.2997787341528,"y":528.231889918445}}}},"12":{"name":"rxn02345","bigg_id":"rxn02345","reversibility":false,"label_x":732.9999847412109,"label_y":266,"gene_reaction_rule":"","genes":[],"metabolites":[{"bigg_id":"cpd00842","coefficient":-1},{"bigg_id":"cpd02234","coefficient":1}],"segments":{"68":{"from_node_id":"73","to_node_id":"74","b1":null,"b2":null},"69":{"from_node_id":"75","to_node_id":"74","b1":null,"b2":null},"70":{"from_node_id":"73","to_node_id":"0","b1":{"x":744.9999847412109,"y":228},"b2":{"x":690.7499847412109,"y":228}},"71":{"from_node_id":"75","to_node_id":"48","b1":{"x":868.9999847412109,"y":228},"b2":{"x":890.2499847412109,"y":228}}}},"18":{"name":"rxn01236","bigg_id":"rxn01236","reversibility":false,"label_x":502.2559356689453,"label_y":1256.7037353515625,"gene_reaction_rule":"","genes":[],"metabolites":[{"bigg_id":"cpd00002","coefficient":-1},{"bigg_id":"cpd00211","coefficient":-1},{"bigg_id":"cpd00008","coefficient":1},{"bigg_id":"cpd01662","coefficient":1}],"segments":{"103":{"from_node_id":"112","to_node_id":"113","b1":null,"b2":null},"104":{"from_node_id":"114","to_node_id":"113","b1":null,"b2":null},"105":{"from_node_id":"112","to_node_id":"115","b1":{"x":486.2559356689453,"y":1296.7037353515625},"b2":{"x":481.0059356689453,"y":1314.7037353515625}},"106":{"from_node_id":"112","to_node_id":"35","b1":{"x":490.2559356689453,"y":1296.7037353515625},"b2":{"x":436.0059356689453,"y":1296.7037353515625}},"107":{"from_node_id":"114","to_node_id":"116","b1":{"x":614.2559356689453,"y":1296.7037353515625},"b2":{"x":624.6080253524178,"y":1326.1843577271502}},"108":{"from_node_id":"114","to_node_id":"117","b1":{"x":618.2559356689453,"y":1296.7037353515625},"b2":{"x":666.0768397453169,"y":1297.036500116664}}}},"19":{"name":"rxn00871","bigg_id":"rxn00871","reversibility":false,"label_x":751.6325225830078,"label_y":1134.26318359375,"gene_reaction_rule":"","genes":[],"metabolites":[{"bigg_id":"cpd00009","coefficient":-1},{"bigg_id":"cpd00120","coefficient":-1},{"bigg_id":"cpd00010","coefficient":1},{"bigg_id":"cpd01662","coefficient":1}],"segments":{"109":{"from_node_id":"118","to_node_id":"119","b1":null,"b2":null},"110":{"from_node_id":"120","to_node_id":"119","b1":null,"b2":null},"111":{"from_node_id":"118","to_node_id":"121","b1":{"x":736.6325225830078,"y":1058.26318359375},"b2":{"x":754.6325225830078,"y":1053.01318359375}},"112":{"from_node_id":"118","to_node_id":"122","b1":{"x":736.6325225830078,"y":1062.26318359375},"b2":{"x":630.1517486572266,"y":994.461181640625}},"113":{"from_node_id":"120","to_node_id":"123","b1":{"x":736.6325225830078,"y":1190.26318359375},"b2":{"x":754.6325225830078,"y":1195.51318359375}},"114":{"from_node_id":"120","to_node_id":"117","b1":{"x":736.6325225830078,"y":1186.26318359375},"b2":{"x":736.6325225830078,"y":1240.51318359375}}}},"21":{"name":"rxn01453","bigg_id":"rxn01453","reversibility":false,"label_x":965.9070856143992,"label_y":62.982154570846205,"gene_reaction_rule":"","genes":[],"metabolites":[{"bigg_id":"cpd00006","coefficient":-1},{"bigg_id":"cpd02234","coefficient":-1},{"bigg_id":"cpd00005","coefficient":1},{"bigg_id":"cpd00067","coefficient":1},{"bigg_id":"cpd00279","coefficient":1}],"segments":{"120":{"from_node_id":"129","to_node_id":"130","b1":null,"b2":null},"121":{"from_node_id":"131","to_node_id":"130","b1":null,"b2":null},"122":{"from_node_id":"129","to_node_id":"132","b1":{"x":950.9070856143992,"y":118.9821545708462},"b2":{"x":968.9070856143992,"y":124.2321545708462}},"123":{"from_node_id":"129","to_node_id":"48","b1":{"x":950.9070856143992,"y":114.9821545708462},"b2":{"x":950.9070856143992,"y":169.2321545708462}},"124":{"from_node_id":"131","to_node_id":"133","b1":{"x":950.9070856143992,"y":-13.017845429153795},"b2":{"x":949.9468805362742,"y":-32.87335614082372}},"125":{"from_node_id":"131","to_node_id":"134","b1":{"x":950.9070856143992,"y":-13.017845429153795},"b2":{"x":968.9070856143992,"y":-18.267845429153795}},"126":{"from_node_id":"131","to_node_id":"12","b1":{"x":950.9070856143992,"y":-9.017845429153795},"b2":{"x":636.888469891743,"y":-48.66233090278661}}}}},"nodes":{"0":{"node_type":"metabolite","x":631.9999847412109,"y":228,"bigg_id":"cpd00842","name":"(S)-3-Hydroxybutyryl-CoA","label_x":659.9999847412109,"label_y":216,"node_is_primary":true},"1":{"node_type":"multimarker","x":631.9999847412109,"y":392},"2":{"node_type":"midmarker","x":631.9999847412109,"y":412},"3":{"node_type":"multimarker","x":631.9999847412109,"y":432},"4":{"node_type":"metabolite","x":551.9999847412109,"y":517,"bigg_id":"cpd00001","name":"H2O","label_x":479.99998474121094,"label_y":547,"node_is_primary":false},"5":{"node_type":"metabolite","x":631.9999847412109,"y":587,"bigg_id":"cpd00650","name":"Crotonyl-CoA","label_x":656.9999847412109,"label_y":587,"node_is_primary":true},"6":{"node_type":"multimarker","x":631.9999847412109,"y":82},"7":{"node_type":"midmarker","x":631.9999847412109,"y":62},"8":{"node_type":"multimarker","x":631.9999847412109,"y":42},"9":{"node_type":"metabolite","x":711.9999847412109,"y":167,"bigg_id":"cpd00006","name":"NADP","label_x":726.9999847412109,"label_y":167,"node_is_primary":false},"10":{"node_type":"metabolite","x":551.9999847412109,"y":-43,"bigg_id":"cpd00005","name":"NADPH","label_x":479.99998474121094,"label_y":-13,"node_is_primary":false},"11":{"node_type":"metabolite","x":699.8287200927734,"y":-6.486212730407715,"bigg_id":"cpd00067","name":"H+","label_x":714.8287200927734,"label_y":-6.486212730407715,"node_is_primary":false},"12":{"node_type":"metabolite","x":631.9999847412109,"y":-113,"bigg_id":"cpd00279","name":"Acetoacetyl-CoA","label_x":656.9999847412109,"label_y":-113,"node_is_primary":true},"13":{"node_type":"multimarker","x":631.9999847412109,"y":-308},"14":{"node_type":"midmarker","x":631.9999847412109,"y":-288},"15":{"node_type":"multimarker","x":631.9999847412109,"y":-268},"16":{"node_type":"metabolite","x":469.99998474121094,"y":-442,"bigg_id":"cpd00022","name":"Acetyl-CoA","label_x":494.99998474121094,"label_y":-442,"node_is_primary":true},"17":{"node_type":"metabolite","x":711.9999847412109,"y":-183,"bigg_id":"cpd00010","name":"CoA","label_x":726.9999847412109,"label_y":-183,"node_is_primary":false},"18":{"node_type":"multimarker","x":631.9999847412109,"y":782},"19":{"node_type":"midmarker","x":631.9999847412109,"y":762},"20":{"node_type":"multimarker","x":631.9999847412109,"y":742},"21":{"node_type":"metabolite","x":547.9999847412109,"y":856,"bigg_id":"cpd00015","name":"FAD","label_x":476.99998474121094,"label_y":844,"node_is_primary":false},"23":{"node_type":"metabolite","x":551.9999847412109,"y":657,"bigg_id":"cpd00982","name":"FADH2","label_x":479.99998474121094,"label_y":687,"node_is_primary":false},"30":{"node_type":"multimarker","x":377.99998474121094,"y":1082},"31":{"node_type":"midmarker","x":377.99998474121094,"y":1102},"32":{"node_type":"multimarker","x":377.99998474121094,"y":1122},"33":{"node_type":"metabolite","x":183.5268538521868,"y":496.35189379859094,"bigg_id":"cpd00029","name":"Acetate","label_x":93.5268538521868,"label_y":538.3518937985908,"node_is_primary":true},"34":{"node_type":"metabolite","x":467.99998474121094,"y":1205,"bigg_id":"cpd00022","name":"Acetyl-CoA","label_x":492.99998474121094,"label_y":1205,"node_is_primary":false},"35":{"node_type":"metabolite","x":377.2559356689453,"y":1296.7037353515625,"bigg_id":"cpd00211","name":"Butyrate","label_x":305.2559356689453,"label_y":1326.7037353515625,"node_is_primary":true},"36":{"node_type":"multimarker","x":181.22930946908124,"y":341.3689228314304},"37":{"node_type":"midmarker","x":180.93285212932565,"y":321.3711201259903},"38":{"node_type":"multimarker","x":180.63639478957003,"y":301.37331742055005},"39":{"node_type":"metabolite","x":262.48046398480255,"y":425.1737549705283,"bigg_id":"cpd00002","name":"ATP","label_x":277.48046398480255,"label_y":425.1737549705283,"node_is_primary":false},"40":{"node_type":"metabolite","x":272.5737538137341,"y":229.00259118637467,"bigg_id":"cpd00008","name":"ADP","label_x":297.5737538137341,"label_y":229.00259118637467,"node_is_primary":false},"41":{"node_type":"metabolite","x":180.62026514977617,"y":165.35861328958234,"bigg_id":"cpd00196","name":"Acetylphosphate","label_x":195.62026514977617,"label_y":165.35861328958234,"node_is_primary":true},"42":{"node_type":"multimarker","x":180.62026514977617,"y":-29.641386710417663},"43":{"node_type":"midmarker","x":180.62026514977617,"y":-9.641386710417663},"44":{"node_type":"multimarker","x":180.62026514977617,"y":10.358613289582337},"45":{"node_type":"metabolite","x":290.6202651497762,"y":-96.64138671041766,"bigg_id":"cpd00009","name":"Phosphate","label_x":305.6202651497762,"label_y":-96.64138671041766,"node_is_primary":false},"47":{"node_type":"metabolite","x":260.6202651497762,"y":95.35861328958234,"bigg_id":"cpd00010","name":"CoA","label_x":275.6202651497762,"label_y":95.35861328958234,"node_is_primary":false},"48":{"node_type":"metabolite","x":950.9070856143992,"y":227.9821545708462,"bigg_id":"cpd02234","name":"(R)-3-Hydroxybutanoyl-CoA","label_x":991.5266258131433,"label_y":244.06178725033578,"node_is_primary":true},"49":{"node_type":"multimarker","x":951.1160400285194,"y":382.9820137257916},"50":{"node_type":"midmarker","x":951.1430018884066,"y":402.98199555223584},"51":{"node_type":"multimarker","x":951.1699637482923,"y":422.981977378681},"52":{"node_type":"metabolite","x":1024.2846243470328,"y":508.08974758061606,"bigg_id":"cpd00001","name":"H2O","label_x":1039.2846243470328,"label_y":508.08974758061606,"node_is_primary":false},"73":{"node_type":"multimarker","x":786.9999847412109,"y":228},"74":{"node_type":"midmarker","x":806.9999847412109,"y":228},"75":{"node_type":"multimarker","x":826.9999847412109,"y":228},"112":{"node_type":"multimarker","x":532.2559356689453,"y":1296.7037353515625},"113":{"node_type":"midmarker","x":552.2559356689453,"y":1296.7037353515625},"114":{"node_type":"multimarker","x":572.2559356689453,"y":1296.7037353515625},"115":{"node_type":"metabolite","x":447.2559356689453,"y":1376.7037353515625,"bigg_id":"cpd00002","name":"ATP","label_x":404.0559356689453,"label_y":1416.7037353515625,"node_is_primary":false},"116":{"node_type":"metabolite","x":655.6234283447266,"y":1376.080322265625,"bigg_id":"cpd00008","name":"ADP","label_x":612.4234283447265,"label_y":1416.080322265625,"node_is_primary":false},"117":{"node_type":"metabolite","x":736.6325225830078,"y":1299.26318359375,"bigg_id":"cpd01662","name":"Butanoylphosphate","label_x":693.4325225830078,"label_y":1339.26318359375,"node_is_primary":true},"118":{"node_type":"multimarker","x":736.6325225830078,"y":1104.26318359375},"119":{"node_type":"midmarker","x":736.6325225830078,"y":1124.26318359375},"120":{"node_type":"multimarker","x":736.6325225830078,"y":1144.26318359375},"121":{"node_type":"metabolite","x":816.6325225830078,"y":1019.26318359375,"bigg_id":"cpd00009","name":"Phosphate","label_x":831.6325225830078,"label_y":1019.26318359375,"node_is_primary":false},"122":{"node_type":"metabolite","x":630.1517486572266,"y":935.711181640625,"bigg_id":"cpd00120","name":"Butyryl-CoA","label_x":655.1517486572266,"label_y":935.711181640625,"node_is_primary":true},"123":{"node_type":"metabolite","x":816.6325225830078,"y":1229.26318359375,"bigg_id":"cpd00010","name":"CoA","label_x":831.6325225830078,"label_y":1229.26318359375,"node_is_primary":false},"129":{"node_type":"multimarker","x":950.9070856143992,"y":72.9821545708462},"130":{"node_type":"midmarker","x":950.9070856143992,"y":52.982154570846205},"131":{"node_type":"multimarker","x":950.9070856143992,"y":32.982154570846205},"132":{"node_type":"metabolite","x":1030.9070856143992,"y":157.9821545708462,"bigg_id":"cpd00006","name":"NADP","label_x":1045.9070856143992,"label_y":157.9821545708462,"node_is_primary":false},"133":{"node_type":"metabolite","x":887.9468805362742,"y":-66.62335614082372,"bigg_id":"cpd00005","name":"NADPH","label_x":796.4728815128367,"label_y":-60.965877808304185,"node_is_primary":false},"134":{"node_type":"metabolite","x":1030.9070856143992,"y":-52.017845429153795,"bigg_id":"cpd00067","name":"H+","label_x":1045.9070856143992,"label_y":-52.017845429153795,"node_is_primary":false}},"text_labels":{"1":{"x":261.08203125,"y":-603.6423950195312,"text":"Acetyl-CoA Fermentation to Butyrate"}},"canvas":{"x":-217.33294677734375,"y":-842.5440063476562,"width":1723.8302612304688,"height":2508.4683227539062}}]