[{"map_name": "new_map", "map_id": "lLGzTsO3Cyot", "map_description": "\nLast Modified Tue Jun 11 2019 14:05:27 GMT-0500 (Central Daylight Time)", "homepage": "https://escher.github.io", "schema": "https://escher.github.io/escher/jsonschema/1-0-0#"}, {"reactions": {"2": {"name": "rxn00283", "bigg_id": "rxn00283", "reversibility": false, "label_x": -378.9999694824219, "label_y": 767, "gene_reaction_rule": "", "genes": [], "metabolites": [{"bigg_id": "cpd00035", "coefficient": -1}, {"bigg_id": "cpd00117", "coefficient": 1}], "segments": {"12": {"from_node_id": "15", "to_node_id": "16", "b1": null, "b2": null}, "13": {"from_node_id": "17", "to_node_id": "16", "b1": null, "b2": null}, "14": {"from_node_id": "15", "to_node_id": "14", "b1": {"x": -393.9999694824219, "y": 695}, "b2": {"x": -393.9999694824219, "y": 640.75}}, "15": {"from_node_id": "17", "to_node_id": "18", "b1": {"x": -393.9999694824219, "y": 819}, "b2": {"x": -393.9999694824219, "y": 873.25}}}}, "4": {"name": "rxn00904", "bigg_id": "rxn00904", "reversibility": false, "label_x": -378.9999694824219, "label_y": 417, "gene_reaction_rule": "", "genes": [], "metabolites": [{"bigg_id": "cpd00020", "coefficient": -1}, {"bigg_id": "cpd00156", "coefficient": -1}, {"bigg_id": "cpd00035", "coefficient": 1}, {"bigg_id": "cpd00123", "coefficient": 1}], "segments": {"22": {"from_node_id": "26", "to_node_id": "27", "b1": null, "b2": null}, "23": {"from_node_id": "28", "to_node_id": "27", "b1": null, "b2": null}, "24": {"from_node_id": "26", "to_node_id": "29", "b1": {"x": -393.9999694824219, "y": 341}, "b2": {"x": -375.9999694824219, "y": 335.75}}, "25": {"from_node_id": "26", "to_node_id": "30", "b1": {"x": -393.9999694824219, "y": 345}, "b2": {"x": -393.9999694824219, "y": 290.75}}, "26": {"from_node_id": "28", "to_node_id": "14", "b1": {"x": -393.9999694824219, "y": 469}, "b2": {"x": -393.9999694824219, "y": 523.25}}, "27": {"from_node_id": "28", "to_node_id": "31", "b1": {"x": -393.9999694824219, "y": 473}, "b2": {"x": -375.9999694824219, "y": 478.25}}}}, "5": {"name": "rxn00903", "bigg_id": "rxn00903", "reversibility": false, "label_x": -378.9999694824219, "label_y": 67, "gene_reaction_rule": "", "genes": [], "metabolites": [{"bigg_id": "cpd00024", "coefficient": -1}, {"bigg_id": "cpd00156", "coefficient": -1}, {"bigg_id": "cpd00023", "coefficient": 1}, {"bigg_id": "cpd00123", "coefficient": 1}], "segments": {"28": {"from_node_id": "32", "to_node_id": "33", "b1": null, "b2": null}, "29": {"from_node_id": "34", "to_node_id": "33", "b1": null, "b2": null}, "30": {"from_node_id": "32", "to_node_id": "35", "b1": {"x": -393.9999694824219, "y": 123}, "b2": {"x": -375.9999694824219, "y": 128.25}}, "31": {"from_node_id": "32", "to_node_id": "30", "b1": {"x": -393.9999694824219, "y": 119}, "b2": {"x": -393.9999694824219, "y": 173.25}}, "32": {"from_node_id": "34", "to_node_id": "36", "b1": {"x": -393.9999694824219, "y": -5}, "b2": {"x": -365.0718028977366, "y": -28.538923188751095}}, "33": {"from_node_id": "34", "to_node_id": "37", "b1": {"x": -393.9999694824219, "y": -9}, "b2": {"x": -394.8191047060389, "y": -16.465505058936202}}}}, "6": {"name": "rxn07292", "bigg_id": "rxn07292", "reversibility": false, "label_x": -618.9999694824219, "label_y": 542, "gene_reaction_rule": "", "genes": [], "metabolites": [{"bigg_id": "cpd00084", "coefficient": -1}, {"bigg_id": "cpd14547", "coefficient": -1}, {"bigg_id": "cpd00035", "coefficient": 1}, {"bigg_id": "cpd14548", "coefficient": 1}], "segments": {"34": {"from_node_id": "38", "to_node_id": "39", "b1": null, "b2": null}, "35": {"from_node_id": "40", "to_node_id": "39", "b1": null, "b2": null}, "36": {"from_node_id": "38", "to_node_id": "41", "b1": {"x": -634.9999694824219, "y": 582}, "b2": {"x": -672.8771600962205, "y": 583.5044735311532}}, "37": {"from_node_id": "38", "to_node_id": "42", "b1": {"x": -630.9999694824219, "y": 582}, "b2": {"x": -649.119464412386, "y": 551.1994883450482}}, "38": {"from_node_id": "40", "to_node_id": "14", "b1": {"x": -506.9999694824219, "y": 582}, "b2": {"x": -452.7499694824219, "y": 582}}, "39": {"from_node_id": "40", "to_node_id": "43", "b1": {"x": -502.9999694824219, "y": 582}, "b2": {"x": -497.7499694824219, "y": 564}}}}, "7": {"name": "rxn00191", "bigg_id": "rxn00191", "reversibility": false, "label_x": -268.9999694824219, "label_y": 542, "gene_reaction_rule": "", "genes": [], "metabolites": [{"bigg_id": "cpd00024", "coefficient": -1}, {"bigg_id": "cpd00035", "coefficient": -1}, {"bigg_id": "cpd00020", "coefficient": 1}, {"bigg_id": "cpd00023", "coefficient": 1}], "segments": {"40": {"from_node_id": "44", "to_node_id": "45", "b1": null, "b2": null}, "41": {"from_node_id": "46", "to_node_id": "45", "b1": null, "b2": null}, "42": {"from_node_id": "44", "to_node_id": "47", "b1": {"x": -284.9999694824219, "y": 582}, "b2": {"x": -290.2499694824219, "y": 600}}, "43": {"from_node_id": "44", "to_node_id": "14", "b1": {"x": -280.9999694824219, "y": 582}, "b2": {"x": -335.2499694824219, "y": 582}}, "44": {"from_node_id": "46", "to_node_id": "48", "b1": {"x": -152.99996948242188, "y": 582}, "b2": {"x": -141.66637696200453, "y": 580.9015238972845}}, "45": {"from_node_id": "46", "to_node_id": "49", "b1": {"x": -156.99996948242188, "y": 582}, "b2": {"x": -152.25396188800758, "y": 613.3914219455767}}}}}, "nodes": {"14": {"node_type": "metabolite", "x": -393.9999694824219, "y": 582, "bigg_id": "cpd00035", "name": "L-Alanine", "label_x": -436.0650939941406, "label_y": 608.8260498046875, "node_is_primary": true}, "15": {"node_type": "multimarker", "x": -393.9999694824219, "y": 737}, "16": {"node_type": "midmarker", "x": -393.9999694824219, "y": 757}, "17": {"node_type": "multimarker", "x": -393.9999694824219, "y": 777}, "18": {"node_type": "metabolite", "x": -393.9999694824219, "y": 932, "bigg_id": "cpd00117", "name": "D-Alanine", "label_x": -368.9999694824219, "label_y": 932, "node_is_primary": true}, "26": {"node_type": "multimarker", "x": -393.9999694824219, "y": 387}, "27": {"node_type": "midmarker", "x": -393.9999694824219, "y": 407}, "28": {"node_type": "multimarker", "x": -393.9999694824219, "y": 427}, "29": {"node_type": "metabolite", "x": -313.9999694824219, "y": 302, "bigg_id": "cpd00020", "name": "Pyruvate", "label_x": -298.9999694824219, "label_y": 302, "node_is_primary": false}, "30": {"node_type": "metabolite", "x": -393.9999694824219, "y": 232, "bigg_id": "cpd00156", "name": "L-Valine", "label_x": -368.9999694824219, "label_y": 232, "node_is_primary": true}, "31": {"node_type": "metabolite", "x": -313.9999694824219, "y": 512, "bigg_id": "cpd00123", "name": "3-Methyl-2-oxobutanoate", "label_x": -298.9999694824219, "label_y": 512, "node_is_primary": false}, "32": {"node_type": "multimarker", "x": -393.9999694824219, "y": 77}, "33": {"node_type": "midmarker", "x": -393.9999694824219, "y": 57}, "34": {"node_type": "multimarker", "x": -393.9999694824219, "y": 37}, "35": {"node_type": "metabolite", "x": -313.9999694824219, "y": 162, "bigg_id": "cpd00024", "name": "2-Oxoglutarate", "label_x": -298.9999694824219, "label_y": 162, "node_is_primary": false}, "36": {"node_type": "metabolite", "x": -309.9999694824219, "y": -49, "bigg_id": "cpd00023", "name": "L-Glutamate", "label_x": -284.9999694824219, "label_y": -49, "node_is_primary": false}, "37": {"node_type": "metabolite", "x": -391.9999694824219, "y": -87, "bigg_id": "cpd00123", "name": "3-Methyl-2-oxobutanoate", "label_x": -376.9999694824219, "label_y": -87, "node_is_primary": true}, "38": {"node_type": "multimarker", "x": -588.9999694824219, "y": 582}, "39": {"node_type": "midmarker", "x": -568.9999694824219, "y": 582}, "40": {"node_type": "multimarker", "x": -548.9999694824219, "y": 582}, "41": {"node_type": "metabolite", "x": -743.4676208496094, "y": 583.7266235351562, "bigg_id": "cpd00084", "name": "L-Cysteine", "label_x": -786.6676208496094, "label_y": 563.7266235351562, "node_is_primary": true}, "42": {"node_type": "metabolite", "x": -674.5323181152344, "y": 498.23016357421875, "bigg_id": "cpd14547", "name": "C15811", "label_x": -717.7323181152344, "label_y": 538.2301635742188, "node_is_primary": false}, "43": {"node_type": "metabolite", "x": -463.9999694824219, "y": 502, "bigg_id": "cpd14548", "name": "C15812", "label_x": -507.19996948242186, "label_y": 482, "node_is_primary": false}, "44": {"node_type": "multimarker", "x": -238.99996948242188, "y": 582}, "45": {"node_type": "midmarker", "x": -218.99996948242188, "y": 582}, "46": {"node_type": "multimarker", "x": -198.99996948242188, "y": 582}, "47": {"node_type": "metabolite", "x": -323.9999694824219, "y": 662, "bigg_id": "cpd00024", "name": "2-Oxoglutarate", "label_x": -367.19996948242186, "label_y": 702, "node_is_primary": false}, "48": {"node_type": "metabolite", "x": -71.07829284667969, "y": 581.5219116210938, "bigg_id": "cpd00020", "name": "Pyruvate", "label_x": -114.27829284667968, "label_y": 621.5219116210938, "node_is_primary": true}, "49": {"node_type": "metabolite", "x": -124.47811889648438, "y": 665.1607666015625, "bigg_id": "cpd00023", "name": "L-Glutamate", "label_x": -167.67811889648436, "label_y": 705.1607666015625, "node_is_primary": false}}, "text_labels": {"0": {"x": -625.5147705078125, "y": -252.08319091796875, "text": "Alanine Biosynthesis"}}, "canvas": {"x": -1048, "y": -476.61676025390625, "width": 1343.9468383789062, "height": 1652.9218139648438}}]