[{"map_name":"new_map","map_id":"fkEF6Scm54at","map_description":"\nLast Modified Thu Jun 13 2019 14:27:37 GMT-0500 (Central Daylight Time)","homepage":"https://escher.github.io","schema":"https://escher.github.io/escher/jsonschema/1-0-0#"},{"reactions":{"0":{"name":"Poly(beta-d-mannuronate) lyase precursor","bigg_id":"IR09914","reversibility":false,"label_x":-28.000030517578125,"label_y":140,"gene_reaction_rule":"","genes":[],"metabolites":[{"bigg_id":"C0708","coefficient":-2},{"bigg_id":"C0031","coefficient":2},{"bigg_id":"C9490","coefficient":1}],"segments":{"0":{"from_node_id":"1","to_node_id":"2","b1":null,"b2":null},"1":{"from_node_id":"3","to_node_id":"2","b1":null,"b2":null},"2":{"from_node_id":"1","to_node_id":"0","b1":{"x":-43.000030517578125,"y":68},"b2":{"x":-43.00003051757812,"y":13.75}},"3":{"from_node_id":"3","to_node_id":"4","b1":{"x":-43.000030517578125,"y":192},"b2":{"x":36.76660166194752,"y":209.94320675654097}},"4":{"from_node_id":"3","to_node_id":"5","b1":{"x":-43.000030517578125,"y":196},"b2":{"x":-43.0466072098075,"y":215.43622290877107}}}},"1":{"name":"alginate-c5-mannuronan-epimerase","bigg_id":"IR09915","reversibility":false,"label_x":-30.000030517578125,"label_y":471,"gene_reaction_rule":"","genes":[],"metabolites":[{"bigg_id":"C9491","coefficient":1},{"bigg_id":"C9490","coefficient":-1}],"segments":{"5":{"from_node_id":"6","to_node_id":"7","b1":null,"b2":null},"6":{"from_node_id":"8","to_node_id":"7","b1":null,"b2":null},"7":{"from_node_id":"8","to_node_id":"9","b1":{"x":-45.000030517578125,"y":523},"b2":{"x":-45.000030517578125,"y":577.25}},"8":{"from_node_id":"6","to_node_id":"5","b1":{"x":-45.000030517578125,"y":399},"b2":{"x":-45.00003051757812,"y":344.75}}}},"2":{"name":"alginate o-acetyltransferase","bigg_id":"IR09927","reversibility":false,"label_x":-30.000030517578125,"label_y":821,"gene_reaction_rule":"","genes":[],"metabolites":[{"bigg_id":"C9262","coefficient":1},{"bigg_id":"C9489","coefficient":1},{"bigg_id":"C9491","coefficient":-1},{"bigg_id":"C9261","coefficient":-1}],"segments":{"9":{"from_node_id":"10","to_node_id":"11","b1":null,"b2":null},"10":{"from_node_id":"12","to_node_id":"11","b1":null,"b2":null},"11":{"from_node_id":"12","to_node_id":"13","b1":{"x":-45.000030517578125,"y":873},"b2":{"x":-82.00641737733628,"y":877.3826371561788}},"12":{"from_node_id":"12","to_node_id":"46","b1":{"x":-45.000030517578125,"y":877},"b2":{"x":-43.50694308123223,"y":927.0713163169963}},"13":{"from_node_id":"10","to_node_id":"9","b1":{"x":-45.000030517578125,"y":749},"b2":{"x":-45.00003051757812,"y":694.75}},"14":{"from_node_id":"10","to_node_id":"15","b1":{"x":-45.000030517578125,"y":745},"b2":{"x":-63.000030517578125,"y":739.75}}}},"3":{"name":"GDP-D-mannose:NAD+ 6-oxidoreductase","bigg_id":"IR00544","reversibility":false,"label_x":-28.000030517578125,"label_y":-210,"gene_reaction_rule":"","genes":[],"metabolites":[{"bigg_id":"C0003","coefficient":-2},{"bigg_id":"C0004","coefficient":2},{"bigg_id":"C0001","coefficient":-1},{"bigg_id":"C0065","coefficient":3},{"bigg_id":"C0708","coefficient":1},{"bigg_id":"C0081","coefficient":-1}],"segments":{"15":{"from_node_id":"16","to_node_id":"17","b1":null,"b2":null},"16":{"from_node_id":"18","to_node_id":"17","b1":null,"b2":null},"17":{"from_node_id":"16","to_node_id":"19","b1":{"x":-43.000030517578125,"y":-282},"b2":{"x":-4.269694107671725,"y":-288.89472883617043}},"18":{"from_node_id":"18","to_node_id":"20","b1":{"x":-43.000030517578125,"y":-154},"b2":{"x":-61.000030517578125,"y":-148.75}},"19":{"from_node_id":"16","to_node_id":"21","b1":{"x":-43.000030517578125,"y":-286},"b2":{"x":-61.000030517578125,"y":-291.25}},"20":{"from_node_id":"18","to_node_id":"22","b1":{"x":-43.000030517578125,"y":-154},"b2":{"x":-25.000030517578125,"y":-148.75}},"21":{"from_node_id":"18","to_node_id":"0","b1":{"x":-43.000030517578125,"y":-158},"b2":{"x":-43.00003051757812,"y":-103.75}},"22":{"from_node_id":"16","to_node_id":"23","b1":{"x":-43.000030517578125,"y":-286},"b2":{"x":-44.132468476893244,"y":-311.47872425692333}}}},"4":{"name":"GDP:D-mannose-1-phosphate guanylyltransferase","bigg_id":"RR00546","reversibility":false,"label_x":-26.000030517578125,"label_y":-547,"gene_reaction_rule":"","genes":[],"metabolites":[{"bigg_id":"C0065","coefficient":-1},{"bigg_id":"C0031","coefficient":-1},{"bigg_id":"C0480","coefficient":-1},{"bigg_id":"C0009","coefficient":1},{"bigg_id":"C0081","coefficient":1}],"segments":{"23":{"from_node_id":"24","to_node_id":"25","b1":null,"b2":null},"24":{"from_node_id":"26","to_node_id":"25","b1":null,"b2":null},"25":{"from_node_id":"24","to_node_id":"27","b1":{"x":-41.000030517578125,"y":-619},"b2":{"x":-9.710140288489846,"y":-619.8369236351664}},"26":{"from_node_id":"24","to_node_id":"28","b1":{"x":-41.000030517578125,"y":-623},"b2":{"x":-59.000030517578125,"y":-628.25}},"27":{"from_node_id":"24","to_node_id":"29","b1":{"x":-41.000030517578125,"y":-623},"b2":{"x":-42.36271337018311,"y":-649.4541024196124}},"28":{"from_node_id":"26","to_node_id":"30","b1":{"x":-41.000030517578125,"y":-491},"b2":{"x":-23.000030517578125,"y":-485.75}},"29":{"from_node_id":"26","to_node_id":"23","b1":{"x":-41.000030517578125,"y":-495},"b2":{"x":-41.00003051757812,"y":-440.75}}}},"5":{"name":"D-Mannose 6-phosphate 1,6-phosphomutase","bigg_id":"RR01014","reversibility":false,"label_x":-25.989519119262695,"label_y":-885.0315551757812,"gene_reaction_rule":"","genes":[],"metabolites":[{"bigg_id":"C0480","coefficient":1},{"bigg_id":"C0227","coefficient":-1}],"segments":{"30":{"from_node_id":"31","to_node_id":"32","b1":null,"b2":null},"31":{"from_node_id":"33","to_node_id":"32","b1":null,"b2":null},"32":{"from_node_id":"33","to_node_id":"29","b1":{"x":-40.989519119262695,"y":-833.0315551757812},"b2":{"x":-40.98951911926269,"y":-778.7815551757812}},"33":{"from_node_id":"31","to_node_id":"34","b1":{"x":-40.989519119262695,"y":-957.0315551757812},"b2":{"x":-40.989519119262695,"y":-1011.2815551757812}}}},"6":{"name":"ATP:D-glucose 6-phosphotransferase","bigg_id":"IR00819","reversibility":false,"label_x":-25.989519119262695,"label_y":-1235.0315551757812,"gene_reaction_rule":"","genes":[],"metabolites":[{"bigg_id":"C0135","coefficient":-1},{"bigg_id":"C0002","coefficient":-1},{"bigg_id":"C0065","coefficient":1},{"bigg_id":"C0227","coefficient":1},{"bigg_id":"C0008","coefficient":1}],"segments":{"34":{"from_node_id":"35","to_node_id":"36","b1":null,"b2":null},"35":{"from_node_id":"37","to_node_id":"36","b1":null,"b2":null},"36":{"from_node_id":"35","to_node_id":"38","b1":{"x":-40.989519119262695,"y":-1307.0315551757812},"b2":{"x":-40.989519119262695,"y":-1361.2815551757812}},"37":{"from_node_id":"35","to_node_id":"39","b1":{"x":-40.989519119262695,"y":-1311.0315551757812},"b2":{"x":-22.989519119262695,"y":-1316.2815551757812}},"38":{"from_node_id":"37","to_node_id":"40","b1":{"x":-40.989519119262695,"y":-1179.0315551757812},"b2":{"x":-58.989519119262695,"y":-1173.7815551757812}},"39":{"from_node_id":"37","to_node_id":"34","b1":{"x":-40.989519119262695,"y":-1183.0315551757812},"b2":{"x":-40.98951911926269,"y":-1128.7815551757812}},"40":{"from_node_id":"37","to_node_id":"41","b1":{"x":-40.989519119262695,"y":-1179.0315551757812},"b2":{"x":-22.989519119262695,"y":-1173.7815551757812}}}},"7":{"name":"D-Mannose-6-phosphate ketol-isomerase","bigg_id":"RR00465","reversibility":false,"label_x":-662.8000965118408,"label_y":-998.6737060546875,"gene_reaction_rule":"","genes":[],"metabolites":[{"bigg_id":"C0070","coefficient":1},{"bigg_id":"C0227","coefficient":-1}],"segments":{"41":{"from_node_id":"42","to_node_id":"43","b1":null,"b2":null},"42":{"from_node_id":"44","to_node_id":"43","b1":null,"b2":null},"43":{"from_node_id":"44","to_node_id":"45","b1":{"x":-277.9895191192627,"y":-1070.0315551757812},"b2":{"x":-332.2395191192627,"y":-1070.0315551757812}},"44":{"from_node_id":"42","to_node_id":"34","b1":{"x":-153.9895191192627,"y":-1070.0315551757812},"b2":{"x":-99.7395191192627,"y":-1070.0315551757812}}}},"8":{"name":"Alginate production outer membrane protein","bigg_id":"IR09913","reversibility":false,"label_x":-37.07674026489258,"label_y":1155.6878051757812,"gene_reaction_rule":"","genes":[],"metabolites":[{"bigg_id":"EC9489","coefficient":1},{"bigg_id":"C9489","coefficient":-1}],"segments":{"45":{"from_node_id":"47","to_node_id":"48","b1":null,"b2":null},"46":{"from_node_id":"49","to_node_id":"48","b1":null,"b2":null},"47":{"from_node_id":"49","to_node_id":"50","b1":{"x":-50.17545587368613,"y":1238.156642967157},"b2":{"x":-51.03179624952088,"y":1292.3998838471116}},"48":{"from_node_id":"47","to_node_id":"46","b1":{"x":-48.21810644320817,"y":1114.1720923844055},"b2":{"x":-47.36176606737331,"y":1059.928851504451}}}},"9":{"name":"EX_EC9489","bigg_id":"EX_EC9489","reversibility":false,"label_x":-276.9591694675901,"label_y":1311.1425640627297,"gene_reaction_rule":"","genes":[],"metabolites":[{"bigg_id":"EC9489","coefficient":-1}],"segments":{"49":{"from_node_id":"51","to_node_id":"52","b1":null,"b2":null},"50":{"from_node_id":"53","to_node_id":"52","b1":null,"b2":null},"51":{"from_node_id":"51","to_node_id":"50","b1":{"x":-164.95916946759007,"y":1351.1425640627297},"b2":{"x":-110.70916946759007,"y":1351.1425640627297}}}}},"nodes":{"0":{"node_type":"metabolite","x":-43.000030517578125,"y":-45,"bigg_id":"C0708","name":"GDP-D-mannuronate","label_x":-18.000030517578125,"label_y":-45,"node_is_primary":true},"1":{"node_type":"multimarker","x":-43.000030517578125,"y":110},"2":{"node_type":"midmarker","x":-43.000030517578125,"y":130},"3":{"node_type":"multimarker","x":-43.000030517578125,"y":150},"4":{"node_type":"metabolite","x":85.99996948242188,"y":242,"bigg_id":"C0031","name":"GDP","label_x":110.99996948242188,"label_y":242,"node_is_primary":false},"5":{"node_type":"metabolite","x":-45.000030517578125,"y":286,"bigg_id":"C9490","name":"Alginate","label_x":-90.00003051757812,"label_y":316,"node_is_primary":true},"6":{"node_type":"multimarker","x":-45.000030517578125,"y":441},"7":{"node_type":"midmarker","x":-45.000030517578125,"y":461},"8":{"node_type":"multimarker","x":-45.000030517578125,"y":481},"9":{"node_type":"metabolite","x":-45.000030517578125,"y":636,"bigg_id":"C9491","name":"Epimerized Alginate Dimer","label_x":-20.000030517578125,"label_y":636,"node_is_primary":true},"10":{"node_type":"multimarker","x":-45.000030517578125,"y":791},"11":{"node_type":"midmarker","x":-45.000030517578125,"y":811},"12":{"node_type":"multimarker","x":-45.000030517578125,"y":831},"13":{"node_type":"metabolite","x":-137.29266357421875,"y":897.257080078125,"bigg_id":"C9262","name":"acyl carrier protein","label_x":-252.50646018981934,"label_y":859.9850463867188,"node_is_primary":false},"15":{"node_type":"metabolite","x":-125.00003051757812,"y":706,"bigg_id":"C9261","name":"Acetyl-ACP","label_x":-221.47091674804688,"label_y":734.22509765625,"node_is_primary":false},"16":{"node_type":"multimarker","x":-43.000030517578125,"y":-240},"17":{"node_type":"midmarker","x":-43.000030517578125,"y":-220},"18":{"node_type":"multimarker","x":-43.000030517578125,"y":-200},"19":{"node_type":"metabolite","x":52.999969482421875,"y":-302,"bigg_id":"C0003","name":"NAD+","label_x":77.99996948242188,"label_y":-302,"node_is_primary":false},"20":{"node_type":"metabolite","x":-123.00003051757812,"y":-115,"bigg_id":"C0004","name":"NADH","label_x":-168.00003051757812,"label_y":-85,"node_is_primary":false},"21":{"node_type":"metabolite","x":-123.00003051757812,"y":-325,"bigg_id":"C0001","name":"H2O","label_x":-168.00003051757812,"label_y":-295,"node_is_primary":false},"22":{"node_type":"metabolite","x":36.999969482421875,"y":-115,"bigg_id":"C0065","name":"H+","label_x":51.999969482421875,"label_y":-115,"node_is_primary":false},"23":{"node_type":"metabolite","x":-41.000030517578125,"y":-382,"bigg_id":"C0081","name":"GDPmannose","label_x":-26.000030517578125,"label_y":-382,"node_is_primary":true},"24":{"node_type":"multimarker","x":-41.000030517578125,"y":-577},"25":{"node_type":"midmarker","x":-41.000030517578125,"y":-557},"26":{"node_type":"multimarker","x":-41.000030517578125,"y":-537},"27":{"node_type":"metabolite","x":48.39999008178711,"y":-628.4841918945312,"bigg_id":"C0065","name":"H+","label_x":73.39999008178711,"label_y":-628.4841918945312,"node_is_primary":false},"28":{"node_type":"metabolite","x":-121.00003051757812,"y":-662,"bigg_id":"C0031","name":"GDP","label_x":-166.00003051757812,"label_y":-632,"node_is_primary":false},"29":{"node_type":"metabolite","x":-40.989519119262695,"y":-720.0315551757812,"bigg_id":"C0480","name":"D-Mannose 1-phosphate","label_x":-25.989519119262695,"label_y":-720.0315551757812,"node_is_primary":true},"30":{"node_type":"metabolite","x":38.999969482421875,"y":-452,"bigg_id":"C0009","name":"Orthophosphate","label_x":53.999969482421875,"label_y":-452,"node_is_primary":false},"31":{"node_type":"multimarker","x":-40.989519119262695,"y":-915.0315551757812},"32":{"node_type":"midmarker","x":-40.989519119262695,"y":-895.0315551757812},"33":{"node_type":"multimarker","x":-40.989519119262695,"y":-875.0315551757812},"34":{"node_type":"metabolite","x":-40.989519119262695,"y":-1070.0315551757812,"bigg_id":"C0227","name":"D-Mannose 6-phosphate","label_x":-15.989519119262695,"label_y":-1070.0315551757812,"node_is_primary":true},"35":{"node_type":"multimarker","x":-40.989519119262695,"y":-1265.0315551757812},"36":{"node_type":"midmarker","x":-40.989519119262695,"y":-1245.0315551757812},"37":{"node_type":"multimarker","x":-40.989519119262695,"y":-1225.0315551757812},"38":{"node_type":"metabolite","x":-40.989519119262695,"y":-1420.0315551757812,"bigg_id":"C0135","name":"D-Mannose","label_x":-15.989519119262695,"label_y":-1420.0315551757812,"node_is_primary":true},"39":{"node_type":"metabolite","x":39.010480880737305,"y":-1350.0315551757812,"bigg_id":"C0002","name":"ATP","label_x":54.010480880737305,"label_y":-1350.0315551757812,"node_is_primary":false},"40":{"node_type":"metabolite","x":-120.9895191192627,"y":-1140.0315551757812,"bigg_id":"C0065","name":"H+","label_x":-165.9895191192627,"label_y":-1110.0315551757812,"node_is_primary":false},"41":{"node_type":"metabolite","x":39.010480880737305,"y":-1140.0315551757812,"bigg_id":"C0008","name":"ADP","label_x":54.010480880737305,"label_y":-1140.0315551757812,"node_is_primary":false},"42":{"node_type":"multimarker","x":-195.9895191192627,"y":-1070.0315551757812},"43":{"node_type":"midmarker","x":-215.9895191192627,"y":-1070.0315551757812},"44":{"node_type":"multimarker","x":-235.9895191192627,"y":-1070.0315551757812},"45":{"node_type":"metabolite","x":-390.9895191192627,"y":-1070.0315551757812,"bigg_id":"C0070","name":"D-Fructose 6-phosphate","label_x":-417.9895191192627,"label_y":-1030.0315551757812,"node_is_primary":true},"46":{"node_type":"metabolite","x":-46.43439284930412,"y":1001.186171288833,"bigg_id":"C9489","name":"Acetylated Alginate","label_x":-73.43439284930412,"label_y":1041.186171288833,"node_is_primary":true},"47":{"node_type":"multimarker","x":-48.88107963740242,"y":1156.1668595172728},"48":{"node_type":"midmarker","x":-49.196781158447266,"y":1176.1643676757812},"49":{"node_type":"multimarker","x":-49.51248267949211,"y":1196.1618758342897},"50":{"node_type":"metabolite","x":-51.95916946759007,"y":1351.1425640627297,"bigg_id":"EC9489","name":"Acetylated Alginate[e]","label_x":-84.35916946759016,"label_y":1391.1425640627297,"node_is_primary":true},"51":{"node_type":"multimarker","x":-206.95916946759007,"y":1351.1425640627297},"52":{"node_type":"midmarker","x":-226.95916946759007,"y":1351.1425640627297},"53":{"node_type":"multimarker","x":-246.95916946759007,"y":1351.1425640627297}},"text_labels":{"1":{"x":-321.3102111816406,"y":-1574.97705078125,"text":"Alginate Biosynthesis"}},"canvas":{"x":-985,"y":-1886.166015625,"width":1892.30615234375,"height":3601.0814208984375}}]