[{"map_name":"new_map","map_id":"etT3wkSMRcCW","map_description":"\nLast Modified Tue Jun 11 2019 09:30:21 GMT-0500 (Central Daylight Time)","homepage":"https://escher.github.io","schema":"https://escher.github.io/escher/jsonschema/1-0-0#"},{"reactions":{"4":{"name":"rxn02102","bigg_id":"rxn02102","reversibility":false,"label_x":134.401611328125,"label_y":2417.4029541015625,"gene_reaction_rule":"","genes":[],"metabolites":[{"bigg_id":"cpd00003","coefficient":-1},{"bigg_id":"cpd00465","coefficient":-1},{"bigg_id":"cpd00004","coefficient":1},{"bigg_id":"cpd00067","coefficient":1},{"bigg_id":"cpd00596","coefficient":1}],"segments":{"26":{"from_node_id":"31","to_node_id":"32","b1":null,"b2":null},"27":{"from_node_id":"33","to_node_id":"32","b1":null,"b2":null},"28":{"from_node_id":"31","to_node_id":"30","b1":{"x":119.401611328125,"y":2345.4029541015625},"b2":{"x":128.89236298438743,"y":2329.494059048582}},"29":{"from_node_id":"31","to_node_id":"76","b1":{"x":119.401611328125,"y":2341.4029541015625},"b2":{"x":-103.67452239990234,"y":2178.0408935546875}},"30":{"from_node_id":"33","to_node_id":"35","b1":{"x":119.401611328125,"y":2469.4029541015625},"b2":{"x":222.57982266535524,"y":2478.631302730414}},"31":{"from_node_id":"33","to_node_id":"36","b1":{"x":119.401611328125,"y":2473.4029541015625},"b2":{"x":124.87786865234375,"y":2472.3912353515625}},"32":{"from_node_id":"33","to_node_id":"37","b1":{"x":119.401611328125,"y":2473.4029541015625},"b2":{"x":123.20174277089242,"y":2484.120635436572}}}},"6":{"name":"rxn15334","bigg_id":"rxn15334","reversibility":false,"label_x":38.21190643310547,"label_y":1613.7937622070312,"gene_reaction_rule":"","genes":[],"metabolites":[{"bigg_id":"cpd00001","coefficient":-1},{"bigg_id":"cpd19020","coefficient":-1},{"bigg_id":"cpd00067","coefficient":1},{"bigg_id":"cpd00388","coefficient":1}],"segments":{"41":{"from_node_id":"48","to_node_id":"49","b1":null,"b2":null},"42":{"from_node_id":"50","to_node_id":"49","b1":null,"b2":null},"43":{"from_node_id":"48","to_node_id":"47","b1":{"x":23.21190643310547,"y":1541.7937622070312},"b2":{"x":-11.098150295001204,"y":1516.8805934391412}},"44":{"from_node_id":"48","to_node_id":"51","b1":{"x":23.21190643310547,"y":1537.7937622070312},"b2":{"x":23.17075945378545,"y":1499.7874272046877}},"45":{"from_node_id":"50","to_node_id":"52","b1":{"x":23.21190643310547,"y":1669.7937622070312},"b2":{"x":5.211906433105469,"y":1675.0437622070312}},"46":{"from_node_id":"50","to_node_id":"53","b1":{"x":23.21190643310547,"y":1665.7937622070312},"b2":{"x":23.21190643310547,"y":1720.0437622070312}}}},"9":{"name":"rxn01746","bigg_id":"rxn01746","reversibility":false,"label_x":-231.61351013183594,"label_y":1984.0813598632812,"gene_reaction_rule":"","genes":[],"metabolites":[{"bigg_id":"cpd00001","coefficient":-1},{"bigg_id":"cpd00388","coefficient":-1},{"bigg_id":"cpd00073","coefficient":1},{"bigg_id":"cpd00465","coefficient":1}],"segments":{"63":{"from_node_id":"71","to_node_id":"72","b1":null,"b2":null},"64":{"from_node_id":"73","to_node_id":"72","b1":null,"b2":null},"65":{"from_node_id":"71","to_node_id":"74","b1":{"x":-246.61351013183594,"y":1908.0813598632812},"b2":{"x":-264.61351013183594,"y":1902.8313598632812}},"66":{"from_node_id":"71","to_node_id":"53","b1":{"x":-246.61351013183594,"y":1912.0813598632812},"b2":{"x":23.21190643310547,"y":1837.5437622070312}},"67":{"from_node_id":"73","to_node_id":"75","b1":{"x":-246.61351013183594,"y":2040.0813598632812},"b2":{"x":-449.4229087408862,"y":2046.201421930632}},"68":{"from_node_id":"73","to_node_id":"76","b1":{"x":-246.61351013183594,"y":2036.0813598632812},"b2":{"x":-153.29043579101562,"y":2076.1299438476562}}}},"10":{"name":"rxn01747","bigg_id":"rxn01747","reversibility":false,"label_x":297.8935089111328,"label_y":1975.9663696289062,"gene_reaction_rule":"","genes":[],"metabolites":[{"bigg_id":"cpd00001","coefficient":-1},{"bigg_id":"cpd00067","coefficient":-2},{"bigg_id":"cpd00388","coefficient":-1},{"bigg_id":"cpd00011","coefficient":1},{"bigg_id":"cpd00013","coefficient":1},{"bigg_id":"cpd01419","coefficient":1}],"segments":{"69":{"from_node_id":"77","to_node_id":"78","b1":null,"b2":null},"70":{"from_node_id":"79","to_node_id":"78","b1":null,"b2":null},"71":{"from_node_id":"77","to_node_id":"80","b1":{"x":282.8935089111328,"y":1899.9663696289062},"b2":{"x":300.8935089111328,"y":1894.7163696289062}},"72":{"from_node_id":"77","to_node_id":"81","b1":{"x":282.8935089111328,"y":1899.9663696289062},"b2":{"x":264.8935089111328,"y":1894.7163696289062}},"73":{"from_node_id":"77","to_node_id":"53","b1":{"x":282.8935089111328,"y":1903.9663696289062},"b2":{"x":23.21190643310547,"y":1837.5437622070312}},"74":{"from_node_id":"79","to_node_id":"82","b1":{"x":282.8935089111328,"y":2031.9663696289062},"b2":{"x":300.8935089111328,"y":2037.2163696289062}},"75":{"from_node_id":"79","to_node_id":"83","b1":{"x":282.8935089111328,"y":2031.9663696289062},"b2":{"x":269.4289131164551,"y":2023.6104125976562}},"76":{"from_node_id":"79","to_node_id":"84","b1":{"x":282.8935089111328,"y":2027.9663696289062},"b2":{"x":282.8935089111328,"y":2082.2163696289062}}}},"11":{"name":"rxn00327","bigg_id":"rxn00327","reversibility":false,"label_x":-138.29043579101562,"label_y":2319.8799438476562,"gene_reaction_rule":"","genes":[],"metabolites":[{"bigg_id":"cpd00001","coefficient":-1},{"bigg_id":"cpd00067","coefficient":-2},{"bigg_id":"cpd00465","coefficient":-1},{"bigg_id":"cpd00011","coefficient":1},{"bigg_id":"cpd00013","coefficient":2},{"bigg_id":"cpd00040","coefficient":1}],"segments":{"77":{"from_node_id":"85","to_node_id":"86","b1":null,"b2":null},"78":{"from_node_id":"87","to_node_id":"86","b1":null,"b2":null},"79":{"from_node_id":"85","to_node_id":"88","b1":{"x":-153.29043579101562,"y":2243.8799438476562},"b2":{"x":-165.0343017578125,"y":2254.2847290039062}},"80":{"from_node_id":"85","to_node_id":"89","b1":{"x":-153.29043579101562,"y":2243.8799438476562},"b2":{"x":-171.29043579101562,"y":2238.6299438476562}},"81":{"from_node_id":"85","to_node_id":"76","b1":{"x":-153.29043579101562,"y":2247.8799438476562},"b2":{"x":-153.29043579101562,"y":2193.6299438476562}},"82":{"from_node_id":"87","to_node_id":"90","b1":{"x":-153.2904357910156,"y":2375.8799438476562},"b2":{"x":-135.29043579101562,"y":2381.1299438476562}},"83":{"from_node_id":"87","to_node_id":"91","b1":{"x":-153.2904357910156,"y":2375.8799438476562},"b2":{"x":-128.2404424787443,"y":2375.7242493582526}},"84":{"from_node_id":"87","to_node_id":"92","b1":{"x":-153.2904357910156,"y":2371.8799438476562},"b2":{"x":-153.29043579101562,"y":2426.1299438476562}}}},"12":{"name":"rxn00010","bigg_id":"rxn00010","reversibility":false,"label_x":-138.29043579101562,"label_y":2669.8799438476562,"gene_reaction_rule":"","genes":[],"metabolites":[{"bigg_id":"cpd00040","coefficient":-2},{"bigg_id":"cpd00067","coefficient":-1},{"bigg_id":"cpd00011","coefficient":1},{"bigg_id":"cpd00843","coefficient":1}],"segments":{"85":{"from_node_id":"93","to_node_id":"94","b1":null,"b2":null},"86":{"from_node_id":"95","to_node_id":"94","b1":null,"b2":null},"87":{"from_node_id":"93","to_node_id":"92","b1":{"x":-153.29043579101562,"y":2597.8799438476562},"b2":{"x":-153.29043579101562,"y":2543.6299438476562}},"88":{"from_node_id":"93","to_node_id":"96","b1":{"x":-153.29043579101562,"y":2593.8799438476562},"b2":{"x":-171.29043579101562,"y":2588.6299438476562}},"89":{"from_node_id":"95","to_node_id":"97","b1":{"x":-153.2904357910156,"y":2725.8799438476562},"b2":{"x":-171.29043579101562,"y":2731.1299438476562}},"90":{"from_node_id":"95","to_node_id":"98","b1":{"x":-153.2904357910156,"y":2721.8799438476562},"b2":{"x":-153.29043579101562,"y":2776.1299438476562}}}},"13":{"name":"rxn01280","bigg_id":"rxn01280","reversibility":false,"label_x":-138.29043579101562,"label_y":3019.8799438476562,"gene_reaction_rule":"","genes":[],"metabolites":[{"bigg_id":"cpd00003","coefficient":-1},{"bigg_id":"cpd00223","coefficient":-1},{"bigg_id":"cpd00004","coefficient":1},{"bigg_id":"cpd00067","coefficient":1},{"bigg_id":"cpd00843","coefficient":1}],"segments":{"91":{"from_node_id":"99","to_node_id":"100","b1":null,"b2":null},"92":{"from_node_id":"101","to_node_id":"100","b1":null,"b2":null},"93":{"from_node_id":"99","to_node_id":"102","b1":{"x":-153.2904357910156,"y":3071.8799438476562},"b2":{"x":-126.80852205601579,"y":3092.358044568209}},"94":{"from_node_id":"99","to_node_id":"103","b1":{"x":-153.2904357910156,"y":3075.8799438476562},"b2":{"x":-151.26173037611295,"y":3107.186198129387}},"95":{"from_node_id":"101","to_node_id":"104","b1":{"x":-153.29043579101562,"y":2943.8799438476562},"b2":{"x":-135.29043579101562,"y":2938.6299438476562}},"96":{"from_node_id":"101","to_node_id":"105","b1":{"x":-153.29043579101562,"y":2943.8799438476562},"b2":{"x":-171.29043579101562,"y":2938.6299438476562}},"97":{"from_node_id":"101","to_node_id":"98","b1":{"x":-153.29043579101562,"y":2947.8799438476562},"b2":{"x":-153.29043579101562,"y":2893.6299438476562}}}},"14":{"name":"rxn01102","bigg_id":"rxn01102","reversibility":false,"label_x":-137.1399383544922,"label_y":3362.7715454101562,"gene_reaction_rule":"","genes":[],"metabolites":[{"bigg_id":"cpd00002","coefficient":-1},{"bigg_id":"cpd00223","coefficient":-1},{"bigg_id":"cpd00008","coefficient":1},{"bigg_id":"cpd00067","coefficient":1},{"bigg_id":"cpd00169","coefficient":1}],"segments":{"98":{"from_node_id":"106","to_node_id":"107","b1":null,"b2":null},"99":{"from_node_id":"108","to_node_id":"107","b1":null,"b2":null},"100":{"from_node_id":"106","to_node_id":"109","b1":{"x":-152.1399383544922,"y":3286.7715454101562},"b2":{"x":-170.1399383544922,"y":3281.5215454101562}},"101":{"from_node_id":"106","to_node_id":"103","b1":{"x":-152.1399383544922,"y":3290.7715454101562},"b2":{"x":-152.1399383544922,"y":3236.5215454101562}},"102":{"from_node_id":"108","to_node_id":"110","b1":{"x":-152.13993835449216,"y":3414.7715454101562},"b2":{"x":-195.41875383927368,"y":3425.4498314521256}},"103":{"from_node_id":"108","to_node_id":"111","b1":{"x":-152.13993835449216,"y":3418.7715454101562},"b2":{"x":-134.1399383544922,"y":3424.0215454101562}},"104":{"from_node_id":"108","to_node_id":"112","b1":{"x":-152.13993835449216,"y":3418.7715454101562},"b2":{"x":-153.10686796758057,"y":3446.261041305817}}}},"15":{"name":"rxn03842","bigg_id":"rxn03842","reversibility":false,"label_x":3.468647003173828,"label_y":2102.4783325195312,"gene_reaction_rule":"","genes":[],"metabolites":[{"bigg_id":"cpd00001","coefficient":-1},{"bigg_id":"cpd01419","coefficient":-1},{"bigg_id":"cpd00013","coefficient":1},{"bigg_id":"cpd00465","coefficient":1}],"segments":{"105":{"from_node_id":"113","to_node_id":"114","b1":null,"b2":null},"106":{"from_node_id":"115","to_node_id":"114","b1":null,"b2":null},"107":{"from_node_id":"113","to_node_id":"116","b1":{"x":119.46864700317383,"y":2142.4783325195312},"b2":{"x":139.4062092708275,"y":2154.327032792427}},"108":{"from_node_id":"113","to_node_id":"84","b1":{"x":115.46864700317383,"y":2142.4783325195312},"b2":{"x":224.1435089111328,"y":2140.9663696289062}},"109":{"from_node_id":"115","to_node_id":"117","b1":{"x":-12.531352996826172,"y":2142.4783325195312},"b2":{"x":-17.781352996826172,"y":2124.4783325195312}},"110":{"from_node_id":"115","to_node_id":"76","b1":{"x":-8.531352996826172,"y":2142.4783325195312},"b2":{"x":-97.55279541015625,"y":2139.4546508789062}}}},"16":{"name":"rxn00101","bigg_id":"rxn00101","reversibility":false,"label_x":-673.7869720458984,"label_y":2076.7893676757812,"gene_reaction_rule":"","genes":[],"metabolites":[{"bigg_id":"cpd00001","coefficient":-1},{"bigg_id":"cpd00067","coefficient":-2},{"bigg_id":"cpd00073","coefficient":-1},{"bigg_id":"cpd00011","coefficient":1},{"bigg_id":"cpd00013","coefficient":2}],"segments":{"111":{"from_node_id":"119","to_node_id":"120","b1":null,"b2":null},"112":{"from_node_id":"121","to_node_id":"120","b1":null,"b2":null},"113":{"from_node_id":"119","to_node_id":"122","b1":{"x":-557.7869720458984,"y":2116.7893676757812},"b2":{"x":-552.5369720458984,"y":2134.7893676757812}},"114":{"from_node_id":"119","to_node_id":"123","b1":{"x":-557.7869720458984,"y":2116.7893676757812},"b2":{"x":-552.5369720458984,"y":2098.7893676757812}},"115":{"from_node_id":"119","to_node_id":"75","b1":{"x":-561.7869720458984,"y":2116.7893676757812},"b2":{"x":-507.53697204589844,"y":2116.7893676757812}},"116":{"from_node_id":"121","to_node_id":"124","b1":{"x":-685.7869720458984,"y":2116.7893676757812},"b2":{"x":-714.6926564432604,"y":2159.1553079791083}},"117":{"from_node_id":"121","to_node_id":"125","b1":{"x":-689.7869720458984,"y":2116.7893676757812},"b2":{"x":-704.8968343978097,"y":2116.5824028879038}}}},"17":{"name":"rxn00562","bigg_id":"rxn00562","reversibility":false,"label_x":-376.7786560058594,"label_y":2158.3750610351562,"gene_reaction_rule":"","genes":[],"metabolites":[{"bigg_id":"cpd00465","coefficient":-1},{"bigg_id":"cpd00040","coefficient":1},{"bigg_id":"cpd00073","coefficient":1}],"segments":{"118":{"from_node_id":"126","to_node_id":"127","b1":null,"b2":null},"119":{"from_node_id":"128","to_node_id":"127","b1":null,"b2":null},"120":{"from_node_id":"126","to_node_id":"76","b1":{"x":-263.37647838472867,"y":2163.971781194847},"b2":{"x":-212.04043579101562,"y":2134.8799438476562}},"121":{"from_node_id":"128","to_node_id":"92","b1":{"x":-372.03917102933383,"y":2223.7080283754653},"b2":{"x":-211.177886711832,"y":2483.3942312210515}},"122":{"from_node_id":"128","to_node_id":"75","b1":{"x":-375.54441917915966,"y":2225.635004090971},"b2":{"x":-374.11330071324556,"y":2130.687329689274}}}}},"nodes":{"30":{"node_type":"metabolite","x":182.02027130126953,"y":2304.4144287109375,"bigg_id":"cpd00003","name":"NAD","label_x":207.02027130126953,"label_y":2304.4144287109375,"node_is_primary":false},"31":{"node_type":"multimarker","x":119.401611328125,"y":2387.4029541015625},"32":{"node_type":"midmarker","x":119.401611328125,"y":2407.4029541015625},"33":{"node_type":"multimarker","x":119.401611328125,"y":2427.4029541015625},"35":{"node_type":"metabolite","x":279.0791931152344,"y":2494.7366943359375,"bigg_id":"cpd00004","name":"NADH","label_x":304.0791931152344,"label_y":2494.7366943359375,"node_is_primary":false},"36":{"node_type":"metabolite","x":186.87786865234375,"y":2506.1412353515625,"bigg_id":"cpd00067","name":"H+","label_x":201.87786865234375,"label_y":2506.1412353515625,"node_is_primary":false},"37":{"node_type":"metabolite","x":120.80588912963867,"y":2554.6707763671875,"bigg_id":"cpd00596","name":"Oxalurate","label_x":48.80588912963867,"label_y":2584.6707763671875,"node_is_primary":true},"47":{"node_type":"metabolite","x":-67.43385410308838,"y":1500.2117309570312,"bigg_id":"cpd00001","name":"H2O","label_x":-134.9108486175537,"label_y":1533.1738891601562,"node_is_primary":false},"48":{"node_type":"multimarker","x":23.21190643310547,"y":1583.7937622070312},"49":{"node_type":"midmarker","x":23.21190643310547,"y":1603.7937622070312},"50":{"node_type":"multimarker","x":23.21190643310547,"y":1623.7937622070312},"51":{"node_type":"metabolite","x":21.95469093322754,"y":1429.2070922851562,"bigg_id":"cpd19020","name":"(S)(+)-Allantoin","label_x":-47.2984676361084,"label_y":1405.1858520507812,"node_is_primary":true},"52":{"node_type":"metabolite","x":-56.78809356689453,"y":1708.7937622070312,"bigg_id":"cpd00067","name":"H+","label_x":-102.23529815673828,"label_y":1728.7221069335938,"node_is_primary":false},"53":{"node_type":"metabolite","x":23.21190643310547,"y":1778.7937622070312,"bigg_id":"cpd00388","name":"Allantoate","label_x":48.21190643310547,"label_y":1778.7937622070312,"node_is_primary":true},"71":{"node_type":"multimarker","x":-246.61351013183594,"y":1954.0813598632812},"72":{"node_type":"midmarker","x":-246.61351013183594,"y":1974.0813598632812},"73":{"node_type":"multimarker","x":-246.61351013183594,"y":1994.0813598632812},"74":{"node_type":"metabolite","x":-326.61351013183594,"y":1869.0813598632812,"bigg_id":"cpd00001","name":"H2O","label_x":-398.61351013183594,"label_y":1899.0813598632812,"node_is_primary":false},"75":{"node_type":"metabolite","x":-448.78697204589844,"y":2116.7893676757812,"bigg_id":"cpd00073","name":"Urea","label_x":-520.7869720458984,"label_y":2146.7893676757812,"node_is_primary":true},"76":{"node_type":"metabolite","x":-153.29043579101562,"y":2134.8799438476562,"bigg_id":"cpd00465","name":"Ureidoglycolate","label_x":-237.14015579223633,"label_y":2125.8091430664062,"node_is_primary":true},"77":{"node_type":"multimarker","x":282.8935089111328,"y":1945.9663696289062},"78":{"node_type":"midmarker","x":282.8935089111328,"y":1965.9663696289062},"79":{"node_type":"multimarker","x":282.8935089111328,"y":1985.9663696289062},"80":{"node_type":"metabolite","x":362.8935089111328,"y":1860.9663696289062,"bigg_id":"cpd00001","name":"H2O","label_x":377.8935089111328,"label_y":1860.9663696289062,"node_is_primary":false},"81":{"node_type":"metabolite","x":202.8935089111328,"y":1860.9663696289062,"bigg_id":"cpd00067","name":"H+","label_x":153.20989990234375,"label_y":1848.3623657226562,"node_is_primary":false},"82":{"node_type":"metabolite","x":362.8935089111328,"y":2070.9663696289062,"bigg_id":"cpd00011","name":"CO2","label_x":377.8935089111328,"label_y":2070.9663696289062,"node_is_primary":false},"83":{"node_type":"metabolite","x":207.42891311645508,"y":2057.3604125976562,"bigg_id":"cpd00013","name":"NH3","label_x":179.82719802856445,"label_y":2093.8853149414062,"node_is_primary":false},"84":{"node_type":"metabolite","x":282.8935089111328,"y":2140.9663696289062,"bigg_id":"cpd01419","name":"Ureidoglycine","label_x":307.8935089111328,"label_y":2140.9663696289062,"node_is_primary":true},"85":{"node_type":"multimarker","x":-153.29043579101562,"y":2289.8799438476562},"86":{"node_type":"midmarker","x":-153.29043579101562,"y":2309.8799438476562},"87":{"node_type":"multimarker","x":-153.29043579101562,"y":2329.8799438476562},"88":{"node_type":"metabolite","x":-103.0343017578125,"y":2220.5347290039062,"bigg_id":"cpd00001","name":"H2O","label_x":-116.21270370483398,"label_y":2264.3677368164062,"node_is_primary":false},"89":{"node_type":"metabolite","x":-233.29043579101562,"y":2204.8799438476562,"bigg_id":"cpd00067","name":"H+","label_x":-272.0307922363281,"label_y":2225.8091430664062,"node_is_primary":false},"90":{"node_type":"metabolite","x":-73.29043579101562,"y":2414.8799438476562,"bigg_id":"cpd00011","name":"CO2","label_x":-58.290435791015625,"label_y":2414.8799438476562,"node_is_primary":false},"91":{"node_type":"metabolite","x":-60.945045471191406,"y":2354.4077758789062,"bigg_id":"cpd00013","name":"NH3","label_x":-40.72513961791992,"label_y":2372.3132934570312,"node_is_primary":false},"92":{"node_type":"metabolite","x":-153.29043579101562,"y":2484.8799438476562,"bigg_id":"cpd00040","name":"Glyoxalate","label_x":-128.29043579101562,"label_y":2484.8799438476562,"node_is_primary":true},"93":{"node_type":"multimarker","x":-153.29043579101562,"y":2639.8799438476562},"94":{"node_type":"midmarker","x":-153.29043579101562,"y":2659.8799438476562},"95":{"node_type":"multimarker","x":-153.29043579101562,"y":2679.8799438476562},"96":{"node_type":"metabolite","x":-233.29043579101562,"y":2554.8799438476562,"bigg_id":"cpd00067","name":"H+","label_x":-305.2904357910156,"label_y":2584.8799438476562,"node_is_primary":false},"97":{"node_type":"metabolite","x":-233.29043579101562,"y":2764.8799438476562,"bigg_id":"cpd00011","name":"CO2","label_x":-305.2904357910156,"label_y":2794.8799438476562,"node_is_primary":false},"98":{"node_type":"metabolite","x":-153.29043579101562,"y":2834.8799438476562,"bigg_id":"cpd00843","name":"Tartronate semialdehyde","label_x":-128.29043579101562,"label_y":2834.8799438476562,"node_is_primary":true},"99":{"node_type":"multimarker","x":-153.29043579101562,"y":3029.8799438476562},"100":{"node_type":"midmarker","x":-153.29043579101562,"y":3009.8799438476562},"101":{"node_type":"multimarker","x":-153.29043579101562,"y":2989.8799438476562},"102":{"node_type":"metabolite","x":-72.13993835449219,"y":3113.8733520507812,"bigg_id":"cpd00003","name":"NAD","label_x":-47.13993835449219,"label_y":3113.8733520507812,"node_is_primary":false},"103":{"node_type":"metabolite","x":-152.1399383544922,"y":3177.7715454101562,"bigg_id":"cpd00223","name":"Glycerate","label_x":-224.1399383544922,"label_y":3207.7715454101562,"node_is_primary":true},"104":{"node_type":"metabolite","x":-73.29043579101562,"y":2904.8799438476562,"bigg_id":"cpd00004","name":"NADH","label_x":-58.290435791015625,"label_y":2904.8799438476562,"node_is_primary":false},"105":{"node_type":"metabolite","x":-233.29043579101562,"y":2904.8799438476562,"bigg_id":"cpd00067","name":"H+","label_x":-305.2904357910156,"label_y":2934.8799438476562,"node_is_primary":false},"106":{"node_type":"multimarker","x":-152.1399383544922,"y":3332.7715454101562},"107":{"node_type":"midmarker","x":-152.1399383544922,"y":3352.7715454101562},"108":{"node_type":"multimarker","x":-152.1399383544922,"y":3372.7715454101562},"109":{"node_type":"metabolite","x":-232.1399383544922,"y":3247.7715454101562,"bigg_id":"cpd00002","name":"ATP","label_x":-304.1399383544922,"label_y":3277.7715454101562,"node_is_primary":false},"110":{"node_type":"metabolite","x":-250.4070587158203,"y":3446.1343383789062,"bigg_id":"cpd00008","name":"ADP","label_x":-323.6741485595703,"label_y":3446.1343383789062,"node_is_primary":false},"111":{"node_type":"metabolite","x":-72.13993835449219,"y":3457.7715454101562,"bigg_id":"cpd00067","name":"H+","label_x":-57.13993835449219,"label_y":3457.7715454101562,"node_is_primary":false},"112":{"node_type":"metabolite","x":-148.9908447265625,"y":3516.7317504882812,"bigg_id":"cpd00169","name":"3-Phosphoglycerate","label_x":-220.9908447265625,"label_y":3546.7317504882812,"node_is_primary":true},"113":{"node_type":"multimarker","x":73.46864700317383,"y":2142.4783325195312},"114":{"node_type":"midmarker","x":53.46864700317383,"y":2142.4783325195312},"115":{"node_type":"multimarker","x":33.46864700317383,"y":2142.4783325195312},"116":{"node_type":"metabolite","x":166.0276641845703,"y":2219.7056274414062,"bigg_id":"cpd00001","name":"H2O","label_x":180.2761199951172,"label_y":2242.0359497070312,"node_is_primary":false},"117":{"node_type":"metabolite","x":-51.53135299682617,"y":2062.4783325195312,"bigg_id":"cpd00013","name":"NH3","label_x":-94.73135299682622,"label_y":2042.4783325195312,"node_is_primary":false},"119":{"node_type":"multimarker","x":-603.7869720458984,"y":2116.7893676757812},"120":{"node_type":"midmarker","x":-623.7869720458984,"y":2116.7893676757812},"121":{"node_type":"multimarker","x":-643.7869720458984,"y":2116.7893676757812},"122":{"node_type":"metabolite","x":-518.7869720458984,"y":2196.7893676757812,"bigg_id":"cpd00001","name":"H2O","label_x":-561.9869720458985,"label_y":2236.7893676757812,"node_is_primary":false},"123":{"node_type":"metabolite","x":-518.7869720458984,"y":2036.7893676757812,"bigg_id":"cpd00067","name":"H+","label_x":-572.5695831298829,"label_y":2034.9309692382812,"node_is_primary":false},"124":{"node_type":"metabolite","x":-738.3564910888672,"y":2212.9287719726562,"bigg_id":"cpd00011","name":"CO2","label_x":-781.5564910888672,"label_y":2252.9287719726562,"node_is_primary":false},"125":{"node_type":"metabolite","x":-775.4833221435547,"y":2117.3635864257812,"bigg_id":"cpd00013","name":"NH3","label_x":-835.164340209961,"label_y":2122.0852661132812,"node_is_primary":true},"126":{"node_type":"multimarker","x":-300.1815839579016,"y":2184.2050262076373},"127":{"node_type":"midmarker","x":-317.70782470703125,"y":2193.8399047851562},"128":{"node_type":"multimarker","x":-335.2340654561609,"y":2203.474783362675}},"text_labels":{"0":{"x":-399.982666015625,"y":1263.1138916015625,"text":"Allantoin Utilization"}},"canvas":{"x":-1129.9100341796875,"y":1010.9646759033203,"width":1874.6808471679688,"height":2753.306198120117}}]