[{"map_name": "new_map", "map_id": "owQLY7reKZ1W", "map_description": "", "homepage": "https://escher.github.io", "schema": "https://escher.github.io/escher/jsonschema/1-0-0#"}, {"reactions": {"7": {"name": "rxn01019", "bigg_id": "rxn01019", "reversibility": false, "label_x": 605.1404695979053, "label_y": 957.563319715282, "gene_reaction_rule": "", "genes": [], "metabolites": [{"bigg_id": "cpd00064", "coefficient": -1}, {"bigg_id": "cpd00146", "coefficient": -1}, {"bigg_id": "cpd00009", "coefficient": 1}, {"bigg_id": "cpd00067", "coefficient": 1}, {"bigg_id": "cpd00274", "coefficient": 1}], "segments": {"44": {"from_node_id": "52", "to_node_id": "53", "b1": null, "b2": null}, "45": {"from_node_id": "54", "to_node_id": "53", "b1": null, "b2": null}, "46": {"from_node_id": "52", "to_node_id": "51", "b1": {"x": 590.401183096739, "y": 1009.5627715553716}, "b2": {"x": 592.9300886582186, "y": 1073.0152948451373}}, "47": {"from_node_id": "52", "to_node_id": "145", "b1": {"x": 590.4180033224702, "y": 1013.562736190216}, "b2": {"x": 458.4147700692445, "y": 1000.9310073979605}}, "48": {"from_node_id": "54", "to_node_id": "56", "b1": {"x": 589.8629358733403, "y": 881.5639032403488}, "b2": {"x": 571.8410184702681, "y": 876.3896406729065}}, "49": {"from_node_id": "54", "to_node_id": "57", "b1": {"x": 589.8629358733403, "y": 881.5639032403488}, "b2": {"x": 607.8407001838683, "y": 876.2382586413249}}, "50": {"from_node_id": "54", "to_node_id": "58", "b1": {"x": 589.8797560990716, "y": 885.5638678751932}, "b2": {"x": 589.6516317875921, "y": 831.3143475151155}}}}, "10": {"name": "rxn01434", "bigg_id": "rxn01434", "reversibility": false, "label_x": 604.4045847221648, "label_y": 607.5648669408375, "gene_reaction_rule": "", "genes": [], "metabolites": [{"bigg_id": "cpd00002", "coefficient": -1}, {"bigg_id": "cpd00041", "coefficient": -1}, {"bigg_id": "cpd00274", "coefficient": -1}, {"bigg_id": "cpd00012", "coefficient": 1}, {"bigg_id": "cpd00018", "coefficient": 1}, {"bigg_id": "cpd00067", "coefficient": 2}, {"bigg_id": "cpd02152", "coefficient": 1}], "segments": {"67": {"from_node_id": "77", "to_node_id": "78", "b1": null, "b2": null}, "68": {"from_node_id": "79", "to_node_id": "78", "b1": null, "b2": null}, "69": {"from_node_id": "77", "to_node_id": "80", "b1": {"x": 589.4045847221648, "y": 663.5648669408375}, "b2": {"x": 571.4045847221648, "y": 668.8148669408375}}, "70": {"from_node_id": "77", "to_node_id": "81", "b1": {"x": 589.4045847221648, "y": 663.5648669408375}, "b2": {"x": 607.4045847221648, "y": 668.8148669408375}}, "71": {"from_node_id": "77", "to_node_id": "58", "b1": {"x": 589.4045847221648, "y": 659.5648669408375}, "b2": {"x": 589.4045847221648, "y": 713.8148669408375}}, "72": {"from_node_id": "79", "to_node_id": "82", "b1": {"x": 589.4045847221648, "y": 531.5648669408375}, "b2": {"x": 571.4045847221648, "y": 526.3148669408375}}, "73": {"from_node_id": "79", "to_node_id": "83", "b1": {"x": 589.4045847221648, "y": 535.5648669408375}, "b2": {"x": 563.8081543385091, "y": 549.3605580061477}}, "74": {"from_node_id": "79", "to_node_id": "84", "b1": {"x": 589.4045847221648, "y": 531.5648669408375}, "b2": {"x": 607.4045847221648, "y": 526.3148669408375}}, "75": {"from_node_id": "79", "to_node_id": "85", "b1": {"x": 589.4045847221648, "y": 531.5648669408375}, "b2": {"x": 588.8624221492729, "y": 555.5179864568165}}}}, "12": {"name": "rxn01636", "bigg_id": "rxn01636", "reversibility": false, "label_x": 330.12791087012954, "label_y": 1215.790166044415, "gene_reaction_rule": "", "genes": [], "metabolites": [{"bigg_id": "cpd00023", "coefficient": -1}, {"bigg_id": "cpd00342", "coefficient": -1}, {"bigg_id": "cpd00064", "coefficient": 1}, {"bigg_id": "cpd00477", "coefficient": 1}], "segments": {"81": {"from_node_id": "91", "to_node_id": "92", "b1": null, "b2": null}, "82": {"from_node_id": "93", "to_node_id": "92", "b1": null, "b2": null}, "83": {"from_node_id": "91", "to_node_id": "94", "b1": {"x": 318.66346384864516, "y": 1248.9538623334774}, "b2": {"x": 326.88808693373926, "y": 1256.8933659898044}}, "84": {"from_node_id": "91", "to_node_id": "101", "b1": {"x": 322.66346384864516, "y": 1248.9538623334774}, "b2": {"x": 262.41643931251235, "y": 1136.53064456004}}, "85": {"from_node_id": "93", "to_node_id": "51", "b1": {"x": 446.66346384864516, "y": 1248.9538623334774}, "b2": {"x": 534.4271357236452, "y": 1131.764775419415}}, "86": {"from_node_id": "93", "to_node_id": "96", "b1": {"x": 450.66346384864516, "y": 1248.9538623334774}, "b2": {"x": 456.01532302881884, "y": 1257.6293764904988}}}}, "13": {"name": "rxn00469", "bigg_id": "rxn00469", "reversibility": false, "label_x": 339.26499583106704, "label_y": 1118.5256396772274, "gene_reaction_rule": "", "genes": [], "metabolites": [{"bigg_id": "cpd00001", "coefficient": -1}, {"bigg_id": "cpd00342", "coefficient": -1}, {"bigg_id": "cpd00029", "coefficient": 1}, {"bigg_id": "cpd00064", "coefficient": 1}], "segments": {"87": {"from_node_id": "97", "to_node_id": "98", "b1": null, "b2": null}, "88": {"from_node_id": "99", "to_node_id": "98", "b1": null, "b2": null}, "89": {"from_node_id": "97", "to_node_id": "100", "b1": {"x": 323.26499583106704, "y": 1158.5256396772274}, "b2": {"x": 318.01499583106704, "y": 1140.5256396772274}}, "90": {"from_node_id": "97", "to_node_id": "101", "b1": {"x": 327.26499583106704, "y": 1158.5256396772274}, "b2": {"x": 264.8258021054811, "y": 1131.712041044415}}, "91": {"from_node_id": "99", "to_node_id": "102", "b1": {"x": 455.26499583106704, "y": 1158.5256396772274}, "b2": {"x": 460.51499583106704, "y": 1140.5256396772274}}, "92": {"from_node_id": "99", "to_node_id": "51", "b1": {"x": 451.26499583106704, "y": 1158.5256396772274}, "b2": {"x": 534.4271357236452, "y": 1131.764775419415}}}}, "14": {"name": "rxn01637", "bigg_id": "rxn01637", "reversibility": false, "label_x": 3.951427715832665, "label_y": 1091.712041044415, "gene_reaction_rule": "", "genes": [], "metabolites": [{"bigg_id": "cpd00024", "coefficient": -1}, {"bigg_id": "cpd00342", "coefficient": -1}, {"bigg_id": "cpd00023", "coefficient": 1}, {"bigg_id": "cpd00918", "coefficient": 1}], "segments": {"93": {"from_node_id": "103", "to_node_id": "104", "b1": null, "b2": null}, "94": {"from_node_id": "105", "to_node_id": "104", "b1": null, "b2": null}, "95": {"from_node_id": "103", "to_node_id": "106", "b1": {"x": 119.95142771583266, "y": 1131.712041044415}, "b2": {"x": 129.27318958397154, "y": 1143.0796529573745}}, "96": {"from_node_id": "103", "to_node_id": "101", "b1": {"x": 115.95142771583266, "y": 1131.712041044415}, "b2": {"x": 147.3258021054811, "y": 1131.712041044415}}, "97": {"from_node_id": "105", "to_node_id": "107", "b1": {"x": -12.048572284167335, "y": 1131.712041044415}, "b2": {"x": -24.161258441393898, "y": 1134.3000537397274}}, "98": {"from_node_id": "105", "to_node_id": "108", "b1": {"x": -8.048572284167335, "y": 1131.712041044415}, "b2": {"x": -62.298572284167335, "y": 1131.712041044415}}}}, "16": {"name": "rxn02465", "bigg_id": "rxn02465", "reversibility": false, "label_x": -106.04857228416734, "label_y": 966.712041044415, "gene_reaction_rule": "", "genes": [], "metabolites": [{"bigg_id": "cpd00006", "coefficient": -1}, {"bigg_id": "cpd00009", "coefficient": -1}, {"bigg_id": "cpd00918", "coefficient": -1}, {"bigg_id": "cpd00005", "coefficient": 1}, {"bigg_id": "cpd00067", "coefficient": 1}, {"bigg_id": "cpd02552", "coefficient": 1}], "segments": {"106": {"from_node_id": "116", "to_node_id": "117", "b1": null, "b2": null}, "107": {"from_node_id": "118", "to_node_id": "117", "b1": null, "b2": null}, "108": {"from_node_id": "116", "to_node_id": "119", "b1": {"x": -121.04857228416734, "y": 1022.712041044415}, "b2": {"x": -139.04857228416734, "y": 1027.962041044415}}, "109": {"from_node_id": "116", "to_node_id": "120", "b1": {"x": -121.04857228416734, "y": 1022.712041044415}, "b2": {"x": -75.01024731615311, "y": 1022.4554775416365}}, "110": {"from_node_id": "116", "to_node_id": "108", "b1": {"x": -121.04857228416734, "y": 1018.712041044415}, "b2": {"x": -121.04857228416734, "y": 1072.962041044415}}, "111": {"from_node_id": "118", "to_node_id": "121", "b1": {"x": -121.04857228416734, "y": 894.712041044415}, "b2": {"x": -136.8233444098782, "y": 895.1312213707662}}, "112": {"from_node_id": "118", "to_node_id": "122", "b1": {"x": -121.04857228416734, "y": 890.712041044415}, "b2": {"x": -139.04857228416734, "y": 885.462041044415}}, "113": {"from_node_id": "118", "to_node_id": "123", "b1": {"x": -121.04857228416734, "y": 890.712041044415}, "b2": {"x": -120.9348102849515, "y": 862.7947119731767}}}}, "17": {"name": "rxn01917", "bigg_id": "rxn01917", "reversibility": false, "label_x": -103.82567189354234, "label_y": 627.2354175092587, "gene_reaction_rule": "", "genes": [], "metabolites": [{"bigg_id": "cpd00002", "coefficient": -1}, {"bigg_id": "cpd00477", "coefficient": -1}, {"bigg_id": "cpd00008", "coefficient": 1}, {"bigg_id": "cpd02552", "coefficient": 1}], "segments": {"114": {"from_node_id": "124", "to_node_id": "125", "b1": null, "b2": null}, "115": {"from_node_id": "126", "to_node_id": "125", "b1": null, "b2": null}, "116": {"from_node_id": "124", "to_node_id": "127", "b1": {"x": -118.82567189354234, "y": 555.2354175092587}, "b2": {"x": -99.64962702046569, "y": 515.0429705952208}}, "117": {"from_node_id": "124", "to_node_id": "128", "b1": {"x": -118.82567189354234, "y": 551.2354175092587}, "b2": {"x": -116.11262697583513, "y": 507.3138082449855}}, "118": {"from_node_id": "126", "to_node_id": "129", "b1": {"x": -118.82567189354234, "y": 683.2354175092587}, "b2": {"x": -100.82567189354234, "y": 688.4854175092587}}, "119": {"from_node_id": "126", "to_node_id": "123", "b1": {"x": -118.82567189354234, "y": 679.2354175092587}, "b2": {"x": -118.82567189354234, "y": 733.4854175092587}}}}, "18": {"name": "rxn00192", "bigg_id": "rxn00192", "reversibility": false, "label_x": -99.31520817894273, "label_y": 271.74588503855557, "gene_reaction_rule": "", "genes": [], "metabolites": [{"bigg_id": "cpd00022", "coefficient": -1}, {"bigg_id": "cpd00023", "coefficient": -1}, {"bigg_id": "cpd00010", "coefficient": 1}, {"bigg_id": "cpd00067", "coefficient": 1}, {"bigg_id": "cpd00477", "coefficient": 1}], "segments": {"120": {"from_node_id": "130", "to_node_id": "131", "b1": null, "b2": null}, "121": {"from_node_id": "132", "to_node_id": "131", "b1": null, "b2": null}, "122": {"from_node_id": "130", "to_node_id": "133", "b1": {"x": -114.31520817894273, "y": 199.74588503855557}, "b2": {"x": -131.644892071584, "y": 203.2728345168703}}, "123": {"from_node_id": "130", "to_node_id": "134", "b1": {"x": -114.31520817894273, "y": 195.74588503855557}, "b2": {"x": -115.08102894316153, "y": 192.95997440747237}}, "124": {"from_node_id": "132", "to_node_id": "135", "b1": {"x": -114.31520817894273, "y": 327.74588503855557}, "b2": {"x": -132.31520817894273, "y": 332.99588503855557}}, "125": {"from_node_id": "132", "to_node_id": "136", "b1": {"x": -114.31520817894273, "y": 327.74588503855557}, "b2": {"x": -96.31520817894273, "y": 332.99588503855557}}, "126": {"from_node_id": "132", "to_node_id": "128", "b1": {"x": -114.31520817894273, "y": 323.74588503855557}, "b2": {"x": -114.31520817894273, "y": 377.99588503855557}}}}, "19": {"name": "rxn00802", "bigg_id": "rxn00802", "reversibility": false, "label_x": 605.3878610893523, "label_y": 263.23784057365003, "gene_reaction_rule": "", "genes": [], "metabolites": [{"bigg_id": "cpd02152", "coefficient": -1}, {"bigg_id": "cpd00051", "coefficient": 1}, {"bigg_id": "cpd00106", "coefficient": 1}], "segments": {"127": {"from_node_id": "137", "to_node_id": "138", "b1": null, "b2": null}, "128": {"from_node_id": "139", "to_node_id": "138", "b1": null, "b2": null}, "129": {"from_node_id": "137", "to_node_id": "85", "b1": {"x": 590.3878610893523, "y": 315.23784057365003}, "b2": {"x": 590.3878610893523, "y": 369.48784057365003}}, "130": {"from_node_id": "139", "to_node_id": "140", "b1": {"x": 590.3878610893523, "y": 191.23784057365003}, "b2": {"x": 590.3878610893523, "y": 136.98784057365003}}, "131": {"from_node_id": "139", "to_node_id": "141", "b1": {"x": 590.3878610893523, "y": 187.23784057365003}, "b2": {"x": 608.3878610893523, "y": 181.98784057365003}}}}, "20": {"name": "rxn05012", "bigg_id": "rxn05012", "reversibility": false, "label_x": 221.0758021054811, "label_y": 920.6970263959774, "gene_reaction_rule": "", "genes": [], "metabolites": [{"bigg_id": "cpd00146", "coefficient": -1}, {"bigg_id": "cpd00342", "coefficient": -1}, {"bigg_id": "cpd00009", "coefficient": 1}, {"bigg_id": "cpd00067", "coefficient": 1}, {"bigg_id": "cpd11209", "coefficient": 1}], "segments": {"132": {"from_node_id": "142", "to_node_id": "143", "b1": null, "b2": null}, "133": {"from_node_id": "144", "to_node_id": "143", "b1": null, "b2": null}, "134": {"from_node_id": "142", "to_node_id": "145", "b1": {"x": 206.0758021054811, "y": 1022.712041044415}, "b2": {"x": 317.48670022840344, "y": 1000.7066100290748}}, "135": {"from_node_id": "142", "to_node_id": "101", "b1": {"x": 206.0758021054811, "y": 1018.712041044415}, "b2": {"x": 206.0758021054811, "y": 1072.962041044415}}, "136": {"from_node_id": "144", "to_node_id": "146", "b1": {"x": 206.07580210548113, "y": 890.712041044415}, "b2": {"x": 188.0758021054811, "y": 885.462041044415}}, "137": {"from_node_id": "144", "to_node_id": "147", "b1": {"x": 206.07580210548113, "y": 890.712041044415}, "b2": {"x": 224.0758021054811, "y": 885.462041044415}}, "138": {"from_node_id": "144", "to_node_id": "148", "b1": {"x": 206.07580210548113, "y": 894.712041044415}, "b2": {"x": 206.0758021054811, "y": 840.462041044415}}}}}, "nodes": {"51": {"node_type": "metabolite", "x": 593.1771357236452, "y": 1131.764775419415, "bigg_id": "cpd00064", "name": "Ornithine", "label_x": 618.1771357236452, "label_y": 1131.764775419415, "node_is_primary": true}, "52": {"node_type": "multimarker", "x": 590.2245707265613, "y": 967.5631428895047}, "53": {"node_type": "midmarker", "x": 590.1404695979053, "y": 947.563319715282}, "54": {"node_type": "multimarker", "x": 590.0563684692495, "y": 927.56349654106}, "56": {"node_type": "metabolite", "x": 509.69964597557197, "y": 842.9006525652397, "bigg_id": "cpd00009", "name": "Phosphate", "label_x": 453.7852172646344, "label_y": 829.1753107683647, "node_is_primary": false}, "57": {"node_type": "metabolite", "x": 669.6982313693508, "y": 842.2278435359913, "bigg_id": "cpd00067", "name": "H+", "label_x": 668.6126600802883, "label_y": 883.6656487117725, "node_is_primary": false}, "58": {"node_type": "metabolite", "x": 589.4045847221648, "y": 772.5648669408375, "bigg_id": "cpd00274", "name": "Citrulline", "label_x": 549.9835642143523, "label_y": 756.4595812963063, "node_is_primary": true}, "77": {"node_type": "multimarker", "x": 589.4045847221648, "y": 617.5648669408375}, "78": {"node_type": "midmarker", "x": 589.4045847221648, "y": 597.5648669408375}, "79": {"node_type": "multimarker", "x": 589.4045847221648, "y": 577.5648669408375}, "80": {"node_type": "metabolite", "x": 509.40458472216477, "y": 702.5648669408375, "bigg_id": "cpd00002", "name": "ATP", "label_x": 437.40458472216477, "label_y": 732.5648669408375, "node_is_primary": false}, "81": {"node_type": "metabolite", "x": 669.4045847221648, "y": 702.5648669408375, "bigg_id": "cpd00041", "name": "L-Aspartate", "label_x": 684.4045847221648, "label_y": 702.5648669408375, "node_is_primary": false}, "82": {"node_type": "metabolite", "x": 509.40458472216477, "y": 492.56486694083753, "bigg_id": "cpd00012", "name": "PPi", "label_x": 447.0419748588835, "label_y": 517.7461718724782, "node_is_primary": false}, "83": {"node_type": "metabolite", "x": 505.0775583549773, "y": 547.8507250951344, "bigg_id": "cpd00018", "name": "AMP", "label_x": 428.8851450248992, "label_y": 581.5815600560719, "node_is_primary": false}, "84": {"node_type": "metabolite", "x": 669.4045847221648, "y": 492.56486694083753, "bigg_id": "cpd00067", "name": "H+", "label_x": 684.4045847221648, "label_y": 492.56486694083753, "node_is_primary": false}, "85": {"node_type": "metabolite", "x": 590.3878610893523, "y": 428.23784057365003, "bigg_id": "cpd02152", "name": "L-Argininosuccinate", "label_x": 496.6416147514617, "label_y": 417.94890014396253, "node_is_primary": true}, "91": {"node_type": "multimarker", "x": 364.66346384864516, "y": 1248.9538623334774}, "92": {"node_type": "midmarker", "x": 384.66346384864516, "y": 1248.9538623334774}, "93": {"node_type": "multimarker", "x": 404.66346384864516, "y": 1248.9538623334774}, "94": {"node_type": "metabolite", "x": 302.53907420020766, "y": 1323.1518603803524, "bigg_id": "cpd00023", "name": "L-Glutamate", "label_x": 252.11104685645762, "label_y": 1356.157353544415, "node_is_primary": false}, "96": {"node_type": "metabolite", "x": 475.20737864356704, "y": 1325.561162138165, "bigg_id": "cpd00477", "name": "N-Acetyl-L-glutamate", "label_x": 398.27660471778574, "label_y": 1360.9760791303524, "node_is_primary": false}, "97": {"node_type": "multimarker", "x": 369.26499583106704, "y": 1158.5256396772274}, "98": {"node_type": "midmarker", "x": 389.26499583106704, "y": 1158.5256396772274}, "99": {"node_type": "multimarker", "x": 409.26499583106704, "y": 1158.5256396772274}, "100": {"node_type": "metabolite", "x": 284.26499583106704, "y": 1078.5256396772274, "bigg_id": "cpd00001", "name": "H2O", "label_x": 250.26801401954356, "label_y": 1060.8264209272274, "node_is_primary": false}, "101": {"node_type": "metabolite", "x": 206.0758021054811, "y": 1131.712041044415, "bigg_id": "cpd00342", "name": "N-Acetylornithine", "label_x": 121.80837351661387, "label_y": 1121.7470752241024, "node_is_primary": true}, "102": {"node_type": "metabolite", "x": 494.26499583106704, "y": 1078.5256396772274, "bigg_id": "cpd00029", "name": "Acetate", "label_x": 451.064995831067, "label_y": 1058.5256396772274, "node_is_primary": false}, "103": {"node_type": "multimarker", "x": 73.95142771583266, "y": 1131.712041044415}, "104": {"node_type": "midmarker", "x": 53.951427715832665, "y": 1131.712041044415}, "105": {"node_type": "multimarker", "x": 33.951427715832665, "y": 1131.712041044415}, "106": {"node_type": "metabolite", "x": 140.54542185645766, "y": 1212.7646533491024, "bigg_id": "cpd00024", "name": "2-Oxoglutarate", "label_x": 72.03714854102799, "label_y": 1257.1857959272274, "node_is_primary": false}, "107": {"node_type": "metabolite", "x": -57.9112584413939, "y": 1072.3000537397274, "bigg_id": "cpd00023", "name": "L-Glutamate", "label_x": -101.11125844139389, "label_y": 1052.3000537397274, "node_is_primary": false}, "108": {"node_type": "metabolite", "x": -121.04857228416734, "y": 1131.712041044415, "bigg_id": "cpd00918", "name": "2-Acetamido-5-oxopentanoate", "label_x": -260.88014023918447, "label_y": 1171.712041044415, "node_is_primary": true}, "116": {"node_type": "multimarker", "x": -121.04857228416734, "y": 976.712041044415}, "117": {"node_type": "midmarker", "x": -121.04857228416734, "y": 956.712041044415}, "118": {"node_type": "multimarker", "x": -121.04857228416734, "y": 936.712041044415}, "119": {"node_type": "metabolite", "x": -201.04857228416734, "y": 1061.712041044415, "bigg_id": "cpd00006", "name": "NADP", "label_x": -273.04857228416734, "label_y": 1091.712041044415, "node_is_primary": false}, "120": {"node_type": "metabolite", "x": -6.735147220080421, "y": 1004.5230151655087, "bigg_id": "cpd00009", "name": "Phosphate", "label_x": 8.264852779919579, "label_y": 1004.5230151655087, "node_is_primary": false}, "121": {"node_type": "metabolite", "x": -194.25054524559312, "y": 907.527959013165, "bigg_id": "cpd00005", "name": "NADPH", "label_x": -292.7788808168822, "label_y": 941.8413745405087, "node_is_primary": false}, "122": {"node_type": "metabolite", "x": -201.04857228416734, "y": 851.712041044415, "bigg_id": "cpd00067", "name": "H+", "label_x": -241.0227086367064, "label_y": 867.9866382123837, "node_is_primary": false}, "123": {"node_type": "metabolite", "x": -118.82567189354234, "y": 792.2354175092587, "bigg_id": "cpd02552", "name": "n-acetylglutamyl-phosphate", "label_x": -225.84464619774155, "label_y": 785.2936450483212, "node_is_primary": true}, "124": {"node_type": "multimarker", "x": -118.82567189354234, "y": 597.2354175092587}, "125": {"node_type": "midmarker", "x": -118.82567189354234, "y": 617.2354175092587}, "126": {"node_type": "multimarker", "x": -118.82567189354234, "y": 637.2354175092587}, "127": {"node_type": "metabolite", "x": -41.04856846947007, "y": 510.8622485639462, "bigg_id": "cpd00002", "name": "ATP", "label_x": -16.04856846947007, "label_y": 510.8622485639462, "node_is_primary": false}, "128": {"node_type": "metabolite", "x": -114.31520817894273, "y": 436.74588503855557, "bigg_id": "cpd00477", "name": "N-Acetyl-L-glutamate", "label_x": -195.94678280968003, "label_y": 427.54285159128995, "node_is_primary": true}, "129": {"node_type": "metabolite", "x": -38.825671893542335, "y": 722.2354175092587, "bigg_id": "cpd00008", "name": "ADP", "label_x": -23.825671893542335, "label_y": 722.2354175092587, "node_is_primary": false}, "130": {"node_type": "multimarker", "x": -114.31520817894273, "y": 241.74588503855557}, "131": {"node_type": "midmarker", "x": -114.31520817894273, "y": 261.74588503855557}, "132": {"node_type": "multimarker", "x": -114.31520817894273, "y": 281.74588503855557}, "133": {"node_type": "metabolite", "x": -187.51717351097398, "y": 185.11104311961026, "bigg_id": "cpd00022", "name": "Acetyl-CoA", "label_x": -247.15695927757554, "label_y": 226.28716006296963, "node_is_primary": false}, "134": {"node_type": "metabolite", "x": -112.09230397362046, "y": 122.43246188181729, "bigg_id": "cpd00023", "name": "L-Glutamate", "label_x": -168.41561101097398, "label_y": 106.32720675486416, "node_is_primary": true}, "135": {"node_type": "metabolite", "x": -194.31520817894273, "y": 366.74588503855557, "bigg_id": "cpd00010", "name": "CoA", "label_x": -252.5898358644896, "label_y": 378.4454089643368, "node_is_primary": false}, "136": {"node_type": "metabolite", "x": -34.315208178942726, "y": 366.74588503855557, "bigg_id": "cpd00067", "name": "H+", "label_x": -19.315208178942726, "label_y": 366.74588503855557, "node_is_primary": false}, "137": {"node_type": "multimarker", "x": 590.3878610893523, "y": 273.23784057365003}, "138": {"node_type": "midmarker", "x": 590.3878610893523, "y": 253.23784057365003}, "139": {"node_type": "multimarker", "x": 590.3878610893523, "y": 233.23784057365003}, "140": {"node_type": "metabolite", "x": 590.3878610893523, "y": 78.23784057365003, "bigg_id": "cpd00051", "name": "L-Arginine", "label_x": 539.4630564018523, "label_y": 55.230321805339486, "node_is_primary": true}, "141": {"node_type": "metabolite", "x": 670.3878610893523, "y": 148.23784057365003, "bigg_id": "cpd00106", "name": "Fumarate", "label_x": 685.3878610893523, "label_y": 148.23784057365003, "node_is_primary": false}, "142": {"node_type": "multimarker", "x": 206.0758021054811, "y": 976.712041044415}, "143": {"node_type": "midmarker", "x": 206.0758021054811, "y": 956.712041044415}, "144": {"node_type": "multimarker", "x": 206.0758021054811, "y": 936.712041044415}, "145": {"node_type": "metabolite", "x": 387.3088343320436, "y": 1011.0956470014462, "bigg_id": "cpd00146", "name": "Carbamoylphosphate", "label_x": 280.368984478528, "label_y": 976.5844775678524, "node_is_primary": true}, "146": {"node_type": "metabolite", "x": 126.0758021054811, "y": 851.712041044415, "bigg_id": "cpd00009", "name": "Phosphate", "label_x": 54.0758021054811, "label_y": 881.712041044415, "node_is_primary": false}, "147": {"node_type": "metabolite", "x": 286.0758021054811, "y": 851.712041044415, "bigg_id": "cpd00067", "name": "H+", "label_x": 301.0758021054811, "label_y": 851.712041044415, "node_is_primary": false}, "148": {"node_type": "metabolite", "x": 206.0758021054811, "y": 781.712041044415, "bigg_id": "cpd11209", "name": "N-Acetyl-L-citrulline", "label_x": 129.84270884376235, "label_y": 749.5014697553524, "node_is_primary": true}}, "text_labels": {"0": {"x": 27.499969482421875, "y": -15, "text": "Arginine Biosynthesis"}}, "canvas": {"x": -454.0000305175781, "y": -240, "width": 1497.0000305175781, "height": 1831.3985595703125}}]