[{"map_name": "new_map", "map_id": "3zRNwjpeVftr", "map_description": "", "homepage": "https://escher.github.io", "schema": "https://escher.github.io/escher/jsonschema/1-0-0#"}, {"reactions": {"0": {"name": "rxn01019", "bigg_id": "rxn01019", "reversibility": false, "label_x": -237.0940405663897, "label_y": -76.82218535931497, "gene_reaction_rule": "", "genes": [], "metabolites": [{"bigg_id": "cpd00064", "coefficient": -1}, {"bigg_id": "cpd00146", "coefficient": -1}, {"bigg_id": "cpd00009", "coefficient": 1}, {"bigg_id": "cpd00067", "coefficient": 1}, {"bigg_id": "cpd00274", "coefficient": 1}], "segments": {"0": {"from_node_id": "1", "to_node_id": "2", "b1": null, "b2": null}, "1": {"from_node_id": "3", "to_node_id": "2", "b1": null, "b2": null}, "2": {"from_node_id": "1", "to_node_id": "13", "b1": {"x": -252.53948950499495, "y": -24.823785579618544}, "b2": {"x": -250.5317811299849, "y": 31.822298053299875}}, "3": {"from_node_id": "1", "to_node_id": "4", "b1": {"x": -252.5682281461955, "y": -20.823888819638228}, "b2": {"x": -512.085074422177, "y": -116.51182301009013}}, "4": {"from_node_id": "3", "to_node_id": "5", "b1": {"x": -251.61985298658414, "y": -152.82048189899214}, "b2": {"x": -269.5816689399212, "y": -158.1996702818676}}, "5": {"from_node_id": "3", "to_node_id": "6", "b1": {"x": -251.61985298658414, "y": -152.82048189899214}, "b2": {"x": -309.69204590409356, "y": -153.29888750172023}}, "6": {"from_node_id": "3", "to_node_id": "7", "b1": {"x": -251.6485916277843, "y": -148.8205851390117}, "b2": {"x": -251.2588238065053, "y": -203.06918494624603}}}}, "1": {"name": "rxn00394", "bigg_id": "rxn00394", "reversibility": false, "label_x": -158.5271041533661, "label_y": 63.854760206958986, "gene_reaction_rule": "", "genes": [], "metabolites": [{"bigg_id": "cpd00001", "coefficient": -1}, {"bigg_id": "cpd00051", "coefficient": -1}, {"bigg_id": "cpd00064", "coefficient": 1}, {"bigg_id": "cpd00073", "coefficient": 1}], "segments": {"7": {"from_node_id": "9", "to_node_id": "10", "b1": null, "b2": null}, "8": {"from_node_id": "11", "to_node_id": "10", "b1": null, "b2": null}, "9": {"from_node_id": "9", "to_node_id": "8", "b1": {"x": -18.533567091989987, "y": 85.95957161242988}, "b2": {"x": -12.004443813498899, "y": 54.71865031408101}}, "10": {"from_node_id": "9", "to_node_id": "12", "b1": {"x": -14.533984055772123, "y": 85.90181750955702}, "b2": {"x": 60.7889552741167, "y": 83.13981003019009}}, "11": {"from_node_id": "11", "to_node_id": "13", "b1": {"x": -142.52064121474237, "y": 87.74994880148806}, "b2": {"x": -194.36750994715754, "y": 90.93072264738466}}, "12": {"from_node_id": "11", "to_node_id": "14", "b1": {"x": -146.5202242509602, "y": 87.80770290436082}, "b2": {"x": -161.61173577745396, "y": 129.01304442360828}}}}, "10": {"name": "rxn00470", "bigg_id": "rxn00470", "reversibility": false, "label_x": -397.5199279785156, "label_y": 273.5968475341797, "gene_reaction_rule": "", "genes": [], "metabolites": [{"bigg_id": "cpd00064", "coefficient": -1}, {"bigg_id": "cpd00067", "coefficient": -1}, {"bigg_id": "cpd00011", "coefficient": 1}, {"bigg_id": "cpd00118", "coefficient": 1}], "segments": {"68": {"from_node_id": "79", "to_node_id": "80", "b1": null, "b2": null}, "69": {"from_node_id": "81", "to_node_id": "80", "b1": null, "b2": null}, "70": {"from_node_id": "79", "to_node_id": "13", "b1": {"x": -252.46792602539062, "y": 205.64878845214844}, "b2": {"x": -250.07044982910156, "y": 153.79627227783203}}, "71": {"from_node_id": "79", "to_node_id": "82", "b1": {"x": -252.46792602539062, "y": 201.64878845214844}, "b2": {"x": -270.4679260253906, "y": 196.39878845214844}}, "72": {"from_node_id": "81", "to_node_id": "83", "b1": {"x": -252.46792602539062, "y": 333.64878845214844}, "b2": {"x": -270.4679260253906, "y": 338.89878845214844}}, "73": {"from_node_id": "81", "to_node_id": "84", "b1": {"x": -252.46792602539062, "y": 329.64878845214844}, "b2": {"x": -252.46792602539062, "y": 383.89878845214844}}}}, "17": {"name": "rxn00395", "bigg_id": "rxn00395", "reversibility": false, "label_x": 31.47686400435947, "label_y": -163.67364201981462, "gene_reaction_rule": "", "genes": [], "metabolites": [{"bigg_id": "cpd00001", "coefficient": -1}, {"bigg_id": "cpd00051", "coefficient": -1}, {"bigg_id": "cpd00013", "coefficient": 1}, {"bigg_id": "cpd00274", "coefficient": 1}], "segments": {"119": {"from_node_id": "137", "to_node_id": "138", "b1": null, "b2": null}, "120": {"from_node_id": "139", "to_node_id": "138", "b1": null, "b2": null}, "121": {"from_node_id": "137", "to_node_id": "136", "b1": {"x": 59.859218346917686, "y": -129.3794964507136}, "b2": {"x": 109.49096044477663, "y": -93.52074527851416}}, "122": {"from_node_id": "137", "to_node_id": "12", "b1": {"x": 62.658079917405246, "y": -126.52180963980393}, "b2": {"x": 67.3285849525017, "y": 37.84566877006895}}, "123": {"from_node_id": "139", "to_node_id": "141", "b1": {"x": -29.704351908686363, "y": -220.82547439982545}, "b2": {"x": -38.51826707085763, "y": -225.17106540633918}}, "124": {"from_node_id": "139", "to_node_id": "7", "b1": {"x": -26.90549033819883, "y": -217.9677875889159}, "b2": {"x": -207.11183841283935, "y": -212.6602006674454}}}}, "18": {"name": "rxn00471", "bigg_id": "rxn00471", "reversibility": false, "label_x": -525.8717381729875, "label_y": 66.70357906771278, "gene_reaction_rule": "", "genes": [], "metabolites": [{"bigg_id": "cpd00064", "coefficient": -1}, {"bigg_id": "cpd00013", "coefficient": 1}, {"bigg_id": "cpd00129", "coefficient": 1}], "segments": {"125": {"from_node_id": "144", "to_node_id": "145", "b1": null, "b2": null}, "126": {"from_node_id": "146", "to_node_id": "145", "b1": null, "b2": null}, "127": {"from_node_id": "144", "to_node_id": "13", "b1": {"x": -414.36798776464275, "y": 86.44689462148403}, "b2": {"x": -319.3611584888845, "y": 86.26750275465497}}, "128": {"from_node_id": "146", "to_node_id": "147", "b1": {"x": -542.3672880028382, "y": 86.87014222317384}, "b2": {"x": -552.2842003706578, "y": 61.97645458577779}}, "129": {"from_node_id": "146", "to_node_id": "148", "b1": {"x": -538.3673098703944, "y": 86.85691573562087}, "b2": {"x": -805.2980663499743, "y": 290.4563834322595}}}}, "20": {"name": "rxn00114", "bigg_id": "rxn00114", "reversibility": false, "label_x": -807.6728213584456, "label_y": -157.16945699744434, "gene_reaction_rule": "", "genes": [], "metabolites": [{"bigg_id": "cpd00002", "coefficient": -1}, {"bigg_id": "cpd00011", "coefficient": -1}, {"bigg_id": "cpd00013", "coefficient": -1}, {"bigg_id": "cpd00008", "coefficient": 1}, {"bigg_id": "cpd00067", "coefficient": 2}, {"bigg_id": "cpd00146", "coefficient": 1}], "segments": {"138": {"from_node_id": "158", "to_node_id": "159", "b1": null, "b2": null}, "139": {"from_node_id": "160", "to_node_id": "159", "b1": null, "b2": null}, "140": {"from_node_id": "158", "to_node_id": "161", "b1": {"x": -819.6728213584456, "y": -117.16945699744434}, "b2": {"x": -873.9228213584456, "y": -117.16945699744434}}, "141": {"from_node_id": "158", "to_node_id": "162", "b1": {"x": -823.6728213584456, "y": -117.16945699744434}, "b2": {"x": -828.9228213584456, "y": -99.16945699744434}}, "142": {"from_node_id": "158", "to_node_id": "163", "b1": {"x": -823.6728213584456, "y": -117.16945699744434}, "b2": {"x": -828.9228213584456, "y": -135.16945699744434}}, "143": {"from_node_id": "160", "to_node_id": "164", "b1": {"x": -691.6728213584456, "y": -117.16945699744436}, "b2": {"x": -686.4228213584456, "y": -99.16945699744436}}, "144": {"from_node_id": "160", "to_node_id": "165", "b1": {"x": -691.6728213584456, "y": -117.16945699744436}, "b2": {"x": -686.4228213584456, "y": -135.16945699744434}}, "145": {"from_node_id": "160", "to_node_id": "4", "b1": {"x": -695.6728213584456, "y": -117.16945699744436}, "b2": {"x": -641.4228213584456, "y": -117.16945699744437}}}}, "21": {"name": "rxn02927", "bigg_id": "rxn02927", "reversibility": false, "label_x": 623.0371857612372, "label_y": 49.60285541094402, "gene_reaction_rule": "", "genes": [], "metabolites": [{"bigg_id": "cpd00001", "coefficient": -2}, {"bigg_id": "cpd00067", "coefficient": -2}, {"bigg_id": "cpd02103", "coefficient": -1}, {"bigg_id": "cpd00011", "coefficient": 1}, {"bigg_id": "cpd00013", "coefficient": 2}, {"bigg_id": "cpd02160", "coefficient": 1}], "segments": {"146": {"from_node_id": "166", "to_node_id": "167", "b1": null, "b2": null}, "147": {"from_node_id": "168", "to_node_id": "167", "b1": null, "b2": null}, "148": {"from_node_id": "166", "to_node_id": "169", "b1": {"x": 615.7596948231153, "y": 86.36423621699339}, "b2": {"x": 610.3226068133749, "y": 68.41986177890624}}, "149": {"from_node_id": "166", "to_node_id": "170", "b1": {"x": 615.7596948231153, "y": 86.36423621699339}, "b2": {"x": 610.6973517350134, "y": 104.41791125722773}}, "150": {"from_node_id": "166", "to_node_id": "45", "b1": {"x": 619.7594780984866, "y": 86.32259789236605}, "b2": {"x": 565.5124174262924, "y": 86.8873176701178}}, "151": {"from_node_id": "168", "to_node_id": "171", "b1": {"x": 747.7525429102966, "y": 84.99017150430825}, "b2": {"x": 752.8148859983962, "y": 66.93649646407596}}, "152": {"from_node_id": "168", "to_node_id": "172", "b1": {"x": 747.7525429102966, "y": 84.99017150430825}, "b2": {"x": 753.1896309200379, "y": 102.93454594239756}}, "153": {"from_node_id": "168", "to_node_id": "173", "b1": {"x": 743.7527596349257, "y": 85.03180982893548}, "b2": {"x": 797.9998203071191, "y": 84.46709005118441}}}}, "23": {"name": "rxn03422", "bigg_id": "rxn03422", "reversibility": false, "label_x": 881.3661534327364, "label_y": 635.4362259800587, "gene_reaction_rule": "", "genes": [], "metabolites": [{"bigg_id": "cpd00001", "coefficient": -1}, {"bigg_id": "cpd00003", "coefficient": -1}, {"bigg_id": "cpd03526", "coefficient": -1}, {"bigg_id": "cpd00004", "coefficient": 1}, {"bigg_id": "cpd00067", "coefficient": 2}, {"bigg_id": "cpd03525", "coefficient": 1}], "segments": {"160": {"from_node_id": "180", "to_node_id": "181", "b1": null, "b2": null}, "161": {"from_node_id": "182", "to_node_id": "181", "b1": null, "b2": null}, "162": {"from_node_id": "180", "to_node_id": "183", "b1": {"x": 857.6039431061308, "y": 550.8803988680083}, "b2": {"x": 875.556154476254, "y": 545.469243083669}}, "163": {"from_node_id": "180", "to_node_id": "184", "b1": {"x": 857.6039431061308, "y": 550.8803988680083}, "b2": {"x": 839.5576011291787, "y": 545.7919765927828}}, "164": {"from_node_id": "180", "to_node_id": "179", "b1": {"x": 857.6398023849192, "y": 554.8802381287934}, "b2": {"x": 857.1534609163236, "y": 500.63241815438437}}, "165": {"from_node_id": "182", "to_node_id": "185", "b1": {"x": 858.7514400274283, "y": 678.8752552131584}, "b2": {"x": 828.7053795493091, "y": 702.4151458890204}}, "166": {"from_node_id": "182", "to_node_id": "186", "b1": {"x": 858.7872993062178, "y": 682.8750944739436}, "b2": {"x": 876.8336412831682, "y": 687.963516749168}}, "167": {"from_node_id": "182", "to_node_id": "187", "b1": {"x": 858.7872993062178, "y": 682.8750944739436}, "b2": {"x": 862.5189768235264, "y": 747.2584831360809}}}}, "24": {"name": "rxn00291", "bigg_id": "rxn00291", "reversibility": false, "label_x": 877.0306491771812, "label_y": 1001.1793856331152, "gene_reaction_rule": "", "genes": [], "metabolites": [{"bigg_id": "cpd00001", "coefficient": -1}, {"bigg_id": "cpd03525", "coefficient": -1}, {"bigg_id": "cpd00023", "coefficient": 1}, {"bigg_id": "cpd00036", "coefficient": 1}], "segments": {"168": {"from_node_id": "188", "to_node_id": "189", "b1": null, "b2": null}, "169": {"from_node_id": "190", "to_node_id": "189", "b1": null, "b2": null}, "170": {"from_node_id": "188", "to_node_id": "191", "b1": {"x": 864.9745545732303, "y": 926.8294301030951}, "b2": {"x": 846.9282125962811, "y": 921.7410078278706}}, "171": {"from_node_id": "188", "to_node_id": "187", "b1": {"x": 865.0104138520196, "y": 930.8292693638806}, "b2": {"x": 864.5240723834254, "y": 876.5814493894733}}, "172": {"from_node_id": "190", "to_node_id": "192", "b1": {"x": 866.1220514945303, "y": 1054.8242864482427}, "b2": {"x": 866.608392963127, "y": 1106.6745234148427}}, "173": {"from_node_id": "190", "to_node_id": "193", "b1": {"x": 866.1579107733226, "y": 1058.8241257090313}, "b2": {"x": 788.2686266492883, "y": 929.976126219932}}}}, "25": {"name": "rxn00601", "bigg_id": "rxn00601", "reversibility": false, "label_x": 256.4246887040754, "label_y": 63.62490099459299, "gene_reaction_rule": "", "genes": [], "metabolites": [{"bigg_id": "cpd00051", "coefficient": -1}, {"bigg_id": "cpd00078", "coefficient": -1}, {"bigg_id": "cpd00010", "coefficient": 1}, {"bigg_id": "cpd00067", "coefficient": 1}, {"bigg_id": "cpd02103", "coefficient": 1}], "segments": {"174": {"from_node_id": "194", "to_node_id": "195", "b1": null, "b2": null}, "175": {"from_node_id": "196", "to_node_id": "195", "b1": null, "b2": null}, "176": {"from_node_id": "194", "to_node_id": "12", "b1": {"x": 265.76560056930975, "y": 87.49888056307444}, "b2": {"x": 202.90391575661369, "y": 88.22983715733211}}, "177": {"from_node_id": "194", "to_node_id": "198", "b1": {"x": 269.76560056930975, "y": 87.49888056307444}, "b2": {"x": 239.86883466471238, "y": 137.1136078139968}}, "178": {"from_node_id": "196", "to_node_id": "199", "b1": {"x": 397.76560056930975, "y": 87.49888056307442}, "b2": {"x": 403.01560056930975, "y": 105.49888056307442}}, "179": {"from_node_id": "196", "to_node_id": "200", "b1": {"x": 397.76560056930975, "y": 87.49888056307442}, "b2": {"x": 403.01560056930975, "y": 69.49888056307442}}, "180": {"from_node_id": "196", "to_node_id": "45", "b1": {"x": 393.76560056930975, "y": 87.49888056307442}, "b2": {"x": 448.01560056930975, "y": 87.49888056307442}}}}, "26": {"name": "rxn00405", "bigg_id": "rxn00405", "reversibility": false, "label_x": 146.30686848989473, "label_y": 271.34705428219047, "gene_reaction_rule": "", "genes": [], "metabolites": [{"bigg_id": "cpd00051", "coefficient": -1}, {"bigg_id": "cpd00067", "coefficient": -1}, {"bigg_id": "cpd00011", "coefficient": 1}, {"bigg_id": "cpd00152", "coefficient": 1}], "segments": {"181": {"from_node_id": "201", "to_node_id": "202", "b1": null, "b2": null}, "182": {"from_node_id": "203", "to_node_id": "202", "b1": null, "b2": null}, "183": {"from_node_id": "201", "to_node_id": "12", "b1": {"x": 131.30686848989473, "y": 199.3470542821905}, "b2": {"x": 131.30686848989473, "y": 145.0970542821905}}, "184": {"from_node_id": "201", "to_node_id": "204", "b1": {"x": 131.30686848989473, "y": 195.3470542821905}, "b2": {"x": 113.30686848989473, "y": 190.0970542821905}}, "185": {"from_node_id": "203", "to_node_id": "205", "b1": {"x": 131.30686848989475, "y": 327.34705428219047}, "b2": {"x": 139.46173098384946, "y": 332.60896277737095}}, "186": {"from_node_id": "203", "to_node_id": "206", "b1": {"x": 131.30686848989475, "y": 323.34705428219047}, "b2": {"x": 131.30686848989473, "y": 377.59705428219047}}}}, "27": {"name": "rxn00858", "bigg_id": "rxn00858", "reversibility": false, "label_x": -93.69313151010527, "label_y": 396.34705428219047, "gene_reaction_rule": "", "genes": [], "metabolites": [{"bigg_id": "cpd00001", "coefficient": -1}, {"bigg_id": "cpd00152", "coefficient": -1}, {"bigg_id": "cpd00073", "coefficient": 1}, {"bigg_id": "cpd00118", "coefficient": 1}], "segments": {"187": {"from_node_id": "207", "to_node_id": "208", "b1": null, "b2": null}, "188": {"from_node_id": "209", "to_node_id": "208", "b1": null, "b2": null}, "189": {"from_node_id": "207", "to_node_id": "210", "b1": {"x": 22.306868489894725, "y": 436.34705428219047}, "b2": {"x": 39.075457509670116, "y": 439.0805137548467}}, "190": {"from_node_id": "207", "to_node_id": "206", "b1": {"x": 18.306868489894725, "y": 436.34705428219047}, "b2": {"x": 72.55686848989473, "y": 436.34705428219047}}, "191": {"from_node_id": "209", "to_node_id": "211", "b1": {"x": -109.69313151010527, "y": 436.3470542821905}, "b2": {"x": -114.94313151010527, "y": 418.34705428219047}}, "192": {"from_node_id": "209", "to_node_id": "84", "b1": {"x": -105.69313151010527, "y": 436.3470542821905}, "b2": {"x": -194.4989023841287, "y": 438.6507652196905}}}}, "28": {"name": "rxn01029", "bigg_id": "rxn01029", "reversibility": false, "label_x": 146.30686848989473, "label_y": 621.3470542821905, "gene_reaction_rule": "", "genes": [], "metabolites": [{"bigg_id": "cpd00001", "coefficient": -1}, {"bigg_id": "cpd00152", "coefficient": -1}, {"bigg_id": "cpd00013", "coefficient": 1}, {"bigg_id": "cpd00341", "coefficient": 1}], "segments": {"193": {"from_node_id": "213", "to_node_id": "214", "b1": null, "b2": null}, "194": {"from_node_id": "215", "to_node_id": "214", "b1": null, "b2": null}, "195": {"from_node_id": "213", "to_node_id": "216", "b1": {"x": 131.30686848989473, "y": 545.3470542821905}, "b2": {"x": 113.30686848989473, "y": 540.0970542821905}}, "196": {"from_node_id": "213", "to_node_id": "206", "b1": {"x": 131.30686848989473, "y": 549.3470542821905}, "b2": {"x": 131.30686848989473, "y": 495.09705428219047}}, "197": {"from_node_id": "215", "to_node_id": "217", "b1": {"x": 131.30686848989475, "y": 677.3470542821905}, "b2": {"x": 109.95545299196202, "y": 677.9947419921654}}, "198": {"from_node_id": "215", "to_node_id": "218", "b1": {"x": 131.30686848989475, "y": 673.3470542821905}, "b2": {"x": 131.30686848989473, "y": 727.5970542821905}}}}, "29": {"name": "rxn00853", "bigg_id": "rxn00853", "reversibility": false, "label_x": -93.69313151010527, "label_y": 746.3470542821905, "gene_reaction_rule": "", "genes": [], "metabolites": [{"bigg_id": "cpd00001", "coefficient": -1}, {"bigg_id": "cpd00067", "coefficient": -2}, {"bigg_id": "cpd00341", "coefficient": -1}, {"bigg_id": "cpd00011", "coefficient": 1}, {"bigg_id": "cpd00013", "coefficient": 1}, {"bigg_id": "cpd00118", "coefficient": 1}], "segments": {"199": {"from_node_id": "219", "to_node_id": "220", "b1": null, "b2": null}, "200": {"from_node_id": "221", "to_node_id": "220", "b1": null, "b2": null}, "201": {"from_node_id": "219", "to_node_id": "222", "b1": {"x": 22.306868489894725, "y": 786.3470542821905}, "b2": {"x": 27.556868489894725, "y": 804.3470542821905}}, "202": {"from_node_id": "219", "to_node_id": "223", "b1": {"x": 22.306868489894725, "y": 786.3470542821905}, "b2": {"x": 28.55962829427522, "y": 803.9401165704666}}, "203": {"from_node_id": "219", "to_node_id": "218", "b1": {"x": 18.306868489894725, "y": 786.3470542821905}, "b2": {"x": 72.55686848989473, "y": 786.3470542821905}}, "204": {"from_node_id": "221", "to_node_id": "224", "b1": {"x": -109.69313151010527, "y": 786.3470542821905}, "b2": {"x": -114.94313151010527, "y": 804.3470542821905}}, "205": {"from_node_id": "221", "to_node_id": "225", "b1": {"x": -109.69313151010527, "y": 786.3470542821905}, "b2": {"x": -128.76544291147246, "y": 795.9916465673467}}, "206": {"from_node_id": "221", "to_node_id": "84", "b1": {"x": -105.69313151010527, "y": 786.3470542821905}, "b2": {"x": -249.4806668022274, "y": 494.3319107566057}}}}, "30": {"name": "rxn02944", "bigg_id": "rxn02944", "reversibility": false, "label_x": 871.746637164104, "label_y": 268.85552715822814, "gene_reaction_rule": "", "genes": [], "metabolites": [{"bigg_id": "cpd00024", "coefficient": -1}, {"bigg_id": "cpd02160", "coefficient": -1}, {"bigg_id": "cpd00023", "coefficient": 1}, {"bigg_id": "cpd03526", "coefficient": 1}], "segments": {"207": {"from_node_id": "227", "to_node_id": "228", "b1": null, "b2": null}, "208": {"from_node_id": "229", "to_node_id": "228", "b1": null, "b2": null}, "209": {"from_node_id": "227", "to_node_id": "230", "b1": {"x": 856.746637164104, "y": 192.85552715822814}, "b2": {"x": 871.9823845029455, "y": 170.84524495943276}}, "210": {"from_node_id": "227", "to_node_id": "173", "b1": {"x": 856.746637164104, "y": 196.85552715822814}, "b2": {"x": 856.746637164104, "y": 142.60552715822814}}, "211": {"from_node_id": "229", "to_node_id": "231", "b1": {"x": 856.746637164104, "y": 324.85552715822814}, "b2": {"x": 838.746637164104, "y": 330.10552715822814}}, "212": {"from_node_id": "229", "to_node_id": "179", "b1": {"x": 856.746637164104, "y": 320.85552715822814}, "b2": {"x": 854.3491151914477, "y": 379.9005100683844}}}}, "31": {"name": "rxn00467", "bigg_id": "rxn00467", "reversibility": false, "label_x": -554.1549701352861, "label_y": 233.4676825605811, "gene_reaction_rule": "", "genes": [], "metabolites": [{"bigg_id": "cpd00024", "coefficient": -1}, {"bigg_id": "cpd00064", "coefficient": -1}, {"bigg_id": "cpd00023", "coefficient": 1}, {"bigg_id": "cpd00858", "coefficient": 1}], "segments": {"213": {"from_node_id": "233", "to_node_id": "234", "b1": null, "b2": null}, "214": {"from_node_id": "235", "to_node_id": "234", "b1": null, "b2": null}, "215": {"from_node_id": "233", "to_node_id": "236", "b1": {"x": -458.5085584582828, "y": 225.7979321834968}, "b2": {"x": -467.8784349049986, "y": 209.55699885522768}}, "216": {"from_node_id": "233", "to_node_id": "13", "b1": {"x": -461.27500765082823, "y": 228.68700796392594}, "b2": {"x": -311.8613857916065, "y": 91.77898603332943}}, "217": {"from_node_id": "235", "to_node_id": "237", "b1": {"x": -547.034932619744, "y": 318.2483571572362}, "b2": {"x": -593.3264339428031, "y": 315.047380283738}}, "218": {"from_node_id": "235", "to_node_id": "238", "b1": {"x": -549.8013818122897, "y": 321.1374329376658}, "b2": {"x": -554.4067860778691, "y": 386.498384790548}}}}, "32": {"name": "rxn00503", "bigg_id": "rxn00503", "reversibility": false, "label_x": 318.4747672824733, "label_y": 1043.9078803310736, "gene_reaction_rule": "", "genes": [], "metabolites": [{"bigg_id": "cpd00001", "coefficient": -2}, {"bigg_id": "cpd00003", "coefficient": -1}, {"bigg_id": "cpd02431", "coefficient": -1}, {"bigg_id": "cpd00004", "coefficient": 1}, {"bigg_id": "cpd00023", "coefficient": 1}, {"bigg_id": "cpd00067", "coefficient": 1}], "segments": {"219": {"from_node_id": "239", "to_node_id": "240", "b1": null, "b2": null}, "220": {"from_node_id": "241", "to_node_id": "240", "b1": null, "b2": null}, "221": {"from_node_id": "239", "to_node_id": "242", "b1": {"x": 333.64206464575454, "y": 1059.9330268154486}, "b2": {"x": 328.39206464575454, "y": 1077.9330268154486}}, "222": {"from_node_id": "239", "to_node_id": "243", "b1": {"x": 337.64206464575454, "y": 1059.9330268154486}, "b2": {"x": 283.39206464575454, "y": 1059.9330268154486}}, "223": {"from_node_id": "239", "to_node_id": "267", "b1": {"x": 333.64206464575454, "y": 1059.9330268154486}, "b2": {"x": 28.390431168263376, "y": 1223.509043441178}}, "224": {"from_node_id": "241", "to_node_id": "245", "b1": {"x": 465.64206464575454, "y": 1059.9330268154486}, "b2": {"x": 490.07191999243423, "y": 1075.5355658779486}}, "225": {"from_node_id": "241", "to_node_id": "192", "b1": {"x": 461.64206464575454, "y": 1059.9330268154486}, "b2": {"x": 808.3850761203639, "y": 1165.422162557636}}, "226": {"from_node_id": "241", "to_node_id": "246", "b1": {"x": 465.64206464575454, "y": 1059.9330268154486}, "b2": {"x": 475.143785111135, "y": 1067.6037813077733}}}}, "33": {"name": "rxn00504", "bigg_id": "rxn00504", "reversibility": false, "label_x": 337.65466840552017, "label_y": 1269.2711615810736, "gene_reaction_rule": "", "genes": [], "metabolites": [{"bigg_id": "cpd00001", "coefficient": -2}, {"bigg_id": "cpd00006", "coefficient": -1}, {"bigg_id": "cpd02431", "coefficient": -1}, {"bigg_id": "cpd00005", "coefficient": 1}, {"bigg_id": "cpd00023", "coefficient": 1}, {"bigg_id": "cpd00067", "coefficient": 1}], "segments": {"227": {"from_node_id": "247", "to_node_id": "248", "b1": null, "b2": null}, "228": {"from_node_id": "249", "to_node_id": "248", "b1": null, "b2": null}, "229": {"from_node_id": "247", "to_node_id": "250", "b1": {"x": 336.03955610083267, "y": 1292.488812948261}, "b2": {"x": 330.78955610083267, "y": 1310.488812948261}}, "230": {"from_node_id": "247", "to_node_id": "251", "b1": {"x": 340.03955610083267, "y": 1292.488812948261}, "b2": {"x": 285.78957135962173, "y": 1311.668744588886}}, "231": {"from_node_id": "247", "to_node_id": "267", "b1": {"x": 336.03955610083267, "y": 1292.488812948261}, "b2": {"x": 33.57541749546921, "y": 1218.4953975248372}}, "232": {"from_node_id": "249", "to_node_id": "253", "b1": {"x": 468.03955610083267, "y": 1292.488812948261}, "b2": {"x": 473.28955610083267, "y": 1310.488812948261}}, "233": {"from_node_id": "249", "to_node_id": "192", "b1": {"x": 464.03955610083267, "y": 1292.488812948261}, "b2": {"x": 808.3850761203639, "y": 1165.422162557636}}, "234": {"from_node_id": "249", "to_node_id": "254", "b1": {"x": 468.03955610083267, "y": 1292.488812948261}, "b2": {"x": 485.27698285864517, "y": 1284.078656698261}}}}, "34": {"name": "rxn00929", "bigg_id": "rxn00929", "reversibility": false, "label_x": -637.6039158084633, "label_y": 996.9830295146083, "gene_reaction_rule": "", "genes": [], "metabolites": [{"bigg_id": "cpd00003", "coefficient": -1}, {"bigg_id": "cpd00129", "coefficient": -1}, {"bigg_id": "cpd00004", "coefficient": 1}, {"bigg_id": "cpd00067", "coefficient": 2}, {"bigg_id": "cpd02431", "coefficient": 1}], "segments": {"235": {"from_node_id": "255", "to_node_id": "256", "b1": null, "b2": null}, "236": {"from_node_id": "257", "to_node_id": "256", "b1": null, "b2": null}, "237": {"from_node_id": "255", "to_node_id": "258", "b1": {"x": -678.5996216408478, "y": 962.8416976711711}, "b2": {"x": -695.3157294099665, "y": 971.3348855915692}}, "238": {"from_node_id": "255", "to_node_id": "148", "b1": {"x": -675.8617079173414, "y": 965.7578301171749}, "b2": {"x": -823.0260244562203, "y": 371.76856287424243}}, "239": {"from_node_id": "257", "to_node_id": "259", "b1": {"x": -590.9863824886469, "y": 1056.1579359432922}, "b2": {"x": -612.5205934699623, "y": 1083.6835364553674}}, "240": {"from_node_id": "257", "to_node_id": "260", "b1": {"x": -588.2484687651406, "y": 1059.0740683892961}, "b2": {"x": -583.5197572362559, "y": 1055.3758023438977}}, "241": {"from_node_id": "257", "to_node_id": "267", "b1": {"x": -588.2484687651406, "y": 1059.0740683892961}, "b2": {"x": -110.84235109886644, "y": 1223.6229566390316}}}}, "35": {"name": "rxn02374", "bigg_id": "rxn02374", "reversibility": false, "label_x": -390.519166147953, "label_y": 855.195748535735, "gene_reaction_rule": "", "genes": [], "metabolites": [{"bigg_id": "cpd00858", "coefficient": -1}, {"bigg_id": "cpd00001", "coefficient": 1}, {"bigg_id": "cpd00067", "coefficient": 1}, {"bigg_id": "cpd02431", "coefficient": 1}], "segments": {"242": {"from_node_id": "262", "to_node_id": "263", "b1": null, "b2": null}, "243": {"from_node_id": "264", "to_node_id": "263", "b1": null, "b2": null}, "244": {"from_node_id": "262", "to_node_id": "238", "b1": {"x": -441.3510623482163, "y": 794.5985626980471}, "b2": {"x": -557.8362946263219, "y": 515.7558380924232}}, "245": {"from_node_id": "264", "to_node_id": "265", "b1": {"x": -367.3755347089628, "y": 899.0572689435963}, "b2": {"x": -349.6518766423538, "y": 892.9388994926788}}, "246": {"from_node_id": "264", "to_node_id": "266", "b1": {"x": -367.3755347089628, "y": 899.0572689435963}, "b2": {"x": -379.0308877739144, "y": 913.7445166412189}}, "247": {"from_node_id": "264", "to_node_id": "267", "b1": {"x": -369.6872699476894, "y": 895.7929343734232}, "b2": {"x": -66.43343225211906, "y": 1172.5675945473397}}}}}, "nodes": {"1": {"node_type": "multimarker", "x": -252.23773377239132, "y": -66.82270155941258}, "2": {"node_type": "midmarker", "x": -252.0940405663897, "y": -86.82218535931496}, "3": {"node_type": "multimarker", "x": -251.95034736038798, "y": -106.82166915921715}, "4": {"node_type": "metabolite", "x": -582.6728213584456, "y": -117.16945699744437, "bigg_id": "cpd00146", "name": "Carbamoylphosphate", "label_x": -680.0137027061019, "label_y": -82.56201986365531, "node_is_primary": true}, "5": {"node_type": "metabolite", "x": -331.3375864344898, "y": -192.39424813280775, "bigg_id": "cpd00009", "name": "Phosphate", "label_x": -400.3375864344898, "label_y": -210.39424813280775, "node_is_primary": false}, "6": {"node_type": "metabolite", "x": -375.3417007764841, "y": -179.244702484795, "bigg_id": "cpd00067", "name": "H+", "label_x": -396.3417007764841, "label_y": -155.24470248479494, "node_is_primary": false}, "7": {"node_type": "metabolite", "x": -250.8367250138756, "y": -261.8176686084584, "bigg_id": "cpd00274", "name": "Citrulline", "label_x": -366.83670975508636, "label_y": -258.8176686084584, "node_is_primary": true}, "8": {"node_type": "metabolite", "x": -9.064838468189691, "y": -3.9577607930565364, "bigg_id": "cpd00001", "name": "H2O", "label_x": 15.935161531810309, "label_y": -3.9577607930565364, "node_is_primary": false}, "9": {"node_type": "multimarker", "x": -60.529188972277055, "y": 86.5659896925948}, "10": {"node_type": "midmarker", "x": -80.52710415336611, "y": 86.854760206959}, "11": {"node_type": "multimarker", "x": -100.52501933445521, "y": 87.14353072132317}, "12": {"node_type": "metabolite", "x": 131.30686848989473, "y": 86.3470542821905, "bigg_id": "cpd00051", "name": "L-Arginine", "label_x": 59.306868489894754, "label_y": 116.3470542821905, "node_is_primary": true}, "13": {"node_type": "metabolite", "x": -253.1113857916065, "y": 91.77898603332942, "bigg_id": "cpd00064", "name": "Ornithine", "label_x": -303.1113857916065, "label_y": 136.77898603332943, "node_is_primary": true}, "14": {"node_type": "metabolite", "x": -162.35954962736088, "y": 199.59989358438196, "bigg_id": "cpd00073", "name": "Urea", "label_x": -214.09981451993906, "label_y": 231.6258640433664, "node_is_primary": true}, "45": {"node_type": "metabolite", "x": 506.76560056930975, "y": 87.49888056307441, "bigg_id": "cpd02103", "name": "N2-Succinyl-L-arginine", "label_x": 356.76560056930975, "label_y": 117.49888056307441, "node_is_primary": true}, "79": {"node_type": "multimarker", "x": -252.46792602539062, "y": 247.64878845214844}, "80": {"node_type": "midmarker", "x": -252.46792602539062, "y": 267.64878845214844}, "81": {"node_type": "multimarker", "x": -252.46792602539062, "y": 287.64878845214844}, "82": {"node_type": "metabolite", "x": -332.4679260253906, "y": 162.64878845214844, "bigg_id": "cpd00067", "name": "H+", "label_x": -404.4679260253906, "label_y": 192.64878845214844, "node_is_primary": false}, "83": {"node_type": "metabolite", "x": -332.4679260253906, "y": 372.64878845214844, "bigg_id": "cpd00011", "name": "CO2", "label_x": -404.4679260253906, "label_y": 402.64878845214844, "node_is_primary": false}, "84": {"node_type": "metabolite", "x": -252.46792602539062, "y": 442.64878845214844, "bigg_id": "cpd00118", "name": "Putrescine", "label_x": -377.20957946777344, "label_y": 447.25621032714844, "node_is_primary": true}, "136": {"node_type": "metabolite", "x": 159.9270577131931, "y": -123.64984404251334, "bigg_id": "cpd00001", "name": "H2O", "label_x": 184.9270577131931, "label_y": -123.64984404251334, "node_is_primary": false}, "137": {"node_type": "multimarker", "x": 30.471171856797895, "y": -159.3852079652657}, "138": {"node_type": "midmarker", "x": 16.476864004359385, "y": -173.67364201981468}, "139": {"node_type": "multimarker", "x": 2.482556151921301, "y": -187.96207607436344}, "141": {"node_type": "metabolite", "x": -17.839516002745995, "y": -292.6651522159483, "bigg_id": "cpd00013", "name": "NH3", "label_x": 6.160483997253976, "label_y": -283.6651522159483, "node_is_primary": false}, "144": {"node_type": "multimarker", "x": -456.36775815530063, "y": 86.585772740788}, "145": {"node_type": "midmarker", "x": -476.3676488175188, "y": 86.65190517855262}, "146": {"node_type": "multimarker", "x": -496.36753947973716, "y": 86.71803761631588}, "147": {"node_type": "metabolite", "x": -586.239026420219, "y": 0.08839202162835136, "bigg_id": "cpd00013", "name": "NH3", "label_x": -658.239026420219, "label_y": 30.088392021628465, "node_is_primary": false}, "148": {"node_type": "metabolite", "x": -854.6839223365359, "y": 322.27775562886075, "bigg_id": "cpd00129", "name": "L-Proline", "label_x": -942.1376576880984, "label_y": 370.37453449848965, "node_is_primary": true}, "158": {"node_type": "multimarker", "x": -777.6728213584456, "y": -117.16945699744434}, "159": {"node_type": "midmarker", "x": -757.6728213584456, "y": -117.16945699744434}, "160": {"node_type": "multimarker", "x": -737.6728213584456, "y": -117.16945699744436}, "161": {"node_type": "metabolite", "x": -932.6728213584456, "y": -117.16945699744433, "bigg_id": "cpd00002", "name": "ATP", "label_x": -975.8728213584457, "label_y": -77.16945699744433, "node_is_primary": false}, "162": {"node_type": "metabolite", "x": -862.6728213584456, "y": -37.16945699744434, "bigg_id": "cpd00011", "name": "CO2", "label_x": -905.8728213584457, "label_y": 2.8305430025556575, "node_is_primary": false}, "163": {"node_type": "metabolite", "x": -862.6728213584456, "y": -197.16945699744434, "bigg_id": "cpd00013", "name": "NH3", "label_x": -905.8728213584457, "label_y": -217.16945699744434, "node_is_primary": true}, "164": {"node_type": "metabolite", "x": -652.6728213584456, "y": -37.16945699744437, "bigg_id": "cpd00008", "name": "ADP", "label_x": -695.8728213584457, "label_y": 2.830543002555629, "node_is_primary": false}, "165": {"node_type": "metabolite", "x": -652.6728213584456, "y": -197.16945699744437, "bigg_id": "cpd00067", "name": "H+", "label_x": -695.8728213584457, "label_y": -217.16945699744437, "node_is_primary": false}, "166": {"node_type": "multimarker", "x": 661.7572024898598, "y": 85.88539548378617}, "167": {"node_type": "midmarker", "x": 681.756118866706, "y": 85.67720386065116}, "168": {"node_type": "multimarker", "x": 701.755035243551, "y": 85.46901223751775}, "169": {"node_type": "metabolite", "x": 575.9290413957315, "y": 6.774544374723405, "bigg_id": "cpd00001", "name": "H2O", "label_x": 590.9290413957315, "label_y": 6.774544374723405, "node_is_primary": false}, "170": {"node_type": "metabolite", "x": 577.5945743808018, "y": 166.76587538948706, "bigg_id": "cpd00067", "name": "H+", "label_x": 505.59457438080176, "label_y": 196.76587538948706, "node_is_primary": false}, "171": {"node_type": "metabolite", "x": 785.9176633526072, "y": 4.5885323318156, "bigg_id": "cpd00011", "name": "CO2", "label_x": 800.9176633526072, "label_y": 4.5885323318156, "node_is_primary": false}, "172": {"node_type": "metabolite", "x": 787.5831963376809, "y": 164.5798633465788, "bigg_id": "cpd00013", "name": "NH3", "label_x": 715.5831963376809, "label_y": 194.57986334657892, "node_is_primary": false}, "173": {"node_type": "metabolite", "x": 856.746637164104, "y": 83.85552715822814, "bigg_id": "cpd02160", "name": "N2-Succinyl-L-ornithine", "label_x": 790.5355775937915, "label_y": 65.80084347292541, "node_is_primary": true}, "179": {"node_type": "metabolite", "x": 856.626777759087, "y": 441.884779011592, "bigg_id": "cpd03526", "name": "N-Succinyl-L-glutamate 5-semialdehyde", "label_x": 699.539375415337, "label_y": 443.00997356115255, "node_is_primary": true}, "180": {"node_type": "multimarker", "x": 858.0163248122217, "y": 596.8785503670447}, "181": {"node_type": "midmarker", "x": 858.1956212061739, "y": 616.8777466709766}, "182": {"node_type": "multimarker", "x": 858.3749176001272, "y": 636.8769429749063}, "183": {"node_type": "metabolite", "x": 937.251100353639, "y": 511.1647804995341, "bigg_id": "cpd00001", "name": "H2O", "label_x": 952.251100353639, "label_y": 511.1647804995341, "node_is_primary": false}, "184": {"node_type": "metabolite", "x": 777.2575299222026, "y": 512.5991516511572, "bigg_id": "cpd00003", "name": "NAD", "label_x": 705.2575299222026, "label_y": 542.5991516511572, "node_is_primary": false}, "185": {"node_type": "metabolite", "x": 775.1761620767129, "y": 726.6264113819968, "bigg_id": "cpd00004", "name": "NADH", "label_x": 698.1761620767129, "label_y": 687.6264113819968, "node_is_primary": false}, "186": {"node_type": "metabolite", "x": 939.1337124901468, "y": 721.1563416907959, "bigg_id": "cpd00067", "name": "H+", "label_x": 954.1337124901463, "label_y": 721.1563416907959, "node_is_primary": false}, "187": {"node_type": "metabolite", "x": 863.9973892261878, "y": 817.8338102466819, "bigg_id": "cpd03525", "name": "N-Succinyl-L-glutamate", "label_x": 791.9973892261878, "label_y": 847.8338102466817, "node_is_primary": true}, "188": {"node_type": "multimarker", "x": 865.3869362793218, "y": 972.8275816021376}, "189": {"node_type": "midmarker", "x": 865.566232673275, "y": 992.8267779060643}, "190": {"node_type": "multimarker", "x": 865.7455290672287, "y": 1012.8259742099922}, "191": {"node_type": "metabolite", "x": 784.6281413893028, "y": 888.5481828862448, "bigg_id": "cpd00001", "name": "H2O", "label_x": 712.6281413893028, "label_y": 918.5481828862448, "node_is_primary": false}, "192": {"node_type": "metabolite", "x": 867.1350761203639, "y": 1165.422162557636, "bigg_id": "cpd00023", "name": "L-Glutamate", "label_x": 892.1350761203639, "label_y": 1165.422162557636, "node_is_primary": true}, "193": {"node_type": "metabolite", "x": 726.5736807719027, "y": 964.2805888040684, "bigg_id": "cpd00036", "name": "Succinate", "label_x": 654.5736807719027, "label_y": 994.2805888040684, "node_is_primary": false}, "194": {"node_type": "multimarker", "x": 311.76560056930975, "y": 87.49888056307444}, "195": {"node_type": "midmarker", "x": 331.76560056930975, "y": 87.49888056307444}, "196": {"node_type": "multimarker", "x": 351.76560056930975, "y": 87.49888056307442}, "198": {"node_type": "metabolite", "x": 212.05481565720038, "y": 188.86245173006665, "bigg_id": "cpd00078", "name": "Succinyl-CoA", "label_x": 168.85481565720033, "label_y": 228.86245173006665, "node_is_primary": false}, "199": {"node_type": "metabolite", "x": 436.76560056930975, "y": 167.4988805630744, "bigg_id": "cpd00010", "name": "CoA", "label_x": 393.5656005693097, "label_y": 207.4988805630744, "node_is_primary": false}, "200": {"node_type": "metabolite", "x": 436.76560056930975, "y": 7.498880563074408, "bigg_id": "cpd00067", "name": "H+", "label_x": 393.5656005693097, "label_y": -12.501119436925592, "node_is_primary": false}, "201": {"node_type": "multimarker", "x": 131.30686848989473, "y": 241.3470542821905}, "202": {"node_type": "midmarker", "x": 131.30686848989473, "y": 261.34705428219047}, "203": {"node_type": "multimarker", "x": 131.30686848989473, "y": 281.34705428219047}, "204": {"node_type": "metabolite", "x": 51.306868489894725, "y": 156.3470542821905, "bigg_id": "cpd00067", "name": "H+", "label_x": -20.693131510105275, "label_y": 186.3470542821905, "node_is_primary": false}, "205": {"node_type": "metabolite", "x": 205.6559476219748, "y": 357.13218001461235, "bigg_id": "cpd00011", "name": "CO2", "label_x": 235.019518788967, "label_y": 371.0061729345342, "node_is_primary": false}, "206": {"node_type": "metabolite", "x": 131.30686848989473, "y": 436.34705428219047, "bigg_id": "cpd00152", "name": "Agmatine", "label_x": 156.30686848989473, "label_y": 436.34705428219047, "node_is_primary": true}, "207": {"node_type": "multimarker", "x": -23.693131510105275, "y": 436.34705428219047}, "208": {"node_type": "midmarker", "x": -43.693131510105275, "y": 436.34705428219047}, "209": {"node_type": "multimarker", "x": -63.693131510105275, "y": 436.34705428219047}, "210": {"node_type": "metabolite", "x": 72.82545750967012, "y": 377.0805137548467, "bigg_id": "cpd00001", "name": "H2O", "label_x": 29.625457509670127, "label_y": 357.0805137548467, "node_is_primary": false}, "211": {"node_type": "metabolite", "x": -148.69313151010527, "y": 356.34705428219047, "bigg_id": "cpd00073", "name": "Urea", "label_x": -191.89313151010526, "label_y": 336.34705428219047, "node_is_primary": true}, "213": {"node_type": "multimarker", "x": 131.30686848989473, "y": 591.3470542821905}, "214": {"node_type": "midmarker", "x": 131.30686848989473, "y": 611.3470542821905}, "215": {"node_type": "multimarker", "x": 131.30686848989473, "y": 631.3470542821905}, "216": {"node_type": "metabolite", "x": 51.306868489894725, "y": 506.34705428219047, "bigg_id": "cpd00001", "name": "H2O", "label_x": -4.567108694400929, "label_y": 520.2210472021123, "node_is_primary": false}, "217": {"node_type": "metabolite", "x": 39.78827565542207, "y": 670.272713461878, "bigg_id": "cpd00013", "name": "NH3", "label_x": -18.3894191420938, "label_y": 681.8429649267217, "node_is_primary": false}, "218": {"node_type": "metabolite", "x": 131.30686848989473, "y": 786.3470542821905, "bigg_id": "cpd00341", "name": "N-Carbamoylputrescine", "label_x": 156.30686848989473, "label_y": 786.3470542821905, "node_is_primary": true}, "219": {"node_type": "multimarker", "x": -23.693131510105275, "y": 786.3470542821905}, "220": {"node_type": "midmarker", "x": -43.693131510105275, "y": 786.3470542821905}, "221": {"node_type": "multimarker", "x": -63.693131510105275, "y": 786.3470542821905}, "222": {"node_type": "metabolite", "x": 61.306868489894725, "y": 866.3470542821905, "bigg_id": "cpd00001", "name": "H2O", "label_x": 78.00352452627169, "label_y": 869.487557211878, "node_is_primary": false}, "223": {"node_type": "metabolite", "x": 10.625080999049999, "y": 872.2146690282842, "bigg_id": "cpd00067", "name": "H+", "label_x": -30.27120234140409, "label_y": 861.4295738134405, "node_is_primary": false}, "224": {"node_type": "metabolite", "x": -148.69313151010527, "y": 866.3470542821905, "bigg_id": "cpd00011", "name": "CO2", "label_x": -191.89313151010526, "label_y": 906.3470542821905, "node_is_primary": false}, "225": {"node_type": "metabolite", "x": -162.51544291147246, "y": 733.9916465673467, "bigg_id": "cpd00013", "name": "NH3", "label_x": -205.71544291147245, "label_y": 713.9916465673467, "node_is_primary": false}, "227": {"node_type": "multimarker", "x": 856.746637164104, "y": 238.85552715822814}, "228": {"node_type": "midmarker", "x": 856.746637164104, "y": 258.85552715822814}, "229": {"node_type": "multimarker", "x": 856.746637164104, "y": 278.85552715822814}, "230": {"node_type": "metabolite", "x": 937.377984820354, "y": 144.26559185549377, "bigg_id": "cpd00024", "name": "2-Oxoglutarate", "label_x": 925.3150575742602, "label_y": 179.06055950686095, "node_is_primary": false}, "231": {"node_type": "metabolite", "x": 776.746637164104, "y": 363.85552715822814, "bigg_id": "cpd00023", "name": "L-Glutamate", "label_x": 704.746637164104, "label_y": 393.85552715822814, "node_is_primary": false}, "233": {"node_type": "multimarker", "x": -490.32272417255774, "y": 259.0223036584343}, "234": {"node_type": "midmarker", "x": -504.15497013528613, "y": 273.4676825605811}, "235": {"node_type": "multimarker", "x": -517.9872160980143, "y": 287.91306146272797}, "236": {"node_type": "metabolite", "x": -489.3171944395499, "y": 142.30045947339738, "bigg_id": "cpd00024", "name": "2-Oxoglutarate", "label_x": -532.5171944395498, "label_y": 122.30045947339738, "node_is_primary": false}, "237": {"node_type": "metabolite", "x": -649.1619758247832, "y": 296.77295107936555, "bigg_id": "cpd00023", "name": "L-Glutamate", "label_x": -692.3619758247833, "label_y": 336.77295107936555, "node_is_primary": false}, "238": {"node_type": "metabolite", "x": -557.8362946263219, "y": 457.00583809242323, "bigg_id": "cpd00858", "name": "L-Glutamate5-semialdehyde", "label_x": -689.7431732884313, "label_y": 482.558023151017, "node_is_primary": true}, "239": {"node_type": "multimarker", "x": 379.64206464575454, "y": 1059.9330268154486}, "240": {"node_type": "midmarker", "x": 399.64206464575454, "y": 1059.9330268154486}, "241": {"node_type": "multimarker", "x": 419.64206464575454, "y": 1059.9330268154486}, "242": {"node_type": "metabolite", "x": 294.64206464575454, "y": 1139.9330268154486, "bigg_id": "cpd00001", "name": "H2O", "label_x": 251.4420646457545, "label_y": 1179.9330268154486, "node_is_primary": false}, "243": {"node_type": "metabolite", "x": 224.64206464575454, "y": 1059.9330268154486, "bigg_id": "cpd00003", "name": "NAD", "label_x": 181.4420646457545, "label_y": 1099.9330268154486, "node_is_primary": false}, "245": {"node_type": "metabolite", "x": 523.8219199924342, "y": 1137.5355658779486, "bigg_id": "cpd00004", "name": "NADH", "label_x": 480.6219199924342, "label_y": 1177.5355658779486, "node_is_primary": false}, "246": {"node_type": "metabolite", "x": 449.49997480200454, "y": 1133.3719916591986, "bigg_id": "cpd00067", "name": "H+", "label_x": 401.50499189184825, "label_y": 1139.744428182636, "node_is_primary": false}, "247": {"node_type": "multimarker", "x": 382.03955610083267, "y": 1292.488812948261}, "248": {"node_type": "midmarker", "x": 402.03955610083267, "y": 1292.488812948261}, "249": {"node_type": "multimarker", "x": 422.03955610083267, "y": 1292.488812948261}, "250": {"node_type": "metabolite", "x": 297.03955610083267, "y": 1372.488812948261, "bigg_id": "cpd00001", "name": "H2O", "label_x": 253.83955610083262, "label_y": 1412.488812948261, "node_is_primary": false}, "251": {"node_type": "metabolite", "x": 227.03957135962173, "y": 1311.668744588886, "bigg_id": "cpd00006", "name": "NADP", "label_x": 183.8395713596217, "label_y": 1351.668744588886, "node_is_primary": false}, "253": {"node_type": "metabolite", "x": 507.03955610083267, "y": 1372.488812948261, "bigg_id": "cpd00005", "name": "NADPH", "label_x": 463.8395561008326, "label_y": 1412.488812948261, "node_is_primary": false}, "254": {"node_type": "metabolite", "x": 519.0269828586452, "y": 1222.078656698261, "bigg_id": "cpd00067", "name": "H+", "label_x": 475.8269828586451, "label_y": 1202.078656698261, "node_is_primary": false}, "255": {"node_type": "multimarker", "x": -647.1136138205255, "y": 996.3772208002147}, "256": {"node_type": "midmarker", "x": -633.4240452029945, "y": 1010.9578830302333}, "257": {"node_type": "multimarker", "x": -619.7344765854625, "y": 1025.5385452602522}, "258": {"node_type": "metabolite", "x": -763.6169293651092, "y": 989.1676807927595, "bigg_id": "cpd00003", "name": "NAD", "label_x": -835.616929365109, "label_y": 1019.1676807927595, "node_is_primary": false}, "259": {"node_type": "metabolite", "x": -652.6943664304546, "y": 1126.5511287147735, "bigg_id": "cpd00004", "name": "NADH", "label_x": -627.6943664304546, "label_y": 1126.5511287147735, "node_is_primary": false}, "260": {"node_type": "metabolite", "x": -515.2185572811132, "y": 1037.5430071427072, "bigg_id": "cpd00067", "name": "H+", "label_x": -500.21855728111325, "label_y": 1037.5430071427072, "node_is_primary": false}, "262": {"node_type": "multimarker", "x": -417.07784234158646, "y": 828.8740756848678}, "263": {"node_type": "midmarker", "x": -405.519166147953, "y": 845.195748535735}, "264": {"node_type": "multimarker", "x": -393.96048995431937, "y": 861.5174213866021}, "265": {"node_type": "metabolite", "x": -279.5494247279091, "y": 884.6498262282539, "bigg_id": "cpd00001", "name": "H2O", "label_x": -264.5494247279091, "label_y": 884.6498262282539, "node_is_primary": false}, "266": {"node_type": "metabolite", "x": -410.1228075348462, "y": 977.1192357773211, "bigg_id": "cpd00067", "name": "H+", "label_x": -482.1228075348462, "label_y": 1007.1192357773211, "node_is_primary": false}, "267": {"node_type": "metabolite", "x": -40.65755151664905, "y": 1225.361216058947, "bigg_id": "cpd02431", "name": "1-Pyrroline-5-carboxylate", "label_x": -125.9417922393053, "label_y": 1275.7082619573846, "node_is_primary": true}}, "text_labels": {"0": {"x": -253.87132263183594, "y": -557.9390869140625, "text": "Arginine and Ornithine Degradation"}}, "canvas": {"x": -1515.271728515625, "y": -798, "width": 4269.458251953125, "height": 2741.4251708984375}}]