[{"map_name": "new_map", "map_id": "6KXbJUhI1PYw", "map_description": "", "homepage": "https://escher.github.io", "schema": "https://escher.github.io/escher/jsonschema/1-0-0#"}, {"reactions": {"3": {"name": "rxn15511", "bigg_id": "rxn15511", "reversibility": false, "label_x": -1771.8731784712363, "label_y": 2376.342475104815, "gene_reaction_rule": "", "genes": [], "metabolites": [{"bigg_id": "cpd19047", "coefficient": -1}, {"bigg_id": "cpd02569", "coefficient": 1}], "segments": {"18": {"from_node_id": "22", "to_node_id": "23", "b1": null, "b2": null}, "19": {"from_node_id": "24", "to_node_id": "23", "b1": null, "b2": null}, "20": {"from_node_id": "22", "to_node_id": "21", "b1": {"x": -1665.0587688220762, "y": 2394.5352971863335}, "b2": {"x": -1610.8099817901946, "y": 2394.1725223670405}}, "21": {"from_node_id": "24", "to_node_id": "25", "b1": {"x": -1789.0559963235203, "y": 2395.3644967732935}, "b2": {"x": -1843.304783355402, "y": 2395.7272715925897}}}}, "5": {"name": "rxn02811", "bigg_id": "rxn02811", "reversibility": false, "label_x": -2561.531580651129, "label_y": 3285.8164762746046, "gene_reaction_rule": "", "genes": [], "metabolites": [{"bigg_id": "cpd02693", "coefficient": -1}, {"bigg_id": "cpd00001", "coefficient": 1}, {"bigg_id": "cpd01710", "coefficient": 1}], "segments": {"27": {"from_node_id": "33", "to_node_id": "34", "b1": null, "b2": null}, "28": {"from_node_id": "35", "to_node_id": "34", "b1": null, "b2": null}, "29": {"from_node_id": "33", "to_node_id": "32", "b1": {"x": -2576.4494163196455, "y": 3337.816421831215}, "b2": {"x": -2576.3775225295967, "y": 3392.0663741932485}}, "30": {"from_node_id": "35", "to_node_id": "36", "b1": {"x": -2576.619045907225, "y": 3209.816534230471}, "b2": {"x": -2558.6260191769234, "y": 3204.5426846798437}}, "31": {"from_node_id": "35", "to_node_id": "37", "b1": {"x": -2576.613744982613, "y": 3213.8165307179947}, "b2": {"x": -2576.685638772661, "y": 3159.5665783559602}}}}, "6": {"name": "rxn00011", "bigg_id": "rxn00011", "reversibility": false, "label_x": -1060.3157958984375, "label_y": 2777.7586517333984, "gene_reaction_rule": "", "genes": [], "metabolites": [{"bigg_id": "cpd00011", "coefficient": -1}, {"bigg_id": "cpd03049", "coefficient": -1}, {"bigg_id": "cpd00020", "coefficient": 1}, {"bigg_id": "cpd00056", "coefficient": 1}, {"bigg_id": "cpd00067", "coefficient": 1}], "segments": {"32": {"from_node_id": "39", "to_node_id": "40", "b1": null, "b2": null}, "33": {"from_node_id": "41", "to_node_id": "40", "b1": null, "b2": null}, "34": {"from_node_id": "39", "to_node_id": "38", "b1": {"x": -1075.3157958984375, "y": 2705.7586517333984}, "b2": {"x": -1044.2732518173943, "y": 2701.535717091282}}, "35": {"from_node_id": "39", "to_node_id": "245", "b1": {"x": -1075.3157958984375, "y": 2701.7586517333984}, "b2": {"x": -1073.3912838664985, "y": 2711.878284160774}}, "36": {"from_node_id": "41", "to_node_id": "244", "b1": {"x": -1075.3157958984375, "y": 2833.7586517333984}, "b2": {"x": -1239.9171465837173, "y": 2459.065876649146}}, "37": {"from_node_id": "41", "to_node_id": "44", "b1": {"x": -1075.3157958984375, "y": 2829.7586517333984}, "b2": {"x": -1073.2499424335738, "y": 2905.5372387370894}}, "38": {"from_node_id": "41", "to_node_id": "45", "b1": {"x": -1075.3157958984375, "y": 2833.7586517333984}, "b2": {"x": -1073.381847695693, "y": 2849.3967017108707}}}}, "16": {"name": "rxn00737", "bigg_id": "rxn00737", "reversibility": false, "label_x": 219.62532138824463, "label_y": 2225.317626953125, "gene_reaction_rule": "", "genes": [], "metabolites": [{"bigg_id": "cpd00161", "coefficient": -1}, {"bigg_id": "cpd00013", "coefficient": 1}, {"bigg_id": "cpd00094", "coefficient": 1}], "segments": {"95": {"from_node_id": "112", "to_node_id": "113", "b1": null, "b2": null}, "96": {"from_node_id": "114", "to_node_id": "113", "b1": null, "b2": null}, "97": {"from_node_id": "112", "to_node_id": "111", "b1": {"x": 204.62532138824463, "y": 2153.317626953125}, "b2": {"x": 204.62532138824463, "y": 2099.067626953125}}, "98": {"from_node_id": "114", "to_node_id": "115", "b1": {"x": 204.62532138824463, "y": 2281.317626953125}, "b2": {"x": 210.85521528678987, "y": 2293.2193743536736}}, "99": {"from_node_id": "114", "to_node_id": "116", "b1": {"x": 204.62532138824463, "y": 2277.317626953125}, "b2": {"x": 204.62532138824463, "y": 2331.567626953125}}}}, "19": {"name": "rxn01575", "bigg_id": "rxn01575", "reversibility": false, "label_x": 298.0353674925731, "label_y": 3990.599868006272, "gene_reaction_rule": "", "genes": [], "metabolites": [{"bigg_id": "cpd00024", "coefficient": -1}, {"bigg_id": "cpd00322", "coefficient": -1}, {"bigg_id": "cpd00023", "coefficient": 1}, {"bigg_id": "cpd00508", "coefficient": 1}], "segments": {"112": {"from_node_id": "132", "to_node_id": "133", "b1": null, "b2": null}, "113": {"from_node_id": "134", "to_node_id": "133", "b1": null, "b2": null}, "114": {"from_node_id": "132", "to_node_id": "131", "b1": {"x": 282.87282897862497, "y": 4042.5996549513193}, "b2": {"x": 288.14640693117485, "y": 4045.5636363907734}}, "115": {"from_node_id": "132", "to_node_id": "135", "b1": {"x": 282.8623426228879, "y": 4046.5996412058375}, "b2": {"x": 208.5743423864967, "y": 4061.794456730686}}, "116": {"from_node_id": "134", "to_node_id": "136", "b1": {"x": 283.20839236225993, "y": 3914.6000948066994}, "b2": {"x": 284.33293369325327, "y": 3919.952965510971}}, "117": {"from_node_id": "134", "to_node_id": "218", "b1": {"x": 283.19790600652175, "y": 3918.6000810612213}, "b2": {"x": 213.6722500089603, "y": 3855.905931546804}}}}, "23": {"name": "rxn00904", "bigg_id": "rxn00904", "reversibility": false, "label_x": -2881.0933227539062, "label_y": 2161.845458984375, "gene_reaction_rule": "", "genes": [], "metabolites": [{"bigg_id": "cpd00020", "coefficient": -1}, {"bigg_id": "cpd00156", "coefficient": -1}, {"bigg_id": "cpd00035", "coefficient": 1}, {"bigg_id": "cpd00123", "coefficient": 1}], "segments": {"145": {"from_node_id": "169", "to_node_id": "170", "b1": null, "b2": null}, "146": {"from_node_id": "171", "to_node_id": "170", "b1": null, "b2": null}, "147": {"from_node_id": "169", "to_node_id": "168", "b1": {"x": -2735.6461181640625, "y": 2083.511962890625}, "b2": {"x": -2754.0387562516626, "y": 2066.8156919338758}}, "148": {"from_node_id": "169", "to_node_id": "258", "b1": {"x": -2735.6461181640625, "y": 2079.511962890625}, "b2": {"x": -2580.107388828574, "y": 1965.1768586656644}}, "149": {"from_node_id": "171", "to_node_id": "173", "b1": {"x": -2735.6461181640625, "y": 2211.511962890625}, "b2": {"x": -2753.6461181640625, "y": 2216.761962890625}}, "150": {"from_node_id": "171", "to_node_id": "174", "b1": {"x": -2735.6461181640625, "y": 2207.511962890625}, "b2": {"x": -2581.9208068847656, "y": 2341.08642578125}}}}, "24": {"name": "rxn00902", "bigg_id": "rxn00902", "reversibility": false, "label_x": -2566.9208068847656, "label_y": 2584.83642578125, "gene_reaction_rule": "", "genes": [], "metabolites": [{"bigg_id": "cpd00010", "coefficient": -1}, {"bigg_id": "cpd00067", "coefficient": -1}, {"bigg_id": "cpd01646", "coefficient": -1}, {"bigg_id": "cpd00001", "coefficient": 1}, {"bigg_id": "cpd00022", "coefficient": 1}, {"bigg_id": "cpd00123", "coefficient": 1}], "segments": {"151": {"from_node_id": "175", "to_node_id": "176", "b1": null, "b2": null}, "152": {"from_node_id": "177", "to_node_id": "176", "b1": null, "b2": null}, "153": {"from_node_id": "175", "to_node_id": "178", "b1": {"x": -2581.9208068847656, "y": 2636.83642578125}, "b2": {"x": -2615.9637831304326, "y": 2654.2063454000845}}, "154": {"from_node_id": "175", "to_node_id": "179", "b1": {"x": -2581.9208068847656, "y": 2640.83642578125}, "b2": {"x": -2563.9208068847656, "y": 2646.08642578125}}, "155": {"from_node_id": "175", "to_node_id": "231", "b1": {"x": -2581.9208068847656, "y": 2640.83642578125}, "b2": {"x": -2580.2836027451767, "y": 2676.805824940702}}, "156": {"from_node_id": "177", "to_node_id": "181", "b1": {"x": -2581.9208068847656, "y": 2508.83642578125}, "b2": {"x": -2573.9828186035156, "y": 2525.243408203125}}, "157": {"from_node_id": "177", "to_node_id": "182", "b1": {"x": -2581.9208068847656, "y": 2508.83642578125}, "b2": {"x": -2599.9208068847656, "y": 2503.58642578125}}, "158": {"from_node_id": "177", "to_node_id": "174", "b1": {"x": -2581.9208068847656, "y": 2512.83642578125}, "b2": {"x": -2581.9208068847656, "y": 2458.58642578125}}}}, "25": {"name": "rxn03194", "bigg_id": "rxn03194", "reversibility": false, "label_x": 219.62532138824463, "label_y": 2575.317626953125, "gene_reaction_rule": "", "genes": [], "metabolites": [{"bigg_id": "cpd00094", "coefficient": -1}, {"bigg_id": "cpd03049", "coefficient": -1}, {"bigg_id": "cpd00056", "coefficient": 1}, {"bigg_id": "cpd00498", "coefficient": 1}], "segments": {"159": {"from_node_id": "183", "to_node_id": "184", "b1": null, "b2": null}, "160": {"from_node_id": "185", "to_node_id": "184", "b1": null, "b2": null}, "161": {"from_node_id": "183", "to_node_id": "116", "b1": {"x": 204.62532138824463, "y": 2503.317626953125}, "b2": {"x": 204.62532138824463, "y": 2449.067626953125}}, "162": {"from_node_id": "183", "to_node_id": "245", "b1": {"x": 204.62532138824463, "y": 2499.317626953125}, "b2": {"x": -995.0173264921523, "y": 2643.9821293377463}}, "163": {"from_node_id": "185", "to_node_id": "44", "b1": {"x": 204.62532138824463, "y": 2627.317626953125}, "b2": {"x": -1011.1296894560751, "y": 2970.980372892063}}, "164": {"from_node_id": "185", "to_node_id": "16", "b1": {"x": 204.62532138824463, "y": 2631.317626953125}, "b2": {"x": 205.1157177446796, "y": 2676.101497278242}}}}, "28": {"name": "rxn03436", "bigg_id": "rxn03436", "reversibility": false, "label_x": 221.36029243469238, "label_y": 2940.990280151367, "gene_reaction_rule": "", "genes": [], "metabolites": [{"bigg_id": "cpd00498", "coefficient": -1}, {"bigg_id": "cpd10162", "coefficient": 1}], "segments": {"179": {"from_node_id": "203", "to_node_id": "204", "b1": null, "b2": null}, "180": {"from_node_id": "205", "to_node_id": "204", "b1": null, "b2": null}, "181": {"from_node_id": "203", "to_node_id": "16", "b1": {"x": 206.36029243469238, "y": 2868.990280151367}, "b2": {"x": 206.36029243469238, "y": 2814.740280151367}}, "182": {"from_node_id": "205", "to_node_id": "206", "b1": {"x": 206.36029243469238, "y": 2992.990280151367}, "b2": {"x": 206.36029243469238, "y": 3047.240280151367}}}}, "29": {"name": "rxn03435", "bigg_id": "rxn03435", "reversibility": false, "label_x": 221.36029243469238, "label_y": 3290.990280151367, "gene_reaction_rule": "", "genes": [], "metabolites": [{"bigg_id": "cpd00006", "coefficient": -1}, {"bigg_id": "cpd02535", "coefficient": -1}, {"bigg_id": "cpd00005", "coefficient": 1}, {"bigg_id": "cpd00067", "coefficient": 1}, {"bigg_id": "cpd10162", "coefficient": 1}], "segments": {"183": {"from_node_id": "207", "to_node_id": "208", "b1": null, "b2": null}, "184": {"from_node_id": "209", "to_node_id": "208", "b1": null, "b2": null}, "185": {"from_node_id": "207", "to_node_id": "210", "b1": {"x": 206.36029243469238, "y": 3342.990280151367}, "b2": {"x": 235.3907671432376, "y": 3357.831757670901}}, "186": {"from_node_id": "207", "to_node_id": "211", "b1": {"x": 206.36029243469238, "y": 3346.990280151367}, "b2": {"x": 209.21589164108025, "y": 3373.592870757146}}, "187": {"from_node_id": "209", "to_node_id": "212", "b1": {"x": 206.36029243469238, "y": 3214.990280151367}, "b2": {"x": 224.36029243469238, "y": 3209.740280151367}}, "188": {"from_node_id": "209", "to_node_id": "213", "b1": {"x": 206.36029243469238, "y": 3214.990280151367}, "b2": {"x": 188.36029243469238, "y": 3209.740280151367}}, "189": {"from_node_id": "209", "to_node_id": "206", "b1": {"x": 206.36029243469238, "y": 3218.990280151367}, "b2": {"x": 206.36029243469238, "y": 3164.740280151367}}}}, "30": {"name": "rxn03437", "bigg_id": "rxn03437", "reversibility": false, "label_x": 225.00726509094238, "label_y": 3629.179244995117, "gene_reaction_rule": "", "genes": [], "metabolites": [{"bigg_id": "cpd02535", "coefficient": -1}, {"bigg_id": "cpd00001", "coefficient": 1}, {"bigg_id": "cpd00508", "coefficient": 1}], "segments": {"190": {"from_node_id": "214", "to_node_id": "215", "b1": null, "b2": null}, "191": {"from_node_id": "216", "to_node_id": "215", "b1": null, "b2": null}, "192": {"from_node_id": "214", "to_node_id": "211", "b1": {"x": 210.00726509094238, "y": 3557.179244995117}, "b2": {"x": 210.00726509094238, "y": 3502.929244995117}}, "193": {"from_node_id": "216", "to_node_id": "217", "b1": {"x": 210.00726509094238, "y": 3685.179244995117}, "b2": {"x": 192.00726509094238, "y": 3690.429244995117}}, "194": {"from_node_id": "216", "to_node_id": "218", "b1": {"x": 210.00726509094238, "y": 3681.179244995117}, "b2": {"x": 210.00726509094238, "y": 3735.429244995117}}}}, "31": {"name": "rxn01573", "bigg_id": "rxn01573", "reversibility": false, "label_x": -9.330060958862305, "label_y": 3989.734909057617, "gene_reaction_rule": "", "genes": [], "metabolites": [{"bigg_id": "cpd00001", "coefficient": -1}, {"bigg_id": "cpd00003", "coefficient": -1}, {"bigg_id": "cpd00322", "coefficient": -1}, {"bigg_id": "cpd00004", "coefficient": 1}, {"bigg_id": "cpd00013", "coefficient": 1}, {"bigg_id": "cpd00067", "coefficient": 1}, {"bigg_id": "cpd00508", "coefficient": 1}], "segments": {"195": {"from_node_id": "219", "to_node_id": "220", "b1": null, "b2": null}, "196": {"from_node_id": "221", "to_node_id": "220", "b1": null, "b2": null}, "197": {"from_node_id": "219", "to_node_id": "222", "b1": {"x": 136.1171360015869, "y": 4047.845993041992}, "b2": {"x": 112.69608056539198, "y": 4049.5123404858823}}, "198": {"from_node_id": "219", "to_node_id": "223", "b1": {"x": 136.1171360015869, "y": 4043.845993041992}, "b2": {"x": 138.1634894953994, "y": 4039.684020874616}}, "199": {"from_node_id": "219", "to_node_id": "135", "b1": {"x": 136.1171360015869, "y": 4047.845993041992}, "b2": {"x": 209.95974392799076, "y": 4060.5071670620955}}, "200": {"from_node_id": "221", "to_node_id": "225", "b1": {"x": 136.1171360015869, "y": 3915.845993041992}, "b2": {"x": 153.14896435848027, "y": 3919.8426879168856}}, "201": {"from_node_id": "221", "to_node_id": "226", "b1": {"x": 136.1171360015869, "y": 3915.845993041992}, "b2": {"x": 118.11713600158691, "y": 3910.595993041992}}, "202": {"from_node_id": "221", "to_node_id": "227", "b1": {"x": 136.1171360015869, "y": 3915.845993041992}, "b2": {"x": 131.80690153254739, "y": 3916.3025056545075}}, "203": {"from_node_id": "221", "to_node_id": "218", "b1": {"x": 136.1171360015869, "y": 3919.845993041992}, "b2": {"x": 210.00726509094238, "y": 3852.929244995117}}}}, "32": {"name": "rxn02789", "bigg_id": "rxn02789", "reversibility": false, "label_x": -2561.9954115546675, "label_y": 2935.8167836163216, "gene_reaction_rule": "", "genes": [], "metabolites": [{"bigg_id": "cpd01646", "coefficient": -1}, {"bigg_id": "cpd00001", "coefficient": 1}, {"bigg_id": "cpd01710", "coefficient": 1}], "segments": {"204": {"from_node_id": "228", "to_node_id": "229", "b1": null, "b2": null}, "205": {"from_node_id": "230", "to_node_id": "229", "b1": null, "b2": null}, "206": {"from_node_id": "228", "to_node_id": "231", "b1": {"x": -2577.077575886151, "y": 2863.816838059711}, "b2": {"x": -2577.1494696761997, "y": 2809.5668856976763}}, "207": {"from_node_id": "230", "to_node_id": "232", "b1": {"x": -2576.907946298572, "y": 2991.816725660455}, "b2": {"x": -2558.9010046411636, "y": 2997.042866889576}}, "208": {"from_node_id": "230", "to_node_id": "37", "b1": {"x": -2576.913247223183, "y": 2987.8167291729314}, "b2": {"x": -2576.8413534331353, "y": 3042.066681534965}}}}, "33": {"name": "rxn03068", "bigg_id": "rxn03068", "reversibility": false, "label_x": -2150.4727747454745, "label_y": 2383.8841296849423, "gene_reaction_rule": "", "genes": [], "metabolites": [{"bigg_id": "cpd00006", "coefficient": -1}, {"bigg_id": "cpd02498", "coefficient": -1}, {"bigg_id": "cpd00005", "coefficient": 1}, {"bigg_id": "cpd00067", "coefficient": 1}, {"bigg_id": "cpd02569", "coefficient": 1}], "segments": {"209": {"from_node_id": "233", "to_node_id": "234", "b1": null, "b2": null}, "210": {"from_node_id": "235", "to_node_id": "234", "b1": null, "b2": null}, "211": {"from_node_id": "233", "to_node_id": "236", "b1": {"x": -2139.04817072276, "y": 2397.704979478421}, "b2": {"x": -2143.3681243312194, "y": 2417.299788104953}}, "212": {"from_node_id": "233", "to_node_id": "304", "b1": {"x": -2143.0480812873234, "y": 2397.731727852197}, "b2": {"x": -2155.1111827588347, "y": 2395.9745900778844}}, "213": {"from_node_id": "235", "to_node_id": "238", "b1": {"x": -2011.0510326567517, "y": 2396.849031517691}, "b2": {"x": -2005.6807823587862, "y": 2414.8135218176467}}, "214": {"from_node_id": "235", "to_node_id": "239", "b1": {"x": -2011.0510326567517, "y": 2396.849031517691}, "b2": {"x": -2005.921517722742, "y": 2378.814326736581}}, "215": {"from_node_id": "235", "to_node_id": "25", "b1": {"x": -2015.0509432213153, "y": 2396.8757798914644}, "b2": {"x": -1960.8021561894338, "y": 2396.513005072168}}}}, "34": {"name": "rxn15491", "bigg_id": "rxn15491", "reversibility": false, "label_x": -1447.8878400094975, "label_y": 2376.602578337186, "gene_reaction_rule": "", "genes": [], "metabolites": [{"bigg_id": "cpd00056", "coefficient": -1}, {"bigg_id": "cpd19047", "coefficient": -1}, {"bigg_id": "cpd00020", "coefficient": 1}, {"bigg_id": "cpd03049", "coefficient": 1}], "segments": {"216": {"from_node_id": "240", "to_node_id": "241", "b1": null, "b2": null}, "217": {"from_node_id": "242", "to_node_id": "241", "b1": null, "b2": null}, "218": {"from_node_id": "240", "to_node_id": "44", "b1": {"x": -1443.0637324888455, "y": 2393.0507624419365}, "b2": {"x": -1146.4450474841015, "y": 2970.715923203848}}, "219": {"from_node_id": "240", "to_node_id": "21", "b1": {"x": -1439.0638219242824, "y": 2393.024014068165}, "b2": {"x": -1493.3126089561647, "y": 2393.3867888874615}}, "220": {"from_node_id": "242", "to_node_id": "244", "b1": {"x": -1311.0666838582747, "y": 2392.1680661074315}, "b2": {"x": -1304.472520709421, "y": 2391.772715970277}}, "221": {"from_node_id": "242", "to_node_id": "245", "b1": {"x": -1315.0665944228385, "y": 2392.1948144812063}, "b2": {"x": -1130.5846032797895, "y": 2639.631621060868}}}}, "35": {"name": "rxn03062", "bigg_id": "rxn03062", "reversibility": false, "label_x": -2561.067749747591, "label_y": 3635.816168932888, "gene_reaction_rule": "", "genes": [], "metabolites": [{"bigg_id": "cpd00003", "coefficient": -1}, {"bigg_id": "cpd02693", "coefficient": -1}, {"bigg_id": "cpd00004", "coefficient": 1}, {"bigg_id": "cpd00067", "coefficient": 1}, {"bigg_id": "cpd02605", "coefficient": 1}], "segments": {"222": {"from_node_id": "246", "to_node_id": "247", "b1": null, "b2": null}, "223": {"from_node_id": "248", "to_node_id": "247", "b1": null, "b2": null}, "224": {"from_node_id": "246", "to_node_id": "249", "b1": {"x": -2576.155215003687, "y": 3559.816226888755}, "b2": {"x": -2594.1621566610947, "y": 3554.5900856596336}}, "225": {"from_node_id": "246", "to_node_id": "32", "b1": {"x": -2576.149914079075, "y": 3563.816223376278}, "b2": {"x": -2576.221807869123, "y": 3509.5662710142437}}, "226": {"from_node_id": "248", "to_node_id": "250", "b1": {"x": -2575.9855854161074, "y": 3687.8161144894984}, "b2": {"x": -2601.1624109326954, "y": 3700.2407631744245}}, "227": {"from_node_id": "248", "to_node_id": "251", "b1": {"x": -2575.9802844914952, "y": 3691.8161109770213}, "b2": {"x": -2557.973342834088, "y": 3697.0422522061426}}, "228": {"from_node_id": "248", "to_node_id": "252", "b1": {"x": -2575.9802844914952, "y": 3691.8161109770213}, "b2": {"x": -2576.5551376829435, "y": 3732.499451804763}}}}, "36": {"name": "rxn01045", "bigg_id": "rxn01045", "reversibility": false, "label_x": -2404.9111328125, "label_y": 2150.8096923828125, "gene_reaction_rule": "", "genes": [], "metabolites": [{"bigg_id": "cpd00001", "coefficient": -1}, {"bigg_id": "cpd00003", "coefficient": -1}, {"bigg_id": "cpd00156", "coefficient": -1}, {"bigg_id": "cpd00004", "coefficient": 1}, {"bigg_id": "cpd00013", "coefficient": 1}, {"bigg_id": "cpd00067", "coefficient": 1}, {"bigg_id": "cpd00123", "coefficient": 1}], "segments": {"229": {"from_node_id": "253", "to_node_id": "254", "b1": null, "b2": null}, "230": {"from_node_id": "255", "to_node_id": "254", "b1": null, "b2": null}, "231": {"from_node_id": "253", "to_node_id": "256", "b1": {"x": -2419.9111328125, "y": 2074.8096923828125}, "b2": {"x": -2344.271017810368, "y": 2061.7110109464043}}, "232": {"from_node_id": "253", "to_node_id": "257", "b1": {"x": -2419.9111328125, "y": 2078.8096923828125}, "b2": {"x": -2359.795269408166, "y": 2044.242819946125}}, "233": {"from_node_id": "253", "to_node_id": "258", "b1": {"x": -2419.9111328125, "y": 2074.8096923828125}, "b2": {"x": -2580.3980181377638, "y": 1963.0677113789739}}, "234": {"from_node_id": "255", "to_node_id": "259", "b1": {"x": -2419.9111328125, "y": 2206.8096923828125}, "b2": {"x": -2411.438914309606, "y": 2217.7101582722366}}, "235": {"from_node_id": "255", "to_node_id": "260", "b1": {"x": -2419.9111328125, "y": 2206.8096923828125}, "b2": {"x": -2401.9111328125, "y": 2212.0596923828125}}, "236": {"from_node_id": "255", "to_node_id": "261", "b1": {"x": -2419.9111328125, "y": 2206.8096923828125}, "b2": {"x": -2383.9111328125, "y": 2197.0596923828125}}, "237": {"from_node_id": "255", "to_node_id": "174", "b1": {"x": -2419.9111328125, "y": 2202.8096923828125}, "b2": {"x": -2581.9208068847656, "y": 2341.08642578125}}}}, "37": {"name": "rxn01208", "bigg_id": "rxn01208", "reversibility": false, "label_x": -2563.002840529729, "label_y": 3988.0754155351106, "gene_reaction_rule": "", "genes": [], "metabolites": [{"bigg_id": "cpd00011", "coefficient": -1}, {"bigg_id": "cpd00200", "coefficient": -1}, {"bigg_id": "cpd00067", "coefficient": 1}, {"bigg_id": "cpd02605", "coefficient": 1}], "segments": {"238": {"from_node_id": "262", "to_node_id": "263", "b1": null, "b2": null}, "239": {"from_node_id": "264", "to_node_id": "263", "b1": null, "b2": null}, "240": {"from_node_id": "262", "to_node_id": "265", "b1": {"x": -2578.002840529729, "y": 4044.0754155351106}, "b2": {"x": -2596.002840529729, "y": 4049.3254155351106}}, "241": {"from_node_id": "262", "to_node_id": "266", "b1": {"x": -2578.002840529729, "y": 4040.0754155351106}, "b2": {"x": -2578.002840529729, "y": 4091.4391850663606}}, "242": {"from_node_id": "264", "to_node_id": "267", "b1": {"x": -2578.002840529729, "y": 3912.0754155351106}, "b2": {"x": -2596.002840529729, "y": 3906.8254155351106}}, "243": {"from_node_id": "264", "to_node_id": "252", "b1": {"x": -2578.002840529729, "y": 3916.0754155351106}, "b2": {"x": -2578.002840529729, "y": 3861.8254155351106}}}}, "38": {"name": "rxn00804", "bigg_id": "rxn00804", "reversibility": false, "label_x": -2802.5520959008227, "label_y": 4340.961157722611, "gene_reaction_rule": "", "genes": [], "metabolites": [{"bigg_id": "cpd00001", "coefficient": -1}, {"bigg_id": "cpd00003", "coefficient": -1}, {"bigg_id": "cpd00107", "coefficient": -1}, {"bigg_id": "cpd00004", "coefficient": 1}, {"bigg_id": "cpd00013", "coefficient": 1}, {"bigg_id": "cpd00067", "coefficient": 1}, {"bigg_id": "cpd00200", "coefficient": 1}], "segments": {"244": {"from_node_id": "268", "to_node_id": "269", "b1": null, "b2": null}, "245": {"from_node_id": "270", "to_node_id": "269", "b1": null, "b2": null}, "246": {"from_node_id": "268", "to_node_id": "271", "b1": {"x": -2655.9284997094164, "y": 4394.074927253861}, "b2": {"x": -2724.8951947250034, "y": 4389.305227433502}}, "247": {"from_node_id": "268", "to_node_id": "272", "b1": {"x": -2655.9284997094164, "y": 4390.074927253861}, "b2": {"x": -2674.7165821327208, "y": 4425.514396711962}}, "248": {"from_node_id": "268", "to_node_id": "281", "b1": {"x": -2655.9284997094164, "y": 4394.074927253861}, "b2": {"x": -2573.007253682569, "y": 4431.769569352411}}, "249": {"from_node_id": "270", "to_node_id": "274", "b1": {"x": -2655.9284997094164, "y": 4262.074927253861}, "b2": {"x": -2654.6515890979786, "y": 4249.647366502409}}, "250": {"from_node_id": "270", "to_node_id": "275", "b1": {"x": -2655.9284997094164, "y": 4262.074927253861}, "b2": {"x": -2673.9284997094164, "y": 4256.824927253861}}, "251": {"from_node_id": "270", "to_node_id": "276", "b1": {"x": -2655.9284997094164, "y": 4262.074927253861}, "b2": {"x": -2691.9284997094164, "y": 4271.824927253861}}, "252": {"from_node_id": "270", "to_node_id": "266", "b1": {"x": -2655.9284997094164, "y": 4266.074927253861}, "b2": {"x": -2578.002840529729, "y": 4208.939185066361}}}}, "39": {"name": "rxn00806", "bigg_id": "rxn00806", "reversibility": false, "label_x": -2493.7356133568774, "label_y": 4329.416724128861, "gene_reaction_rule": "", "genes": [], "metabolites": [{"bigg_id": "cpd00024", "coefficient": -1}, {"bigg_id": "cpd00107", "coefficient": -1}, {"bigg_id": "cpd00023", "coefficient": 1}, {"bigg_id": "cpd00200", "coefficient": 1}], "segments": {"253": {"from_node_id": "277", "to_node_id": "278", "b1": null, "b2": null}, "254": {"from_node_id": "279", "to_node_id": "278", "b1": null, "b2": null}, "255": {"from_node_id": "277", "to_node_id": "280", "b1": {"x": -2508.7356133568774, "y": 4385.416724128861}, "b2": {"x": -2511.2455875278174, "y": 4385.826212427144}}, "256": {"from_node_id": "277", "to_node_id": "281", "b1": {"x": -2508.7356133568774, "y": 4381.416724128861}, "b2": {"x": -2578.002840529729, "y": 4441.439185066361}}, "257": {"from_node_id": "279", "to_node_id": "282", "b1": {"x": -2508.7356133568774, "y": 4253.416724128861}, "b2": {"x": -2480.4800621701543, "y": 4242.7325182444965}}, "258": {"from_node_id": "279", "to_node_id": "266", "b1": {"x": -2508.7356133568774, "y": 4257.416724128861}, "b2": {"x": -2578.002840529729, "y": 4208.939185066361}}}}, "41": {"name": "rxn00903", "bigg_id": "rxn00903", "reversibility": false, "label_x": -2723.0086975097656, "label_y": 2156.79248046875, "gene_reaction_rule": "", "genes": [], "metabolites": [{"bigg_id": "cpd00024", "coefficient": -1}, {"bigg_id": "cpd00156", "coefficient": -1}, {"bigg_id": "cpd00023", "coefficient": 1}, {"bigg_id": "cpd00123", "coefficient": 1}], "segments": {"264": {"from_node_id": "288", "to_node_id": "289", "b1": null, "b2": null}, "265": {"from_node_id": "290", "to_node_id": "289", "b1": null, "b2": null}, "266": {"from_node_id": "288", "to_node_id": "291", "b1": {"x": -2581.9208068847656, "y": 2153.080810546875}, "b2": {"x": -2586.96244586007, "y": 2093.6439270298615}}, "267": {"from_node_id": "288", "to_node_id": "258", "b1": {"x": -2581.9208068847656, "y": 2149.080810546875}, "b2": {"x": -2578.6109415547326, "y": 1960.1514800403834}}, "268": {"from_node_id": "290", "to_node_id": "293", "b1": {"x": -2581.9208068847656, "y": 2281.080810546875}, "b2": {"x": -2606.86967825343, "y": 2277.174119294426}}, "269": {"from_node_id": "290", "to_node_id": "174", "b1": {"x": -2581.9208068847656, "y": 2277.080810546875}, "b2": {"x": -2581.9208068847656, "y": 2341.08642578125}}}}, "43": {"name": "rxn00898", "bigg_id": "rxn00898", "reversibility": false, "label_x": -2433.5148010253906, "label_y": 2388.44384765625, "gene_reaction_rule": "", "genes": [], "metabolites": [{"bigg_id": "cpd02498", "coefficient": -1}, {"bigg_id": "cpd00001", "coefficient": 1}, {"bigg_id": "cpd00123", "coefficient": 1}], "segments": {"277": {"from_node_id": "301", "to_node_id": "302", "b1": null, "b2": null}, "278": {"from_node_id": "303", "to_node_id": "302", "b1": null, "b2": null}, "279": {"from_node_id": "301", "to_node_id": "304", "b1": {"x": -2344.9208068847656, "y": 2399.83642578125}, "b2": {"x": -2290.6708068847656, "y": 2399.83642578125}}, "280": {"from_node_id": "303", "to_node_id": "305", "b1": {"x": -2472.9208068847656, "y": 2399.83642578125}, "b2": {"x": -2496.3756408691406, "y": 2399.631591796875}}, "281": {"from_node_id": "303", "to_node_id": "174", "b1": {"x": -2468.9208068847656, "y": 2399.83642578125}, "b2": {"x": -2523.1708068847656, "y": 2399.83642578125}}}}, "44": {"name": "rxn05109", "bigg_id": "rxn05109", "reversibility": false, "label_x": -1108.8818318063081, "label_y": 2351.6417954454014, "gene_reaction_rule": "", "genes": [], "metabolites": [{"bigg_id": "cpd00001", "coefficient": -1}, {"bigg_id": "cpd00020", "coefficient": -1}, {"bigg_id": "cpd00022", "coefficient": -1}, {"bigg_id": "cpd00010", "coefficient": 1}, {"bigg_id": "cpd00067", "coefficient": 1}, {"bigg_id": "cpd01700", "coefficient": 1}], "segments": {"282": {"from_node_id": "306", "to_node_id": "307", "b1": null, "b2": null}, "283": {"from_node_id": "308", "to_node_id": "307", "b1": null, "b2": null}, "284": {"from_node_id": "306", "to_node_id": "309", "b1": {"x": -1124.8818318063081, "y": 2391.6417954454014}, "b2": {"x": -1130.1318318063081, "y": 2373.6417954454014}}, "285": {"from_node_id": "306", "to_node_id": "244", "b1": {"x": -1120.8818318063081, "y": 2391.6417954454014}, "b2": {"x": -1175.1318318063081, "y": 2391.6417954454014}}, "286": {"from_node_id": "306", "to_node_id": "310", "b1": {"x": -1124.8818318063081, "y": 2391.6417954454014}, "b2": {"x": -1130.1318318063081, "y": 2409.6417954454014}}, "287": {"from_node_id": "308", "to_node_id": "311", "b1": {"x": -996.8818318063081, "y": 2391.6417954454014}, "b2": {"x": -992.0541836702785, "y": 2421.6750400727983}}, "288": {"from_node_id": "308", "to_node_id": "312", "b1": {"x": -992.8818318063081, "y": 2391.6417954454014}, "b2": {"x": -987.6318318063081, "y": 2373.6417954454014}}, "289": {"from_node_id": "308", "to_node_id": "313", "b1": {"x": -992.8818318063081, "y": 2391.6417954454014}, "b2": {"x": -938.5773059279692, "y": 2390.415353477247}}}}, "45": {"name": "rxn02749", "bigg_id": "rxn02749", "reversibility": false, "label_x": -743.0593220406831, "label_y": 2353.6210434922764, "gene_reaction_rule": "", "genes": [], "metabolites": [{"bigg_id": "cpd01700", "coefficient": -1}, {"bigg_id": "cpd00001", "coefficient": 1}, {"bigg_id": "cpd01502", "coefficient": 1}], "segments": {"290": {"from_node_id": "314", "to_node_id": "315", "b1": null, "b2": null}, "291": {"from_node_id": "316", "to_node_id": "315", "b1": null, "b2": null}, "292": {"from_node_id": "314", "to_node_id": "313", "b1": {"x": -755.0593220406831, "y": 2393.6210434922764}, "b2": {"x": -809.3093220406831, "y": 2393.6210434922764}}, "293": {"from_node_id": "316", "to_node_id": "317", "b1": {"x": -627.0593220406831, "y": 2393.6210434922764}, "b2": {"x": -621.8093220406831, "y": 2411.6210434922764}}, "294": {"from_node_id": "316", "to_node_id": "318", "b1": {"x": -631.0593220406831, "y": 2393.6210434922764}, "b2": {"x": -576.8093220406831, "y": 2393.6210434922764}}}}, "46": {"name": "rxn02751", "bigg_id": "rxn02751", "reversibility": false, "label_x": -363.6976734811128, "label_y": 2354.1566880235264, "gene_reaction_rule": "", "genes": [], "metabolites": [{"bigg_id": "cpd00001", "coefficient": -1}, {"bigg_id": "cpd01502", "coefficient": -1}, {"bigg_id": "cpd03593", "coefficient": 1}], "segments": {"295": {"from_node_id": "319", "to_node_id": "320", "b1": null, "b2": null}, "296": {"from_node_id": "321", "to_node_id": "320", "b1": null, "b2": null}, "297": {"from_node_id": "319", "to_node_id": "322", "b1": {"x": -379.6976734811128, "y": 2394.1566880235264}, "b2": {"x": -414.3093220406831, "y": 2411.6210434922764}}, "298": {"from_node_id": "319", "to_node_id": "318", "b1": {"x": -375.6976734811128, "y": 2394.1566880235264}, "b2": {"x": -459.3093220406831, "y": 2393.6210434922764}}, "299": {"from_node_id": "321", "to_node_id": "323", "b1": {"x": -251.69767348111282, "y": 2394.1566880235264}, "b2": {"x": -206.8005482369722, "y": 2394.1566880235264}}}}, "47": {"name": "rxn00735", "bigg_id": "rxn00735", "reversibility": false, "label_x": -70.13927714169631, "label_y": 2364.9479477891514, "gene_reaction_rule": "", "genes": [], "metabolites": [{"bigg_id": "cpd00004", "coefficient": -1}, {"bigg_id": "cpd00011", "coefficient": -1}, {"bigg_id": "cpd00094", "coefficient": -1}, {"bigg_id": "cpd00003", "coefficient": 1}, {"bigg_id": "cpd03593", "coefficient": 1}], "segments": {"300": {"from_node_id": "324", "to_node_id": "325", "b1": null, "b2": null}, "301": {"from_node_id": "326", "to_node_id": "325", "b1": null, "b2": null}, "302": {"from_node_id": "324", "to_node_id": "327", "b1": {"x": 88.94945176302781, "y": 2394.1566880235264}, "b2": {"x": 145.53806627868136, "y": 2355.187345206159}}, "303": {"from_node_id": "324", "to_node_id": "328", "b1": {"x": 92.94945176302781, "y": 2394.1566880235264}, "b2": {"x": 102.49838492235878, "y": 2313.8797680264474}}, "304": {"from_node_id": "324", "to_node_id": "116", "b1": {"x": 92.94945176302781, "y": 2394.1566880235264}, "b2": {"x": 132.69432850980354, "y": 2390.4459384637275}}, "305": {"from_node_id": "326", "to_node_id": "330", "b1": {"x": -39.05054823697219, "y": 2394.1566880235264}, "b2": {"x": -44.30054823697219, "y": 2412.1566880235264}}, "306": {"from_node_id": "326", "to_node_id": "323", "b1": {"x": -35.05054823697219, "y": 2394.1566880235264}, "b2": {"x": -89.30054823697219, "y": 2394.1566880235264}}}}}, "nodes": {"16": {"node_type": "metabolite", "x": 206.36029243469238, "y": 2755.990280151367, "bigg_id": "cpd00498", "name": "2-Aceto-2-hydroxybutanoate", "label_x": 231.36029243469238, "label_y": 2755.990280151367, "node_is_primary": true}, "21": {"node_type": "metabolite", "x": -1552.0612953731793, "y": 2393.77965562725, "bigg_id": "cpd19047", "name": "(S)-2-Acetolactate", "label_x": -1641.4913490841168, "label_y": 2432.790153674125, "node_is_primary": true}, "22": {"node_type": "multimarker", "x": -1707.0578297499853, "y": 2394.816155110949}, "23": {"node_type": "midmarker", "x": -1727.0573825727988, "y": 2394.949896979815}, "24": {"node_type": "multimarker", "x": -1747.0569353956116, "y": 2395.0836388486778}, "25": {"node_type": "metabolite", "x": -1902.053469772419, "y": 2396.1201383323787, "bigg_id": "cpd02569", "name": "2-Oxo-3-hydroxyisovalerate", "label_x": -1975.879397506794, "label_y": 2432.5295621605037, "node_is_primary": true}, "32": {"node_type": "metabolite", "x": -2576.2996651993603, "y": 3450.8163226037464, "bigg_id": "cpd02693", "name": "3-Isopropylmalate", "label_x": -2551.2996651993603, "label_y": 3450.8163226037464, "node_is_primary": true}, "33": {"node_type": "multimarker", "x": -2576.50507602807, "y": 3295.8164587122205}, "34": {"node_type": "midmarker", "x": -2576.531580651129, "y": 3275.8164762746046}, "35": {"node_type": "multimarker", "x": -2576.5580852741887, "y": 3255.8164938369887}, "36": {"node_type": "metabolite", "x": -2496.670800171726, "y": 3170.710549984882, "bigg_id": "cpd00001", "name": "H2O", "label_x": -2482.08675476157, "label_y": 3194.938333188007, "node_is_primary": false}, "37": {"node_type": "metabolite", "x": -2576.763496102898, "y": 3100.8166299454633, "bigg_id": "cpd01710", "name": "2-Isopropylmaleate", "label_x": -2551.763496102898, "label_y": 3100.8166299454633, "node_is_primary": true}, "38": {"node_type": "metabolite", "x": -987.0650024414062, "y": 2688.1649017333984, "bigg_id": "cpd00011", "name": "CO2", "label_x": -962.0650024414062, "label_y": 2688.1649017333984, "node_is_primary": false}, "39": {"node_type": "multimarker", "x": -1075.3157958984375, "y": 2747.7586517333984}, "40": {"node_type": "midmarker", "x": -1075.3157958984375, "y": 2767.7586517333984}, "41": {"node_type": "multimarker", "x": -1075.3157958984375, "y": 2787.7586517333984}, "44": {"node_type": "metabolite", "x": -1070.5455322265625, "y": 2964.2249603271484, "bigg_id": "cpd00056", "name": "TPP", "label_x": -1090.8634643554688, "label_y": 3011.9280853271484, "node_is_primary": true}, "45": {"node_type": "metabolite", "x": -1143.3900146484375, "y": 2858.4476165771484, "bigg_id": "cpd00067", "name": "H+", "label_x": -1162.91650390625, "label_y": 2835.9742279052734, "node_is_primary": false}, "111": {"node_type": "metabolite", "x": 204.62532138824463, "y": 2040.317626953125, "bigg_id": "cpd00161", "name": "L-Threonine", "label_x": 229.62532138824463, "label_y": 2040.317626953125, "node_is_primary": true}, "112": {"node_type": "multimarker", "x": 204.62532138824463, "y": 2195.317626953125}, "113": {"node_type": "midmarker", "x": 204.62532138824463, "y": 2215.317626953125}, "114": {"node_type": "multimarker", "x": 204.62532138824463, "y": 2235.317626953125}, "115": {"node_type": "metabolite", "x": 278.4160623550415, "y": 2313.678955078125, "bigg_id": "cpd00013", "name": "NH3", "label_x": 226.41858005523682, "label_y": 2340.0419921875, "node_is_primary": false}, "116": {"node_type": "metabolite", "x": 204.62532138824463, "y": 2390.317626953125, "bigg_id": "cpd00094", "name": "2-Oxobutyrate", "label_x": 229.62532138824463, "label_y": 2390.317626953125, "node_is_primary": true}, "131": {"node_type": "metabolite", "x": 337.46642097197866, "y": 4077.4869619539895, "bigg_id": "cpd00024", "name": "2-Oxoglutarate", "label_x": 362.466420971979, "label_y": 4077.4869619539895, "node_is_primary": false}, "132": {"node_type": "multimarker", "x": 282.98293571388103, "y": 4000.599799278869}, "133": {"node_type": "midmarker", "x": 283.03536749257296, "y": 3980.599868006272}, "134": {"node_type": "multimarker", "x": 283.0877992712659, "y": 3960.599936733677}, "135": {"node_type": "metabolite", "x": 212.868315735054, "y": 4132.254546802174, "bigg_id": "cpd00322", "name": "L-Isoleucine", "label_x": 140.868315735054, "label_y": 4162.254546802173, "node_is_primary": true}, "136": {"node_type": "metabolite", "x": 346.421199264847, "y": 3886.3656200024107, "bigg_id": "cpd00023", "name": "L-Glutamate", "label_x": 350.4225420382845, "label_y": 3916.3656200024107, "node_is_primary": false}, "168": {"node_type": "metabolite", "x": -2807.4251098632812, "y": 2042.291015625, "bigg_id": "cpd00020", "name": "Pyruvate", "label_x": -2877.4267578125, "label_y": 2086.625, "node_is_primary": false}, "169": {"node_type": "multimarker", "x": -2735.6461181640625, "y": 2125.511962890625}, "170": {"node_type": "midmarker", "x": -2735.6461181640625, "y": 2145.511962890625}, "171": {"node_type": "multimarker", "x": -2735.6461181640625, "y": 2165.511962890625}, "173": {"node_type": "metabolite", "x": -2815.6461181640625, "y": 2250.511962890625, "bigg_id": "cpd00035", "name": "L-Alanine", "label_x": -2887.6461181640625, "label_y": 2280.511962890625, "node_is_primary": false}, "174": {"node_type": "metabolite", "x": -2581.9208068847656, "y": 2399.83642578125, "bigg_id": "cpd00123", "name": "3-Methyl-2-oxobutanoate", "label_x": -2701.0094299316406, "label_y": 2383.2109375, "node_is_primary": true}, "175": {"node_type": "multimarker", "x": -2581.9208068847656, "y": 2594.83642578125}, "176": {"node_type": "midmarker", "x": -2581.9208068847656, "y": 2574.83642578125}, "177": {"node_type": "multimarker", "x": -2581.9208068847656, "y": 2554.83642578125}, "178": {"node_type": "metabolite", "x": -2666.366729736328, "y": 2684.390869140625, "bigg_id": "cpd00010", "name": "CoA", "label_x": -2739.4953002929688, "label_y": 2690.1630859375, "node_is_primary": false}, "179": {"node_type": "metabolite", "x": -2501.9208068847656, "y": 2679.83642578125, "bigg_id": "cpd00067", "name": "H+", "label_x": -2486.9208068847656, "label_y": 2679.83642578125, "node_is_primary": false}, "181": {"node_type": "metabolite", "x": -2511.9828186035156, "y": 2491.493408203125, "bigg_id": "cpd00001", "name": "H2O", "label_x": -2496.9828186035156, "label_y": 2491.493408203125, "node_is_primary": false}, "182": {"node_type": "metabolite", "x": -2661.9208068847656, "y": 2469.83642578125, "bigg_id": "cpd00022", "name": "Acetyl-CoA", "label_x": -2742.5791931152344, "label_y": 2505.608642578125, "node_is_primary": false}, "183": {"node_type": "multimarker", "x": 204.62532138824463, "y": 2545.317626953125}, "184": {"node_type": "midmarker", "x": 204.62532138824463, "y": 2565.317626953125}, "185": {"node_type": "multimarker", "x": 204.62532138824463, "y": 2585.317626953125}, "203": {"node_type": "multimarker", "x": 206.36029243469238, "y": 2910.990280151367}, "204": {"node_type": "midmarker", "x": 206.36029243469238, "y": 2930.990280151367}, "205": {"node_type": "multimarker", "x": 206.36029243469238, "y": 2950.990280151367}, "206": {"node_type": "metabolite", "x": 206.36029243469238, "y": 3105.990280151367, "bigg_id": "cpd10162", "name": "(R)-3-Hydroxy-3-methyl-2-oxopentanoate", "label_x": 231.36029243469238, "label_y": 3105.990280151367, "node_is_primary": true}, "207": {"node_type": "multimarker", "x": 206.36029243469238, "y": 3300.990280151367}, "208": {"node_type": "midmarker", "x": 206.36029243469238, "y": 3280.990280151367}, "209": {"node_type": "multimarker", "x": 206.36029243469238, "y": 3260.990280151367}, "210": {"node_type": "metabolite", "x": 291.8256549835205, "y": 3374.161666870117, "bigg_id": "cpd00006", "name": "NADP", "label_x": 316.8256549835205, "label_y": 3374.161666870117, "node_is_primary": false}, "211": {"node_type": "metabolite", "x": 210.00726509094238, "y": 3444.179244995117, "bigg_id": "cpd02535", "name": "2,3-Dihydroxy-3-methylvalerate", "label_x": 138.00726509094238, "label_y": 3474.179244995117, "node_is_primary": true}, "212": {"node_type": "metabolite", "x": 286.3602924346924, "y": 3175.990280151367, "bigg_id": "cpd00005", "name": "NADPH", "label_x": 301.3602924346924, "label_y": 3175.990280151367, "node_is_primary": false}, "213": {"node_type": "metabolite", "x": 126.36029243469238, "y": 3175.990280151367, "bigg_id": "cpd00067", "name": "H+", "label_x": 54.36029243469238, "label_y": 3205.990280151367, "node_is_primary": false}, "214": {"node_type": "multimarker", "x": 210.00726509094238, "y": 3599.179244995117}, "215": {"node_type": "midmarker", "x": 210.00726509094238, "y": 3619.179244995117}, "216": {"node_type": "multimarker", "x": 210.00726509094238, "y": 3639.179244995117}, "217": {"node_type": "metabolite", "x": 130.00726509094238, "y": 3724.179244995117, "bigg_id": "cpd00001", "name": "H2O", "label_x": 58.00726509094238, "label_y": 3754.179244995117, "node_is_primary": false}, "218": {"node_type": "metabolite", "x": 210.00726509094238, "y": 3794.179244995117, "bigg_id": "cpd00508", "name": "3MOP", "label_x": 235.00726509094238, "label_y": 3794.179244995117, "node_is_primary": true}, "219": {"node_type": "multimarker", "x": 136.1171360015869, "y": 4001.845993041992}, "220": {"node_type": "midmarker", "x": 136.1171360015869, "y": 3981.845993041992}, "221": {"node_type": "multimarker", "x": 136.1171360015869, "y": 3961.845993041992}, "222": {"node_type": "metabolite", "x": 43.00305366516113, "y": 4038.289840698242, "bigg_id": "cpd00001", "name": "H2O", "label_x": -20.109392166137695, "label_y": 4044.623336791992, "node_is_primary": false}, "223": {"node_type": "metabolite", "x": 114.68544960021973, "y": 4093.538864135742, "bigg_id": "cpd00003", "name": "NAD", "label_x": 48.9061222076416, "label_y": 4106.205368041992, "node_is_primary": false}, "225": {"node_type": "metabolite", "x": 148.56040382385254, "y": 3849.401168823242, "bigg_id": "cpd00004", "name": "NADH", "label_x": 74.89223670959473, "label_y": 3853.623825073242, "node_is_primary": false}, "226": {"node_type": "metabolite", "x": 56.117136001586914, "y": 3876.845993041992, "bigg_id": "cpd00013", "name": "NH3", "label_x": -1.3355770111083984, "label_y": 3885.024948120117, "node_is_primary": false}, "227": {"node_type": "metabolite", "x": 5.211725234985352, "y": 3929.577438354492, "bigg_id": "cpd00067", "name": "H+", "label_x": -41.330495834350586, "label_y": 3941.393356323242, "node_is_primary": false}, "228": {"node_type": "multimarker", "x": -2577.021916177727, "y": 2905.8168011787047}, "229": {"node_type": "midmarker", "x": -2576.9954115546675, "y": 2925.8167836163216}, "230": {"node_type": "multimarker", "x": -2576.968906931608, "y": 2945.8167660539375}, "231": {"node_type": "metabolite", "x": -2577.227327006436, "y": 2750.81693728718, "bigg_id": "cpd01646", "name": "2-Isopropylmalate", "label_x": -2552.227327006436, "label_y": 2750.81693728718, "node_is_primary": true}, "232": {"node_type": "metabolite", "x": -2496.8563325331406, "y": 3030.710672921569, "bigg_id": "cpd00001", "name": "H2O", "label_x": -2479.386148206969, "label_y": 3028.963358468444, "node_is_primary": false}, "233": {"node_type": "multimarker", "x": -2097.049109794852, "y": 2397.4241215538077}, "234": {"node_type": "midmarker", "x": -2077.049556972037, "y": 2397.2903796849423}, "235": {"node_type": "multimarker", "x": -2057.0500041492232, "y": 2397.1566378160796}, "236": {"node_type": "metabolite", "x": -2171.563072148477, "y": 2468.8420757684044, "bigg_id": "cpd00006", "name": "NADP", "label_x": -2143.962486210977, "label_y": 2468.8420757684044, "node_is_primary": false}, "238": {"node_type": "metabolite", "x": -1971.5169371768075, "y": 2476.586446164657, "bigg_id": "cpd00005", "name": "NADPH", "label_x": -1956.5169371768075, "label_y": 2476.586446164657, "node_is_primary": false}, "239": {"node_type": "metabolite", "x": -1972.5868721277245, "y": 2316.5900235821505, "bigg_id": "cpd00067", "name": "H+", "label_x": -2044.5868721277245, "label_y": 2346.5900235821514, "node_is_primary": false}, "240": {"node_type": "multimarker", "x": -1397.064760996374, "y": 2392.743156143549}, "241": {"node_type": "midmarker", "x": -1377.06520817356, "y": 2392.609414274686}, "242": {"node_type": "multimarker", "x": -1357.0656553507463, "y": 2392.4756724058207}, "244": {"node_type": "metabolite", "x": -1233.8818318063081, "y": 2391.6417954454014, "bigg_id": "cpd00020", "name": "Pyruvate", "label_x": -1278.5107380563081, "label_y": 2360.6349595079014, "node_is_primary": true}, "245": {"node_type": "metabolite", "x": -1071.8688753080373, "y": 2637.625184232306, "bigg_id": "cpd03049", "name": "2-Hydroxyethyl-ThPP", "label_x": -1137.504800601006, "label_y": 2611.388367826056, "node_is_primary": true}, "246": {"node_type": "multimarker", "x": -2576.0942543706506, "y": 3605.816186495272}, "247": {"node_type": "midmarker", "x": -2576.067749747591, "y": 3625.816168932888}, "248": {"node_type": "multimarker", "x": -2576.0412451245315, "y": 3645.816151370505}, "249": {"node_type": "metabolite", "x": -2656.2068287691177, "y": 3520.922279627641, "bigg_id": "cpd00003", "name": "NAD", "label_x": -2641.2068287691177, "label_y": 3520.922279627641, "node_is_primary": false}, "250": {"node_type": "metabolite", "x": -2650.875354559494, "y": 3731.5486812776544, "bigg_id": "cpd00004", "name": "NADH", "label_x": -2698.0287664247285, "label_y": 3708.4595699495294, "node_is_primary": false}, "251": {"node_type": "metabolite", "x": -2495.928670726065, "y": 3730.710058238136, "bigg_id": "cpd00067", "name": "H+", "label_x": -2478.458486399893, "label_y": 3728.962499644386, "node_is_primary": false}, "252": {"node_type": "metabolite", "x": -2578.002840529729, "y": 3803.0754155351106, "bigg_id": "cpd02605", "name": "2-isopropyl-3-oxosuccinate", "label_x": -2563.002840529729, "label_y": 3803.0754155351106, "node_is_primary": true}, "253": {"node_type": "multimarker", "x": -2419.9111328125, "y": 2120.8096923828125}, "254": {"node_type": "midmarker", "x": -2419.9111328125, "y": 2140.8096923828125}, "255": {"node_type": "multimarker", "x": -2419.9111328125, "y": 2160.8096923828125}, "256": {"node_type": "metabolite", "x": -2274.0183715820312, "y": 2054.8096923828125, "bigg_id": "cpd00001", "name": "H2O", "label_x": -2253.127883911133, "label_y": 2059.4759521484375, "node_is_primary": false}, "257": {"node_type": "metabolite", "x": -2308.0203247070312, "y": 2016.4774169921875, "bigg_id": "cpd00003", "name": "NAD", "label_x": -2283.0203247070312, "label_y": 2016.4774169921875, "node_is_primary": false}, "258": {"node_type": "metabolite", "x": -2579.7130279541016, "y": 1892.480224609375, "bigg_id": "cpd00156", "name": "L-Valine", "label_x": -2564.7130279541016, "label_y": 1892.480224609375, "node_is_primary": true}, "259": {"node_type": "metabolite", "x": -2377.464599609375, "y": 2279.5875244140625, "bigg_id": "cpd00004", "name": "NADH", "label_x": -2455.7980346679688, "label_y": 2288.4761962890625, "node_is_primary": false}, "260": {"node_type": "metabolite", "x": -2339.9111328125, "y": 2245.8096923828125, "bigg_id": "cpd00013", "name": "NH3", "label_x": -2324.9111328125, "label_y": 2245.8096923828125, "node_is_primary": false}, "261": {"node_type": "metabolite", "x": -2259.9111328125, "y": 2225.8096923828125, "bigg_id": "cpd00067", "name": "H+", "label_x": -2244.9111328125, "label_y": 2225.8096923828125, "node_is_primary": false}, "262": {"node_type": "multimarker", "x": -2578.002840529729, "y": 3998.0754155351106}, "263": {"node_type": "midmarker", "x": -2578.002840529729, "y": 3978.0754155351106}, "264": {"node_type": "multimarker", "x": -2578.002840529729, "y": 3958.0754155351106}, "265": {"node_type": "metabolite", "x": -2658.002840529729, "y": 4083.0754155351106, "bigg_id": "cpd00011", "name": "CO2", "label_x": -2730.002840529729, "label_y": 4113.075415535111, "node_is_primary": false}, "266": {"node_type": "metabolite", "x": -2578.002840529729, "y": 4150.189185066361, "bigg_id": "cpd00200", "name": "4MOP", "label_x": -2553.002840529729, "label_y": 4150.189185066361, "node_is_primary": true}, "267": {"node_type": "metabolite", "x": -2658.002840529729, "y": 3873.0754155351106, "bigg_id": "cpd00067", "name": "H+", "label_x": -2730.002840529729, "label_y": 3903.0754155351106, "node_is_primary": false}, "268": {"node_type": "multimarker", "x": -2655.9284997094164, "y": 4348.074927253861}, "269": {"node_type": "midmarker", "x": -2655.9284997094164, "y": 4328.074927253861}, "270": {"node_type": "multimarker", "x": -2655.9284997094164, "y": 4308.074927253861}, "271": {"node_type": "metabolite", "x": -2792.388643752385, "y": 4409.986060066361, "bigg_id": "cpd00001", "name": "H2O", "label_x": -2849.5420251000414, "label_y": 4421.530493660111, "node_is_primary": false}, "272": {"node_type": "metabolite", "x": -2730.96798945551, "y": 4442.465552253861, "bigg_id": "cpd00003", "name": "NAD", "label_x": -2801.210421096135, "label_y": 4459.782446785111, "node_is_primary": false}, "274": {"node_type": "metabolite", "x": -2676.943239699651, "y": 4182.668677253861, "bigg_id": "cpd00004", "name": "NADH", "label_x": -2754.29953242426, "label_y": 4188.441138191361, "node_is_primary": false}, "275": {"node_type": "metabolite", "x": -2735.9284997094164, "y": 4223.074927253861, "bigg_id": "cpd00013", "name": "NH3", "label_x": -2787.725557814885, "label_y": 4235.758032722611, "node_is_primary": false}, "276": {"node_type": "metabolite", "x": -2815.9284997094164, "y": 4243.074927253861, "bigg_id": "cpd00067", "name": "H+", "label_x": -2850.4087243187914, "label_y": 4273.074927253861, "node_is_primary": false}, "277": {"node_type": "multimarker", "x": -2508.7356133568774, "y": 4339.416724128861}, "278": {"node_type": "midmarker", "x": -2508.7356133568774, "y": 4319.416724128861}, "279": {"node_type": "multimarker", "x": -2508.7356133568774, "y": 4299.416724128861}, "280": {"node_type": "metabolite", "x": -2447.3150048363696, "y": 4415.758521003861, "bigg_id": "cpd00024", "name": "2-Oxoglutarate", "label_x": -2519.3150048363696, "label_y": 4445.758521003861, "node_is_primary": false}, "281": {"node_type": "metabolite", "x": -2578.002840529729, "y": 4500.189185066361, "bigg_id": "cpd00107", "name": "L-Leucine", "label_x": -2553.002840529729, "label_y": 4500.189185066361, "node_is_primary": true}, "282": {"node_type": "metabolite", "x": -2412.6813836205492, "y": 4223.075415535111, "bigg_id": "cpd00023", "name": "L-Glutamate", "label_x": -2415.4141411889086, "label_y": 4261.734106941361, "node_is_primary": false}, "288": {"node_type": "multimarker", "x": -2581.9208068847656, "y": 2195.080810546875}, "289": {"node_type": "midmarker", "x": -2581.9208068847656, "y": 2215.080810546875}, "290": {"node_type": "multimarker", "x": -2581.9208068847656, "y": 2235.080810546875}, "291": {"node_type": "metabolite", "x": -2638.5025939941406, "y": 2065.445068359375, "bigg_id": "cpd00024", "name": "2-Oxoglutarate", "label_x": -2648.6222229003906, "label_y": 2038.1297607421875, "node_is_primary": false}, "293": {"node_type": "metabolite", "x": -2646.3021545410156, "y": 2218.623779296875, "bigg_id": "cpd00023", "name": "L-Glutamate", "label_x": -2676.1773986816406, "label_y": 2195.210693359375, "node_is_primary": false}, "301": {"node_type": "multimarker", "x": -2386.9208068847656, "y": 2399.83642578125}, "302": {"node_type": "midmarker", "x": -2406.9208068847656, "y": 2399.83642578125}, "303": {"node_type": "multimarker", "x": -2426.9208068847656, "y": 2399.83642578125}, "304": {"node_type": "metabolite", "x": -2231.9208068847656, "y": 2399.83642578125, "bigg_id": "cpd02498", "name": "2,3-Dihydroxy-isovalerate", "label_x": -2363.5439025878904, "label_y": 2437.23583984375, "node_is_primary": true}, "305": {"node_type": "metabolite", "x": -2530.1256408691406, "y": 2461.631591796875, "bigg_id": "cpd00001", "name": "H2O", "label_x": -2510.9091369628904, "label_y": 2454.8193359375, "node_is_primary": false}, "306": {"node_type": "multimarker", "x": -1078.8818318063081, "y": 2391.6417954454014}, "307": {"node_type": "midmarker", "x": -1058.8818318063081, "y": 2391.6417954454014}, "308": {"node_type": "multimarker", "x": -1038.8818318063081, "y": 2391.6417954454014}, "309": {"node_type": "metabolite", "x": -1163.8818318063081, "y": 2311.6417954454014, "bigg_id": "cpd00001", "name": "H2O", "label_x": -1207.0818318063082, "label_y": 2291.6417954454014, "node_is_primary": false}, "310": {"node_type": "metabolite", "x": -1163.8818318063081, "y": 2471.6417954454014, "bigg_id": "cpd00022", "name": "Acetyl-CoA", "label_x": -1207.0818318063082, "label_y": 2511.6417954454014, "node_is_primary": false}, "311": {"node_type": "metabolite", "x": -967.1036945992769, "y": 2474.8637192735264, "bigg_id": "cpd00010", "name": "CoA", "label_x": -1010.3036945992769, "label_y": 2514.8637192735264, "node_is_primary": false}, "312": {"node_type": "metabolite", "x": -953.8818318063081, "y": 2311.6417954454014, "bigg_id": "cpd00067", "name": "H+", "label_x": -997.0818318063082, "label_y": 2291.6417954454014, "node_is_primary": false}, "313": {"node_type": "metabolite", "x": -868.0593220406831, "y": 2393.6210434922764, "bigg_id": "cpd01700", "name": "D-Citramalate", "label_x": -911.2593220406832, "label_y": 2433.6210434922764, "node_is_primary": true}, "314": {"node_type": "multimarker", "x": -713.0593220406831, "y": 2393.6210434922764}, "315": {"node_type": "midmarker", "x": -693.0593220406831, "y": 2393.6210434922764}, "316": {"node_type": "multimarker", "x": -673.0593220406831, "y": 2393.6210434922764}, "317": {"node_type": "metabolite", "x": -588.0593220406831, "y": 2473.6210434922764, "bigg_id": "cpd00001", "name": "H2O", "label_x": -631.2593220406832, "label_y": 2513.6210434922764, "node_is_primary": false}, "318": {"node_type": "metabolite", "x": -518.0593220406831, "y": 2393.6210434922764, "bigg_id": "cpd01502", "name": "Citraconate", "label_x": -561.2593220406832, "label_y": 2433.6210434922764, "node_is_primary": true}, "319": {"node_type": "multimarker", "x": -333.6976734811128, "y": 2394.1566880235264}, "320": {"node_type": "midmarker", "x": -313.6976734811128, "y": 2394.1566880235264}, "321": {"node_type": "multimarker", "x": -293.6976734811128, "y": 2394.1566880235264}, "322": {"node_type": "metabolite", "x": -448.0593220406831, "y": 2473.6210434922764, "bigg_id": "cpd00001", "name": "H2O", "label_x": -491.2593220406831, "label_y": 2513.6210434922764, "node_is_primary": false}, "323": {"node_type": "metabolite", "x": -148.0505482369722, "y": 2394.1566880235264, "bigg_id": "cpd03593", "name": "D-erythro-3-Methylmalate", "label_x": -282.46355330289015, "label_y": 2452.3993638047764, "node_is_primary": true}, "324": {"node_type": "multimarker", "x": 46.94945176302781, "y": 2394.1566880235264}, "325": {"node_type": "midmarker", "x": 26.94945176302781, "y": 2394.1566880235264}, "326": {"node_type": "multimarker", "x": 6.94945176302781, "y": 2394.1566880235264}, "327": {"node_type": "metabolite", "x": 154.34062607943406, "y": 2297.1005356797764, "bigg_id": "cpd00004", "name": "NADH", "label_x": 124.97287095248095, "label_y": 2271.3578598985264, "node_is_primary": false}, "328": {"node_type": "metabolite", "x": 102.29304154574265, "y": 2243.2892563829014, "bigg_id": "cpd00011", "name": "CO2", "label_x": 79.69435990511766, "label_y": 2227.2133286485264, "node_is_primary": false}, "330": {"node_type": "metabolite", "x": -78.05054823697219, "y": 2474.1566880235264, "bigg_id": "cpd00003", "name": "NAD", "label_x": -121.25054823697218, "label_y": 2514.1566880235264, "node_is_primary": false}}, "text_labels": {"0": {"x": -1592.71875, "y": 3415.3394775390625, "text": "Branched-Chain Amino Acid Biosynthesis"}}, "canvas": {"x": -3008.0341796875, "y": 1653.0379333496094, "width": 3829.4402465820312, "height": 3043.9774475097656}}]