[{"map_name":"new_map","map_id":"5wyapoJbNU7U","map_description":"\nLast Modified Mon Jun 03 2019 16:52:03 GMT-0500 (Central Daylight Time)","homepage":"https://escher.github.io","schema":"https://escher.github.io/escher/jsonschema/1-0-0#"},{"reactions":{"9":{"name":"rxn00588","bigg_id":"rxn00588","reversibility":false,"label_x":1646.56591796875,"label_y":256.33038330078125,"gene_reaction_rule":"","genes":[],"metabolites":[{"bigg_id":"cpd00007","coefficient":-1},{"bigg_id":"cpd00077","coefficient":-1},{"bigg_id":"cpd00067","coefficient":2},{"bigg_id":"cpd01630","coefficient":1}],"segments":{"49":{"from_node_id":"54","to_node_id":"55","b1":null,"b2":null},"50":{"from_node_id":"56","to_node_id":"55","b1":null,"b2":null},"51":{"from_node_id":"54","to_node_id":"53","b1":{"x":1631.56591796875,"y":184.33038330078125},"b2":{"x":1616.3577055785297,"y":150.8003938085403}},"52":{"from_node_id":"54","to_node_id":"57","b1":{"x":1631.56591796875,"y":180.33038330078125},"b2":{"x":1632.7750556962696,"y":143.42156537470981}},"53":{"from_node_id":"56","to_node_id":"58","b1":{"x":1631.56591796875,"y":312.33038330078125},"b2":{"x":1613.56591796875,"y":317.58038330078125}},"54":{"from_node_id":"56","to_node_id":"59","b1":{"x":1631.56591796875,"y":308.33038330078125},"b2":{"x":1631.56591796875,"y":362.58038330078125}}}},"10":{"name":"rxn02782","bigg_id":"rxn02782","reversibility":false,"label_x":1646.56591796875,"label_y":606.3303833007812,"gene_reaction_rule":"","genes":[],"metabolites":[{"bigg_id":"cpd02536","coefficient":-1},{"bigg_id":"cpd00067","coefficient":1},{"bigg_id":"cpd01630","coefficient":1}],"segments":{"55":{"from_node_id":"60","to_node_id":"61","b1":null,"b2":null},"56":{"from_node_id":"62","to_node_id":"61","b1":null,"b2":null},"57":{"from_node_id":"60","to_node_id":"63","b1":{"x":1631.56591796875,"y":658.3303833007812},"b2":{"x":1631.56591796875,"y":712.5803833007812}},"58":{"from_node_id":"62","to_node_id":"64","b1":{"x":1631.56591796875,"y":530.3303833007812},"b2":{"x":1613.56591796875,"y":525.0803833007812}},"59":{"from_node_id":"62","to_node_id":"59","b1":{"x":1631.56591796875,"y":534.3303833007812},"b2":{"x":1631.56591796875,"y":480.08038330078125}}}},"11":{"name":"rxn02971","bigg_id":"rxn02971","reversibility":false,"label_x":1646.56591796875,"label_y":956.3303833007812,"gene_reaction_rule":"","genes":[],"metabolites":[{"bigg_id":"cpd02536","coefficient":-1},{"bigg_id":"cpd02255","coefficient":1}],"segments":{"60":{"from_node_id":"65","to_node_id":"66","b1":null,"b2":null},"61":{"from_node_id":"67","to_node_id":"66","b1":null,"b2":null},"62":{"from_node_id":"65","to_node_id":"63","b1":{"x":1631.56591796875,"y":884.3303833007812},"b2":{"x":1631.56591796875,"y":830.0803833007812}},"63":{"from_node_id":"67","to_node_id":"68","b1":{"x":1631.56591796875,"y":1008.3303833007812},"b2":{"x":1631.56591796875,"y":1062.5803833007812}}}},"12":{"name":"rxn02144","bigg_id":"rxn02144","reversibility":false,"label_x":1646.56591796875,"label_y":1306.3303833007812,"gene_reaction_rule":"","genes":[],"metabolites":[{"bigg_id":"cpd00001","coefficient":-1},{"bigg_id":"cpd02255","coefficient":-1},{"bigg_id":"cpd00067","coefficient":1},{"bigg_id":"cpd00630","coefficient":1}],"segments":{"64":{"from_node_id":"69","to_node_id":"70","b1":null,"b2":null},"65":{"from_node_id":"71","to_node_id":"70","b1":null,"b2":null},"66":{"from_node_id":"69","to_node_id":"72","b1":{"x":1631.56591796875,"y":1230.3303833007812},"b2":{"x":1613.56591796875,"y":1225.0803833007812}},"67":{"from_node_id":"69","to_node_id":"68","b1":{"x":1631.56591796875,"y":1234.3303833007812},"b2":{"x":1631.56591796875,"y":1180.0803833007812}},"68":{"from_node_id":"71","to_node_id":"73","b1":{"x":1631.56591796875,"y":1362.3303833007812},"b2":{"x":1613.56591796875,"y":1367.5803833007812}},"69":{"from_node_id":"71","to_node_id":"74","b1":{"x":1631.56591796875,"y":1358.3303833007812},"b2":{"x":1631.56591796875,"y":1412.5803833007812}}}},"13":{"name":"rxn02143","bigg_id":"rxn02143","reversibility":false,"label_x":1649.1021728515625,"label_y":1656.0523071289062,"gene_reaction_rule":"","genes":[],"metabolites":[{"bigg_id":"cpd00078","coefficient":-1},{"bigg_id":"cpd00630","coefficient":-1},{"bigg_id":"cpd00036","coefficient":1},{"bigg_id":"cpd01507","coefficient":1}],"segments":{"70":{"from_node_id":"75","to_node_id":"76","b1":null,"b2":null},"71":{"from_node_id":"77","to_node_id":"76","b1":null,"b2":null},"72":{"from_node_id":"75","to_node_id":"86","b1":{"x":1631.56591796875,"y":1580.3303833007812},"b2":{"x":1533.6153564453125,"y":1560.8035278320312}},"73":{"from_node_id":"75","to_node_id":"74","b1":{"x":1631.56591796875,"y":1584.3303833007812},"b2":{"x":1631.56591796875,"y":1530.0803833007812}},"74":{"from_node_id":"77","to_node_id":"91","b1":{"x":1631.56591796875,"y":1712.3303833007812},"b2":{"x":1545.036865234375,"y":1729.0018920898438}},"75":{"from_node_id":"77","to_node_id":"80","b1":{"x":1631.56591796875,"y":1708.3303833007812},"b2":{"x":1631.56591796875,"y":1762.5803833007812}}}},"15":{"name":"rxn00290","bigg_id":"rxn00290","reversibility":false,"label_x":1145.9938354492188,"label_y":1667.3800048828125,"gene_reaction_rule":"","genes":[],"metabolites":[{"bigg_id":"cpd00078","coefficient":-1},{"bigg_id":"cpd00142","coefficient":-1},{"bigg_id":"cpd00036","coefficient":1},{"bigg_id":"cpd00279","coefficient":1}],"segments":{"80":{"from_node_id":"87","to_node_id":"88","b1":null,"b2":null},"81":{"from_node_id":"89","to_node_id":"88","b1":null,"b2":null},"82":{"from_node_id":"87","to_node_id":"86","b1":{"x":1304.1492309570312,"y":1590.7330322265625},"b2":{"x":1414.1412631256367,"y":1542.3395946483388}},"83":{"from_node_id":"87","to_node_id":"90","b1":{"x":1304.1492309570312,"y":1586.7330322265625},"b2":{"x":1303.1280454935763,"y":1544.077406791558}},"84":{"from_node_id":"89","to_node_id":"91","b1":{"x":1304.1492309570312,"y":1718.7330322265625},"b2":{"x":1412.736837344262,"y":1734.3692615511666}},"85":{"from_node_id":"89","to_node_id":"92","b1":{"x":1304.1492309570312,"y":1714.7330322265625},"b2":{"x":1304.1492309570312,"y":1768.9830322265625}}}}},"nodes":{"53":{"node_type":"metabolite","x":1558.2340087890625,"y":142.24478912353516,"bigg_id":"cpd00007","name":"O2","label_x":1583.2340087890625,"label_y":142.24478912353516,"node_is_primary":false},"54":{"node_type":"multimarker","x":1631.56591796875,"y":226.33038330078125},"55":{"node_type":"midmarker","x":1631.56591796875,"y":246.33038330078125},"56":{"node_type":"multimarker","x":1631.56591796875,"y":266.33038330078125},"57":{"node_type":"metabolite","x":1632.150390625,"y":72.8335189819336,"bigg_id":"cpd00077","name":"Catechol","label_x":1588.35498046875,"label_y":43.20095443725586,"node_is_primary":true},"58":{"node_type":"metabolite","x":1551.56591796875,"y":351.33038330078125,"bigg_id":"cpd00067","name":"H+","label_x":1479.56591796875,"label_y":381.33038330078125,"node_is_primary":false},"59":{"node_type":"metabolite","x":1631.56591796875,"y":421.33038330078125,"bigg_id":"cpd01630","name":"cis,cis-Muconate","label_x":1656.56591796875,"label_y":421.33038330078125,"node_is_primary":true},"60":{"node_type":"multimarker","x":1631.56591796875,"y":616.3303833007812},"61":{"node_type":"midmarker","x":1631.56591796875,"y":596.3303833007812},"62":{"node_type":"multimarker","x":1631.56591796875,"y":576.3303833007812},"63":{"node_type":"metabolite","x":1631.56591796875,"y":771.3303833007812,"bigg_id":"cpd02536","name":"Muconolactone","label_x":1656.56591796875,"label_y":771.3303833007812,"node_is_primary":true},"64":{"node_type":"metabolite","x":1551.56591796875,"y":491.33038330078125,"bigg_id":"cpd00067","name":"H+","label_x":1479.56591796875,"label_y":521.3303833007812,"node_is_primary":false},"65":{"node_type":"multimarker","x":1631.56591796875,"y":926.3303833007812},"66":{"node_type":"midmarker","x":1631.56591796875,"y":946.3303833007812},"67":{"node_type":"multimarker","x":1631.56591796875,"y":966.3303833007812},"68":{"node_type":"metabolite","x":1631.56591796875,"y":1121.3303833007812,"bigg_id":"cpd02255","name":"3-oxoadipate-enol-lactone","label_x":1656.56591796875,"label_y":1121.3303833007812,"node_is_primary":true},"69":{"node_type":"multimarker","x":1631.56591796875,"y":1276.3303833007812},"70":{"node_type":"midmarker","x":1631.56591796875,"y":1296.3303833007812},"71":{"node_type":"multimarker","x":1631.56591796875,"y":1316.3303833007812},"72":{"node_type":"metabolite","x":1551.56591796875,"y":1191.3303833007812,"bigg_id":"cpd00001","name":"H2O","label_x":1479.56591796875,"label_y":1221.3303833007812,"node_is_primary":false},"73":{"node_type":"metabolite","x":1551.56591796875,"y":1401.3303833007812,"bigg_id":"cpd00067","name":"H+","label_x":1479.56591796875,"label_y":1431.3303833007812,"node_is_primary":false},"74":{"node_type":"metabolite","x":1631.56591796875,"y":1471.3303833007812,"bigg_id":"cpd00630","name":"3-Oxoadipate","label_x":1656.56591796875,"label_y":1471.3303833007812,"node_is_primary":true},"75":{"node_type":"multimarker","x":1631.56591796875,"y":1626.3303833007812},"76":{"node_type":"midmarker","x":1631.56591796875,"y":1646.3303833007812},"77":{"node_type":"multimarker","x":1631.56591796875,"y":1666.3303833007812},"80":{"node_type":"metabolite","x":1631.56591796875,"y":1821.3303833007812,"bigg_id":"cpd01507","name":"3-Oxoadipyl-CoA","label_x":1656.56591796875,"label_y":1821.3303833007812,"node_is_primary":true},"86":{"node_type":"metabolite","x":1469.76123046875,"y":1523.419189453125,"bigg_id":"cpd00078","name":"Succinyl-CoA","label_x":1399.7481689453125,"label_y":1492.3944091796875,"node_is_primary":true},"87":{"node_type":"multimarker","x":1304.1492309570312,"y":1632.7330322265625},"88":{"node_type":"midmarker","x":1304.1492309570312,"y":1652.7330322265625},"89":{"node_type":"multimarker","x":1304.1492309570312,"y":1672.7330322265625},"90":{"node_type":"metabolite","x":1304.099853515625,"y":1473.4932861328125,"bigg_id":"cpd00142","name":"Acetoacetate","label_x":1160.355224609375,"label_y":1480.2247314453125,"node_is_primary":true},"91":{"node_type":"metabolite","x":1478.2777709960938,"y":1760.5885009765625,"bigg_id":"cpd00036","name":"Succinate","label_x":1431.4854125976562,"label_y":1794.4666748046875,"node_is_primary":true},"92":{"node_type":"metabolite","x":1304.1492309570312,"y":1827.7330322265625,"bigg_id":"cpd00279","name":"Acetoacetyl-CoA","label_x":1113.9153442382812,"label_y":1843.245361328125,"node_is_primary":true}},"text_labels":{"1":{"x":1025.6627197265625,"y":-168.75112915039062,"text":"Catechol Degradation to Beta-Ketoadipate"},"3":{"x":1770.9542236328125,"y":1443.809814453125,"text":"Beta-Ketoadipate"},"4":{"x":1686.674560546875,"y":40.2325496673584,"text":"Catechol"}},"canvas":{"x":762.0323486328125,"y":-375.8448791503906,"width":1571.6180419921875,"height":2509.5985412597656}}]