[{"map_name":"new_map","map_id":"N9qAWbEe0KLL","map_description":"\nLast Modified Tue Jun 04 2019 10:11:23 GMT-0500 (Central Daylight Time)","homepage":"https://escher.github.io","schema":"https://escher.github.io/escher/jsonschema/1-0-0#"},{"reactions":{"0":{"name":"rxn01791","bigg_id":"rxn01791","reversibility":false,"label_x":526,"label_y":59,"gene_reaction_rule":"","genes":[],"metabolites":[{"bigg_id":"cpd00002","coefficient":-1},{"bigg_id":"cpd00085","coefficient":-1},{"bigg_id":"cpd00408","coefficient":-1},{"bigg_id":"cpd00012","coefficient":1},{"bigg_id":"cpd00018","coefficient":1},{"bigg_id":"cpd00067","coefficient":2},{"bigg_id":"cpd00644","coefficient":1}],"segments":{"0":{"from_node_id":"1","to_node_id":"2","b1":null,"b2":null},"1":{"from_node_id":"3","to_node_id":"2","b1":null,"b2":null},"2":{"from_node_id":"1","to_node_id":"0","b1":{"x":514,"y":99},"b2":{"x":483.01226584575505,"y":154.38716673984285}},"3":{"from_node_id":"1","to_node_id":"47","b1":{"x":510,"y":99},"b2":{"x":497.40875244140625,"y":66.31751090288162}},"4":{"from_node_id":"1","to_node_id":"59","b1":{"x":510,"y":99},"b2":{"x":451.20264083583265,"y":103.99246723839968}},"5":{"from_node_id":"3","to_node_id":"6","b1":{"x":642,"y":99},"b2":{"x":647.25,"y":81}},"6":{"from_node_id":"3","to_node_id":"7","b1":{"x":638,"y":99},"b2":{"x":664.1553055352537,"y":205.31891093885315}},"7":{"from_node_id":"3","to_node_id":"8","b1":{"x":642,"y":99},"b2":{"x":665.25,"y":117}},"8":{"from_node_id":"3","to_node_id":"9","b1":{"x":642,"y":99},"b2":{"x":647.7230770436496,"y":101.77408645878549}}}},"1":{"name":"rxn00100","bigg_id":"rxn00100","reversibility":false,"label_x":2357.4550018310547,"label_y":37.386871337890625,"gene_reaction_rule":"","genes":[],"metabolites":[{"bigg_id":"cpd00002","coefficient":-1},{"bigg_id":"cpd00655","coefficient":-1},{"bigg_id":"cpd00008","coefficient":1},{"bigg_id":"cpd00010","coefficient":1},{"bigg_id":"cpd00067","coefficient":1}],"segments":{"9":{"from_node_id":"11","to_node_id":"12","b1":null,"b2":null},"10":{"from_node_id":"13","to_node_id":"12","b1":null,"b2":null},"11":{"from_node_id":"11","to_node_id":"10","b1":{"x":2345.4550018310547,"y":77.38687133789062},"b2":{"x":2327.3964376933754,"y":55.64120673457694}},"12":{"from_node_id":"11","to_node_id":"24","b1":{"x":2341.4550018310547,"y":77.38687133789062},"b2":{"x":2292.043309937218,"y":75.79251562845013}},"13":{"from_node_id":"13","to_node_id":"15","b1":{"x":2473.4550018310547,"y":77.38687133789062},"b2":{"x":2478.7050018310547,"y":59.386871337890625}},"14":{"from_node_id":"13","to_node_id":"16","b1":{"x":2469.4550018310547,"y":77.38687133789062},"b2":{"x":2523.7050018310547,"y":77.38687133789062}},"15":{"from_node_id":"13","to_node_id":"17","b1":{"x":2473.4550018310547,"y":77.38687133789062},"b2":{"x":2478.7050018310547,"y":95.38687133789062}}}},"2":{"name":"rxn02175","bigg_id":"rxn02175","reversibility":false,"label_x":1988.4550170898438,"label_y":43.386871337890625,"gene_reaction_rule":"","genes":[],"metabolites":[{"bigg_id":"cpd00002","coefficient":-1},{"bigg_id":"cpd00834","coefficient":-1},{"bigg_id":"cpd00012","coefficient":1},{"bigg_id":"cpd00655","coefficient":1}],"segments":{"16":{"from_node_id":"19","to_node_id":"20","b1":null,"b2":null},"17":{"from_node_id":"21","to_node_id":"20","b1":null,"b2":null},"18":{"from_node_id":"19","to_node_id":"18","b1":{"x":1976.4550170898438,"y":83.38687133789062},"b2":{"x":1968.0576983687968,"y":115.7939873404813}},"19":{"from_node_id":"19","to_node_id":"54","b1":{"x":1972.4550170898438,"y":83.38687133789062},"b2":{"x":1936.751020700863,"y":87.56186698508793}},"20":{"from_node_id":"21","to_node_id":"23","b1":{"x":2104.4550170898438,"y":83.38687133789062},"b2":{"x":2109.7050170898438,"y":101.38687133789062}},"21":{"from_node_id":"21","to_node_id":"24","b1":{"x":2100.4550170898438,"y":83.38687133789062},"b2":{"x":2154.7050170898438,"y":83.38687133789062}}}},"3":{"name":"rxn00912","bigg_id":"rxn00912","reversibility":false,"label_x":-130.87319946289062,"label_y":68.52262687683105,"gene_reaction_rule":"","genes":[],"metabolites":[{"bigg_id":"cpd00001","coefficient":-1},{"bigg_id":"cpd00123","coefficient":-1},{"bigg_id":"cpd00125","coefficient":-1},{"bigg_id":"cpd00087","coefficient":1},{"bigg_id":"cpd00712","coefficient":1}],"segments":{"22":{"from_node_id":"26","to_node_id":"27","b1":null,"b2":null},"23":{"from_node_id":"28","to_node_id":"27","b1":null,"b2":null},"24":{"from_node_id":"26","to_node_id":"25","b1":{"x":-142.87319946289062,"y":108.52262687683105},"b2":{"x":-162.1305210015274,"y":81.22726646714693}},"25":{"from_node_id":"26","to_node_id":"29","b1":{"x":-146.87319946289062,"y":108.52262687683105},"b2":{"x":-192.25384009701577,"y":108.84718633370329}},"26":{"from_node_id":"26","to_node_id":"30","b1":{"x":-146.87319946289062,"y":108.52262687683105},"b2":{"x":-176.35438537597656,"y":126.52262687683105}},"27":{"from_node_id":"28","to_node_id":"31","b1":{"x":-18.873199462890625,"y":108.52262687683105},"b2":{"x":8.570123588375736,"y":80.32555716861566}},"28":{"from_node_id":"28","to_node_id":"62","b1":{"x":-14.873199462890625,"y":108.52262687683105},"b2":{"x":-3.076638167670808,"y":106.92820210033267}}}},"4":{"name":"rxn12510","bigg_id":"rxn12510","reversibility":false,"label_x":879.2917175292969,"label_y":59.78986358642578,"gene_reaction_rule":"","genes":[],"metabolites":[{"bigg_id":"cpd00002","coefficient":-1},{"bigg_id":"cpd00644","coefficient":-1},{"bigg_id":"cpd00008","coefficient":1},{"bigg_id":"cpd00067","coefficient":1},{"bigg_id":"cpd02201","coefficient":1}],"segments":{"29":{"from_node_id":"34","to_node_id":"35","b1":null,"b2":null},"30":{"from_node_id":"36","to_node_id":"35","b1":null,"b2":null},"31":{"from_node_id":"34","to_node_id":"33","b1":{"x":867.2917175292969,"y":99.78986358642578},"b2":{"x":859.6216692284133,"y":71.21430852720687}},"32":{"from_node_id":"34","to_node_id":"9","b1":{"x":863.2917175292969,"y":99.78986358642578},"b2":{"x":838.6428597175957,"y":95.49148232011396}},"33":{"from_node_id":"36","to_node_id":"38","b1":{"x":991.2917175292969,"y":99.78986358642578},"b2":{"x":1053.2119841849453,"y":54.73496850819231}},"34":{"from_node_id":"36","to_node_id":"39","b1":{"x":995.2917175292969,"y":99.78986358642578},"b2":{"x":1009.8021059751393,"y":46.465107348674564}},"35":{"from_node_id":"36","to_node_id":"40","b1":{"x":995.2917175292969,"y":99.78986358642578},"b2":{"x":1025.8560502525215,"y":98.60214493694593}}}},"5":{"name":"rxn00346","bigg_id":"rxn00346","reversibility":false,"label_x":425.49023644523515,"label_y":-223.80217891547363,"gene_reaction_rule":"","genes":[],"metabolites":[{"bigg_id":"cpd00041","coefficient":-1},{"bigg_id":"cpd00067","coefficient":-1},{"bigg_id":"cpd00011","coefficient":1},{"bigg_id":"cpd00085","coefficient":1}],"segments":{"36":{"from_node_id":"42","to_node_id":"43","b1":null,"b2":null},"37":{"from_node_id":"44","to_node_id":"43","b1":null,"b2":null},"38":{"from_node_id":"42","to_node_id":"41","b1":{"x":476.5371700701172,"y":-245.79333901096743},"b2":{"x":477.4532369918896,"y":-300.0356040945244}},"39":{"from_node_id":"42","to_node_id":"45","b1":{"x":476.6047141749487,"y":-249.7927686945476},"b2":{"x":458.69593223642846,"y":-255.34596862598676}},"40":{"from_node_id":"44","to_node_id":"46","b1":{"x":474.3757587155219,"y":-117.81158913640024},"b2":{"x":456.28967350182006,"y":-112.86628614844142}},"41":{"from_node_id":"44","to_node_id":"47","b1":{"x":474.443302820353,"y":-121.81101881998075},"b2":{"x":473.5272358985808,"y":-67.56875373642379}}}},"6":{"name":"rxn02341","bigg_id":"rxn02341","reversibility":false,"label_x":1651.7209777832031,"label_y":44.652008056640625,"gene_reaction_rule":"","genes":[],"metabolites":[{"bigg_id":"cpd00067","coefficient":-1},{"bigg_id":"cpd02666","coefficient":-1},{"bigg_id":"cpd00011","coefficient":1},{"bigg_id":"cpd00834","coefficient":1}],"segments":{"42":{"from_node_id":"49","to_node_id":"50","b1":null,"b2":null},"43":{"from_node_id":"51","to_node_id":"50","b1":null,"b2":null},"44":{"from_node_id":"49","to_node_id":"48","b1":{"x":1639.7209777832031,"y":84.65200805664062},"b2":{"x":1612.803402876173,"y":116.35702160511642}},"45":{"from_node_id":"49","to_node_id":"71","b1":{"x":1635.7209777832031,"y":84.65200805664062},"b2":{"x":1555.7105282918726,"y":80.21885154077381}},"46":{"from_node_id":"51","to_node_id":"53","b1":{"x":1767.7209777832031,"y":84.65200805664062},"b2":{"x":1772.9709777832031,"y":102.65200805664062}},"47":{"from_node_id":"51","to_node_id":"54","b1":{"x":1763.7209777832031,"y":84.65200805664062},"b2":{"x":1817.9709777832031,"y":84.65200805664062}}}},"7":{"name":"rxn01790","bigg_id":"rxn01790","reversibility":false,"label_x":173.11075006682654,"label_y":64.8160998177051,"gene_reaction_rule":"","genes":[],"metabolites":[{"bigg_id":"cpd00006","coefficient":-1},{"bigg_id":"cpd00408","coefficient":-1},{"bigg_id":"cpd00005","coefficient":1},{"bigg_id":"cpd00067","coefficient":1},{"bigg_id":"cpd00712","coefficient":1}],"segments":{"48":{"from_node_id":"56","to_node_id":"57","b1":null,"b2":null},"49":{"from_node_id":"58","to_node_id":"57","b1":null,"b2":null},"50":{"from_node_id":"56","to_node_id":"55","b1":{"x":285.1085474361398,"y":105.33870995320444},"b2":{"x":333.3332375552393,"y":128.38944312482022}},"51":{"from_node_id":"56","to_node_id":"59","b1":{"x":289.1084053309339,"y":105.37242673613923},"b2":{"x":304.03879833972337,"y":106.09989265637125}},"52":{"from_node_id":"58","to_node_id":"60","b1":{"x":161.11295269751577,"y":104.29348968220643},"b2":{"x":138.42679851587582,"y":178.2318464857027}},"53":{"from_node_id":"58","to_node_id":"61","b1":{"x":157.11309480272098,"y":104.25977289927005},"b2":{"x":126.93536408116802,"y":125.31191078789072}},"54":{"from_node_id":"58","to_node_id":"62","b1":{"x":157.11309480272098,"y":104.25977289927005},"b2":{"x":132.9078799985391,"y":105.29687515870614}}}},"8":{"name":"rxn12512","bigg_id":"rxn12512","reversibility":false,"label_x":1252.4053039550781,"label_y":-212.64688110351562,"gene_reaction_rule":"","genes":[],"metabolites":[{"bigg_id":"cpd00002","coefficient":-1},{"bigg_id":"cpd00084","coefficient":-1},{"bigg_id":"cpd02201","coefficient":-1},{"bigg_id":"cpd00012","coefficient":1},{"bigg_id":"cpd00018","coefficient":1},{"bigg_id":"cpd00067","coefficient":2},{"bigg_id":"cpd02666","coefficient":1}],"segments":{"55":{"from_node_id":"63","to_node_id":"64","b1":null,"b2":null},"56":{"from_node_id":"65","to_node_id":"64","b1":null,"b2":null},"57":{"from_node_id":"63","to_node_id":"66","b1":{"x":1236.4053039550781,"y":-172.64688110351562},"b2":{"x":1232.9493481573018,"y":-183.6272139454407}},"58":{"from_node_id":"63","to_node_id":"67","b1":{"x":1236.4053039550781,"y":-172.64688110351562},"b2":{"x":1241.9962810532306,"y":-174.61415808318915}},"59":{"from_node_id":"63","to_node_id":"40","b1":{"x":1240.4053039550781,"y":-172.64688110351562},"b2":{"x":1155.1850891113281,"y":99.89124298095703}},"60":{"from_node_id":"65","to_node_id":"68","b1":{"x":1368.4053039550781,"y":-172.64688110351562},"b2":{"x":1386.6549377441406,"y":-194.98003387451172}},"61":{"from_node_id":"65","to_node_id":"69","b1":{"x":1368.4053039550781,"y":-172.64688110351562},"b2":{"x":1435.2589999154347,"y":-190.59978763421344}},"62":{"from_node_id":"65","to_node_id":"70","b1":{"x":1368.4053039550781,"y":-172.64688110351562},"b2":{"x":1439.1780090332031,"y":-176.2968168258667}},"63":{"from_node_id":"65","to_node_id":"71","b1":{"x":1364.4053039550781,"y":-172.64688110351562},"b2":{"x":1424.8492736816406,"y":90.60017395019531}}}},"9":{"name":"rxn09177","bigg_id":"rxn09177","reversibility":false,"label_x":1236.9201965332031,"label_y":298.3621063232422,"gene_reaction_rule":"","genes":[],"metabolites":[{"bigg_id":"cpd00052","coefficient":-1},{"bigg_id":"cpd00084","coefficient":-1},{"bigg_id":"cpd02201","coefficient":-1},{"bigg_id":"cpd00012","coefficient":1},{"bigg_id":"cpd00046","coefficient":1},{"bigg_id":"cpd00067","coefficient":2},{"bigg_id":"cpd02666","coefficient":1}],"segments":{"64":{"from_node_id":"72","to_node_id":"73","b1":null,"b2":null},"65":{"from_node_id":"74","to_node_id":"73","b1":null,"b2":null},"66":{"from_node_id":"72","to_node_id":"75","b1":{"x":1220.9201965332031,"y":338.3621063232422},"b2":{"x":1218.9326084124798,"y":360.6285355526759}},"67":{"from_node_id":"72","to_node_id":"76","b1":{"x":1220.9201965332031,"y":338.3621063232422},"b2":{"x":1217.7661532876778,"y":339.38284133430557}},"68":{"from_node_id":"72","to_node_id":"40","b1":{"x":1224.9201965332031,"y":338.3621063232422},"b2":{"x":1155.1850891113281,"y":99.89124298095703}},"69":{"from_node_id":"74","to_node_id":"77","b1":{"x":1352.9201965332031,"y":338.3621063232422},"b2":{"x":1389.1404113769531,"y":326.55616760253906}},"70":{"from_node_id":"74","to_node_id":"78","b1":{"x":1352.9201965332031,"y":338.3621063232422},"b2":{"x":1407.7225646972656,"y":337.7799530029297}},"71":{"from_node_id":"74","to_node_id":"79","b1":{"x":1352.9201965332031,"y":338.3621063232422},"b2":{"x":1374.1404113769531,"y":358.8769989013672}},"72":{"from_node_id":"74","to_node_id":"71","b1":{"x":1348.9201965332031,"y":338.3621063232422},"b2":{"x":1431.0433654785156,"y":93.69721221923828}}}}},"nodes":{"0":{"node_type":"metabolite","x":479,"y":213,"bigg_id":"cpd00002","name":"ATP","label_x":435.8,"label_y":253,"node_is_primary":false},"1":{"node_type":"multimarker","x":556,"y":99},"2":{"node_type":"midmarker","x":576,"y":99},"3":{"node_type":"multimarker","x":596,"y":99},"6":{"node_type":"metabolite","x":681,"y":19,"bigg_id":"cpd00012","name":"PPi","label_x":637.8,"label_y":-1,"node_is_primary":false},"7":{"node_type":"metabolite","x":667,"y":264,"bigg_id":"cpd00018","name":"AMP","label_x":623.8,"label_y":304,"node_is_primary":false},"8":{"node_type":"metabolite","x":699,"y":179,"bigg_id":"cpd00067","name":"H+","label_x":655.8,"label_y":219,"node_is_primary":false},"9":{"node_type":"metabolite","x":775,"y":100,"bigg_id":"cpd00644","name":"PAN","label_x":731.8,"label_y":140,"node_is_primary":true},"10":{"node_type":"metabolite","x":2310.4550018310547,"y":-0.613128662109375,"bigg_id":"cpd00002","name":"ATP","label_x":2267.255001831055,"label_y":39.386871337890625,"node_is_primary":false},"11":{"node_type":"multimarker","x":2387.4550018310547,"y":77.38687133789062},"12":{"node_type":"midmarker","x":2407.4550018310547,"y":77.38687133789062},"13":{"node_type":"multimarker","x":2427.4550018310547,"y":77.38687133789062},"15":{"node_type":"metabolite","x":2512.4550018310547,"y":-2.613128662109375,"bigg_id":"cpd00008","name":"ADP","label_x":2469.255001831055,"label_y":-22.613128662109375,"node_is_primary":false},"16":{"node_type":"metabolite","x":2582.4550018310547,"y":77.38687133789062,"bigg_id":"cpd00010","name":"CoA","label_x":2539.255001831055,"label_y":117.38687133789062,"node_is_primary":true},"17":{"node_type":"metabolite","x":2512.4550018310547,"y":157.38687133789062,"bigg_id":"cpd00067","name":"H+","label_x":2469.255001831055,"label_y":197.38687133789062,"node_is_primary":false},"18":{"node_type":"metabolite","x":1956.4550170898438,"y":173.38687133789062,"bigg_id":"cpd00002","name":"ATP","label_x":1913.2550170898437,"label_y":213.38687133789062,"node_is_primary":false},"19":{"node_type":"multimarker","x":2018.4550170898438,"y":83.38687133789062},"20":{"node_type":"midmarker","x":2038.4550170898438,"y":83.38687133789062},"21":{"node_type":"multimarker","x":2058.4550170898438,"y":83.38687133789062},"23":{"node_type":"metabolite","x":2143.4550170898438,"y":163.38687133789062,"bigg_id":"cpd00012","name":"PPi","label_x":2100.255017089844,"label_y":203.38687133789062,"node_is_primary":false},"24":{"node_type":"metabolite","x":2213.4550170898438,"y":83.38687133789062,"bigg_id":"cpd00655","name":"Dephospho-CoA","label_x":2170.255017089844,"label_y":123.38687133789062,"node_is_primary":true},"25":{"node_type":"metabolite","x":-181.75428771972656,"y":25.851547241210938,"bigg_id":"cpd00001","name":"H2O","label_x":-224.9542877197266,"label_y":65.85154724121094,"node_is_primary":false},"26":{"node_type":"multimarker","x":-100.87319946289062,"y":108.52262687683105},"27":{"node_type":"midmarker","x":-80.87319946289062,"y":108.52262687683105},"28":{"node_type":"multimarker","x":-60.873199462890625,"y":108.52262687683105},"29":{"node_type":"metabolite","x":-262.8428497314453,"y":108.34298515319824,"bigg_id":"cpd00123","name":"3-Methyl-2-oxobutanoate","label_x":-306.04284973144536,"label_y":88.34298515319824,"node_is_primary":true},"30":{"node_type":"metabolite","x":-210.10438537597656,"y":188.52262687683105,"bigg_id":"cpd00125","name":"5-10-Methylenetetrahydrofolate","label_x":-253.3043853759766,"label_y":228.52262687683105,"node_is_primary":false},"31":{"node_type":"metabolite","x":35.283355712890625,"y":27.999982833862305,"bigg_id":"cpd00087","name":"Tetrahydrofolate","label_x":-7.9166442871094205,"label_y":67.9999828338623,"node_is_primary":false},"33":{"node_type":"metabolite","x":837.1495742797852,"y":16.93201446533203,"bigg_id":"cpd00002","name":"ATP","label_x":793.9495742797851,"label_y":56.93201446533203,"node_is_primary":false},"34":{"node_type":"multimarker","x":909.2917175292969,"y":99.78986358642578},"35":{"node_type":"midmarker","x":929.2917175292969,"y":99.78986358642578},"36":{"node_type":"multimarker","x":949.2917175292969,"y":99.78986358642578},"38":{"node_type":"metabolite","x":1092.4548950195312,"y":11.013618469238281,"bigg_id":"cpd00008","name":"ADP","label_x":1049.2548950195312,"label_y":51.01361846923828,"node_is_primary":false},"39":{"node_type":"metabolite","x":1028.373291015625,"y":-21.63903045654297,"bigg_id":"cpd00067","name":"H+","label_x":985.173291015625,"label_y":-41.63903045654297,"node_is_primary":false},"40":{"node_type":"metabolite","x":1096.4350891113281,"y":99.89124298095703,"bigg_id":"cpd02201","name":"4-phosphopantothenate","label_x":1053.235089111328,"label_y":139.89124298095703,"node_is_primary":true},"41":{"node_type":"metabolite","x":478.44529103159624,"y":-358.77722757210813,"bigg_id":"cpd00041","name":"L-Aspartate","label_x":435.24529103159625,"label_y":-318.77722757210813,"node_is_primary":true},"42":{"node_type":"multimarker","x":475.8279569693909,"y":-203.7993273333749},"43":{"node_type":"midmarker","x":475.49023644523515,"y":-183.80217891547363},"44":{"node_type":"multimarker","x":475.15251592107984,"y":-163.80503049757306},"45":{"node_type":"metabolite","x":397.2746755254474,"y":-290.13809020607687,"bigg_id":"cpd00067","name":"H+","label_x":354.07467552544745,"label_y":-250.13809020607687,"node_is_primary":false},"46":{"node_type":"metabolite","x":393.7286100218144,"y":-80.16803181811531,"bigg_id":"cpd00011","name":"CO2","label_x":350.5286100218144,"label_y":-40.16803181811429,"node_is_primary":false},"47":{"node_type":"metabolite","x":472.53518185887424,"y":-8.827130258840498,"bigg_id":"cpd00085","name":"beta-Alanine","label_x":493.58997311863993,"label_y":-22.83930391148965,"node_is_primary":true},"48":{"node_type":"metabolite","x":1604.1465759277344,"y":174.46572875976562,"bigg_id":"cpd00067","name":"H+","label_x":1560.9465759277343,"label_y":214.46572875976562,"node_is_primary":false},"49":{"node_type":"multimarker","x":1681.7209777832031,"y":84.65200805664062},"50":{"node_type":"midmarker","x":1701.7209777832031,"y":84.65200805664062},"51":{"node_type":"multimarker","x":1721.7209777832031,"y":84.65200805664062},"53":{"node_type":"metabolite","x":1806.7209777832031,"y":164.65200805664062,"bigg_id":"cpd00011","name":"CO2","label_x":1763.520977783203,"label_y":204.65200805664062,"node_is_primary":false},"54":{"node_type":"metabolite","x":1876.7209777832031,"y":84.65200805664062,"bigg_id":"cpd00834","name":"Phosphopantetheine","label_x":1833.520977783203,"label_y":124.65200805664062,"node_is_primary":true},"55":{"node_type":"metabolite","x":354.09503911130037,"y":183.34861065988127,"bigg_id":"cpd00006","name":"NADP","label_x":310.8950391113003,"label_y":223.34861065988161,"node_is_primary":false},"56":{"node_type":"multimarker","x":243.11003954079956,"y":104.98468373238256},"57":{"node_type":"midmarker","x":223.11075006682654,"y":104.8160998177051},"58":{"node_type":"multimarker","x":203.1114605928551,"y":104.64751590302785},"59":{"node_type":"metabolite","x":374.5823918221595,"y":103.51843597752315,"bigg_id":"cpd00408","name":"Pantoate","label_x":331.38239182215943,"label_y":143.51843597752338,"node_is_primary":true},"60":{"node_type":"metabolite","x":118.33032288555341,"y":233.43777159560238,"bigg_id":"cpd00005","name":"NADPH","label_x":75.13032288555337,"label_y":273.4377715956025,"node_is_primary":false},"61":{"node_type":"metabolite","x":92.66395295834218,"y":187.02522280118592,"bigg_id":"cpd00067","name":"H+","label_x":49.463952958342134,"label_y":167.02522280118592,"node_is_primary":false},"62":{"node_type":"metabolite","x":62.33961182404255,"y":107.08069881933466,"bigg_id":"cpd00712","name":"2-Dehydropantoate","label_x":19.139611824042504,"label_y":147.08069881933488,"node_is_primary":true},"63":{"node_type":"multimarker","x":1282.4053039550781,"y":-172.64688110351562},"64":{"node_type":"midmarker","x":1302.4053039550781,"y":-172.64688110351562},"65":{"node_type":"multimarker","x":1322.4053039550781,"y":-172.64688110351562},"66":{"node_type":"metabolite","x":1223.6153869628906,"y":-253.59820556640625,"bigg_id":"cpd00002","name":"ATP","label_x":1199.914532470703,"label_y":-273.59820556640625,"node_is_primary":false},"67":{"node_type":"metabolite","x":1171.4064025878906,"y":-174.97686767578125,"bigg_id":"cpd00084","name":"L-Cysteine","label_x":1119.5401428222656,"label_y":-134.97686767578125,"node_is_primary":true},"68":{"node_type":"metabolite","x":1420.4049377441406,"y":-256.9800338745117,"bigg_id":"cpd00012","name":"PPi","label_x":1396.704083251953,"label_y":-276.9800338745117,"node_is_primary":false},"69":{"node_type":"metabolite","x":1481.0690002441406,"y":-244.30738830566406,"bigg_id":"cpd00018","name":"AMP","label_x":1492.033428955078,"label_y":-234.6394805908203,"node_is_primary":false},"70":{"node_type":"metabolite","x":1467.9280090332031,"y":-52.2968168258667,"bigg_id":"cpd00067","name":"H+","label_x":1424.728009033203,"label_y":-42.62891674041748,"node_is_primary":false},"71":{"node_type":"metabolite","x":1483.5992736816406,"y":90.60017395019531,"bigg_id":"cpd02666","name":"(R)-4_-Phosphopantothenoyl-L-cysteine","label_x":1440.3992736816406,"label_y":130.6001739501953,"node_is_primary":true},"72":{"node_type":"multimarker","x":1266.9201965332031,"y":338.3621063232422},"73":{"node_type":"midmarker","x":1286.9201965332031,"y":338.3621063232422},"74":{"node_type":"multimarker","x":1306.9201965332031,"y":338.3621063232422},"75":{"node_type":"metabolite","x":1199.8507385253906,"y":428.5913543701172,"bigg_id":"cpd00052","name":"CTP","label_x":1145.817852783203,"label_y":430.2571563720703,"node_is_primary":false},"76":{"node_type":"metabolite","x":1147.2549133300781,"y":336.03208923339844,"bigg_id":"cpd00084","name":"L-Cysteine","label_x":1104.054913330078,"label_y":376.03208923339844,"node_is_primary":true},"77":{"node_type":"metabolite","x":1422.8904113769531,"y":264.55616760253906,"bigg_id":"cpd00012","name":"PPi","label_x":1442.521221923828,"label_y":274.8882598876953,"node_is_primary":false},"78":{"node_type":"metabolite","x":1441.4725646972656,"y":399.7799530029297,"bigg_id":"cpd00046","name":"CMP","label_x":1463.2698791503906,"label_y":409.44786071777344,"node_is_primary":false},"79":{"node_type":"metabolite","x":1402.8904113769531,"y":482.8769989013672,"bigg_id":"cpd00067","name":"H+","label_x":1362.4844787597656,"label_y":489.3480682373047,"node_is_primary":false}},"text_labels":{"0":{"x":813.1196594238281,"y":-559.5275268554688,"text":"Coenzyme A Biosynthesis"},"3":{"x":991.9405517578125,"y":-302.472412109375,"text":"Eukaryotic"},"5":{"x":1014.293212890625,"y":530.16259765625,"text":"Prokaryotic"}},"canvas":{"x":-517.2135009765625,"y":-798,"width":3249.8680419921875,"height":1556.5438842773438}}]