[{"map_name":"new_map","map_id":"YrZTdP4bRhfE","map_description":"","homepage":"https://escher.github.io","schema":"https://escher.github.io/escher/jsonschema/1-0-0#"},{"reactions":{"0":{"name":"rxn02429","bigg_id":"rxn02429","reversibility":false,"label_x":-526.5114135742188,"label_y":115.56915092468262,"gene_reaction_rule":"","genes":[],"metabolites":[{"bigg_id":"cpd00002","coefficient":-1},{"bigg_id":"cpd00894","coefficient":-1},{"bigg_id":"cpd00008","coefficient":1},{"bigg_id":"cpd00067","coefficient":1},{"bigg_id":"cpd00945","coefficient":1}],"segments":{"0":{"from_node_id":"1","to_node_id":"2","b1":null,"b2":null},"1":{"from_node_id":"3","to_node_id":"2","b1":null,"b2":null},"2":{"from_node_id":"1","to_node_id":"0","b1":{"x":-498.2140808105469,"y":71.19657135009766},"b2":{"x":-543.6490173339844,"y":73.71515274047852}},"3":{"from_node_id":"1","to_node_id":"4","b1":{"x":-502.2140808105469,"y":71.19657135009766},"b2":{"x":-603.1703186035156,"y":71.56648063659668}},"4":{"from_node_id":"3","to_node_id":"5","b1":{"x":-374.2140808105469,"y":71.19657135009766},"b2":{"x":-379.15081787109375,"y":51.04789733886719}},"5":{"from_node_id":"3","to_node_id":"6","b1":{"x":-370.2140808105469,"y":71.19657135009766},"b2":{"x":-364.9640808105469,"y":53.196571350097656}},"6":{"from_node_id":"3","to_node_id":"7","b1":{"x":-370.2140808105469,"y":71.19657135009766},"b2":{"x":-329.7038879394531,"y":69.04788494110107}}}},"1":{"name":"rxn00783","bigg_id":"rxn00783","reversibility":false,"label_x":-188.84149932861328,"label_y":113.71158576011658,"gene_reaction_rule":"","genes":[],"metabolites":[{"bigg_id":"cpd00945","coefficient":-1},{"bigg_id":"cpd00020","coefficient":1},{"bigg_id":"cpd00102","coefficient":1}],"segments":{"7":{"from_node_id":"9","to_node_id":"10","b1":null,"b2":null},"8":{"from_node_id":"11","to_node_id":"10","b1":null,"b2":null},"9":{"from_node_id":"9","to_node_id":"7","b1":{"x":-184.47069549560547,"y":70.59829306602478},"b2":{"x":-170.71894073486328,"y":69.33900809288025}},"10":{"from_node_id":"11","to_node_id":"12","b1":{"x":-60.47069549560547,"y":70.59829306602478},"b2":{"x":-6.220695495605469,"y":70.59829306602478}},"11":{"from_node_id":"11","to_node_id":"13","b1":{"x":-56.47069549560547,"y":70.59829306602478},"b2":{"x":-51.22069549560547,"y":88.59829306602478}}}},"2":{"name":"rxn02173","bigg_id":"rxn02173","reversibility":false,"label_x":-926.4736633300781,"label_y":115.34882164001465,"gene_reaction_rule":"","genes":[],"metabolites":[{"bigg_id":"cpd00653","coefficient":-1},{"bigg_id":"cpd00001","coefficient":1},{"bigg_id":"cpd00894","coefficient":1}],"segments":{"12":{"from_node_id":"15","to_node_id":"16","b1":null,"b2":null},"13":{"from_node_id":"17","to_node_id":"16","b1":null,"b2":null},"14":{"from_node_id":"15","to_node_id":"14","b1":{"x":-920.8435363769531,"y":72.23552703857422},"b2":{"x":-975.0935363769531,"y":72.23552703857422}},"15":{"from_node_id":"17","to_node_id":"18","b1":{"x":-792.8435363769531,"y":72.23552703857422},"b2":{"x":-787.5935363769531,"y":90.23552703857422}},"16":{"from_node_id":"17","to_node_id":"4","b1":{"x":-796.8435363769531,"y":72.23552703857422},"b2":{"x":-735.0377502441406,"y":70.97622680664062}}}}},"nodes":{"0":{"node_type":"metabolite","x":-575.9538879394531,"y":0.6762008666992188,"bigg_id":"cpd00002","name":"ATP","label_x":-587.6715881347657,"label_y":-18.510536193847656,"node_is_primary":false},"1":{"node_type":"multimarker","x":-456.2140808105469,"y":71.19657135009766},"2":{"node_type":"midmarker","x":-436.2140808105469,"y":71.19657135009766},"3":{"node_type":"multimarker","x":-416.2140808105469,"y":71.19657135009766},"4":{"node_type":"metabolite","x":-675.9583435058594,"y":71.86116027832031,"bigg_id":"cpd00894","name":"2-Dehydro-3-deoxy-D-galactonate","label_x":-885.3849060058594,"label_y":48.896549224853516,"node_is_primary":true},"5":{"node_type":"metabolite","x":-353.1424255371094,"y":-64.8069953918457,"bigg_id":"cpd00008","name":"ADP","label_x":-371.1566040039063,"label_y":-87.77161407470703,"node_is_primary":false},"6":{"node_type":"metabolite","x":-331.2140808105469,"y":-8.803428649902344,"bigg_id":"cpd00067","name":"H+","label_x":-308.9308959960938,"label_y":-12.43263053894043,"node_is_primary":false},"7":{"node_type":"metabolite","x":-248.10076904296875,"y":70.60185241699219,"bigg_id":"cpd00945","name":"2-Dehydro-3-deoxy-D-galactonate 6-phosphate","label_x":-341.67245788574223,"label_y":40.081485748291016,"node_is_primary":true},"9":{"node_type":"multimarker","x":-142.47069549560547,"y":70.59829306602478},"10":{"node_type":"midmarker","x":-122.47069549560547,"y":70.59829306602478},"11":{"node_type":"multimarker","x":-102.47069549560547,"y":70.59829306602478},"12":{"node_type":"metabolite","x":52.52930450439453,"y":70.59829306602478,"bigg_id":"cpd00020","name":"Pyruvate","label_x":9.329304504394543,"label_y":110.59829306602478,"node_is_primary":true},"13":{"node_type":"metabolite","x":-17.47069549560547,"y":150.59829306602478,"bigg_id":"cpd00102","name":"Glyceraldehyde3-phosphate","label_x":-61.92998809814452,"label_y":181.7832601070404,"node_is_primary":false},"14":{"node_type":"metabolite","x":-1033.8435363769531,"y":72.23552703857422,"bigg_id":"cpd00653","name":"D-Galactonate","label_x":-1109.785174560547,"label_y":42.97445297241211,"node_is_primary":true},"15":{"node_type":"multimarker","x":-878.8435363769531,"y":72.23552703857422},"16":{"node_type":"midmarker","x":-858.8435363769531,"y":72.23552703857422},"17":{"node_type":"multimarker","x":-838.8435363769531,"y":72.23552703857422},"18":{"node_type":"metabolite","x":-753.8435363769531,"y":152.23552703857422,"bigg_id":"cpd00001","name":"H2O","label_x":-797.0435363769532,"label_y":192.23552703857422,"node_is_primary":false}},"text_labels":{"0":{"x":-765.9739074707031,"y":-262.8850402832031,"text":"D-Galactonate Catabolism"}},"canvas":{"x":-1344.5635986328125,"y":-518,"width":1769.7357788085938,"height":1134}}]