[{"map_name":"new_map","map_id":"xE9BMmdxACWL","map_description":"","homepage":"https://escher.github.io","schema":"https://escher.github.io/escher/jsonschema/1-0-0#"},{"reactions":{"0":{"name":"rxn01280","bigg_id":"rxn01280","reversibility":false,"label_x":-1047,"label_y":-311.9999694824219,"gene_reaction_rule":"","genes":[],"metabolites":[{"bigg_id":"cpd00003","coefficient":-1},{"bigg_id":"cpd00223","coefficient":-1},{"bigg_id":"cpd00004","coefficient":1},{"bigg_id":"cpd00067","coefficient":1},{"bigg_id":"cpd00843","coefficient":1}],"segments":{"0":{"from_node_id":"1","to_node_id":"2","b1":null,"b2":null},"1":{"from_node_id":"3","to_node_id":"2","b1":null,"b2":null},"2":{"from_node_id":"1","to_node_id":"0","b1":{"x":-1062,"y":-383.9999694824219},"b2":{"x":-1095.841064453125,"y":-398.256103515625}},"3":{"from_node_id":"1","to_node_id":"4","b1":{"x":-1062,"y":-387.9999694824219},"b2":{"x":-1061.5410766601562,"y":-416.3233947753906}},"4":{"from_node_id":"3","to_node_id":"5","b1":{"x":-1062,"y":-259.9999694824219},"b2":{"x":-1077.3824462890625,"y":-261.1260986328125}},"5":{"from_node_id":"3","to_node_id":"6","b1":{"x":-1062,"y":-255.99996948242188},"b2":{"x":-1044,"y":-250.74996948242188}},"6":{"from_node_id":"3","to_node_id":"47","b1":{"x":-1062,"y":-255.99996948242188},"b2":{"x":-1060.2313842773438,"y":-241.9974708557129}}}},"1":{"name":"rxn01634","bigg_id":"rxn01634","reversibility":false,"label_x":-1348.4060822020506,"label_y":267.74661531756107,"gene_reaction_rule":"","genes":[],"metabolites":[{"bigg_id":"cpd00067","coefficient":-1},{"bigg_id":"cpd00515","coefficient":-1},{"bigg_id":"cpd00001","coefficient":1},{"bigg_id":"cpd00011","coefficient":1},{"bigg_id":"cpd00340","coefficient":1}],"segments":{"7":{"from_node_id":"9","to_node_id":"10","b1":null,"b2":null},"8":{"from_node_id":"11","to_node_id":"10","b1":null,"b2":null},"9":{"from_node_id":"9","to_node_id":"8","b1":{"x":-1219.881527158202,"y":221.9439731823254},"b2":{"x":-1211.7796429352638,"y":201.57651543997054}},"10":{"from_node_id":"9","to_node_id":"42","b1":{"x":-1215.881620444183,"y":221.916655072038},"b2":{"x":-1152.0804641776642,"y":223.3308182580119}},"11":{"from_node_id":"11","to_node_id":"13","b1":{"x":-1347.878542006795,"y":222.81815271152152},"b2":{"x":-1353.0054880726505,"y":240.85358794435712}},"12":{"from_node_id":"11","to_node_id":"14","b1":{"x":-1347.878542006795,"y":222.81815271152152},"b2":{"x":-1353.2513510652366,"y":204.85442751819068}},"13":{"from_node_id":"11","to_node_id":"15","b1":{"x":-1343.878635292776,"y":222.7908346012344},"b2":{"x":-1414.1022532364782,"y":221.43822164746874}}}},"2":{"name":"rxn01102","bigg_id":"rxn01102","reversibility":false,"label_x":-1362.8385778448255,"label_y":-470.52142169438076,"gene_reaction_rule":"","genes":[],"metabolites":[{"bigg_id":"cpd00002","coefficient":-1},{"bigg_id":"cpd00223","coefficient":-1},{"bigg_id":"cpd00008","coefficient":1},{"bigg_id":"cpd00067","coefficient":1},{"bigg_id":"cpd00169","coefficient":1}],"segments":{"14":{"from_node_id":"17","to_node_id":"18","b1":null,"b2":null},"15":{"from_node_id":"19","to_node_id":"18","b1":null,"b2":null},"16":{"from_node_id":"17","to_node_id":"16","b1":{"x":-1254.3297401238713,"y":-503.549909504695},"b2":{"x":-1213.941544471552,"y":-519.0851856124016}},"17":{"from_node_id":"17","to_node_id":"4","b1":{"x":-1250.331044318286,"y":-503.4477730548309},"b2":{"x":-1207.9457702636719,"y":-507.2338562011719}},"18":{"from_node_id":"19","to_node_id":"21","b1":{"x":-1378.2893100970302,"y":-506.71613945047307},"b2":{"x":-1400.2188875852864,"y":-534.2512673955009}},"19":{"from_node_id":"19","to_node_id":"22","b1":{"x":-1382.288005902616,"y":-506.81827590033663},"b2":{"x":-1387.9959081718343,"y":-488.9581988656476}},"20":{"from_node_id":"19","to_node_id":"23","b1":{"x":-1382.288005902616,"y":-506.81827590033663},"b2":{"x":-1436.2999467246232,"y":-506.4878124342782}}}},"3":{"name":"rxn03887","bigg_id":"rxn03887","reversibility":false,"label_x":-1048.944874399544,"label_y":401.423260715364,"gene_reaction_rule":"","genes":[],"metabolites":[{"bigg_id":"cpd00652","coefficient":-1},{"bigg_id":"cpd00001","coefficient":1},{"bigg_id":"cpd00515","coefficient":1}],"segments":{"21":{"from_node_id":"25","to_node_id":"26","b1":null,"b2":null},"22":{"from_node_id":"27","to_node_id":"26","b1":null,"b2":null},"23":{"from_node_id":"25","to_node_id":"24","b1":{"x":-1064.5118837675261,"y":453.42066792225165},"b2":{"x":-1065.00801696451,"y":507.66839922827864}},"24":{"from_node_id":"27","to_node_id":"28","b1":{"x":-1063.3412837820147,"y":325.42602078545167},"b2":{"x":-1045.2940236383715,"y":320.3408559594439}},"25":{"from_node_id":"27","to_node_id":"42","b1":{"x":-1063.377865031562,"y":329.42585350847673},"b2":{"x":-1065.4179016583762,"y":287.3845154600707}}}},"4":{"name":"rxn01989","bigg_id":"rxn01989","reversibility":false,"label_x":-881.4314743107439,"label_y":255.9942907172957,"gene_reaction_rule":"","genes":[],"metabolites":[{"bigg_id":"cpd00609","coefficient":-1},{"bigg_id":"cpd00001","coefficient":1},{"bigg_id":"cpd00515","coefficient":1}],"segments":{"26":{"from_node_id":"31","to_node_id":"32","b1":null,"b2":null},"27":{"from_node_id":"33","to_node_id":"32","b1":null,"b2":null},"28":{"from_node_id":"31","to_node_id":"30","b1":{"x":-759.0806943918067,"y":218.18065160042903},"b2":{"x":-668.9337005615234,"y":216.72572326660156}},"29":{"from_node_id":"33","to_node_id":"34","b1":{"x":-887.0345978938067,"y":221.61555750904165},"b2":{"x":-892.7657408605289,"y":203.7629246417314}},"30":{"from_node_id":"33","to_node_id":"42","b1":{"x":-887.6507234679631,"y":221.5082166993974},"b2":{"x":-804.4418477258523,"y":221.6245929031992}}}},"5":{"name":"rxn07845","bigg_id":"rxn07845","reversibility":false,"label_x":-556.4972905200478,"label_y":20.78366057660665,"gene_reaction_rule":"","genes":[],"metabolites":[{"bigg_id":"cpd00609","coefficient":-1},{"bigg_id":"cpd00001","coefficient":1},{"bigg_id":"cpd02439","coefficient":1}],"segments":{"31":{"from_node_id":"37","to_node_id":"38","b1":null,"b2":null},"32":{"from_node_id":"39","to_node_id":"38","b1":null,"b2":null},"33":{"from_node_id":"37","to_node_id":"30","b1":{"x":-570.5981510584946,"y":72.77714046141949},"b2":{"x":-574.8420562744141,"y":148.18295097351074}},"34":{"from_node_id":"39","to_node_id":"40","b1":{"x":-572.4544389791216,"y":-55.2093986556132},"b2":{"x":-554.5324687250328,"y":-60.719887037923556}},"35":{"from_node_id":"39","to_node_id":"41","b1":{"x":-572.3964299816016,"y":-51.209819308205795},"b2":{"x":-574.7214460534299,"y":-103.91588807979286}}}},"6":{"name":"rxn01990","bigg_id":"rxn01990","reversibility":false,"label_x":-1048.3976440429688,"label_y":46.183502197265625,"gene_reaction_rule":"","genes":[],"metabolites":[{"bigg_id":"cpd00515","coefficient":-1},{"bigg_id":"cpd00020","coefficient":1},{"bigg_id":"cpd00843","coefficient":1}],"segments":{"36":{"from_node_id":"43","to_node_id":"44","b1":null,"b2":null},"37":{"from_node_id":"45","to_node_id":"44","b1":null,"b2":null},"38":{"from_node_id":"43","to_node_id":"42","b1":{"x":-1064.0397898008687,"y":98.18017669538352},"b2":{"x":-1063.0634593312188,"y":160.1183984730336}},"39":{"from_node_id":"45","to_node_id":"46","b1":{"x":-1062.7554982850688,"y":-25.813172300852273},"b2":{"x":-1108.3405934031562,"y":-40.06636981702792}},"40":{"from_node_id":"45","to_node_id":"47","b1":{"x":-1062.7140695264939,"y":-29.812957752343834},"b2":{"x":-1061.400390625,"y":-78.69191360473633}}}},"7":{"name":"rxn02346","bigg_id":"rxn02346","reversibility":false,"label_x":-866.9426242632508,"label_y":-122.67444215767313,"gene_reaction_rule":"","genes":[],"metabolites":[{"bigg_id":"cpd00020","coefficient":-1},{"bigg_id":"cpd00843","coefficient":-1},{"bigg_id":"cpd02439","coefficient":1}],"segments":{"41":{"from_node_id":"49","to_node_id":"50","b1":null,"b2":null},"42":{"from_node_id":"51","to_node_id":"50","b1":null,"b2":null},"43":{"from_node_id":"49","to_node_id":"48","b1":{"x":-857.7972999934373,"y":-161.14237886639896},"b2":{"x":-925.8167015779628,"y":-158.40134828552758}},"44":{"from_node_id":"49","to_node_id":"47","b1":{"x":-861.797000752492,"y":-161.0934520024075},"b2":{"x":-979.2580718994141,"y":-160.3868064880371}},"45":{"from_node_id":"51","to_node_id":"41","b1":{"x":-733.8065764627524,"y":-162.65911165011943},"b2":{"x":-649.5022665201966,"y":-164.1642645661805}}}}},"nodes":{"0":{"node_type":"metabolite","x":-1152.7554931640625,"y":-418.5504455566406,"bigg_id":"cpd00003","name":"NAD","label_x":-1173.9022216796875,"label_y":-444.7002868652344,"node_is_primary":false},"1":{"node_type":"multimarker","x":-1062,"y":-341.9999694824219},"2":{"node_type":"midmarker","x":-1062,"y":-321.9999694824219},"3":{"node_type":"multimarker","x":-1062,"y":-301.9999694824219},"4":{"node_type":"metabolite","x":-1060.473876953125,"y":-502.3730773925781,"bigg_id":"cpd00223","name":"Glycerate","label_x":-1106.323974609375,"label_y":-535.4403686523438,"node_is_primary":true},"5":{"node_type":"metabolite","x":-1148.1407470703125,"y":-242.3699951171875,"bigg_id":"cpd00004","name":"NADH","label_x":-1176.978759765625,"label_y":-268.5198669433594,"node_is_primary":false},"6":{"node_type":"metabolite","x":-982,"y":-216.99996948242188,"bigg_id":"cpd00067","name":"H+","label_x":-967,"label_y":-216.99996948242188,"node_is_primary":false},"8":{"node_type":"metabolite","x":-1179.180793346554,"y":141.18445122735116,"bigg_id":"cpd00067","name":"H+","label_x":-1154.180793346554,"label_y":141.18445122735116,"node_is_primary":false},"9":{"node_type":"multimarker","x":-1261.8805476553962,"y":222.23081334034256},"10":{"node_type":"midmarker","x":-1281.880081225488,"y":222.36740389177982},"11":{"node_type":"multimarker","x":-1301.8796147955811,"y":222.50399444321658},"13":{"node_type":"metabolite","x":-1386.3312702627268,"y":303.0826385671937,"bigg_id":"cpd00001","name":"H2O","label_x":-1371.3312702627268,"label_y":303.0826385671937,"node_is_primary":false},"14":{"node_type":"metabolite","x":-1387.4239946742218,"y":143.08637000645336,"bigg_id":"cpd00011","name":"CO2","label_x":-1410.2007280726593,"label_y":122.32489539707836,"node_is_primary":false},"15":{"node_type":"metabolite","x":-1472.8508830986248,"y":221.83945639231482,"bigg_id":"cpd00340","name":"2,5-Dioxopentanoate","label_x":-1589.3677288017498,"label_y":191.07493002512732,"node_is_primary":true},"16":{"node_type":"metabolite","x":-1179.8222720926365,"y":-582.1905252550262,"bigg_id":"cpd00002","name":"ATP","label_x":-1154.8222720926365,"label_y":-582.1905252550262,"node_is_primary":false},"17":{"node_type":"multimarker","x":-1296.316046082521,"y":-504.6223422282644},"18":{"node_type":"midmarker","x":-1316.3095251104505,"y":-505.13302447758383},"19":{"node_type":"multimarker","x":-1336.3030041383795,"y":-505.643706726903},"21":{"node_type":"metabolite","x":-1425.1087898470148,"y":-575.7452929872502,"bigg_id":"cpd00008","name":"ADP","label_x":-1400.1087898470148,"label_y":-575.7452929872502,"node_is_primary":false},"22":{"node_type":"metabolite","x":-1423.3180190043527,"y":-427.840190174794,"bigg_id":"cpd00067","name":"H+","label_x":-1408.3180190043527,"label_y":-427.840190174794,"node_is_primary":false},"23":{"node_type":"metabolite","x":-1523.8320483144882,"y":-509.3385289900215,"bigg_id":"cpd00169","name":"3-Phosphoglycerate","label_x":-1632.7495287832382,"label_y":-540.8676732771308,"node_is_primary":true},"24":{"node_type":"metabolite","x":-1065.5453040672355,"y":566.4159423477076,"bigg_id":"cpd00652","name":"D-Mucic acid","label_x":-1040.5453040672355,"label_y":566.4159423477076,"node_is_primary":true},"25":{"node_type":"multimarker","x":-1064.12778064728,"y":411.42242433048904},"26":{"node_type":"midmarker","x":-1063.944874399544,"y":391.4232607153641},"27":{"node_type":"multimarker","x":-1063.7619681518086,"y":371.4240971002393},"28":{"node_type":"metabolite","x":-982.9879621384292,"y":287.1592767269027,"bigg_id":"cpd00001","name":"H2O","label_x":-1054.987962138429,"label_y":317.15927672690265,"node_is_primary":false},"30":{"node_type":"metabolite","x":-573.5636444091797,"y":216.42831420898438,"bigg_id":"cpd00609","name":"D-Glucarate","label_x":-548.5636444091797,"label_y":216.42831420898438,"node_is_primary":true},"31":{"node_type":"multimarker","x":-801.0655689784005,"y":219.30773010169293},"32":{"node_type":"midmarker","x":-821.0583664005876,"y":219.8444341499129},"33":{"node_type":"multimarker","x":-841.0511638227755,"y":220.38113819813418},"34":{"node_type":"metabolite","x":-928.1673690599546,"y":142.69094071432323,"bigg_id":"cpd00001","name":"H2O","label_x":-915.5648910326108,"label_y":140.38817582174534,"node_is_primary":false},"37":{"node_type":"multimarker","x":-571.20724553245,"y":30.781557313643276},"38":{"node_type":"midmarker","x":-571.4972905200478,"y":10.78366057660665},"39":{"node_type":"multimarker","x":-571.7873355076464,"y":-9.214236160429635},"40":{"node_type":"metabolite","x":-493.02843975679156,"y":-95.36547724322585,"bigg_id":"cpd00001","name":"H2O","label_x":-478.88775372163605,"label_y":-88.43887201861648,"node_is_primary":false},"41":{"node_type":"metabolite","x":-575.5734532044986,"y":-162.659709744837,"bigg_id":"cpd02439","name":"2-Dehydro-3-deoxy-D-glucarate","label_x":-550.5734532044986,"label_y":-162.659709744837,"node_is_primary":true},"42":{"node_type":"metabolite","x":-1063.6719442227777,"y":218.8652472918153,"bigg_id":"cpd00515","name":"5-Dehydro-4-deoxy-D-glucarate","label_x":-1204.8003621915277,"label_y":206.55944590021375,"node_is_primary":true},"43":{"node_type":"multimarker","x":-1063.6047878358404,"y":56.182429454722865},"44":{"node_type":"midmarker","x":-1063.3976440429688,"y":36.183502197265625},"45":{"node_type":"multimarker","x":-1063.190500250097,"y":16.184574939808385},"46":{"node_type":"metabolite","x":-1190.7963174959727,"y":-64.97223810602387,"bigg_id":"cpd00020","name":"Pyruvate","label_x":-1165.7963174959727,"label_y":-64.97223810602387,"node_is_primary":false},"47":{"node_type":"metabolite","x":-1061.871337890625,"y":-158.7706642150879,"bigg_id":"cpd00843","name":"Tartronate semialdehyde","label_x":-1324.6113891601562,"label_y":-156.45874404907227,"node_is_primary":true},"48":{"node_type":"metabolite","x":-956.0306477180596,"y":-97.22131769202,"bigg_id":"cpd00020","name":"Pyruvate","label_x":-931.0306477180596,"label_y":-97.22131769202,"node_is_primary":false},"49":{"node_type":"multimarker","x":-815.8004420233666,"y":-161.65611093830393},"50":{"node_type":"midmarker","x":-795.8019382280945,"y":-161.90074525825906},"51":{"node_type":"multimarker","x":-775.803434432823,"y":-162.14537957821395}},"text_labels":{"0":{"x":-1688.8704833984375,"y":-821.1766357421875,"text":"D-Galactarate, D-Glucarate, and D-Glycerate Catabolism"}},"canvas":{"x":-1958.177978515625,"y":-956.6697387695312,"width":1862.1870861053467,"height":1772.6713256835938}}]