[{"map_name":"new_map","map_id":"rHZFn9D1BwYI","map_description":"\nLast Modified Mon Jun 17 2019 09:39:49 GMT-0500 (Central Daylight Time)","homepage":"https://escher.github.io","schema":"https://escher.github.io/escher/jsonschema/1-0-0#"},{"reactions":{"0":{"name":"rxn03004","bigg_id":"rxn03004","reversibility":false,"label_x":224.00001525878906,"label_y":1385,"gene_reaction_rule":"","genes":[],"metabolites":[{"bigg_id":"cpd00201","coefficient":-1},{"bigg_id":"cpd02394","coefficient":-1},{"bigg_id":"cpd00067","coefficient":1},{"bigg_id":"cpd00087","coefficient":1},{"bigg_id":"cpd02678","coefficient":1}],"segments":{"0":{"from_node_id":"1","to_node_id":"2","b1":null,"b2":null},"1":{"from_node_id":"3","to_node_id":"2","b1":null,"b2":null},"2":{"from_node_id":"1","to_node_id":"0","b1":{"x":209.00001525878906,"y":1313},"b2":{"x":262.9015606816314,"y":1267.9111263879192}},"3":{"from_node_id":"1","to_node_id":"16","b1":{"x":209.00001525878906,"y":1309},"b2":{"x":129.89357381764438,"y":1190.4058716003726}},"4":{"from_node_id":"3","to_node_id":"5","b1":{"x":209.00001525878906,"y":1441},"b2":{"x":281.00001525878906,"y":1509.25}},"5":{"from_node_id":"3","to_node_id":"6","b1":{"x":209.00001525878906,"y":1437},"b2":{"x":314.0919324242358,"y":1484.404363388476}},"6":{"from_node_id":"3","to_node_id":"7","b1":{"x":209.00001525878906,"y":1441},"b2":{"x":134.0898438567874,"y":1568.415057639614}}}},"1":{"name":"rxn03005","bigg_id":"rxn03005","reversibility":false,"label_x":68.00004577636719,"label_y":1382,"gene_reaction_rule":"","genes":[],"metabolites":[{"bigg_id":"cpd00067","coefficient":-2},{"bigg_id":"cpd00087","coefficient":-1},{"bigg_id":"cpd02678","coefficient":-1},{"bigg_id":"cpd00001","coefficient":1},{"bigg_id":"cpd00347","coefficient":1},{"bigg_id":"cpd02394","coefficient":1}],"segments":{"7":{"from_node_id":"9","to_node_id":"10","b1":null,"b2":null},"8":{"from_node_id":"11","to_node_id":"10","b1":null,"b2":null},"9":{"from_node_id":"9","to_node_id":"8","b1":{"x":52.348978641610074,"y":1433.9965814508032},"b2":{"x":11.942822409596815,"y":1467.8057116765076}},"10":{"from_node_id":"9","to_node_id":"12","b1":{"x":52.30697431033468,"y":1437.996360899241},"b2":{"x":-11.673779673786854,"y":1450.998666592496}},"11":{"from_node_id":"9","to_node_id":"7","b1":{"x":52.30697431033468,"y":1437.996360899241},"b2":{"x":129.8286184166269,"y":1572.3532814522807}},"12":{"from_node_id":"11","to_node_id":"14","b1":{"x":53.693117242399694,"y":1306.003639100759},"b2":{"x":59.749240409222125,"y":1279.5649090839463}},"13":{"from_node_id":"11","to_node_id":"15","b1":{"x":53.6511129111243,"y":1310.0034185491968},"b2":{"x":-46.44864777488249,"y":1254.8891096955515}},"14":{"from_node_id":"11","to_node_id":"16","b1":{"x":53.693117242399694,"y":1306.003639100759},"b2":{"x":138.19005869752317,"y":1188.4282425304684}}}},"5":{"name":"rxn03147","bigg_id":"rxn03147","reversibility":false,"label_x":861.1787264149659,"label_y":2167.096804561983,"gene_reaction_rule":"","genes":[],"metabolites":[{"bigg_id":"cpd00002","coefficient":-1},{"bigg_id":"cpd00041","coefficient":-1},{"bigg_id":"cpd02893","coefficient":-1},{"bigg_id":"cpd00008","coefficient":1},{"bigg_id":"cpd00009","coefficient":1},{"bigg_id":"cpd00067","coefficient":2},{"bigg_id":"cpd02921","coefficient":1}],"segments":{"37":{"from_node_id":"43","to_node_id":"44","b1":null,"b2":null},"38":{"from_node_id":"45","to_node_id":"44","b1":null,"b2":null},"39":{"from_node_id":"43","to_node_id":"42","b1":{"x":846.7421143615213,"y":2219.0942447835077},"b2":{"x":882.0344868693082,"y":2227.4918865307322}},"40":{"from_node_id":"43","to_node_id":"46","b1":{"x":846.7784619709778,"y":2223.094079636509},"b2":{"x":828.8269113698791,"y":2228.5074271236226}},"41":{"from_node_id":"43","to_node_id":"179","b1":{"x":846.7784619709778,"y":2223.094079636509},"b2":{"x":845.867363908405,"y":2269.1807079398523}},"42":{"from_node_id":"45","to_node_id":"48","b1":{"x":845.5789908589554,"y":2091.0995294874556},"b2":{"x":827.5320277830376,"y":2086.013310485439}},"43":{"from_node_id":"45","to_node_id":"49","b1":{"x":845.5789908589554,"y":2091.0995294874556},"b2":{"x":863.5305414600521,"y":2085.686182000342}},"44":{"from_node_id":"45","to_node_id":"50","b1":{"x":845.5789908589554,"y":2091.0995294874556},"b2":{"x":881.666101834016,"y":2100.52199845655}},"45":{"from_node_id":"45","to_node_id":"51","b1":{"x":845.6153384684096,"y":2095.0993643404568},"b2":{"x":845.1223740151731,"y":2040.8516041466205}}}},"6":{"name":"rxn03136","bigg_id":"rxn03136","reversibility":false,"label_x":860.7232278471215,"label_y":1828.614438431316,"gene_reaction_rule":"","genes":[],"metabolites":[{"bigg_id":"cpd02921","coefficient":-1},{"bigg_id":"cpd00106","coefficient":1},{"bigg_id":"cpd02851","coefficient":1}],"segments":{"46":{"from_node_id":"53","to_node_id":"54","b1":null,"b2":null},"47":{"from_node_id":"55","to_node_id":"54","b1":null,"b2":null},"48":{"from_node_id":"53","to_node_id":"51","b1":{"x":846.2866157936767,"y":1880.6118786528418},"b2":{"x":845.0838307153219,"y":1922.22740116893}},"49":{"from_node_id":"55","to_node_id":"56","b1":{"x":845.1234922911101,"y":1752.6171633567883},"b2":{"x":863.0750428922072,"y":1747.2038158696755}},"50":{"from_node_id":"55","to_node_id":"57","b1":{"x":845.1598399005661,"y":1756.6169982097897},"b2":{"x":844.6812408463632,"y":1703.9500634016358}}}},"13":{"name":"rxn03084","bigg_id":"rxn03084","reversibility":false,"label_x":150.00001525878906,"label_y":1824,"gene_reaction_rule":"","genes":[],"metabolites":[{"bigg_id":"cpd00001","coefficient":-1},{"bigg_id":"cpd00002","coefficient":-1},{"bigg_id":"cpd00053","coefficient":-1},{"bigg_id":"cpd02678","coefficient":-1},{"bigg_id":"cpd00008","coefficient":1},{"bigg_id":"cpd00009","coefficient":1},{"bigg_id":"cpd00023","coefficient":1},{"bigg_id":"cpd00067","coefficient":1},{"bigg_id":"cpd02826","coefficient":1}],"segments":{"98":{"from_node_id":"111","to_node_id":"112","b1":null,"b2":null},"99":{"from_node_id":"113","to_node_id":"112","b1":null,"b2":null},"100":{"from_node_id":"111","to_node_id":"114","b1":{"x":135.00001525878906,"y":1748},"b2":{"x":153.00001525878906,"y":1742.75}},"101":{"from_node_id":"111","to_node_id":"115","b1":{"x":135.00001525878906,"y":1748},"b2":{"x":117.00001525878906,"y":1742.75}},"102":{"from_node_id":"111","to_node_id":"116","b1":{"x":135.00001525878906,"y":1748},"b2":{"x":99.00001525878906,"y":1757.75}},"103":{"from_node_id":"111","to_node_id":"7","b1":{"x":135.00001525878906,"y":1752},"b2":{"x":135.00001525878906,"y":1697.75}},"104":{"from_node_id":"113","to_node_id":"117","b1":{"x":135.0000152587891,"y":1876},"b2":{"x":34.04633461630841,"y":1886.9342783494715}},"105":{"from_node_id":"113","to_node_id":"118","b1":{"x":135.0000152587891,"y":1880},"b2":{"x":171.00001525878906,"y":1870.25}},"106":{"from_node_id":"113","to_node_id":"119","b1":{"x":135.0000152587891,"y":1880},"b2":{"x":153.00001525878906,"y":1885.25}},"107":{"from_node_id":"113","to_node_id":"120","b1":{"x":135.0000152587891,"y":1880},"b2":{"x":117.00001525878906,"y":1885.25}},"108":{"from_node_id":"113","to_node_id":"121","b1":{"x":135.0000152587891,"y":1880},"b2":{"x":133.65159968045342,"y":1858.711190175315}}}},"14":{"name":"rxn02937","bigg_id":"rxn02937","reversibility":false,"label_x":149.00001525878906,"label_y":2171,"gene_reaction_rule":"","genes":[],"metabolites":[{"bigg_id":"cpd00002","coefficient":-1},{"bigg_id":"cpd02826","coefficient":-1},{"bigg_id":"cpd00008","coefficient":1},{"bigg_id":"cpd00009","coefficient":1},{"bigg_id":"cpd00067","coefficient":1},{"bigg_id":"cpd02140","coefficient":1}],"segments":{"109":{"from_node_id":"122","to_node_id":"123","b1":null,"b2":null},"110":{"from_node_id":"124","to_node_id":"123","b1":null,"b2":null},"111":{"from_node_id":"122","to_node_id":"125","b1":{"x":134.00001525878906,"y":2095},"b2":{"x":116.00001525878906,"y":2089.75}},"112":{"from_node_id":"122","to_node_id":"121","b1":{"x":134.00001525878906,"y":2099},"b2":{"x":134.00001525878906,"y":2044.75}},"113":{"from_node_id":"124","to_node_id":"126","b1":{"x":134.0000152587891,"y":2223},"b2":{"x":50.42961830405678,"y":2212.6143956924598}},"114":{"from_node_id":"124","to_node_id":"127","b1":{"x":134.0000152587891,"y":2227},"b2":{"x":150.27519620083365,"y":2228.2652197456805}},"115":{"from_node_id":"124","to_node_id":"128","b1":{"x":134.0000152587891,"y":2227},"b2":{"x":116.00001525878906,"y":2232.25}},"116":{"from_node_id":"124","to_node_id":"129","b1":{"x":134.0000152587891,"y":2227},"b2":{"x":133.12844418321902,"y":2217.7107781231593}}}},"15":{"name":"rxn02895","bigg_id":"rxn02895","reversibility":false,"label_x":152.09824844110625,"label_y":952.8458761039733,"gene_reaction_rule":"","genes":[],"metabolites":[{"bigg_id":"cpd00002","coefficient":-1},{"bigg_id":"cpd00033","coefficient":-1},{"bigg_id":"cpd01982","coefficient":-1},{"bigg_id":"cpd00008","coefficient":1},{"bigg_id":"cpd00009","coefficient":1},{"bigg_id":"cpd00067","coefficient":1},{"bigg_id":"cpd02394","coefficient":1}],"segments":{"117":{"from_node_id":"130","to_node_id":"131","b1":null,"b2":null},"118":{"from_node_id":"132","to_node_id":"131","b1":null,"b2":null},"119":{"from_node_id":"130","to_node_id":"133","b1":{"x":137.09824844110628,"y":880.8458761039733},"b2":{"x":162.50451202234333,"y":861.4754698898133}},"120":{"from_node_id":"130","to_node_id":"134","b1":{"x":137.09824844110628,"y":876.8458761039733},"b2":{"x":119.09824844110625,"y":871.5958761039733}},"121":{"from_node_id":"130","to_node_id":"135","b1":{"x":137.09824844110628,"y":876.8458761039733},"b2":{"x":135.6159313606037,"y":823.0648090355326}},"122":{"from_node_id":"132","to_node_id":"136","b1":{"x":137.09824844110625,"y":1008.8458761039733},"b2":{"x":119.09824844110625,"y":1014.0958761039733}},"123":{"from_node_id":"132","to_node_id":"137","b1":{"x":137.09824844110625,"y":1008.8458761039733},"b2":{"x":155.09824844110625,"y":1014.0958761039733}},"124":{"from_node_id":"132","to_node_id":"138","b1":{"x":137.09824844110625,"y":1008.8458761039733},"b2":{"x":173.09824844110625,"y":999.0958761039733}},"125":{"from_node_id":"132","to_node_id":"16","b1":{"x":137.09824844110625,"y":1004.8458761039733},"b2":{"x":137.09824844110625,"y":1059.0958761039733}}}},"16":{"name":"rxn00790","bigg_id":"rxn00790","reversibility":false,"label_x":149.891888577825,"label_y":587.4777120414733,"gene_reaction_rule":"","genes":[],"metabolites":[{"bigg_id":"cpd00012","coefficient":-1},{"bigg_id":"cpd00023","coefficient":-1},{"bigg_id":"cpd00067","coefficient":-1},{"bigg_id":"cpd01982","coefficient":-1},{"bigg_id":"cpd00001","coefficient":1},{"bigg_id":"cpd00053","coefficient":1},{"bigg_id":"cpd00103","coefficient":1}],"segments":{"126":{"from_node_id":"139","to_node_id":"140","b1":null,"b2":null},"127":{"from_node_id":"141","to_node_id":"140","b1":null,"b2":null},"128":{"from_node_id":"139","to_node_id":"142","b1":{"x":134.891888577825,"y":643.4777120414733},"b2":{"x":116.891888577825,"y":648.7277120414733}},"129":{"from_node_id":"139","to_node_id":"143","b1":{"x":134.891888577825,"y":643.4777120414733},"b2":{"x":152.891888577825,"y":648.7277120414733}},"130":{"from_node_id":"139","to_node_id":"144","b1":{"x":134.891888577825,"y":643.4777120414733},"b2":{"x":170.891888577825,"y":633.7277120414733}},"131":{"from_node_id":"139","to_node_id":"135","b1":{"x":134.891888577825,"y":639.4777120414733},"b2":{"x":134.891888577825,"y":693.7277120414733}},"132":{"from_node_id":"141","to_node_id":"145","b1":{"x":134.89188857782503,"y":511.4777120414733},"b2":{"x":116.891888577825,"y":506.2277120414733}},"133":{"from_node_id":"141","to_node_id":"146","b1":{"x":134.89188857782503,"y":515.4777120414733},"b2":{"x":166.9942126772962,"y":503.14592435912675}},"134":{"from_node_id":"141","to_node_id":"147","b1":{"x":134.89188857782503,"y":511.4777120414733},"b2":{"x":134.78113362502827,"y":470.3164021243147}}}},"17":{"name":"rxn15108","bigg_id":"rxn15108","reversibility":false,"label_x":147.68555160272734,"label_y":234.75670374069205,"gene_reaction_rule":"","genes":[],"metabolites":[{"bigg_id":"cpd00002","coefficient":-1},{"bigg_id":"cpd19028","coefficient":-1},{"bigg_id":"cpd00018","coefficient":1},{"bigg_id":"cpd00067","coefficient":1},{"bigg_id":"cpd00103","coefficient":1}],"segments":{"135":{"from_node_id":"148","to_node_id":"149","b1":null,"b2":null},"136":{"from_node_id":"150","to_node_id":"149","b1":null,"b2":null},"137":{"from_node_id":"148","to_node_id":"151","b1":{"x":132.68555160272737,"y":162.75670374069205},"b2":{"x":162.33959382192091,"y":125.55019090342785}},"138":{"from_node_id":"148","to_node_id":"152","b1":{"x":132.68555160272737,"y":158.75670374069205},"b2":{"x":130.361695629385,"y":119.90439030095493}},"139":{"from_node_id":"150","to_node_id":"153","b1":{"x":132.68555160272734,"y":290.75670374069205},"b2":{"x":114.68555160272734,"y":296.00670374069205}},"140":{"from_node_id":"150","to_node_id":"154","b1":{"x":132.68555160272734,"y":290.75670374069205},"b2":{"x":150.68555160272734,"y":296.00670374069205}},"141":{"from_node_id":"150","to_node_id":"147","b1":{"x":132.68555160272734,"y":286.75670374069205},"b2":{"x":132.68555160272734,"y":341.00670374069205}}}},"18":{"name":"rxn03137","bigg_id":"rxn03137","reversibility":false,"label_x":857.557177418825,"label_y":1480.209714179351,"gene_reaction_rule":"","genes":[],"metabolites":[{"bigg_id":"cpd00201","coefficient":-1},{"bigg_id":"cpd02851","coefficient":-1},{"bigg_id":"cpd00087","coefficient":1},{"bigg_id":"cpd02884","coefficient":1}],"segments":{"142":{"from_node_id":"155","to_node_id":"156","b1":null,"b2":null},"143":{"from_node_id":"157","to_node_id":"156","b1":null,"b2":null},"144":{"from_node_id":"155","to_node_id":"158","b1":{"x":843.1569129748352,"y":1536.2069892538784},"b2":{"x":861.2038760507523,"y":1541.2932082558948}},"145":{"from_node_id":"155","to_node_id":"57","b1":{"x":843.1205653653799,"y":1532.2071544008772},"b2":{"x":843.6135298186166,"y":1586.4549145947121}},"146":{"from_node_id":"157","to_node_id":"159","b1":{"x":841.993789472268,"y":1408.2122739578267},"b2":{"x":865.9047966181188,"y":1403.1014477302401}},"147":{"from_node_id":"157","to_node_id":"160","b1":{"x":841.9574418628117,"y":1404.212439104825},"b2":{"x":841.4294391507483,"y":1367.8269302020194}}}},"19":{"name":"rxn00832","bigg_id":"rxn00832","reversibility":false,"label_x":853.7697920335561,"label_y":1132.2514464539545,"gene_reaction_rule":"","genes":[],"metabolites":[{"bigg_id":"cpd00001","coefficient":-1},{"bigg_id":"cpd00114","coefficient":-1},{"bigg_id":"cpd02884","coefficient":1}],"segments":{"148":{"from_node_id":"161","to_node_id":"162","b1":null,"b2":null},"149":{"from_node_id":"163","to_node_id":"162","b1":null,"b2":null},"150":{"from_node_id":"161","to_node_id":"164","b1":{"x":838.1700564775431,"y":1056.2541713794265},"b2":{"x":856.121607078642,"y":1050.840823892314}},"151":{"from_node_id":"161","to_node_id":"165","b1":{"x":838.206404087,"y":1060.2540062324285},"b2":{"x":837.7134396337631,"y":1006.0062460385931}},"152":{"from_node_id":"163","to_node_id":"160","b1":{"x":839.3331799801119,"y":1184.2488866754807},"b2":{"x":839.8261444333482,"y":1238.4966468693167}}}},"20":{"name":"rxn05114","bigg_id":"rxn05114","reversibility":false,"label_x":237.4484100341797,"label_y":2323.970703125,"gene_reaction_rule":"","genes":[],"metabolites":[{"bigg_id":"cpd00002","coefficient":-1},{"bigg_id":"cpd00242","coefficient":-1},{"bigg_id":"cpd02140","coefficient":-1},{"bigg_id":"cpd00008","coefficient":1},{"bigg_id":"cpd00009","coefficient":1},{"bigg_id":"cpd00067","coefficient":2},{"bigg_id":"cpd11310","coefficient":1}],"segments":{"153":{"from_node_id":"166","to_node_id":"167","b1":null,"b2":null},"154":{"from_node_id":"168","to_node_id":"167","b1":null,"b2":null},"155":{"from_node_id":"166","to_node_id":"169","b1":{"x":242.00001525878906,"y":2345},"b2":{"x":224.10289001464844,"y":2353.875244140625}},"156":{"from_node_id":"166","to_node_id":"170","b1":{"x":242.00001525878906,"y":2345},"b2":{"x":236.75001525878906,"y":2363}},"157":{"from_node_id":"166","to_node_id":"129","b1":{"x":246.00001525878906,"y":2345},"b2":{"x":191.75001525878906,"y":2345}},"158":{"from_node_id":"168","to_node_id":"171","b1":{"x":370.00001525878906,"y":2345},"b2":{"x":382.80715853696375,"y":2378.350646507402}},"159":{"from_node_id":"168","to_node_id":"172","b1":{"x":374.00001525878906,"y":2345},"b2":{"x":379.25001525878906,"y":2327}},"160":{"from_node_id":"168","to_node_id":"173","b1":{"x":374.00001525878906,"y":2345},"b2":{"x":414.02964782714844,"y":2375.647216796875}},"161":{"from_node_id":"168","to_node_id":"174","b1":{"x":374.00001525878906,"y":2345},"b2":{"x":376.3735901521851,"y":2347.259310230447}}}},"21":{"name":"rxn05115","bigg_id":"rxn05115","reversibility":false,"label_x":631.8241424560547,"label_y":2321.138671875,"gene_reaction_rule":"","genes":[],"metabolites":[{"bigg_id":"cpd00067","coefficient":-1},{"bigg_id":"cpd11310","coefficient":-1},{"bigg_id":"cpd02893","coefficient":1}],"segments":{"162":{"from_node_id":"175","to_node_id":"176","b1":null,"b2":null},"163":{"from_node_id":"177","to_node_id":"176","b1":null,"b2":null},"164":{"from_node_id":"175","to_node_id":"178","b1":{"x":612.6623992919922,"y":2346.91064453125},"b2":{"x":607.4123992919922,"y":2364.91064453125}},"165":{"from_node_id":"175","to_node_id":"174","b1":{"x":616.6623992919922,"y":2346.91064453125},"b2":{"x":562.4123992919922,"y":2346.91064453125}},"166":{"from_node_id":"177","to_node_id":"179","b1":{"x":740.6623992919922,"y":2346.91064453125},"b2":{"x":789.1928041298711,"y":2342.58206673119}}}}},"nodes":{"0":{"node_type":"metabolite","x":317.00001525878906,"y":1245,"bigg_id":"cpd00201","name":"10-Formyltetrahydrofolate","label_x":342.00001525878906,"label_y":1245,"node_is_primary":false},"1":{"node_type":"multimarker","x":209.00001525878906,"y":1355},"2":{"node_type":"midmarker","x":209.00001525878906,"y":1375},"3":{"node_type":"multimarker","x":209.00001525878906,"y":1395},"5":{"node_type":"metabolite","x":343.00001525878906,"y":1543,"bigg_id":"cpd00067","name":"H+","label_x":358.00001525878906,"label_y":1543,"node_is_primary":false},"6":{"node_type":"metabolite","x":371.00001525878906,"y":1499,"bigg_id":"cpd00087","name":"Tetrahydrofolate","label_x":396.00001525878906,"label_y":1499,"node_is_primary":false},"7":{"node_type":"metabolite","x":135.00001525878906,"y":1639,"bigg_id":"cpd02678","name":"N-Formyl-GAR","label_x":63.00001525878906,"label_y":1657,"node_is_primary":true},"8":{"node_type":"metabolite","x":-35.8376437169004,"y":1501.9903508692018,"bigg_id":"cpd00067","name":"H+","label_x":-82.83764371690052,"label_y":1531.9903508692018,"node_is_primary":false},"9":{"node_type":"multimarker","x":52.79002411999363,"y":1391.9988972421952},"10":{"node_type":"midmarker","x":53.00004577636719,"y":1372},"11":{"node_type":"multimarker","x":53.21006743274074,"y":1352.0011027578048},"12":{"node_type":"metabolite","x":-82.09815688837136,"y":1446.154123896027,"bigg_id":"cpd00087","name":"Tetrahydrofolate","label_x":-154.09815688837148,"label_y":1422.154123896027,"node_is_primary":false},"14":{"node_type":"metabolite","x":-1.8929294964505061,"y":1245.1657028529842,"bigg_id":"cpd00001","name":"H2O","label_x":13.107070503549494,"label_y":1245.1657028529842,"node_is_primary":false},"15":{"node_type":"metabolite","x":-98.16226473036522,"y":1227.0096491307982,"bigg_id":"cpd00347","name":"5-10-Methenyltetrahydrofolate","label_x":-211.16226473036522,"label_y":1203.0096491307982,"node_is_primary":false},"16":{"node_type":"metabolite","x":137.09824844110625,"y":1117.8458761039733,"bigg_id":"cpd02394","name":"GAR","label_x":65.0982484411063,"label_y":1147.8458761039733,"node_is_primary":true},"42":{"node_type":"metabolite","x":937.6181164575376,"y":2246.518778599555,"bigg_id":"cpd00002","name":"ATP","label_x":962.6181164575376,"label_y":2246.518778599555,"node_is_primary":false},"43":{"node_type":"multimarker","x":846.3604644622415,"y":2177.0959788269906},"44":{"node_type":"midmarker","x":846.1787264149659,"y":2157.096804561983},"45":{"node_type":"multimarker","x":845.9969883676893,"y":2137.0976302969743},"46":{"node_type":"metabolite","x":767.136154103132,"y":2262.8194216423803,"bigg_id":"cpd00041","name":"L-Aspartate","label_x":693.9467620132882,"label_y":2234.8929079705053,"node_is_primary":false},"48":{"node_type":"metabolite","x":765.2279046067324,"y":2052.8280918597925,"bigg_id":"cpd00008","name":"ADP","label_x":780.2279046067324,"label_y":2052.8280918597925,"node_is_primary":false},"49":{"node_type":"metabolite","x":925.2212987267999,"y":2051.374187481583,"bigg_id":"cpd00009","name":"Phosphate","label_x":887.0272679650811,"label_y":2034.3397636534578,"node_is_primary":false},"50":{"node_type":"metabolite","x":1005.3997338341089,"y":2070.6464095574884,"bigg_id":"cpd00067","name":"H+","label_x":1006.8909447716089,"label_y":2053.612107799676,"node_is_primary":false},"51":{"node_type":"metabolite","x":844.5885185012987,"y":1982.1040297431587,"bigg_id":"cpd02921","name":"SAICAR","label_x":873.5755180130175,"label_y":1988.1040297431587,"node_is_primary":true},"53":{"node_type":"multimarker","x":845.9049658943977,"y":1838.6136126963243},"54":{"node_type":"midmarker","x":845.7232278471215,"y":1818.614438431316},"55":{"node_type":"multimarker","x":845.5414897998455,"y":1798.615264166307},"56":{"node_type":"metabolite","x":924.7658001589555,"y":1712.8918213509178,"bigg_id":"cpd00106","name":"Fumarate","label_x":879.2226483034867,"label_y":1698.7970947884178,"node_is_primary":false},"57":{"node_type":"metabolite","x":844.1473853324894,"y":1645.2024889981742,"bigg_id":"cpd02851","name":"AICAR","label_x":869.1473853324894,"label_y":1645.2024889981742,"node_is_primary":true},"111":{"node_type":"multimarker","x":135.00001525878906,"y":1794},"112":{"node_type":"midmarker","x":135.00001525878906,"y":1814},"113":{"node_type":"multimarker","x":135.00001525878906,"y":1834},"114":{"node_type":"metabolite","x":215.00001525878906,"y":1709,"bigg_id":"cpd00001","name":"H2O","label_x":230.00001525878906,"label_y":1709,"node_is_primary":false},"115":{"node_type":"metabolite","x":55.00001525878906,"y":1709,"bigg_id":"cpd00002","name":"ATP","label_x":-4.9999847412109375,"label_y":1715,"node_is_primary":false},"116":{"node_type":"metabolite","x":-24.999984741210938,"y":1729,"bigg_id":"cpd00053","name":"L-Glutamine","label_x":-96.99998474121094,"label_y":1759,"node_is_primary":false},"117":{"node_type":"metabolite","x":-23.999984741210938,"y":1896,"bigg_id":"cpd00008","name":"ADP","label_x":-25.999984741210938,"label_y":1872,"node_is_primary":false},"118":{"node_type":"metabolite","x":295.00001525878906,"y":1899,"bigg_id":"cpd00009","name":"Phosphate","label_x":310.00001525878906,"label_y":1899,"node_is_primary":false},"119":{"node_type":"metabolite","x":215.00001525878906,"y":1919,"bigg_id":"cpd00023","name":"L-Glutamate","label_x":230.00001525878906,"label_y":1919,"node_is_primary":false},"120":{"node_type":"metabolite","x":55.00001525878906,"y":1919,"bigg_id":"cpd00067","name":"H+","label_x":-16.999984741210938,"label_y":1949,"node_is_primary":false},"121":{"node_type":"metabolite","x":134.00001525878906,"y":1986,"bigg_id":"cpd02826","name":"5_-Phosphoribosylformylglycinamidine","label_x":-54.99998474121094,"label_y":2015.9998779296875,"node_is_primary":true},"122":{"node_type":"multimarker","x":134.00001525878906,"y":2141},"123":{"node_type":"midmarker","x":134.00001525878906,"y":2161},"124":{"node_type":"multimarker","x":134.00001525878906,"y":2181},"125":{"node_type":"metabolite","x":54.00001525878906,"y":2056,"bigg_id":"cpd00002","name":"ATP","label_x":-17.999984741210938,"label_y":2086,"node_is_primary":false},"126":{"node_type":"metabolite","x":-6.9999847412109375,"y":2225,"bigg_id":"cpd00008","name":"ADP","label_x":-80.99998474121094,"label_y":2207,"node_is_primary":false},"127":{"node_type":"metabolite","x":218.74269104003906,"y":2245.448486328125,"bigg_id":"cpd00009","name":"Phosphate","label_x":233.74269104003906,"label_y":2245.448486328125,"node_is_primary":false},"128":{"node_type":"metabolite","x":54.00001525878906,"y":2266,"bigg_id":"cpd00067","name":"H+","label_x":-17.999984741210938,"label_y":2296,"node_is_primary":false},"129":{"node_type":"metabolite","x":133.00001525878906,"y":2345,"bigg_id":"cpd02140","name":"AIR","label_x":61.00001525878906,"label_y":2375,"node_is_primary":true},"130":{"node_type":"multimarker","x":137.09824844110625,"y":922.8458761039733},"131":{"node_type":"midmarker","x":137.09824844110625,"y":942.8458761039733},"132":{"node_type":"multimarker","x":137.09824844110625,"y":962.8458761039733},"133":{"node_type":"metabolite","x":214.56191726434844,"y":834.2433370414733,"bigg_id":"cpd00002","name":"ATP","label_x":239.5619172643485,"label_y":834.2433370414733,"node_is_primary":false},"134":{"node_type":"metabolite","x":57.09824844110625,"y":837.8458761039733,"bigg_id":"cpd00033","name":"Glycine","label_x":-14.90175155889375,"label_y":867.8458761039733,"node_is_primary":false},"135":{"node_type":"metabolite","x":134.891888577825,"y":752.4777120414733,"bigg_id":"cpd01982","name":"5-Phosphoribosylamine","label_x":149.891888577825,"label_y":752.4777120414733,"node_is_primary":true},"136":{"node_type":"metabolite","x":57.09824844110625,"y":1047.8458761039733,"bigg_id":"cpd00008","name":"ADP","label_x":-14.90175155889375,"label_y":1077.8458761039733,"node_is_primary":false},"137":{"node_type":"metabolite","x":217.09824844110625,"y":1047.8458761039733,"bigg_id":"cpd00009","name":"Phosphate","label_x":184.67149062860625,"label_y":1076.3019307914733,"node_is_primary":false},"138":{"node_type":"metabolite","x":297.09824844110625,"y":1027.8458761039733,"bigg_id":"cpd00067","name":"H+","label_x":310.517376859075,"label_y":1037.331166631317,"node_is_primary":false},"139":{"node_type":"multimarker","x":134.891888577825,"y":597.4777120414733},"140":{"node_type":"midmarker","x":134.891888577825,"y":577.4777120414733},"141":{"node_type":"multimarker","x":134.891888577825,"y":557.4777120414733},"142":{"node_type":"metabolite","x":54.891888577825,"y":682.4777120414733,"bigg_id":"cpd00012","name":"PPi","label_x":-17.108111422175,"label_y":712.4777120414733,"node_is_primary":false},"143":{"node_type":"metabolite","x":214.891888577825,"y":682.4777120414733,"bigg_id":"cpd00023","name":"L-Glutamate","label_x":229.891888577825,"label_y":682.4777120414733,"node_is_primary":false},"144":{"node_type":"metabolite","x":294.891888577825,"y":662.4777120414733,"bigg_id":"cpd00067","name":"H+","label_x":309.891888577825,"label_y":662.4777120414733,"node_is_primary":false},"145":{"node_type":"metabolite","x":54.891888577825,"y":472.4777120414733,"bigg_id":"cpd00001","name":"H2O","label_x":-17.108111422175,"label_y":502.4777120414733,"node_is_primary":false},"146":{"node_type":"metabolite","x":220.26002212274688,"y":478.3605245414733,"bigg_id":"cpd00053","name":"L-Glutamine","label_x":245.26002212274688,"label_y":478.3605245414733,"node_is_primary":false},"147":{"node_type":"metabolite","x":132.68555160272734,"y":399.75670374069205,"bigg_id":"cpd00103","name":"PRPP","label_x":147.68555160272734,"label_y":399.75670374069205,"node_is_primary":true},"148":{"node_type":"multimarker","x":132.68555160272734,"y":204.75670374069205},"149":{"node_type":"midmarker","x":132.68555160272734,"y":224.75670374069205},"150":{"node_type":"multimarker","x":132.68555160272734,"y":244.75670374069205},"151":{"node_type":"metabolite","x":218.37700362909453,"y":107.90447748336783,"bigg_id":"cpd00002","name":"ATP","label_x":243.37700362909453,"label_y":107.90447748336783,"node_is_primary":false},"152":{"node_type":"metabolite","x":133.11491866815703,"y":49.367291814422515,"bigg_id":"cpd19028","name":"alpha-D-Ribose 5-phosphate","label_x":148.11491866815703,"label_y":49.367291814422515,"node_is_primary":true},"153":{"node_type":"metabolite","x":52.685551602727344,"y":329.75670374069205,"bigg_id":"cpd00018","name":"AMP","label_x":-19.314448397272656,"label_y":359.75670374069205,"node_is_primary":false},"154":{"node_type":"metabolite","x":212.68555160272734,"y":329.75670374069205,"bigg_id":"cpd00067","name":"H+","label_x":227.68555160272734,"label_y":329.75670374069205,"node_is_primary":false},"155":{"node_type":"multimarker","x":842.7389154661012,"y":1490.2088884443588},"156":{"node_type":"midmarker","x":842.557177418825,"y":1470.209714179351},"157":{"node_type":"multimarker","x":842.3754393715469,"y":1450.210539914343},"158":{"node_type":"metabolite","x":923.5079992270571,"y":1574.47842688154,"bigg_id":"cpd00201","name":"10-Formyltetrahydrofolate","label_x":857.9352453208071,"label_y":1607.4180020768524,"node_is_primary":false},"159":{"node_type":"metabolite","x":917.5792847132166,"y":1375.1495286528377,"bigg_id":"cpd00087","name":"Tetrahydrofolate","label_x":870.3803101038416,"label_y":1346.471382290533,"node_is_primary":false},"160":{"node_type":"metabolite","x":840.359999947221,"y":1297.244221272779,"bigg_id":"cpd02884","name":"FAICAR","label_x":855.0796044394085,"label_y":1305.196857991529,"node_is_primary":true},"161":{"node_type":"multimarker","x":838.5880539862792,"y":1102.2522721889466},"162":{"node_type":"midmarker","x":838.7697920335561,"y":1122.2514464539545},"163":{"node_type":"multimarker","x":838.9515300808321,"y":1142.2506207189622},"164":{"node_type":"metabolite","x":917.8123643453894,"y":1016.5288293735571,"bigg_id":"cpd00001","name":"H2O","label_x":907.5449693258581,"label_y":1055.3477991001196,"node_is_primary":false},"165":{"node_type":"metabolite","x":837.1795841198898,"y":947.2586716351309,"bigg_id":"cpd00114","name":"IMP","label_x":862.1795841198898,"label_y":947.2586716351309,"node_is_primary":true},"166":{"node_type":"multimarker","x":288.00001525878906,"y":2345},"167":{"node_type":"midmarker","x":308.00001525878906,"y":2345},"168":{"node_type":"multimarker","x":328.00001525878906,"y":2345},"169":{"node_type":"metabolite","x":190.35289001464844,"y":2291.875244140625,"bigg_id":"cpd00002","name":"ATP","label_x":159.80001525878907,"label_y":2279.77978515625,"node_is_primary":false},"170":{"node_type":"metabolite","x":203.00001525878906,"y":2425,"bigg_id":"cpd00242","name":"H2CO3","label_x":159.80001525878907,"label_y":2465,"node_is_primary":false},"171":{"node_type":"metabolite","x":389.72740173339844,"y":2436.691650390625,"bigg_id":"cpd00008","name":"ADP","label_x":346.52740173339845,"label_y":2476.691650390625,"node_is_primary":false},"172":{"node_type":"metabolite","x":413.00001525878906,"y":2265,"bigg_id":"cpd00009","name":"Phosphate","label_x":369.8000152587891,"label_y":2245,"node_is_primary":false},"173":{"node_type":"metabolite","x":447.77964782714844,"y":2437.647216796875,"bigg_id":"cpd00067","name":"H+","label_x":404.57964782714845,"label_y":2477.647216796875,"node_is_primary":false},"174":{"node_type":"metabolite","x":503.6623992919922,"y":2346.91064453125,"bigg_id":"cpd11310","name":"5-phosphoribosyl-5-carboxyaminoimidazole","label_x":319.7631500244141,"label_y":2377.425537109375,"node_is_primary":true},"175":{"node_type":"multimarker","x":658.6623992919922,"y":2346.91064453125},"176":{"node_type":"midmarker","x":678.6623992919922,"y":2346.91064453125},"177":{"node_type":"multimarker","x":698.6623992919922,"y":2346.91064453125},"178":{"node_type":"metabolite","x":573.6623992919922,"y":2426.91064453125,"bigg_id":"cpd00067","name":"H+","label_x":530.4623992919921,"label_y":2466.91064453125,"node_is_primary":false},"179":{"node_type":"metabolite","x":847.7831268310547,"y":2346.91064453125,"bigg_id":"cpd02893","name":"5_-Phosphoribosyl-4-carboxy-5-aminoimidazole","label_x":671.7882659912109,"label_y":2404.300537109375,"node_is_primary":true}},"text_labels":{"0":{"x":133.26796340942383,"y":-174.50289916992188,"text":"De Novo Purine Biosynthesis"}},"canvas":{"x":-446.17059326171875,"y":-504.73976135253906,"width":1922.3279418945312,"height":3234.901382446289}}]