[{"map_name": "new_map", "map_id": "vVAnliVC5Lzu", "map_description": "", "homepage": "https://escher.github.io", "schema": "https://escher.github.io/escher/jsonschema/1-0-0#"}, {"reactions": {"8": {"name": "rxn00710", "bigg_id": "rxn00710", "reversibility": false, "label_x": -500.73857402131694, "label_y": 749.3851093584113, "gene_reaction_rule": "", "genes": [], "metabolites": [{"bigg_id": "cpd00067", "coefficient": -1}, {"bigg_id": "cpd00810", "coefficient": -1}, {"bigg_id": "cpd00011", "coefficient": 1}, {"bigg_id": "cpd00091", "coefficient": 1}], "segments": {"57": {"from_node_id": "65", "to_node_id": "66", "b1": null, "b2": null}, "58": {"from_node_id": "67", "to_node_id": "66", "b1": null, "b2": null}, "59": {"from_node_id": "65", "to_node_id": "68", "b1": {"x": -516.7385740213169, "y": 789.3851093584113}, "b2": {"x": -521.9885740213169, "y": 807.3851093584113}}, "60": {"from_node_id": "65", "to_node_id": "47", "b1": {"x": -512.7385740213169, "y": 789.3851093584113}, "b2": {"x": -566.9885740213169, "y": 789.3851093584113}}, "61": {"from_node_id": "67", "to_node_id": "69", "b1": {"x": -384.73857402131694, "y": 789.3851093584113}, "b2": {"x": -379.48857402131694, "y": 807.3851093584113}}, "62": {"from_node_id": "67", "to_node_id": "70", "b1": {"x": -388.73857402131694, "y": 789.3851093584113}, "b2": {"x": -334.48857402131694, "y": 789.3851093584113}}}}, "9": {"name": "rxn01362", "bigg_id": "rxn01362", "reversibility": false, "label_x": -850.7385740213169, "label_y": 749.3851093584113, "gene_reaction_rule": "", "genes": [], "metabolites": [{"bigg_id": "cpd00012", "coefficient": -1}, {"bigg_id": "cpd00067", "coefficient": -1}, {"bigg_id": "cpd00810", "coefficient": -1}, {"bigg_id": "cpd00103", "coefficient": 1}, {"bigg_id": "cpd00247", "coefficient": 1}], "segments": {"63": {"from_node_id": "71", "to_node_id": "72", "b1": null, "b2": null}, "64": {"from_node_id": "73", "to_node_id": "72", "b1": null, "b2": null}, "65": {"from_node_id": "71", "to_node_id": "74", "b1": {"x": -734.7385740213169, "y": 789.3851093584113}, "b2": {"x": -729.4885740213169, "y": 807.3851093584113}}, "66": {"from_node_id": "71", "to_node_id": "75", "b1": {"x": -734.7385740213169, "y": 789.3851093584113}, "b2": {"x": -729.4885740213169, "y": 771.3851093584113}}, "67": {"from_node_id": "71", "to_node_id": "47", "b1": {"x": -738.7385740213169, "y": 789.3851093584113}, "b2": {"x": -684.4885740213169, "y": 789.3851093584113}}, "68": {"from_node_id": "73", "to_node_id": "76", "b1": {"x": -862.7385740213169, "y": 789.3851093584113}, "b2": {"x": -885.3968012450173, "y": 760.12167149712}}, "69": {"from_node_id": "73", "to_node_id": "77", "b1": {"x": -866.7385740213169, "y": 789.3851093584113}, "b2": {"x": -898.1730405016223, "y": 789.2740188535513}}}}, "10": {"name": "rxn01360", "bigg_id": "rxn01360", "reversibility": false, "label_x": -1208.7385129861607, "label_y": 1005.3851093584113, "gene_reaction_rule": "", "genes": [], "metabolites": [{"bigg_id": "cpd00007", "coefficient": -1}, {"bigg_id": "cpd00282", "coefficient": -1}, {"bigg_id": "cpd00025", "coefficient": 1}, {"bigg_id": "cpd00247", "coefficient": 1}], "segments": {"70": {"from_node_id": "78", "to_node_id": "79", "b1": null, "b2": null}, "71": {"from_node_id": "80", "to_node_id": "79", "b1": null, "b2": null}, "72": {"from_node_id": "78", "to_node_id": "81", "b1": {"x": -1058.738574021317, "y": 1055.3851093584112}, "b2": {"x": -1076.738574021317, "y": 1060.6351093584112}}, "73": {"from_node_id": "78", "to_node_id": "82", "b1": {"x": -1058.738574021317, "y": 1051.3851093584112}, "b2": {"x": -977.7385740213169, "y": 1126.6351093584112}}, "74": {"from_node_id": "80", "to_node_id": "83", "b1": {"x": -1058.738574021317, "y": 923.3851093584113}, "b2": {"x": -1076.738574021317, "y": 918.1351093584113}}, "75": {"from_node_id": "80", "to_node_id": "77", "b1": {"x": -1058.738574021317, "y": 927.3851093584113}, "b2": {"x": -968.7385740213169, "y": 846.1351093584113}}}}, "11": {"name": "rxn01361", "bigg_id": "rxn01361", "reversibility": false, "label_x": -878.7385740213169, "label_y": 1005.3851093584112, "gene_reaction_rule": "", "genes": [], "metabolites": [{"bigg_id": "cpd00003", "coefficient": -1}, {"bigg_id": "cpd00282", "coefficient": -1}, {"bigg_id": "cpd00004", "coefficient": 1}, {"bigg_id": "cpd00067", "coefficient": 1}, {"bigg_id": "cpd00247", "coefficient": 1}], "segments": {"76": {"from_node_id": "84", "to_node_id": "85", "b1": null, "b2": null}, "77": {"from_node_id": "86", "to_node_id": "85", "b1": null, "b2": null}, "78": {"from_node_id": "84", "to_node_id": "87", "b1": {"x": -893.7385740213169, "y": 1057.3851093584112}, "b2": {"x": -868.127104173853, "y": 1063.5678877736773}}, "79": {"from_node_id": "84", "to_node_id": "82", "b1": {"x": -893.7385740213169, "y": 1061.3851093584112}, "b2": {"x": -983.104546558756, "y": 1116.8745943349254}}, "80": {"from_node_id": "86", "to_node_id": "89", "b1": {"x": -893.7385740213169, "y": 929.3851093584113}, "b2": {"x": -875.7385740213169, "y": 924.1351093584113}}, "81": {"from_node_id": "86", "to_node_id": "90", "b1": {"x": -893.7385740213169, "y": 929.3851093584113}, "b2": {"x": -867.2292097765016, "y": 931.6257515901264}}, "82": {"from_node_id": "86", "to_node_id": "77", "b1": {"x": -893.7385740213169, "y": 933.3851093584112}, "b2": {"x": -968.7385740213169, "y": 846.1351093584113}}}}, "12": {"name": "rxn01465", "bigg_id": "rxn01465", "reversibility": false, "label_x": -962.7385740213169, "label_y": 1370.3851093584112, "gene_reaction_rule": "", "genes": [], "metabolites": [{"bigg_id": "cpd00001", "coefficient": -1}, {"bigg_id": "cpd00282", "coefficient": -1}, {"bigg_id": "cpd00067", "coefficient": 1}, {"bigg_id": "cpd00343", "coefficient": 1}], "segments": {"83": {"from_node_id": "91", "to_node_id": "92", "b1": null, "b2": null}, "84": {"from_node_id": "93", "to_node_id": "92", "b1": null, "b2": null}, "85": {"from_node_id": "91", "to_node_id": "94", "b1": {"x": -977.7385740213169, "y": 1294.3851093584112}, "b2": {"x": -995.7385740213169, "y": 1289.1351093584112}}, "86": {"from_node_id": "91", "to_node_id": "82", "b1": {"x": -977.7385740213169, "y": 1298.3851093584112}, "b2": {"x": -977.7385740213169, "y": 1244.1351093584112}}, "87": {"from_node_id": "93", "to_node_id": "95", "b1": {"x": -977.7385740213169, "y": 1426.3851093584112}, "b2": {"x": -995.7385740213169, "y": 1431.6351093584112}}, "88": {"from_node_id": "93", "to_node_id": "96", "b1": {"x": -977.7385740213169, "y": 1422.3851093584112}, "b2": {"x": -977.7385740213169, "y": 1476.6351093584112}}}}, "13": {"name": "rxn01018", "bigg_id": "rxn01018", "reversibility": false, "label_x": -1124.738574021317, "label_y": 1729.3851093584112, "gene_reaction_rule": "", "genes": [], "metabolites": [{"bigg_id": "cpd00041", "coefficient": -1}, {"bigg_id": "cpd00146", "coefficient": -1}, {"bigg_id": "cpd00009", "coefficient": 1}, {"bigg_id": "cpd00067", "coefficient": 1}, {"bigg_id": "cpd00343", "coefficient": 1}], "segments": {"89": {"from_node_id": "97", "to_node_id": "98", "b1": null, "b2": null}, "90": {"from_node_id": "99", "to_node_id": "98", "b1": null, "b2": null}, "91": {"from_node_id": "97", "to_node_id": "100", "b1": {"x": -977.7385740213169, "y": 1772.3851093584112}, "b2": {"x": -1013.9837978332458, "y": 1801.678854129667}}, "92": {"from_node_id": "97", "to_node_id": "101", "b1": {"x": -977.7385740213169, "y": 1776.3851093584112}, "b2": {"x": -978.4142102624471, "y": 1810.8141894041737}}, "93": {"from_node_id": "99", "to_node_id": "102", "b1": {"x": -977.7385740213169, "y": 1644.3851093584112}, "b2": {"x": -959.7385740213169, "y": 1639.1351093584112}}, "94": {"from_node_id": "99", "to_node_id": "103", "b1": {"x": -977.7385740213169, "y": 1644.3851093584112}, "b2": {"x": -995.7385740213169, "y": 1639.1351093584112}}, "95": {"from_node_id": "99", "to_node_id": "96", "b1": {"x": -977.7385740213169, "y": 1648.3851093584112}, "b2": {"x": -977.7385740213169, "y": 1594.1351093584112}}}}, "14": {"name": "rxn00414", "bigg_id": "rxn00414", "reversibility": false, "label_x": -851.7385740213169, "label_y": 1841.3851093584112, "gene_reaction_rule": "", "genes": [], "metabolites": [{"bigg_id": "cpd00001", "coefficient": -1}, {"bigg_id": "cpd00002", "coefficient": -2}, {"bigg_id": "cpd00053", "coefficient": -1}, {"bigg_id": "cpd00242", "coefficient": -1}, {"bigg_id": "cpd00008", "coefficient": 2}, {"bigg_id": "cpd00009", "coefficient": 1}, {"bigg_id": "cpd00023", "coefficient": 1}, {"bigg_id": "cpd00067", "coefficient": 2}, {"bigg_id": "cpd00146", "coefficient": 1}], "segments": {"96": {"from_node_id": "104", "to_node_id": "105", "b1": null, "b2": null}, "97": {"from_node_id": "106", "to_node_id": "105", "b1": null, "b2": null}, "98": {"from_node_id": "104", "to_node_id": "107", "b1": {"x": -735.7385740213169, "y": 1881.3851093584112}, "b2": {"x": -730.4885740213169, "y": 1863.3851093584112}}, "99": {"from_node_id": "104", "to_node_id": "108", "b1": {"x": -739.7385740213169, "y": 1881.3851093584112}, "b2": {"x": -694.6224218638939, "y": 1918.6443384040322}}, "100": {"from_node_id": "104", "to_node_id": "109", "b1": {"x": -735.7385740213169, "y": 1881.3851093584112}, "b2": {"x": -695.2126606165443, "y": 1879.3273244246889}}, "101": {"from_node_id": "104", "to_node_id": "110", "b1": {"x": -735.7385740213169, "y": 1881.3851093584112}, "b2": {"x": -745.4885740213169, "y": 1917.3851093584112}}, "102": {"from_node_id": "106", "to_node_id": "111", "b1": {"x": -867.7385740213169, "y": 1881.3851093584112}, "b2": {"x": -854.9885740213169, "y": 1848.3851093584112}}, "103": {"from_node_id": "106", "to_node_id": "112", "b1": {"x": -867.7385740213169, "y": 1881.3851093584112}, "b2": {"x": -872.9885740213169, "y": 1863.3851093584112}}, "104": {"from_node_id": "106", "to_node_id": "113", "b1": {"x": -867.7385740213169, "y": 1881.3851093584112}, "b2": {"x": -899.9885740213169, "y": 1896.3851093584112}}, "105": {"from_node_id": "106", "to_node_id": "114", "b1": {"x": -867.7385740213169, "y": 1881.3851093584112}, "b2": {"x": -857.9885740213169, "y": 1884.3851093584112}}, "106": {"from_node_id": "106", "to_node_id": "101", "b1": {"x": -863.7385740213169, "y": 1881.3851093584112}, "b2": {"x": -917.9885740213169, "y": 1881.3851093584112}}}}, "15": {"name": "rxn00711", "bigg_id": "rxn00711", "reversibility": false, "label_x": -150.73857402131694, "label_y": 749.3851093584113, "gene_reaction_rule": "", "genes": [], "metabolites": [{"bigg_id": "cpd00012", "coefficient": -1}, {"bigg_id": "cpd00067", "coefficient": -1}, {"bigg_id": "cpd00091", "coefficient": -1}, {"bigg_id": "cpd00092", "coefficient": 1}, {"bigg_id": "cpd00103", "coefficient": 1}], "segments": {"107": {"from_node_id": "115", "to_node_id": "116", "b1": null, "b2": null}, "108": {"from_node_id": "117", "to_node_id": "116", "b1": null, "b2": null}, "109": {"from_node_id": "115", "to_node_id": "118", "b1": {"x": -166.73857402131694, "y": 789.3851093584113}, "b2": {"x": -171.98857402131694, "y": 771.3851093584113}}, "110": {"from_node_id": "115", "to_node_id": "119", "b1": {"x": -166.73857402131694, "y": 789.3851093584113}, "b2": {"x": -171.98857402131694, "y": 807.3851093584113}}, "111": {"from_node_id": "115", "to_node_id": "70", "b1": {"x": -162.73857402131694, "y": 789.3851093584113}, "b2": {"x": -216.98857402131694, "y": 789.3851093584113}}, "112": {"from_node_id": "117", "to_node_id": "120", "b1": {"x": -34.738574021316936, "y": 789.3851093584113}, "b2": {"x": 8.67494196539188, "y": 792.1666300819869}}, "113": {"from_node_id": "117", "to_node_id": "121", "b1": {"x": -38.738574021316936, "y": 789.3851093584113}, "b2": {"x": -21.991378047986498, "y": 820.0231162631816}}}}}, "nodes": {"47": {"node_type": "metabolite", "x": -625.7385740213169, "y": 789.3851093584113, "bigg_id": "cpd00810", "name": "Orotidylic acid", "label_x": -697.7385740213169, "label_y": 819.3851093584113, "node_is_primary": true}, "65": {"node_type": "multimarker", "x": -470.73857402131694, "y": 789.3851093584113}, "66": {"node_type": "midmarker", "x": -450.73857402131694, "y": 789.3851093584113}, "67": {"node_type": "multimarker", "x": -430.73857402131694, "y": 789.3851093584113}, "68": {"node_type": "metabolite", "x": -555.7385740213169, "y": 869.3851093584113, "bigg_id": "cpd00067", "name": "H+", "label_x": -598.938574021317, "label_y": 909.3851093584113, "node_is_primary": false}, "69": {"node_type": "metabolite", "x": -345.73857402131694, "y": 869.3851093584113, "bigg_id": "cpd00011", "name": "CO2", "label_x": -388.9385740213169, "label_y": 909.3851093584113, "node_is_primary": false}, "70": {"node_type": "metabolite", "x": -275.73857402131694, "y": 789.3851093584113, "bigg_id": "cpd00091", "name": "UMP", "label_x": -318.9385740213169, "label_y": 829.3851093584113, "node_is_primary": true}, "71": {"node_type": "multimarker", "x": -780.7385740213169, "y": 789.3851093584113}, "72": {"node_type": "midmarker", "x": -800.7385740213169, "y": 789.3851093584113}, "73": {"node_type": "multimarker", "x": -820.7385740213169, "y": 789.3851093584113}, "74": {"node_type": "metabolite", "x": -695.7385740213169, "y": 869.3851093584113, "bigg_id": "cpd00012", "name": "PPi", "label_x": -738.938574021317, "label_y": 909.3851093584113, "node_is_primary": false}, "75": {"node_type": "metabolite", "x": -695.7385740213169, "y": 709.3851093584113, "bigg_id": "cpd00067", "name": "H+", "label_x": -738.938574021317, "label_y": 689.3851093584113, "node_is_primary": false}, "76": {"node_type": "metabolite", "x": -906.7385740213169, "y": 705.3851093584113, "bigg_id": "cpd00103", "name": "PRPP", "label_x": -925.938574021317, "label_y": 679.3851093584113, "node_is_primary": false}, "77": {"node_type": "metabolite", "x": -968.7385740213169, "y": 787.3851093584113, "bigg_id": "cpd00247", "name": "Orotate", "label_x": -1011.938574021317, "label_y": 767.3851093584113, "node_is_primary": true}, "78": {"node_type": "multimarker", "x": -1058.738574021317, "y": 1009.3851093584113}, "79": {"node_type": "midmarker", "x": -1058.738574021317, "y": 989.3851093584113}, "80": {"node_type": "multimarker", "x": -1058.738574021317, "y": 969.3851093584113}, "81": {"node_type": "metabolite", "x": -1138.738574021317, "y": 1094.3851093584112, "bigg_id": "cpd00007", "name": "O2", "label_x": -1189.738574021317, "label_y": 1106.3851093584112, "node_is_primary": false}, "82": {"node_type": "metabolite", "x": -977.7385740213169, "y": 1185.3851093584112, "bigg_id": "cpd00282", "name": "S-Dihydroorotate", "label_x": -1078.738574021317, "label_y": 1224.3851093584112, "node_is_primary": true}, "83": {"node_type": "metabolite", "x": -1138.738574021317, "y": 884.3851093584113, "bigg_id": "cpd00025", "name": "H2O2", "label_x": -1213.738574021317, "label_y": 899.3851093584113, "node_is_primary": false}, "84": {"node_type": "multimarker", "x": -893.7385740213169, "y": 1015.3851093584112}, "85": {"node_type": "midmarker", "x": -893.7385740213169, "y": 995.3851093584112}, "86": {"node_type": "multimarker", "x": -893.7385740213169, "y": 975.3851093584112}, "87": {"node_type": "metabolite", "x": -818.7385740213169, "y": 1095.3851093584112, "bigg_id": "cpd00003", "name": "NAD", "label_x": -793.7385740213169, "label_y": 1095.3851093584112, "node_is_primary": false}, "89": {"node_type": "metabolite", "x": -813.7385740213169, "y": 890.3851093584113, "bigg_id": "cpd00004", "name": "NADH", "label_x": -798.7385740213169, "label_y": 890.3851093584113, "node_is_primary": false}, "90": {"node_type": "metabolite", "x": -796.7385740213169, "y": 935.3851093584113, "bigg_id": "cpd00067", "name": "H+", "label_x": -778.7385740213169, "label_y": 950.3851093584113, "node_is_primary": false}, "91": {"node_type": "multimarker", "x": -977.7385740213169, "y": 1340.3851093584112}, "92": {"node_type": "midmarker", "x": -977.7385740213169, "y": 1360.3851093584112}, "93": {"node_type": "multimarker", "x": -977.7385740213169, "y": 1380.3851093584112}, "94": {"node_type": "metabolite", "x": -1057.738574021317, "y": 1255.3851093584112, "bigg_id": "cpd00001", "name": "H2O", "label_x": -1129.738574021317, "label_y": 1285.3851093584112, "node_is_primary": false}, "95": {"node_type": "metabolite", "x": -1057.738574021317, "y": 1465.3851093584112, "bigg_id": "cpd00067", "name": "H+", "label_x": -1129.738574021317, "label_y": 1495.3851093584112, "node_is_primary": false}, "96": {"node_type": "metabolite", "x": -977.7385740213169, "y": 1535.3851093584112, "bigg_id": "cpd00343", "name": "N-Carbamoyl-L-aspartate", "label_x": -952.7385740213169, "label_y": 1535.3851093584112, "node_is_primary": true}, "97": {"node_type": "multimarker", "x": -977.7385740213169, "y": 1730.3851093584112}, "98": {"node_type": "midmarker", "x": -977.7385740213169, "y": 1710.3851093584112}, "99": {"node_type": "multimarker", "x": -977.7385740213169, "y": 1690.3851093584112}, "100": {"node_type": "metabolite", "x": -1067.738574021317, "y": 1825.3851093584112, "bigg_id": "cpd00041", "name": "L-Aspartate", "label_x": -1171.738574021317, "label_y": 1783.3851093584112, "node_is_primary": false}, "101": {"node_type": "metabolite", "x": -976.7385740213169, "y": 1881.3851093584112, "bigg_id": "cpd00146", "name": "Carbamoylphosphate", "label_x": -1141.738574021317, "label_y": 1911.3851093584112, "node_is_primary": true}, "102": {"node_type": "metabolite", "x": -897.7385740213169, "y": 1605.3851093584112, "bigg_id": "cpd00009", "name": "Phosphate", "label_x": -882.7385740213169, "label_y": 1605.3851093584112, "node_is_primary": false}, "103": {"node_type": "metabolite", "x": -1057.738574021317, "y": 1605.3851093584112, "bigg_id": "cpd00067", "name": "H+", "label_x": -1129.738574021317, "label_y": 1635.3851093584112, "node_is_primary": false}, "104": {"node_type": "multimarker", "x": -781.7385740213169, "y": 1881.3851093584112}, "105": {"node_type": "midmarker", "x": -801.7385740213169, "y": 1881.3851093584112}, "106": {"node_type": "multimarker", "x": -821.7385740213169, "y": 1881.3851093584112}, "107": {"node_type": "metabolite", "x": -696.7385740213169, "y": 1801.3851093584112, "bigg_id": "cpd00001", "name": "H2O", "label_x": -739.938574021317, "label_y": 1781.3851093584112, "node_is_primary": false}, "108": {"node_type": "metabolite", "x": -668.7385740213169, "y": 1971.3851093584112, "bigg_id": "cpd00002", "name": "ATP", "label_x": -711.938574021317, "label_y": 2011.3851093584112, "node_is_primary": false}, "109": {"node_type": "metabolite", "x": -624.7385740213169, "y": 1883.3851093584112, "bigg_id": "cpd00053", "name": "L-Glutamine", "label_x": -652.938574021317, "label_y": 1923.3851093584112, "node_is_primary": true}, "110": {"node_type": "metabolite", "x": -716.7385740213169, "y": 2041.3851093584112, "bigg_id": "cpd00242", "name": "H2CO3", "label_x": -759.938574021317, "label_y": 2081.3851093584112, "node_is_primary": false}, "111": {"node_type": "metabolite", "x": -883.7385740213169, "y": 1724.3851093584112, "bigg_id": "cpd00008", "name": "ADP", "label_x": -926.938574021317, "label_y": 1704.3851093584112, "node_is_primary": false}, "112": {"node_type": "metabolite", "x": -906.7385740213169, "y": 1801.3851093584112, "bigg_id": "cpd00009", "name": "Phosphate", "label_x": -943.938574021317, "label_y": 1772.3851093584112, "node_is_primary": false}, "113": {"node_type": "metabolite", "x": -933.7385740213169, "y": 1958.3851093584112, "bigg_id": "cpd00023", "name": "L-Glutamate", "label_x": -1012.938574021317, "label_y": 1986.3851093584112, "node_is_primary": false}, "114": {"node_type": "metabolite", "x": -886.7385740213169, "y": 2008.3851093584112, "bigg_id": "cpd00067", "name": "H+", "label_x": -929.938574021317, "label_y": 2048.3851093584112, "node_is_primary": false}, "115": {"node_type": "multimarker", "x": -120.73857402131694, "y": 789.3851093584113}, "116": {"node_type": "midmarker", "x": -100.73857402131694, "y": 789.3851093584113}, "117": {"node_type": "multimarker", "x": -80.73857402131694, "y": 789.3851093584113}, "118": {"node_type": "metabolite", "x": -205.73857402131694, "y": 709.3851093584113, "bigg_id": "cpd00012", "name": "PPi", "label_x": -248.93857402131692, "label_y": 689.3851093584113, "node_is_primary": false}, "119": {"node_type": "metabolite", "x": -205.73857402131694, "y": 869.3851093584113, "bigg_id": "cpd00067", "name": "H+", "label_x": -248.93857402131692, "label_y": 909.3851093584113, "node_is_primary": false}, "120": {"node_type": "metabolite", "x": 79.26142597868306, "y": 791.3851093584113, "bigg_id": "cpd00092", "name": "Uracil", "label_x": 36.06142597868307, "label_y": 831.3851093584113, "node_is_primary": true}, "121": {"node_type": "metabolite", "x": 8.261425978683064, "y": 870.3851093584113, "bigg_id": "cpd00103", "name": "PRPP", "label_x": -34.93857402131693, "label_y": 910.3851093584113, "node_is_primary": false}}, "text_labels": {"0": {"x": -813, "y": 556, "text": "De Novo Pyrimidine Synthesis"}}, "canvas": {"x": -1449, "y": 282.9999694824219, "width": 1917, "height": 2055.000030517578}}]