[{"map_name":"new_map","map_id":"GKTJlz8PPNSv","map_description":"","homepage":"https://escher.github.io","schema":"https://escher.github.io/escher/jsonschema/1-0-0#"},{"reactions":{"0":{"name":"rxn11932","bigg_id":"rxn11932","reversibility":false,"label_x":232.4688356689225,"label_y":-70.17295451323253,"gene_reaction_rule":"","genes":[],"metabolites":[{"bigg_id":"cpd00415","coefficient":-1},{"bigg_id":"cpd00418","coefficient":-2},{"bigg_id":"cpd00001","coefficient":1},{"bigg_id":"cpd00364","coefficient":1},{"bigg_id":"cpd00659","coefficient":1}],"segments":{"0":{"from_node_id":"1","to_node_id":"2","b1":null,"b2":null},"1":{"from_node_id":"3","to_node_id":"2","b1":null,"b2":null},"2":{"from_node_id":"1","to_node_id":"0","b1":{"x":217.01626784179274,"y":-142.17130273608345},"b2":{"x":223.25238491311197,"y":-164.9333872292401}},"3":{"from_node_id":"1","to_node_id":"13","b1":{"x":216.9870699174617,"y":-146.17119616981546},"b2":{"x":131.31695374482103,"y":-312.0831664015186}},"4":{"from_node_id":"3","to_node_id":"5","b1":{"x":217.95060142038352,"y":-14.174712856649421},"b2":{"x":235.98844414786367,"y":-9.056243384365075}},"5":{"from_node_id":"3","to_node_id":"6","b1":{"x":217.9214034960528,"y":-18.17460629038166},"b2":{"x":218.32046050762742,"y":65.90390430233455}},"6":{"from_node_id":"3","to_node_id":"7","b1":{"x":217.95060142038352,"y":-14.174712856649421},"b2":{"x":104.85275337534642,"y":186.7632926266854}}}},"1":{"name":"rxn00567","bigg_id":"rxn00567","reversibility":false,"label_x":-120.16518815694084,"label_y":-632.6051780036746,"gene_reaction_rule":"","genes":[],"metabolites":[{"bigg_id":"cpd00001","coefficient":-1},{"bigg_id":"cpd00109","coefficient":-1},{"bigg_id":"cpd00418","coefficient":-1},{"bigg_id":"cpd00067","coefficient":1},{"bigg_id":"cpd00075","coefficient":1},{"bigg_id":"cpd00110","coefficient":1}],"segments":{"7":{"from_node_id":"9","to_node_id":"10","b1":null,"b2":null},"8":{"from_node_id":"11","to_node_id":"10","b1":null,"b2":null},"9":{"from_node_id":"9","to_node_id":"8","b1":{"x":-135.15881191159988,"y":-580.6051783315489},"b2":{"x":-138.46949285526705,"y":-544.5842535553575}},"10":{"from_node_id":"9","to_node_id":"12","b1":{"x":-135.15840054093292,"y":-576.6051783527024},"b2":{"x":-153.15786052174278,"y":-571.3533272124636}},"11":{"from_node_id":"9","to_node_id":"13","b1":{"x":-135.15840054093292,"y":-576.6051783527024},"b2":{"x":-1.1414578740888075,"y":-463.6497183191907}},"12":{"from_node_id":"11","to_node_id":"14","b1":{"x":-135.17197577294834,"y":-708.6051776546458},"b2":{"x":-149.86336879893693,"y":-765.2274463489199}},"13":{"from_node_id":"11","to_node_id":"33","b1":{"x":-135.17197577294834,"y":-708.6051776546458},"b2":{"x":-22.440541911727202,"y":-813.1100362182102}},"14":{"from_node_id":"11","to_node_id":"16","b1":{"x":-135.17156440228146,"y":-704.6051776757996},"b2":{"x":-160.0311628430946,"y":-717.4221096415714}}}},"2":{"name":"rxn01806","bigg_id":"rxn01806","reversibility":false,"label_x":-60.624537743676655,"label_y":-77.47920338455833,"gene_reaction_rule":"","genes":[],"metabolites":[{"bigg_id":"cpd00004","coefficient":-1},{"bigg_id":"cpd00067","coefficient":-1},{"bigg_id":"cpd00418","coefficient":-2},{"bigg_id":"cpd00001","coefficient":1},{"bigg_id":"cpd00003","coefficient":1},{"bigg_id":"cpd00659","coefficient":1}],"segments":{"15":{"from_node_id":"18","to_node_id":"19","b1":null,"b2":null},"16":{"from_node_id":"20","to_node_id":"19","b1":null,"b2":null},"17":{"from_node_id":"18","to_node_id":"17","b1":{"x":-77.65446106666141,"y":-149.4459639203715},"b2":{"x":-94.34697012646942,"y":-216.92309688939412}},"18":{"from_node_id":"18","to_node_id":"21","b1":{"x":-77.785423861693,"y":-153.44381943881083},"b2":{"x":-103.23285466222188,"y":-164.6238098198598}},"19":{"from_node_id":"18","to_node_id":"13","b1":{"x":-77.785423861693,"y":-153.44381943881083},"b2":{"x":11.296206943375758,"y":-325.47295310719176}},"20":{"from_node_id":"20","to_node_id":"23","b1":{"x":-73.4636516256603,"y":-21.51458733030529},"b2":{"x":-93.30189364298741,"y":-12.409277553138025}},"21":{"from_node_id":"20","to_node_id":"24","b1":{"x":-73.59461442069224,"y":-25.512442848744882},"b2":{"x":-80.10792716796095,"y":-4.435114738608377}},"22":{"from_node_id":"20","to_node_id":"7","b1":{"x":-73.4636516256603,"y":-21.51458733030529},"b2":{"x":32.89342345860175,"y":193.25515970313964}}}},"3":{"name":"rxn05890","bigg_id":"rxn05890","reversibility":false,"label_x":74.69149112873225,"label_y":-633.3641113496831,"gene_reaction_rule":"","genes":[],"metabolites":[{"bigg_id":"cpd00001","coefficient":-1},{"bigg_id":"cpd00418","coefficient":-1},{"bigg_id":"cpd12711","coefficient":-1},{"bigg_id":"cpd00067","coefficient":1},{"bigg_id":"cpd00075","coefficient":1},{"bigg_id":"cpd12712","coefficient":1}],"segments":{"23":{"from_node_id":"27","to_node_id":"28","b1":null,"b2":null},"24":{"from_node_id":"29","to_node_id":"28","b1":null,"b2":null},"25":{"from_node_id":"27","to_node_id":"26","b1":{"x":264.9225585383403,"y":-597.951938780972},"b2":{"x":274.4245692787659,"y":-573.5464359025191}},"26":{"from_node_id":"27","to_node_id":"13","b1":{"x":265.01243697378806,"y":-593.9529486751028},"b2":{"x":132.79943507671916,"y":-465.65382278731613}},"27":{"from_node_id":"27","to_node_id":"31","b1":{"x":265.01243697378806,"y":-593.9529486751028},"b2":{"x":283.12585789672715,"y":-589.1087271206673}},"28":{"from_node_id":"29","to_node_id":"32","b1":{"x":262.1363270394367,"y":-721.9206320629254},"b2":{"x":263.47878175486113,"y":-751.4643471197504}},"29":{"from_node_id":"29","to_node_id":"33","b1":{"x":262.0464486039875,"y":-725.9196221687948},"b2":{"x":148.12446941894476,"y":-817.8562856700216}},"30":{"from_node_id":"29","to_node_id":"34","b1":{"x":262.0464486039875,"y":-725.9196221687948},"b2":{"x":279.9239386338743,"y":-731.5727496422672}}}},"4":{"name":"rxn06246","bigg_id":"rxn06246","reversibility":false,"label_x":92.09467296278241,"label_y":499.3386434486471,"gene_reaction_rule":"","genes":[],"metabolites":[{"bigg_id":"cpd00001","coefficient":-1},{"bigg_id":"cpd00528","coefficient":-1},{"bigg_id":"cpd11609","coefficient":-1},{"bigg_id":"cpd00659","coefficient":1},{"bigg_id":"cpd11610","coefficient":1}],"segments":{"31":{"from_node_id":"36","to_node_id":"37","b1":null,"b2":null},"32":{"from_node_id":"38","to_node_id":"37","b1":null,"b2":null},"33":{"from_node_id":"36","to_node_id":"35","b1":{"x":77.10104920812341,"y":551.3386431207731},"b2":{"x":60.5303487981091,"y":565.8171540129856}},"34":{"from_node_id":"36","to_node_id":"39","b1":{"x":77.1014605787905,"y":555.3386430996197},"b2":{"x":77.33464889891684,"y":592.075801929375}},"35":{"from_node_id":"36","to_node_id":"40","b1":{"x":77.1014605787905,"y":555.3386430996197},"b2":{"x":95.10200040760155,"y":560.5867919038526}},"36":{"from_node_id":"38","to_node_id":"7","b1":{"x":77.08829671744193,"y":427.3386437765222},"b2":{"x":75.42463114536478,"y":364.8026206939604}},"37":{"from_node_id":"38","to_node_id":"42","b1":{"x":77.08788534677439,"y":423.3386437976758},"b2":{"x":95.08734532758444,"y":418.0867926574372}}}}},"nodes":{"0":{"node_type":"metabolite","x":267.56828855408884,"y":-225.34363501890695,"bigg_id":"cpd00415","name":"Quinol","label_x":292.56828855408895,"label_y":-225.34363501890695,"node_is_primary":false},"1":{"node_type":"multimarker","x":217.32284604726757,"y":-100.17242168189428},"2":{"node_type":"midmarker","x":217.46883566892276,"y":-80.17295451323253},"3":{"node_type":"multimarker","x":217.61482529057758,"y":-60.17348734457073},"5":{"node_type":"metabolite","x":298.23314985725654,"y":24.24028963562114,"bigg_id":"cpd00001","name":"H2O","label_x":329.92797407600654,"label_y":31.395216889344283,"node_is_primary":false},"6":{"node_type":"metabolite","x":266.8086614565388,"y":124.64739655787062,"bigg_id":"cpd00364","name":"Chinone","label_x":292.90435695214427,"label_y":134.57296418482375,"node_is_primary":false},"7":{"node_type":"metabolite","x":74.05967384277267,"y":295.5372730326154,"bigg_id":"cpd00659","name":"Nitrous oxide","label_x":-86.56200927795481,"label_y":299.8722034525373,"node_is_primary":true},"8":{"node_type":"metabolite","x":-184.86475717552983,"y":-477.5433794931938,"bigg_id":"cpd00001","name":"H2O","label_x":-247.58282243737065,"label_y":-471.843962378936,"node_is_primary":false},"9":{"node_type":"multimarker","x":-135.16313130360498,"y":-622.6051781094405},"10":{"node_type":"midmarker","x":-135.16518815694084,"y":-642.6051780036746},"11":{"node_type":"multimarker","x":-135.16724501027625,"y":-662.6051778979086},"12":{"node_type":"metabolite","x":-215.15438925386346,"y":-537.5969511456032,"bigg_id":"cpd00109","name":"Cytochrome c3+","label_x":-392.1449516928283,"label_y":-545.9443632549782,"node_is_primary":false},"13":{"node_type":"metabolite","x":62.52162535078734,"y":-406.70520405052696,"bigg_id":"cpd00418","name":"NO","label_x":94.268072198703,"label_y":-394.59253315208946,"node_is_primary":true},"14":{"node_type":"metabolite","x":-211.86683941106546,"y":-798.971069925099,"bigg_id":"cpd00067","name":"H+","label_x":-252.91376018743264,"label_y":-806.1259771516615,"node_is_primary":false},"16":{"node_type":"metabolite","x":-224.66482294514074,"y":-738.0494348206546,"bigg_id":"cpd00110","name":"Cytochrome c2+","label_x":-388.0779012532462,"label_y":-745.2044030823733,"node_is_primary":false},"17":{"node_type":"metabolite","x":-220.55848921842542,"y":-242.48443886933853,"bigg_id":"cpd00004","name":"NADH","label_x":-310.0373252779957,"label_y":-236.52199074922135,"node_is_primary":false},"18":{"node_type":"multimarker","x":-76.27935171883288,"y":-107.46848097675588},"19":{"node_type":"midmarker","x":-75.62453774367665,"y":-87.47920338455833},"20":{"node_type":"multimarker","x":-74.96972376851997,"y":-67.48992579236048},"21":{"node_type":"metabolite","x":-159.38959781530315,"y":-177.0056449423638,"bigg_id":"cpd00067","name":"H+","label_x":-207.59145633581096,"label_y":-169.85070719822318,"node_is_primary":false},"23":{"node_type":"metabolite","x":-164.75068511313717,"y":11.69274485036064,"bigg_id":"cpd00001","name":"H2O","label_x":-228.6380294734887,"label_y":23.35912167950798,"node_is_primary":false},"24":{"node_type":"metabolite","x":-202.47055465134835,"y":105.66998019311981,"bigg_id":"cpd00003","name":"NAD","label_x":-271.67709762009827,"label_y":112.8249103078659,"node_is_primary":false},"26":{"node_type":"metabolite","x":298.94333768079474,"y":-538.0147197227476,"bigg_id":"cpd00001","name":"H2O","label_x":312.0184719581385,"label_y":-517.7424418907163,"node_is_primary":false},"27":{"node_type":"multimarker","x":263.97883496613076,"y":-639.9413348926007},"28":{"node_type":"midmarker","x":263.5294427888884,"y":-659.9362854219487},"29":{"node_type":"multimarker","x":263.0800506116461,"y":-679.9312359512963},"31":{"node_type":"metabolite","x":345.86855383679864,"y":-556.7603638518461,"bigg_id":"cpd12711","name":"Oxidized azurin","label_x":367.25055762097827,"label_y":-557.6246216643461,"node_is_primary":false},"32":{"node_type":"metabolite","x":298.61819029784573,"y":-803.5744186418383,"bigg_id":"cpd00067","name":"H+","label_x":316.46328307128323,"label_y":-805.959367372307,"node_is_primary":false},"33":{"node_type":"metabolite","x":59.524812852139,"y":-877.2964514453147,"bigg_id":"cpd00075","name":"Nitrite","label_x":24.98411003231479,"label_y":-911.0718115527366,"node_is_primary":true},"34":{"node_type":"metabolite","x":341.14993597575324,"y":-766.7073444099918,"bigg_id":"cpd12712","name":"Reduced azurin","label_x":366.10934759684704,"label_y":-756.8134235115541,"node_is_primary":false},"35":{"node_type":"metabolite","x":2.5298046779032575,"y":586.4570301855802,"bigg_id":"cpd00001","name":"H2O","label_x":-63.0992751408223,"label_y":595.9969471777677,"node_is_primary":false},"36":{"node_type":"multimarker","x":77.09672981611808,"y":509.33864334288137},"37":{"node_type":"midmarker","x":77.09467296278241,"y":489.3386434486471},"38":{"node_type":"multimarker","x":77.09261610944648,"y":469.3386435544131},"39":{"node_type":"metabolite","x":76.658630927935,"y":658.9702199511553,"bigg_id":"cpd00528","name":"N2","label_x":104.87601526631381,"label_y":661.6136525683428,"node_is_primary":true},"40":{"node_type":"metabolite","x":157.10547101973066,"y":594.3304154800323,"bigg_id":"cpd11609","name":"A","label_x":178.33898389814863,"label_y":603.2512528823761,"node_is_primary":false},"42":{"node_type":"metabolite","x":157.08387405970572,"y":384.33041659057767,"bigg_id":"cpd11610","name":"AH2","label_x":175.85334427454947,"label_y":397.03045931518704,"node_is_primary":false}},"text_labels":{"0":{"x":-112.06983184814453,"y":-1115.6768798828125,"text":"Denitrification"}},"canvas":{"x":-726.852294921875,"y":-1394.4674072265625,"width":1597.1871948242188,"height":2297.1817626953125}}]