[{"map_name":"new_map","map_id":"XKtb5FHSOHpz","map_description":"","homepage":"https://escher.github.io","schema":"https://escher.github.io/escher/jsonschema/1-0-0#"},{"reactions":{"2":{"name":"ethanolamine ammonia-lyase (acetaldehyde-forming)","bigg_id":"rxn00539","reversibility":false,"label_x":685,"label_y":96.00003051757812,"gene_reaction_rule":"","genes":[],"metabolites":[{"bigg_id":"cpd00013","coefficient":1},{"bigg_id":"cpd00162","coefficient":-1},{"bigg_id":"cpd00071","coefficient":1}],"segments":{"11":{"from_node_id":"14","to_node_id":"15","b1":null,"b2":null},"12":{"from_node_id":"16","to_node_id":"15","b1":null,"b2":null},"13":{"from_node_id":"16","to_node_id":"17","b1":{"x":670,"y":148.00003051757812},"b2":{"x":739.2713228585493,"y":177.41731727279029}},"14":{"from_node_id":"14","to_node_id":"13","b1":{"x":670,"y":24.000030517578125},"b2":{"x":670,"y":-30.249969482421875}},"15":{"from_node_id":"16","to_node_id":"18","b1":{"x":670,"y":152.00003051757812},"b2":{"x":652.3996858596678,"y":291.76721338147684}}}},"4":{"name":"acetaldehyde:NAD+ oxidoreductase (CoA-acetylating)","bigg_id":"rxn00171","reversibility":false,"label_x":349,"label_y":331.0000305175781,"gene_reaction_rule":"","genes":[],"metabolites":[{"bigg_id":"cpd00004","coefficient":1},{"bigg_id":"cpd00003","coefficient":-1},{"bigg_id":"cpd00022","coefficient":1},{"bigg_id":"cpd00010","coefficient":-1},{"bigg_id":"cpd00067","coefficient":1},{"bigg_id":"cpd00071","coefficient":-1}],"segments":{"24":{"from_node_id":"28","to_node_id":"29","b1":null,"b2":null},"25":{"from_node_id":"30","to_node_id":"29","b1":null,"b2":null},"26":{"from_node_id":"30","to_node_id":"31","b1":{"x":337,"y":371.0000305175781},"b2":{"x":282.75,"y":371.0000305175781}},"27":{"from_node_id":"28","to_node_id":"32","b1":{"x":465,"y":371.0000305175781},"b2":{"x":470.25,"y":389.0000305175781}},"28":{"from_node_id":"30","to_node_id":"33","b1":{"x":333,"y":371.0000305175781},"b2":{"x":327.75,"y":389.0000305175781}},"29":{"from_node_id":"28","to_node_id":"34","b1":{"x":465,"y":371.0000305175781},"b2":{"x":470.25,"y":353.0000305175781}},"30":{"from_node_id":"30","to_node_id":"35","b1":{"x":333,"y":371.0000305175781},"b2":{"x":327.75,"y":353.0000305175781}},"31":{"from_node_id":"28","to_node_id":"18","b1":{"x":461,"y":371.0000305175781},"b2":{"x":562.3613890109712,"y":379.0181738380016}}}},"6":{"name":"ethanol:NAD+ oxidoreductase","bigg_id":"rxn00543","reversibility":false,"label_x":731,"label_y":405.0000305175781,"gene_reaction_rule":"","genes":[],"metabolites":[{"bigg_id":"cpd00004","coefficient":1},{"bigg_id":"cpd00003","coefficient":-1},{"bigg_id":"cpd00363","coefficient":-1},{"bigg_id":"cpd00067","coefficient":1},{"bigg_id":"cpd00071","coefficient":1}],"segments":{"38":{"from_node_id":"43","to_node_id":"44","b1":null,"b2":null},"39":{"from_node_id":"45","to_node_id":"44","b1":null,"b2":null},"40":{"from_node_id":"45","to_node_id":"46","b1":{"x":717,"y":349.0000305175781},"b2":{"x":733.75,"y":339.0000305175781}},"41":{"from_node_id":"43","to_node_id":"47","b1":{"x":845,"y":349.0000305175781},"b2":{"x":881.25,"y":259.0000305175781}},"42":{"from_node_id":"43","to_node_id":"48","b1":{"x":849,"y":349.0000305175781},"b2":{"x":915.422451928726,"y":350.3683171275329}},"43":{"from_node_id":"45","to_node_id":"49","b1":{"x":717,"y":349.0000305175781},"b2":{"x":712.469994383859,"y":358.32019353061617}},"44":{"from_node_id":"45","to_node_id":"18","b1":{"x":721,"y":349.0000305175781},"b2":{"x":672.75,"y":351.0000305175781}}}}},"nodes":{"13":{"node_type":"metabolite","x":670,"y":-88.99996948242188,"bigg_id":"cpd00162","name":"Aminoethanol","label_x":695,"label_y":-88.99996948242188,"node_is_primary":true},"14":{"node_type":"multimarker","x":670,"y":66.00003051757812},"15":{"node_type":"midmarker","x":670,"y":86.00003051757812},"16":{"node_type":"multimarker","x":670,"y":106.00003051757812},"17":{"node_type":"metabolite","x":798,"y":179.00003051757812,"bigg_id":"cpd00013","name":"NH3","label_x":823,"label_y":179.00003051757812,"node_is_primary":true},"18":{"node_type":"metabolite","x":614,"y":351.0000305175781,"bigg_id":"cpd00071","name":"Acetaldehyde","label_x":590,"label_y":385.0000305175781,"node_is_primary":false},"28":{"node_type":"multimarker","x":419,"y":371.0000305175781},"29":{"node_type":"midmarker","x":399,"y":371.0000305175781},"30":{"node_type":"multimarker","x":379,"y":371.0000305175781},"31":{"node_type":"metabolite","x":224,"y":371.0000305175782,"bigg_id":"cpd00004","name":"NADH","label_x":180.79999999999995,"label_y":411.0000305175782,"node_is_primary":true},"32":{"node_type":"metabolite","x":504,"y":451.0000305175781,"bigg_id":"cpd00003","name":"NAD","label_x":460.79999999999995,"label_y":491.0000305175781,"node_is_primary":false},"33":{"node_type":"metabolite","x":294,"y":451.0000305175781,"bigg_id":"cpd00022","name":"Acetyl-CoA","label_x":250.79999999999995,"label_y":491.0000305175781,"node_is_primary":false},"34":{"node_type":"metabolite","x":504,"y":291.0000305175781,"bigg_id":"cpd00010","name":"CoA","label_x":460.79999999999995,"label_y":271.0000305175781,"node_is_primary":false},"35":{"node_type":"metabolite","x":294,"y":291.0000305175781,"bigg_id":"cpd00067","name":"H+","label_x":250.79999999999995,"label_y":271.0000305175781,"node_is_primary":false},"43":{"node_type":"multimarker","x":803,"y":349.0000305175781},"44":{"node_type":"midmarker","x":783,"y":349.0000305175781},"45":{"node_type":"multimarker","x":763,"y":349.0000305175781},"46":{"node_type":"metabolite","x":700,"y":277.0000305175781,"bigg_id":"cpd00004","name":"NADH","label_x":674.8,"label_y":253.00003051757812,"node_is_primary":false},"47":{"node_type":"metabolite","x":940,"y":259.0000305175781,"bigg_id":"cpd00003","name":"NAD","label_x":896.8,"label_y":299.0000305175781,"node_is_primary":true},"48":{"node_type":"metabolite","x":986,"y":349.0000305175781,"bigg_id":"cpd00363","name":"Ethanol","label_x":942.8,"label_y":389.0000305175781,"node_is_primary":false},"49":{"node_type":"metabolite","x":680,"y":421.0000305175781,"bigg_id":"cpd00067","name":"H+","label_x":636.8,"label_y":461.0000305175781,"node_is_primary":false}},"text_labels":{},"canvas":{"x":-1500,"y":-809,"width":4500,"height":2427}}]