[{"map_name":"new_map","map_id":"saxrP5MxaKIP","map_description":"\nLast Modified Mon Jun 10 2019 11:32:21 GMT-0500 (Central Daylight Time)","homepage":"https://escher.github.io","schema":"https://escher.github.io/escher/jsonschema/1-0-0#"},{"reactions":{"0":{"name":"rxn05349","bigg_id":"rxn05349","reversibility":false,"label_x":4.999969482421875,"label_y":165.00003051757812,"gene_reaction_rule":"","genes":[],"metabolites":[{"bigg_id":"cpd00022","coefficient":-1},{"bigg_id":"cpd11493","coefficient":-1},{"bigg_id":"cpd00010","coefficient":1},{"bigg_id":"cpd11494","coefficient":1}],"segments":{"0":{"from_node_id":"1","to_node_id":"2","b1":null,"b2":null},"1":{"from_node_id":"3","to_node_id":"2","b1":null,"b2":null},"2":{"from_node_id":"1","to_node_id":"0","b1":{"x":-10.000030517578125,"y":93.00003051757812},"b2":{"x":-10.000030517578125,"y":38.750030517578125}},"3":{"from_node_id":"1","to_node_id":"4","b1":{"x":-10.000030517578125,"y":89.00003051757812},"b2":{"x":-28.000030517578125,"y":83.75003051757812}},"4":{"from_node_id":"3","to_node_id":"5","b1":{"x":-10.000030517578125,"y":217.00003051757812},"b2":{"x":-36.506110624919735,"y":221.9165014231211}},"5":{"from_node_id":"3","to_node_id":"6","b1":{"x":-10.000030517578125,"y":221.00003051757812},"b2":{"x":-10.450305218652609,"y":252.42411958975924}}}},"1":{"name":"rxn06673","bigg_id":"rxn06673","reversibility":false,"label_x":114.99996948242188,"label_y":-59.999969482421875,"gene_reaction_rule":"","genes":[],"metabolites":[{"bigg_id":"cpd00022","coefficient":-1},{"bigg_id":"cpd12543","coefficient":-1},{"bigg_id":"cpd00070","coefficient":1},{"bigg_id":"cpd12848","coefficient":1}],"segments":{"6":{"from_node_id":"7","to_node_id":"8","b1":null,"b2":null},"7":{"from_node_id":"9","to_node_id":"8","b1":null,"b2":null},"8":{"from_node_id":"7","to_node_id":"0","b1":{"x":102.99996948242188,"y":-19.999969482421875},"b2":{"x":48.749969482421875,"y":-19.999969482421875}},"9":{"from_node_id":"7","to_node_id":"22","b1":{"x":98.99996948242188,"y":-19.999969482421875},"b2":{"x":40.76769960913463,"y":-100.61656889639445}},"10":{"from_node_id":"9","to_node_id":"11","b1":{"x":226.99996948242188,"y":-19.999969482421875},"b2":{"x":281.2499694824219,"y":-19.999969482421875}},"11":{"from_node_id":"9","to_node_id":"18","b1":{"x":230.99996948242188,"y":-19.999969482421875},"b2":{"x":261.59063761237974,"y":-101.581382727186}}}},"2":{"name":"rxn06672","bigg_id":"rxn06672","reversibility":false,"label_x":93.13973797647452,"label_y":-342.33074593473475,"gene_reaction_rule":"","genes":[],"metabolites":[{"bigg_id":"cpd00002","coefficient":-1},{"bigg_id":"cpd00242","coefficient":-1},{"bigg_id":"cpd12848","coefficient":-1},{"bigg_id":"cpd00008","coefficient":1},{"bigg_id":"cpd00009","coefficient":1},{"bigg_id":"cpd00067","coefficient":1},{"bigg_id":"cpd12543","coefficient":1}],"segments":{"12":{"from_node_id":"14","to_node_id":"15","b1":null,"b2":null},"13":{"from_node_id":"16","to_node_id":"15","b1":null,"b2":null},"14":{"from_node_id":"14","to_node_id":"13","b1":{"x":205.13074935360896,"y":-303.3864487527594},"b2":{"x":268.58765798896417,"y":-347.61415550946236}},"15":{"from_node_id":"14","to_node_id":"17","b1":{"x":209.13016944245624,"y":-303.45455861198684},"b2":{"x":235.77737956903815,"y":-385.84215323259673}},"16":{"from_node_id":"14","to_node_id":"18","b1":{"x":209.13016944245624,"y":-303.45455861198684},"b2":{"x":269.2008948948052,"y":-252.75458110831312}},"17":{"from_node_id":"16","to_node_id":"19","b1":{"x":77.14930651049235,"y":-301.2069332574829},"b2":{"x":49.31181827413491,"y":-423.6443489456728}},"18":{"from_node_id":"16","to_node_id":"20","b1":{"x":77.14930651049235,"y":-301.2069332574829},"b2":{"x":-18.67343145259855,"y":-347.7552902169588}},"19":{"from_node_id":"16","to_node_id":"21","b1":{"x":77.14930651049235,"y":-301.2069332574829},"b2":{"x":78.96934866054016,"y":-359.82626748557055}},"20":{"from_node_id":"16","to_node_id":"22","b1":{"x":81.14872659934008,"y":-301.27504311671055},"b2":{"x":59.454345237703535,"y":-239.27380796055002}}}},"3":{"name":"rxn22818","bigg_id":"rxn22818","reversibility":false,"label_x":464.9999694824219,"label_y":-59.999969482421875,"gene_reaction_rule":"","genes":[],"metabolites":[{"bigg_id":"cpd00002","coefficient":-1},{"bigg_id":"cpd00010","coefficient":-1},{"bigg_id":"cpd00308","coefficient":-1},{"bigg_id":"cpd00012","coefficient":1},{"bigg_id":"cpd00018","coefficient":1},{"bigg_id":"cpd00067","coefficient":1},{"bigg_id":"cpd00070","coefficient":1}],"segments":{"21":{"from_node_id":"23","to_node_id":"24","b1":null,"b2":null},"22":{"from_node_id":"25","to_node_id":"24","b1":null,"b2":null},"23":{"from_node_id":"23","to_node_id":"26","b1":{"x":580.9999694824219,"y":-19.999969482421875},"b2":{"x":567.0948771076813,"y":-86.89296516059876}},"24":{"from_node_id":"23","to_node_id":"27","b1":{"x":576.9999694824219,"y":-19.999969482421875},"b2":{"x":635.1503137391464,"y":-56.2872355457449}},"25":{"from_node_id":"23","to_node_id":"28","b1":{"x":580.9999694824219,"y":-19.999969482421875},"b2":{"x":643.9251789818807,"y":65.266419205451}},"26":{"from_node_id":"25","to_node_id":"29","b1":{"x":448.9999694824219,"y":-19.999969482421875},"b2":{"x":443.7499694824219,"y":-37.999969482421875}},"27":{"from_node_id":"25","to_node_id":"30","b1":{"x":448.9999694824219,"y":-19.999969482421875},"b2":{"x":443.7499694824219,"y":-1.999969482421875}},"28":{"from_node_id":"25","to_node_id":"31","b1":{"x":448.9999694824219,"y":-19.999969482421875},"b2":{"x":458.7499694824219,"y":16.000030517578125}},"29":{"from_node_id":"25","to_node_id":"11","b1":{"x":452.9999694824219,"y":-19.999969482421875},"b2":{"x":398.7499694824219,"y":-19.999969482421875}}}},"4":{"name":"rxn22819","bigg_id":"rxn22819","reversibility":false,"label_x":660.7831115722656,"label_y":320.8327751159668,"gene_reaction_rule":"","genes":[],"metabolites":[{"bigg_id":"cpd00002","coefficient":-1},{"bigg_id":"cpd00308","coefficient":-1},{"bigg_id":"cpd11493","coefficient":-1},{"bigg_id":"cpd00012","coefficient":1},{"bigg_id":"cpd00018","coefficient":1},{"bigg_id":"cpd00067","coefficient":1},{"bigg_id":"cpd11492","coefficient":1}],"segments":{"30":{"from_node_id":"32","to_node_id":"33","b1":null,"b2":null},"31":{"from_node_id":"34","to_node_id":"33","b1":null,"b2":null},"32":{"from_node_id":"32","to_node_id":"35","b1":{"x":645.7831115722656,"y":244.8327751159668},"b2":{"x":663.7831115722656,"y":239.5827751159668}},"33":{"from_node_id":"32","to_node_id":"28","b1":{"x":645.7831115722656,"y":248.8327751159668},"b2":{"x":645.7831115722656,"y":194.5827751159668}},"34":{"from_node_id":"32","to_node_id":"36","b1":{"x":645.7831115722656,"y":244.8327751159668},"b2":{"x":627.7831115722656,"y":239.5827751159668}},"35":{"from_node_id":"34","to_node_id":"37","b1":{"x":645.7831115722656,"y":376.8327751159668},"b2":{"x":663.7831115722656,"y":382.0827751159668}},"36":{"from_node_id":"34","to_node_id":"38","b1":{"x":645.7831115722656,"y":372.8327751159668},"b2":{"x":607.7712103446381,"y":393.72486953624383}},"37":{"from_node_id":"34","to_node_id":"39","b1":{"x":645.7831115722656,"y":376.8327751159668},"b2":{"x":680.2589171983906,"y":374.18683807031346}},"38":{"from_node_id":"34","to_node_id":"301","b1":{"x":645.7831115722656,"y":376.8327751159668},"b2":{"x":760.9253540039062,"y":655.2780570983887}}}},"5":{"name":"rxn05347","bigg_id":"rxn05347","reversibility":false,"label_x":5.999969482421875,"label_y":508.0000305175781,"gene_reaction_rule":"","genes":[],"metabolites":[{"bigg_id":"cpd00067","coefficient":-1},{"bigg_id":"cpd11492","coefficient":-1},{"bigg_id":"cpd11494","coefficient":-1},{"bigg_id":"cpd00011","coefficient":1},{"bigg_id":"cpd11488","coefficient":1},{"bigg_id":"cpd11493","coefficient":1}],"segments":{"39":{"from_node_id":"41","to_node_id":"42","b1":null,"b2":null},"40":{"from_node_id":"43","to_node_id":"42","b1":null,"b2":null},"41":{"from_node_id":"41","to_node_id":"44","b1":{"x":-9.000030517578125,"y":432.0000305175781},"b2":{"x":8.999969482421875,"y":426.7500305175781}},"42":{"from_node_id":"41","to_node_id":"301","b1":{"x":-9.000030517578125,"y":432.0000305175781},"b2":{"x":631.7401654916404,"y":612.1548944301463}},"43":{"from_node_id":"41","to_node_id":"6","b1":{"x":-9.000030517578125,"y":436.0000305175781},"b2":{"x":-9.000030517578125,"y":381.7500305175781}},"44":{"from_node_id":"43","to_node_id":"46","b1":{"x":-9.000030517578125,"y":564.0000305175781},"b2":{"x":8.999969482421875,"y":569.2500305175781}},"45":{"from_node_id":"43","to_node_id":"47","b1":{"x":-9.000030517578125,"y":560.0000305175781},"b2":{"x":-9.000030517578125,"y":614.2500305175781}},"46":{"from_node_id":"43","to_node_id":"48","b1":{"x":-9.000030517578125,"y":564.0000305175781},"b2":{"x":-27.000030517577898,"y":569.2500305175781}}}},"6":{"name":"rxn22820","bigg_id":"rxn22820","reversibility":false,"label_x":272.9163360595703,"label_y":633.3805961608887,"gene_reaction_rule":"","genes":[],"metabolites":[{"bigg_id":"cpd00067","coefficient":-2},{"bigg_id":"cpd11492","coefficient":-2},{"bigg_id":"cpd00011","coefficient":2},{"bigg_id":"cpd11488","coefficient":1},{"bigg_id":"cpd11493","coefficient":1}],"segments":{"47":{"from_node_id":"49","to_node_id":"50","b1":null,"b2":null},"48":{"from_node_id":"51","to_node_id":"50","b1":null,"b2":null},"49":{"from_node_id":"49","to_node_id":"52","b1":{"x":388.9163360595703,"y":673.3805961608887},"b2":{"x":394.1663360595703,"y":655.3805961608887}},"50":{"from_node_id":"49","to_node_id":"301","b1":{"x":384.9163360595703,"y":673.3805961608887},"b2":{"x":578.1753540039062,"y":684.0280570983887}},"51":{"from_node_id":"51","to_node_id":"53","b1":{"x":256.9163360595703,"y":673.3805961608887},"b2":{"x":193.2478467419869,"y":681.4498411068837}},"52":{"from_node_id":"51","to_node_id":"47","b1":{"x":260.9163360595703,"y":673.3805961608887},"b2":{"x":50.45088815689087,"y":671.8639335632324}},"53":{"from_node_id":"51","to_node_id":"55","b1":{"x":256.9163360595703,"y":673.3805961608887},"b2":{"x":207.683349609375,"y":652.3472099304199}}}},"7":{"name":"rxn12938","bigg_id":"rxn12938","reversibility":false,"label_x":7.516624450683594,"label_y":1088.5315246582031,"gene_reaction_rule":"","genes":[],"metabolites":[{"bigg_id":"cpd00005","coefficient":-1},{"bigg_id":"cpd00067","coefficient":-1},{"bigg_id":"cpd11488","coefficient":-1},{"bigg_id":"cpd00006","coefficient":1},{"bigg_id":"cpd16853","coefficient":1}],"segments":{"54":{"from_node_id":"56","to_node_id":"57","b1":null,"b2":null},"55":{"from_node_id":"58","to_node_id":"57","b1":null,"b2":null},"56":{"from_node_id":"56","to_node_id":"59","b1":{"x":-7.483375549316406,"y":1012.5315246582031},"b2":{"x":10.516624450683594,"y":1007.2815246582031}},"57":{"from_node_id":"56","to_node_id":"60","b1":{"x":-7.483375549316406,"y":1012.5315246582031},"b2":{"x":-25.483375549316406,"y":1007.2815246582031}},"58":{"from_node_id":"56","to_node_id":"47","b1":{"x":-7.483375549316406,"y":1016.5315246582031},"b2":{"x":-9.000030517578125,"y":731.7500305175781}},"59":{"from_node_id":"58","to_node_id":"61","b1":{"x":-7.483375549316406,"y":1140.5315246582031},"b2":{"x":18.8432568724391,"y":1140.4402280718946}},"60":{"from_node_id":"58","to_node_id":"62","b1":{"x":-7.483375549316406,"y":1144.5315246582031},"b2":{"x":-6.643052999441224,"y":1178.1648454044694}}}},"9":{"name":"rxn12927","bigg_id":"rxn12927","reversibility":false,"label_x":119.4159836769104,"label_y":1208.7477111816406,"gene_reaction_rule":"","genes":[],"metabolites":[{"bigg_id":"cpd16853","coefficient":-1},{"bigg_id":"cpd00001","coefficient":1},{"bigg_id":"cpd16847","coefficient":1}],"segments":{"66":{"from_node_id":"68","to_node_id":"69","b1":null,"b2":null},"67":{"from_node_id":"70","to_node_id":"69","b1":null,"b2":null},"68":{"from_node_id":"68","to_node_id":"62","b1":{"x":107.4159836769104,"y":1248.7477111816406},"b2":{"x":53.1659836769104,"y":1248.7477111816406}},"69":{"from_node_id":"70","to_node_id":"71","b1":{"x":231.4159836769104,"y":1248.7477111816406},"b2":{"x":268.5718942726817,"y":1293.607999278834}},"70":{"from_node_id":"70","to_node_id":"72","b1":{"x":235.4159836769104,"y":1248.7477111816406},"b2":{"x":299.37521737424316,"y":1248.6986973887606}}}},"10":{"name":"rxn12921","bigg_id":"rxn12921","reversibility":false,"label_x":384.96523904800415,"label_y":1083.3650207519531,"gene_reaction_rule":"","genes":[],"metabolites":[{"bigg_id":"cpd00005","coefficient":-1},{"bigg_id":"cpd00067","coefficient":-1},{"bigg_id":"cpd16847","coefficient":-1},{"bigg_id":"cpd00006","coefficient":1},{"bigg_id":"cpd11464","coefficient":1}],"segments":{"71":{"from_node_id":"73","to_node_id":"74","b1":null,"b2":null},"72":{"from_node_id":"75","to_node_id":"74","b1":null,"b2":null},"73":{"from_node_id":"73","to_node_id":"76","b1":{"x":369.96523904800415,"y":1139.3650207519531},"b2":{"x":374.7150559425354,"y":1164.3315734863281}},"74":{"from_node_id":"73","to_node_id":"77","b1":{"x":369.96523904800415,"y":1139.3650207519531},"b2":{"x":387.96523904800415,"y":1144.6150207519531}},"75":{"from_node_id":"73","to_node_id":"72","b1":{"x":369.96523904800415,"y":1135.3650207519531},"b2":{"x":369.96523904800415,"y":1189.6150207519531}},"76":{"from_node_id":"75","to_node_id":"78","b1":{"x":369.96523904800415,"y":1011.3650207519531},"b2":{"x":351.4975507992457,"y":1011.1455147606896}},"77":{"from_node_id":"75","to_node_id":"79","b1":{"x":369.96523904800415,"y":1007.3650207519531},"b2":{"x":373.26875898014674,"y":961.601120203134}}}},"11":{"name":"rxn05346","bigg_id":"rxn05346","reversibility":false,"label_x":486.9312119483948,"label_y":871.3510437011719,"gene_reaction_rule":"","genes":[],"metabolites":[{"bigg_id":"cpd00067","coefficient":-1},{"bigg_id":"cpd11464","coefficient":-1},{"bigg_id":"cpd11492","coefficient":-1},{"bigg_id":"cpd00011","coefficient":1},{"bigg_id":"cpd11486","coefficient":1},{"bigg_id":"cpd11493","coefficient":1}],"segments":{"78":{"from_node_id":"80","to_node_id":"81","b1":null,"b2":null},"79":{"from_node_id":"82","to_node_id":"81","b1":null,"b2":null},"80":{"from_node_id":"80","to_node_id":"83","b1":{"x":483.1325058937073,"y":891.0155944824219},"b2":{"x":460.370403165541,"y":887.8987483420228}},"81":{"from_node_id":"80","to_node_id":"79","b1":{"x":487.1325058937073,"y":891.0155944824219},"b2":{"x":432.8825058937073,"y":891.0155944824219}},"82":{"from_node_id":"80","to_node_id":"301","b1":{"x":483.1325058937073,"y":891.0155944824219},"b2":{"x":592.5712281916112,"y":741.3902182264096}},"83":{"from_node_id":"82","to_node_id":"85","b1":{"x":615.1325058937073,"y":891.0155944824219},"b2":{"x":607.8551881046027,"y":891.2442627652945}},"84":{"from_node_id":"82","to_node_id":"86","b1":{"x":611.1325058937073,"y":891.0155944824219},"b2":{"x":665.3825058937073,"y":891.0155944824219}},"85":{"from_node_id":"82","to_node_id":"87","b1":{"x":615.1325058937073,"y":891.0155944824219},"b2":{"x":620.3825058937073,"y":893.8491516113281}}}},"12":{"name":"rxn05337","bigg_id":"rxn05337","reversibility":false,"label_x":739.1325058937073,"label_y":1076.0155944824219,"gene_reaction_rule":"","genes":[],"metabolites":[{"bigg_id":"cpd00006","coefficient":-1},{"bigg_id":"cpd11479","coefficient":-1},{"bigg_id":"cpd00005","coefficient":1},{"bigg_id":"cpd11486","coefficient":1}],"segments":{"86":{"from_node_id":"88","to_node_id":"89","b1":null,"b2":null},"87":{"from_node_id":"90","to_node_id":"89","b1":null,"b2":null},"88":{"from_node_id":"88","to_node_id":"91","b1":{"x":724.1325058937073,"y":1128.0155944824219},"b2":{"x":685.0976018281547,"y":1138.4565148698862}},"89":{"from_node_id":"88","to_node_id":"92","b1":{"x":724.1325058937073,"y":1132.0155944824219},"b2":{"x":725.7160314853176,"y":1155.0251000677918}},"90":{"from_node_id":"90","to_node_id":"93","b1":{"x":724.1325058937073,"y":1000.0155944824219},"b2":{"x":715.4694372481024,"y":1000.6636502815154}},"91":{"from_node_id":"90","to_node_id":"86","b1":{"x":724.1325058937073,"y":1004.0155944824219},"b2":{"x":724.1325058937073,"y":949.7655944824219}}}},"13":{"name":"rxn05330","bigg_id":"rxn05330","reversibility":false,"label_x":851.031858921051,"label_y":1185.6152038574219,"gene_reaction_rule":"","genes":[],"metabolites":[{"bigg_id":"cpd11479","coefficient":-1},{"bigg_id":"cpd00001","coefficient":1},{"bigg_id":"cpd11473","coefficient":1}],"segments":{"92":{"from_node_id":"94","to_node_id":"95","b1":null,"b2":null},"93":{"from_node_id":"96","to_node_id":"95","b1":null,"b2":null},"94":{"from_node_id":"94","to_node_id":"92","b1":{"x":839.031858921051,"y":1225.6152038574219},"b2":{"x":784.781858921051,"y":1225.6152038574219}},"95":{"from_node_id":"96","to_node_id":"97","b1":{"x":967.031858921051,"y":1225.6152038574219},"b2":{"x":972.281858921051,"y":1243.6152038574219}},"96":{"from_node_id":"96","to_node_id":"98","b1":{"x":963.031858921051,"y":1225.6152038574219},"b2":{"x":1017.281858921051,"y":1225.6152038574219}}}},"14":{"name":"rxn05326","bigg_id":"rxn05326","reversibility":false,"label_x":1091.031858921051,"label_y":1060.6152038574219,"gene_reaction_rule":"","genes":[],"metabolites":[{"bigg_id":"cpd00003","coefficient":-1},{"bigg_id":"cpd11472","coefficient":-1},{"bigg_id":"cpd00004","coefficient":1},{"bigg_id":"cpd00067","coefficient":1},{"bigg_id":"cpd11473","coefficient":1}],"segments":{"97":{"from_node_id":"99","to_node_id":"100","b1":null,"b2":null},"98":{"from_node_id":"101","to_node_id":"100","b1":null,"b2":null},"99":{"from_node_id":"99","to_node_id":"102","b1":{"x":1076.031858921051,"y":988.6152038574219},"b2":{"x":1057.3526168448093,"y":979.418738246249}},"100":{"from_node_id":"99","to_node_id":"103","b1":{"x":1076.031858921051,"y":984.6152038574219},"b2":{"x":1072.6592324273226,"y":952.4911742665406}},"101":{"from_node_id":"101","to_node_id":"104","b1":{"x":1076.031858921051,"y":1116.6152038574219},"b2":{"x":1058.031858921051,"y":1121.8652038574219}},"102":{"from_node_id":"101","to_node_id":"105","b1":{"x":1076.031858921051,"y":1116.6152038574219},"b2":{"x":1094.031858921051,"y":1121.8652038574219}},"103":{"from_node_id":"101","to_node_id":"98","b1":{"x":1076.031858921051,"y":1112.6152038574219},"b2":{"x":1076.031858921051,"y":1166.8652038574219}}}},"15":{"name":"rxn05350","bigg_id":"rxn05350","reversibility":false,"label_x":1172.6965317726135,"label_y":862.2512512207031,"gene_reaction_rule":"","genes":[],"metabolites":[{"bigg_id":"cpd00067","coefficient":-1},{"bigg_id":"cpd11472","coefficient":-1},{"bigg_id":"cpd11492","coefficient":-1},{"bigg_id":"cpd00011","coefficient":1},{"bigg_id":"cpd11490","coefficient":1},{"bigg_id":"cpd11493","coefficient":1}],"segments":{"104":{"from_node_id":"106","to_node_id":"107","b1":null,"b2":null},"105":{"from_node_id":"108","to_node_id":"107","b1":null,"b2":null},"106":{"from_node_id":"106","to_node_id":"109","b1":{"x":1183.1325669288635,"y":881.9157409667969},"b2":{"x":1201.7671487536916,"y":858.3088984836332}},"107":{"from_node_id":"106","to_node_id":"103","b1":{"x":1187.1325669288635,"y":881.9157409667969},"b2":{"x":1132.8825669288635,"y":881.9157409667969}},"108":{"from_node_id":"106","to_node_id":"301","b1":{"x":1183.1325669288635,"y":881.9157409667969},"b2":{"x":670.4070093041045,"y":759.5323625981183}},"109":{"from_node_id":"108","to_node_id":"111","b1":{"x":1315.1325669288635,"y":881.9157409667969},"b2":{"x":1301.6065370266779,"y":880.2919882964534}},"110":{"from_node_id":"108","to_node_id":"112","b1":{"x":1311.1325669288635,"y":881.9157409667969},"b2":{"x":1365.3825669288635,"y":881.9157409667969}},"111":{"from_node_id":"108","to_node_id":"113","b1":{"x":1315.1325669288635,"y":881.9157409667969},"b2":{"x":1303.6992173194885,"y":868.0660095214844}}}},"16":{"name":"rxn12940","bigg_id":"rxn12940","reversibility":false,"label_x":1439.1325669288635,"label_y":1066.9157409667969,"gene_reaction_rule":"","genes":[],"metabolites":[{"bigg_id":"cpd00005","coefficient":-1},{"bigg_id":"cpd00067","coefficient":-1},{"bigg_id":"cpd11490","coefficient":-1},{"bigg_id":"cpd00006","coefficient":1},{"bigg_id":"cpd16857","coefficient":1}],"segments":{"112":{"from_node_id":"114","to_node_id":"115","b1":null,"b2":null},"113":{"from_node_id":"116","to_node_id":"115","b1":null,"b2":null},"114":{"from_node_id":"114","to_node_id":"117","b1":{"x":1424.1325669288635,"y":990.9157409667969},"b2":{"x":1442.1325669288635,"y":985.6657409667969}},"115":{"from_node_id":"114","to_node_id":"118","b1":{"x":1424.1325669288635,"y":990.9157409667969},"b2":{"x":1433.7504958403554,"y":992.0906241763904}},"116":{"from_node_id":"114","to_node_id":"112","b1":{"x":1424.1325669288635,"y":994.9157409667969},"b2":{"x":1424.1325669288635,"y":940.6657409667969}},"117":{"from_node_id":"116","to_node_id":"119","b1":{"x":1424.1325669288635,"y":1118.9157409667969},"b2":{"x":1396.502457428662,"y":1135.4016613954268}},"118":{"from_node_id":"116","to_node_id":"120","b1":{"x":1424.1325669288635,"y":1122.9157409667969},"b2":{"x":1428.588029418436,"y":1152.019233096611}}}},"17":{"name":"rxn12929","bigg_id":"rxn12929","reversibility":false,"label_x":1555.581907749176,"label_y":1182.5818786621094,"gene_reaction_rule":"","genes":[],"metabolites":[{"bigg_id":"cpd16857","coefficient":-1},{"bigg_id":"cpd00001","coefficient":1},{"bigg_id":"cpd11471","coefficient":1}],"segments":{"119":{"from_node_id":"121","to_node_id":"122","b1":null,"b2":null},"120":{"from_node_id":"123","to_node_id":"122","b1":null,"b2":null},"121":{"from_node_id":"121","to_node_id":"120","b1":{"x":1543.581907749176,"y":1222.5818786621094},"b2":{"x":1489.331907749176,"y":1222.5818786621094}},"122":{"from_node_id":"123","to_node_id":"124","b1":{"x":1671.581907749176,"y":1222.5818786621094},"b2":{"x":1676.831907749176,"y":1240.5818786621094}},"123":{"from_node_id":"123","to_node_id":"125","b1":{"x":1667.581907749176,"y":1222.5818786621094},"b2":{"x":1721.831907749176,"y":1222.5818786621094}}}},"18":{"name":"rxn05325","bigg_id":"rxn05325","reversibility":false,"label_x":1795.581907749176,"label_y":1057.5818786621094,"gene_reaction_rule":"","genes":[],"metabolites":[{"bigg_id":"cpd00003","coefficient":-1},{"bigg_id":"cpd11470","coefficient":-1},{"bigg_id":"cpd00004","coefficient":1},{"bigg_id":"cpd00067","coefficient":1},{"bigg_id":"cpd11471","coefficient":1}],"segments":{"124":{"from_node_id":"126","to_node_id":"127","b1":null,"b2":null},"125":{"from_node_id":"128","to_node_id":"127","b1":null,"b2":null},"126":{"from_node_id":"126","to_node_id":"129","b1":{"x":1780.581907749176,"y":985.5818786621094},"b2":{"x":1762.1377612887275,"y":986.7718680737114}},"127":{"from_node_id":"126","to_node_id":"130","b1":{"x":1780.581907749176,"y":981.5818786621094},"b2":{"x":1780.3097093580307,"y":938.8565014226087}},"128":{"from_node_id":"128","to_node_id":"131","b1":{"x":1780.581907749176,"y":1113.5818786621094},"b2":{"x":1762.581907749176,"y":1118.8318786621094}},"129":{"from_node_id":"128","to_node_id":"132","b1":{"x":1780.581907749176,"y":1113.5818786621094},"b2":{"x":1798.581907749176,"y":1118.8318786621094}},"130":{"from_node_id":"128","to_node_id":"125","b1":{"x":1780.581907749176,"y":1109.5818786621094},"b2":{"x":1780.581907749176,"y":1163.8318786621094}}}},"19":{"name":"rxn05343","bigg_id":"rxn05343","reversibility":false,"label_x":1886.8972153663635,"label_y":848.6012878417969,"gene_reaction_rule":"","genes":[],"metabolites":[{"bigg_id":"cpd00067","coefficient":-1},{"bigg_id":"cpd11470","coefficient":-1},{"bigg_id":"cpd11492","coefficient":-1},{"bigg_id":"cpd00011","coefficient":1},{"bigg_id":"cpd11487","coefficient":1},{"bigg_id":"cpd11493","coefficient":1}],"segments":{"131":{"from_node_id":"133","to_node_id":"134","b1":null,"b2":null},"132":{"from_node_id":"135","to_node_id":"134","b1":null,"b2":null},"133":{"from_node_id":"133","to_node_id":"136","b1":{"x":1889.1992173194885,"y":868.2657775878906},"b2":{"x":1873.8181907044373,"y":864.9379482279804}},"134":{"from_node_id":"133","to_node_id":"130","b1":{"x":1893.1992173194885,"y":868.2657775878906},"b2":{"x":1838.9492173194885,"y":868.2657775878906}},"135":{"from_node_id":"133","to_node_id":"301","b1":{"x":1889.1992173194885,"y":868.2657775878906},"b2":{"x":687.8599761445721,"y":740.2521180585835}},"136":{"from_node_id":"135","to_node_id":"138","b1":{"x":2021.1992173194885,"y":868.2657775878906},"b2":{"x":2022.776704344822,"y":894.7447926266822}},"137":{"from_node_id":"135","to_node_id":"139","b1":{"x":2017.1992173194885,"y":868.2657775878906},"b2":{"x":2071.4492173194885,"y":868.2657775878906}},"138":{"from_node_id":"135","to_node_id":"140","b1":{"x":2021.1992173194885,"y":868.2657775878906},"b2":{"x":2022.7204575538635,"y":859.2321472167969}}}},"20":{"name":"rxn12941","bigg_id":"rxn12941","reversibility":false,"label_x":2145.1992173194885,"label_y":1053.2657775878906,"gene_reaction_rule":"","genes":[],"metabolites":[{"bigg_id":"cpd00005","coefficient":-1},{"bigg_id":"cpd00067","coefficient":-1},{"bigg_id":"cpd11487","coefficient":-1},{"bigg_id":"cpd00006","coefficient":1},{"bigg_id":"cpd16855","coefficient":1}],"segments":{"139":{"from_node_id":"141","to_node_id":"142","b1":null,"b2":null},"140":{"from_node_id":"143","to_node_id":"142","b1":null,"b2":null},"141":{"from_node_id":"141","to_node_id":"144","b1":{"x":2130.1992173194885,"y":977.2657775878906},"b2":{"x":2148.1992173194885,"y":972.0157775878906}},"142":{"from_node_id":"141","to_node_id":"145","b1":{"x":2130.1992173194885,"y":977.2657775878906},"b2":{"x":2123.295935533466,"y":977.2912846628997}},"143":{"from_node_id":"141","to_node_id":"139","b1":{"x":2130.1992173194885,"y":981.2657775878906},"b2":{"x":2130.1992173194885,"y":927.0157775878906}},"144":{"from_node_id":"143","to_node_id":"146","b1":{"x":2130.1992173194885,"y":1105.2657775878906},"b2":{"x":2087.8502235144056,"y":1122.6902623835483}},"145":{"from_node_id":"143","to_node_id":"147","b1":{"x":2130.1992173194885,"y":1109.2657775878906},"b2":{"x":2133.4928290644134,"y":1147.7061988557991}}}},"21":{"name":"rxn12930","bigg_id":"rxn12930","reversibility":false,"label_x":2254.4357895851135,"label_y":1178.1803283691406,"gene_reaction_rule":"","genes":[],"metabolites":[{"bigg_id":"cpd16855","coefficient":-1},{"bigg_id":"cpd00001","coefficient":1},{"bigg_id":"cpd11475","coefficient":1}],"segments":{"146":{"from_node_id":"148","to_node_id":"149","b1":null,"b2":null},"147":{"from_node_id":"150","to_node_id":"149","b1":null,"b2":null},"148":{"from_node_id":"148","to_node_id":"147","b1":{"x":2242.4357895851135,"y":1218.1803283691406},"b2":{"x":2188.1857895851135,"y":1218.1803283691406}},"149":{"from_node_id":"150","to_node_id":"151","b1":{"x":2370.4357895851135,"y":1218.1803283691406},"b2":{"x":2375.6857895851135,"y":1236.1803283691406}},"150":{"from_node_id":"150","to_node_id":"152","b1":{"x":2366.4357895851135,"y":1218.1803283691406},"b2":{"x":2420.6857895851135,"y":1218.1803283691406}}}},"22":{"name":"rxn05327","bigg_id":"rxn05327","reversibility":false,"label_x":2494.4357895851135,"label_y":1053.1803283691406,"gene_reaction_rule":"","genes":[],"metabolites":[{"bigg_id":"cpd00003","coefficient":-1},{"bigg_id":"cpd11474","coefficient":-1},{"bigg_id":"cpd00004","coefficient":1},{"bigg_id":"cpd00067","coefficient":1},{"bigg_id":"cpd11475","coefficient":1}],"segments":{"151":{"from_node_id":"153","to_node_id":"154","b1":null,"b2":null},"152":{"from_node_id":"155","to_node_id":"154","b1":null,"b2":null},"153":{"from_node_id":"153","to_node_id":"156","b1":{"x":2479.4357895851135,"y":981.1803283691406},"b2":{"x":2471.1682588013805,"y":971.2505788682188}},"154":{"from_node_id":"153","to_node_id":"157","b1":{"x":2479.4357895851135,"y":977.1803283691406},"b2":{"x":2481.7314759781957,"y":953.3897692245994}},"155":{"from_node_id":"155","to_node_id":"158","b1":{"x":2479.4357895851135,"y":1109.1803283691406},"b2":{"x":2461.4357895851135,"y":1114.4303283691406}},"156":{"from_node_id":"155","to_node_id":"159","b1":{"x":2479.4357895851135,"y":1109.1803283691406},"b2":{"x":2497.4357895851135,"y":1114.4303283691406}},"157":{"from_node_id":"155","to_node_id":"152","b1":{"x":2479.4357895851135,"y":1105.1803283691406},"b2":{"x":2479.4357895851135,"y":1159.4303283691406}}}},"23":{"name":"rxn05348","bigg_id":"rxn05348","reversibility":false,"label_x":2589.2692856788635,"label_y":840.2115173339844,"gene_reaction_rule":"","genes":[],"metabolites":[{"bigg_id":"cpd00067","coefficient":-1},{"bigg_id":"cpd11474","coefficient":-1},{"bigg_id":"cpd11492","coefficient":-1},{"bigg_id":"cpd00011","coefficient":1},{"bigg_id":"cpd11489","coefficient":1},{"bigg_id":"cpd11493","coefficient":1}],"segments":{"158":{"from_node_id":"160","to_node_id":"161","b1":null,"b2":null},"159":{"from_node_id":"162","to_node_id":"161","b1":null,"b2":null},"160":{"from_node_id":"160","to_node_id":"163","b1":{"x":2585.4704575538635,"y":859.8760070800781},"b2":{"x":2573.954386125565,"y":859.6778414172855}},"161":{"from_node_id":"160","to_node_id":"157","b1":{"x":2589.4704575538635,"y":859.8760070800781},"b2":{"x":2537.7734360694885,"y":882.8509216308594}},"162":{"from_node_id":"160","to_node_id":"301","b1":{"x":2585.4704575538635,"y":859.8760070800781},"b2":{"x":697.2826573225359,"y":709.2056998541009}},"163":{"from_node_id":"162","to_node_id":"165","b1":{"x":2717.4704575538635,"y":859.8760070800781},"b2":{"x":2710.227912470186,"y":872.4078335604881}},"164":{"from_node_id":"162","to_node_id":"166","b1":{"x":2713.4704575538635,"y":859.8760070800781},"b2":{"x":2767.7204575538635,"y":859.8760070800781}},"165":{"from_node_id":"162","to_node_id":"167","b1":{"x":2717.4704575538635,"y":859.8760070800781},"b2":{"x":2730.3427720069885,"y":852.1509094238281}}}},"24":{"name":"rxn12942","bigg_id":"rxn12942","reversibility":false,"label_x":2841.4704575538635,"label_y":1044.8760070800781,"gene_reaction_rule":"","genes":[],"metabolites":[{"bigg_id":"cpd00005","coefficient":-1},{"bigg_id":"cpd00067","coefficient":-1},{"bigg_id":"cpd11489","coefficient":-1},{"bigg_id":"cpd00006","coefficient":1},{"bigg_id":"cpd16854","coefficient":1}],"segments":{"166":{"from_node_id":"168","to_node_id":"169","b1":null,"b2":null},"167":{"from_node_id":"170","to_node_id":"169","b1":null,"b2":null},"168":{"from_node_id":"168","to_node_id":"171","b1":{"x":2826.4704575538635,"y":968.8760070800781},"b2":{"x":2844.4704575538635,"y":963.6260070800781}},"169":{"from_node_id":"168","to_node_id":"172","b1":{"x":2826.4704575538635,"y":968.8760070800781},"b2":{"x":2792.4418566699883,"y":962.9009811480512}},"170":{"from_node_id":"168","to_node_id":"166","b1":{"x":2826.4704575538635,"y":972.8760070800781},"b2":{"x":2826.4704575538635,"y":918.6260070800781}},"171":{"from_node_id":"170","to_node_id":"173","b1":{"x":2826.4704575538635,"y":1096.8760070800781},"b2":{"x":2777.988516766788,"y":1111.0516130414292}},"172":{"from_node_id":"170","to_node_id":"174","b1":{"x":2826.4704575538635,"y":1100.8760070800781},"b2":{"x":2826.9426409508596,"y":1149.2711528702323}}}},"25":{"name":"rxn12932","bigg_id":"rxn12932","reversibility":false,"label_x":2950.6838364601135,"label_y":1179.8507385253906,"gene_reaction_rule":"","genes":[],"metabolites":[{"bigg_id":"cpd16854","coefficient":-1},{"bigg_id":"cpd00001","coefficient":1},{"bigg_id":"cpd11469","coefficient":1}],"segments":{"173":{"from_node_id":"175","to_node_id":"176","b1":null,"b2":null},"174":{"from_node_id":"177","to_node_id":"176","b1":null,"b2":null},"175":{"from_node_id":"175","to_node_id":"174","b1":{"x":2938.6838364601135,"y":1219.8507385253906},"b2":{"x":2884.4338364601135,"y":1219.8507385253906}},"176":{"from_node_id":"177","to_node_id":"178","b1":{"x":3066.6838364601135,"y":1219.8507385253906},"b2":{"x":3071.9338364601135,"y":1237.8507385253906}},"177":{"from_node_id":"177","to_node_id":"179","b1":{"x":3062.6838364601135,"y":1219.8507385253906},"b2":{"x":3116.9338364601135,"y":1219.8507385253906}}}},"26":{"name":"rxn05324","bigg_id":"rxn05324","reversibility":false,"label_x":3190.6838364601135,"label_y":1054.8507385253906,"gene_reaction_rule":"","genes":[],"metabolites":[{"bigg_id":"cpd00003","coefficient":-1},{"bigg_id":"cpd11468","coefficient":-1},{"bigg_id":"cpd00004","coefficient":1},{"bigg_id":"cpd00067","coefficient":2},{"bigg_id":"cpd11469","coefficient":1}],"segments":{"178":{"from_node_id":"180","to_node_id":"181","b1":null,"b2":null},"179":{"from_node_id":"182","to_node_id":"181","b1":null,"b2":null},"180":{"from_node_id":"180","to_node_id":"183","b1":{"x":3175.6838364601135,"y":982.8507385253906},"b2":{"x":3156.7143062826462,"y":982.9182146517979}},"181":{"from_node_id":"180","to_node_id":"184","b1":{"x":3175.6838364601135,"y":978.8507385253906},"b2":{"x":3174.052478693473,"y":940.1871290047842}},"182":{"from_node_id":"182","to_node_id":"185","b1":{"x":3175.6838364601135,"y":1110.8507385253906},"b2":{"x":3165.197788859306,"y":1099.8663792874358}},"183":{"from_node_id":"182","to_node_id":"186","b1":{"x":3175.6838364601135,"y":1110.8507385253906},"b2":{"x":3193.6838364601135,"y":1116.1007385253906}},"184":{"from_node_id":"182","to_node_id":"179","b1":{"x":3175.6838364601135,"y":1106.8507385253906},"b2":{"x":3175.6838364601135,"y":1161.1007385253906}}}},"27":{"name":"rxn05345","bigg_id":"rxn05345","reversibility":false,"label_x":3308.3254380226135,"label_y":805.4042663574219,"gene_reaction_rule":"","genes":[],"metabolites":[{"bigg_id":"cpd00067","coefficient":-1},{"bigg_id":"cpd11468","coefficient":-1},{"bigg_id":"cpd11492","coefficient":-1},{"bigg_id":"cpd00011","coefficient":1},{"bigg_id":"cpd11491","coefficient":1},{"bigg_id":"cpd11493","coefficient":1}],"segments":{"185":{"from_node_id":"187","to_node_id":"188","b1":null,"b2":null},"186":{"from_node_id":"189","to_node_id":"188","b1":null,"b2":null},"187":{"from_node_id":"187","to_node_id":"190","b1":{"x":3292.3254380226135,"y":845.4042663574219},"b2":{"x":3295.720266463805,"y":858.6574153946968}},"188":{"from_node_id":"187","to_node_id":"184","b1":{"x":3296.3254380226135,"y":845.4042663574219},"b2":{"x":3235.6936020851135,"y":869.6555480957031}},"189":{"from_node_id":"187","to_node_id":"301","b1":{"x":3292.3254380226135,"y":845.4042663574219},"b2":{"x":709.1344576847052,"y":677.5763153106449}},"190":{"from_node_id":"189","to_node_id":"192","b1":{"x":3424.3254380226135,"y":845.4042663574219},"b2":{"x":3422.8616234613123,"y":840.780433972496}},"191":{"from_node_id":"189","to_node_id":"193","b1":{"x":3420.3254380226135,"y":845.4042663574219},"b2":{"x":3474.5754380226135,"y":861.6930236816406}},"192":{"from_node_id":"189","to_node_id":"194","b1":{"x":3424.3254380226135,"y":845.4042663574219},"b2":{"x":3423.1933579444885,"y":841.7057800292969}}}},"28":{"name":"rxn12943","bigg_id":"rxn12943","reversibility":false,"label_x":3548.3254380226135,"label_y":1030.4042663574219,"gene_reaction_rule":"","genes":[],"metabolites":[{"bigg_id":"cpd00005","coefficient":-1},{"bigg_id":"cpd00067","coefficient":-1},{"bigg_id":"cpd11491","coefficient":-1},{"bigg_id":"cpd00006","coefficient":1},{"bigg_id":"cpd16859","coefficient":1}],"segments":{"193":{"from_node_id":"195","to_node_id":"196","b1":null,"b2":null},"194":{"from_node_id":"197","to_node_id":"196","b1":null,"b2":null},"195":{"from_node_id":"195","to_node_id":"198","b1":{"x":3533.3254380226135,"y":954.4042663574219},"b2":{"x":3551.3254380226135,"y":949.1542663574219}},"196":{"from_node_id":"195","to_node_id":"199","b1":{"x":3533.3254380226135,"y":954.4042663574219},"b2":{"x":3549.874033425341,"y":960.7653094663425}},"197":{"from_node_id":"195","to_node_id":"193","b1":{"x":3533.3254380226135,"y":958.4042663574219},"b2":{"x":3533.3254380226135,"y":920.4430236816406}},"198":{"from_node_id":"197","to_node_id":"200","b1":{"x":3533.3254380226135,"y":1082.4042663574219},"b2":{"x":3503.522515386707,"y":1092.5399324521852}},"199":{"from_node_id":"197","to_node_id":"201","b1":{"x":3533.3254380226135,"y":1086.4042663574219},"b2":{"x":3531.136739509346,"y":1141.7140800843158}}}},"29":{"name":"rxn12934","bigg_id":"rxn12934","reversibility":false,"label_x":3660.0139145851135,"label_y":1172.1983337402344,"gene_reaction_rule":"","genes":[],"metabolites":[{"bigg_id":"cpd16859","coefficient":-1},{"bigg_id":"cpd00001","coefficient":1},{"bigg_id":"cpd11467","coefficient":1}],"segments":{"200":{"from_node_id":"202","to_node_id":"203","b1":null,"b2":null},"201":{"from_node_id":"204","to_node_id":"203","b1":null,"b2":null},"202":{"from_node_id":"202","to_node_id":"201","b1":{"x":3648.0139145851135,"y":1212.1983337402344},"b2":{"x":3593.7639145851135,"y":1212.1983337402344}},"203":{"from_node_id":"204","to_node_id":"205","b1":{"x":3776.0139145851135,"y":1212.1983337402344},"b2":{"x":3781.2639145851135,"y":1230.1983337402344}},"204":{"from_node_id":"204","to_node_id":"206","b1":{"x":3772.0139145851135,"y":1212.1983337402344},"b2":{"x":3826.2639145851135,"y":1212.1983337402344}}}},"30":{"name":"rxn25750","bigg_id":"rxn25750","reversibility":false,"label_x":3900.0139145851135,"label_y":1047.1983337402344,"gene_reaction_rule":"","genes":[],"metabolites":[{"bigg_id":"cpd00003","coefficient":-1},{"bigg_id":"cpd27551","coefficient":-1},{"bigg_id":"cpd00004","coefficient":1},{"bigg_id":"cpd00067","coefficient":2},{"bigg_id":"cpd11467","coefficient":1}],"segments":{"205":{"from_node_id":"207","to_node_id":"208","b1":null,"b2":null},"206":{"from_node_id":"209","to_node_id":"208","b1":null,"b2":null},"207":{"from_node_id":"207","to_node_id":"210","b1":{"x":3885.0139145851135,"y":971.1983337402344},"b2":{"x":3922.1596665382385,"y":967.2247619628906}},"208":{"from_node_id":"207","to_node_id":"211","b1":{"x":3885.0139145851135,"y":975.1983337402344},"b2":{"x":3885.0139145851135,"y":966.9726867675781}},"209":{"from_node_id":"209","to_node_id":"212","b1":{"x":3885.0139145851135,"y":1103.1983337402344},"b2":{"x":3867.0139145851135,"y":1108.4483337402344}},"210":{"from_node_id":"209","to_node_id":"213","b1":{"x":3885.0139145851135,"y":1103.1983337402344},"b2":{"x":3903.0139145851135,"y":1108.4483337402344}},"211":{"from_node_id":"209","to_node_id":"206","b1":{"x":3885.0139145851135,"y":1099.1983337402344},"b2":{"x":3885.0139145851135,"y":1153.4483337402344}}}},"31":{"name":"rxn25647","bigg_id":"rxn25647","reversibility":false,"label_x":3991.7119126319885,"label_y":846.6009216308594,"gene_reaction_rule":"","genes":[],"metabolites":[{"bigg_id":"cpd11492","coefficient":-1},{"bigg_id":"cpd27551","coefficient":-1},{"bigg_id":"cpd00011","coefficient":1},{"bigg_id":"cpd11485","coefficient":1},{"bigg_id":"cpd11493","coefficient":1}],"segments":{"212":{"from_node_id":"214","to_node_id":"215","b1":null,"b2":null},"213":{"from_node_id":"216","to_node_id":"215","b1":null,"b2":null},"214":{"from_node_id":"214","to_node_id":"301","b1":{"x":3994.0139145851135,"y":862.1983337402344},"b2":{"x":702.0833147734206,"y":644.678296288691}},"215":{"from_node_id":"214","to_node_id":"211","b1":{"x":3998.0139145851135,"y":862.1983337402344},"b2":{"x":3943.7639145851135,"y":908.2226867675781}},"216":{"from_node_id":"216","to_node_id":"218","b1":{"x":4126.0139145851135,"y":862.1983337402344},"b2":{"x":4139.39282282504,"y":927.1540924959457}},"217":{"from_node_id":"216","to_node_id":"219","b1":{"x":4122.0139145851135,"y":862.1983337402344},"b2":{"x":4176.2639145851135,"y":862.1983337402344}},"218":{"from_node_id":"216","to_node_id":"220","b1":{"x":4126.0139145851135,"y":862.1983337402344},"b2":{"x":4179.3259263038635,"y":888.2847595214844}}}},"33":{"name":"rxn05336","bigg_id":"rxn05336","reversibility":false,"label_x":4250.0139145851135,"label_y":697.1983337402344,"gene_reaction_rule":"","genes":[],"metabolites":[{"bigg_id":"cpd00006","coefficient":-1},{"bigg_id":"cpd11481","coefficient":-1},{"bigg_id":"cpd00005","coefficient":1},{"bigg_id":"cpd00067","coefficient":1},{"bigg_id":"cpd11485","coefficient":1}],"segments":{"226":{"from_node_id":"228","to_node_id":"229","b1":null,"b2":null},"227":{"from_node_id":"230","to_node_id":"229","b1":null,"b2":null},"228":{"from_node_id":"228","to_node_id":"231","b1":{"x":4235.0139145851135,"y":621.1983337402344},"b2":{"x":4253.0139145851135,"y":615.9483337402344}},"229":{"from_node_id":"228","to_node_id":"232","b1":{"x":4235.0139145851135,"y":625.1983337402344},"b2":{"x":4235.0139145851135,"y":570.9483337402344}},"230":{"from_node_id":"230","to_node_id":"233","b1":{"x":4235.0139145851135,"y":753.1983337402344},"b2":{"x":4227.1823716163635,"y":748.2805480957031}},"231":{"from_node_id":"230","to_node_id":"234","b1":{"x":4235.0139145851135,"y":753.1983337402344},"b2":{"x":4253.0139145851135,"y":758.4483337402344}},"232":{"from_node_id":"230","to_node_id":"219","b1":{"x":4235.0139145851135,"y":749.1983337402344},"b2":{"x":4235.0139145851135,"y":803.4483337402344}}}},"34":{"name":"rxn05332","bigg_id":"rxn05332","reversibility":false,"label_x":4010.0139145851135,"label_y":472.1983337402344,"gene_reaction_rule":"","genes":[],"metabolites":[{"bigg_id":"cpd11481","coefficient":-1},{"bigg_id":"cpd00001","coefficient":1},{"bigg_id":"cpd11477","coefficient":1}],"segments":{"233":{"from_node_id":"235","to_node_id":"236","b1":null,"b2":null},"234":{"from_node_id":"237","to_node_id":"236","b1":null,"b2":null},"235":{"from_node_id":"235","to_node_id":"232","b1":{"x":4122.0139145851135,"y":512.1983337402344},"b2":{"x":4176.2639145851135,"y":512.1983337402344}},"236":{"from_node_id":"237","to_node_id":"238","b1":{"x":3994.0139145851135,"y":512.1983337402344},"b2":{"x":3988.7639145851135,"y":494.1983337402344}},"237":{"from_node_id":"237","to_node_id":"239","b1":{"x":3998.0139145851135,"y":512.1983337402344},"b2":{"x":3943.7639145851135,"y":512.1983337402344}}}},"37":{"name":"rxn05461","bigg_id":"rxn05461","reversibility":false,"label_x":3649.3015122413635,"label_y":-234.68212890624997,"gene_reaction_rule":"","genes":[],"metabolites":[{"bigg_id":"cpd00005","coefficient":-1},{"bigg_id":"cpd00067","coefficient":-1},{"bigg_id":"cpd11570","coefficient":-1},{"bigg_id":"cpd00006","coefficient":1},{"bigg_id":"cpd11571","coefficient":1}],"segments":{"253":{"from_node_id":"255","to_node_id":"256","b1":null,"b2":null},"254":{"from_node_id":"257","to_node_id":"256","b1":null,"b2":null},"255":{"from_node_id":"255","to_node_id":"258","b1":{"x":3765.3015122413635,"y":-194.68212890625},"b2":{"x":3800.6674790382385,"y":-196.7593994140625}},"256":{"from_node_id":"255","to_node_id":"259","b1":{"x":3765.3015122413635,"y":-194.68212890625},"b2":{"x":3770.5515122413635,"y":-212.68212890625}},"257":{"from_node_id":"255","to_node_id":"304","b1":{"x":3761.3015122413635,"y":-194.68212890625},"b2":{"x":3828.1176743507385,"y":-197.1953582763672}},"258":{"from_node_id":"257","to_node_id":"260","b1":{"x":3633.3015122413635,"y":-194.68212890624997},"b2":{"x":3628.0515122413635,"y":-212.68212890624997}},"259":{"from_node_id":"257","to_node_id":"261","b1":{"x":3637.3015122413635,"y":-194.68212890624997},"b2":{"x":3583.0515122413635,"y":-194.68212890624997}}}},"38":{"name":"rxn05462","bigg_id":"rxn05462","reversibility":false,"label_x":3299.3015122413635,"label_y":-234.68212890624991,"gene_reaction_rule":"","genes":[],"metabolites":[{"bigg_id":"cpd11571","coefficient":-1},{"bigg_id":"cpd00001","coefficient":1},{"bigg_id":"cpd11572","coefficient":1}],"segments":{"260":{"from_node_id":"262","to_node_id":"263","b1":null,"b2":null},"261":{"from_node_id":"264","to_node_id":"263","b1":null,"b2":null},"262":{"from_node_id":"262","to_node_id":"261","b1":{"x":3411.3015122413635,"y":-194.68212890624994},"b2":{"x":3465.5515122413635,"y":-194.68212890624994}},"263":{"from_node_id":"264","to_node_id":"265","b1":{"x":3283.3015122413635,"y":-194.68212890624991},"b2":{"x":3278.0515122413635,"y":-212.68212890624991}},"264":{"from_node_id":"264","to_node_id":"266","b1":{"x":3287.3015122413635,"y":-194.68212890624991},"b2":{"x":3233.0515122413635,"y":-194.68212890624991}}}},"39":{"name":"rxn05464","bigg_id":"rxn05464","reversibility":false,"label_x":2949.3015122413635,"label_y":-234.68212890624986,"gene_reaction_rule":"","genes":[],"metabolites":[{"bigg_id":"cpd00004","coefficient":-1},{"bigg_id":"cpd00067","coefficient":-1},{"bigg_id":"cpd11572","coefficient":-1},{"bigg_id":"cpd00003","coefficient":1},{"bigg_id":"cpd11573","coefficient":1}],"segments":{"265":{"from_node_id":"267","to_node_id":"268","b1":null,"b2":null},"266":{"from_node_id":"269","to_node_id":"268","b1":null,"b2":null},"267":{"from_node_id":"267","to_node_id":"270","b1":{"x":3065.3015122413635,"y":-194.6821289062499},"b2":{"x":3070.5515122413635,"y":-176.6821289062499}},"268":{"from_node_id":"267","to_node_id":"271","b1":{"x":3065.3015122413635,"y":-194.6821289062499},"b2":{"x":3070.5515122413635,"y":-212.6821289062499}},"269":{"from_node_id":"267","to_node_id":"266","b1":{"x":3061.3015122413635,"y":-194.6821289062499},"b2":{"x":3115.5515122413635,"y":-194.6821289062499}},"270":{"from_node_id":"269","to_node_id":"272","b1":{"x":2933.3015122413635,"y":-194.68212890624986},"b2":{"x":2928.0515122413635,"y":-212.68212890624986}},"271":{"from_node_id":"269","to_node_id":"273","b1":{"x":2937.3015122413635,"y":-194.68212890624986},"b2":{"x":2883.0515122413635,"y":-194.68212890624986}}}},"40":{"name":"rxn05328","bigg_id":"rxn05328","reversibility":false,"label_x":3900.0139145851135,"label_y":347.1983337402344,"gene_reaction_rule":"","genes":[],"metabolites":[{"bigg_id":"cpd00003","coefficient":-1},{"bigg_id":"cpd11476","coefficient":-1},{"bigg_id":"cpd00004","coefficient":1},{"bigg_id":"cpd00067","coefficient":1},{"bigg_id":"cpd11477","coefficient":1}],"segments":{"272":{"from_node_id":"274","to_node_id":"275","b1":null,"b2":null},"273":{"from_node_id":"276","to_node_id":"275","b1":null,"b2":null},"274":{"from_node_id":"274","to_node_id":"277","b1":{"x":3885.0139145851135,"y":271.1983337402344},"b2":{"x":3877.2417395815937,"y":246.77927874027625}},"275":{"from_node_id":"274","to_node_id":"278","b1":{"x":3885.0139145851135,"y":275.1983337402344},"b2":{"x":3885.0139145851135,"y":220.94833374023438}},"276":{"from_node_id":"276","to_node_id":"279","b1":{"x":3885.0139145851135,"y":403.1983337402344},"b2":{"x":3867.0139145851135,"y":408.4483337402344}},"277":{"from_node_id":"276","to_node_id":"280","b1":{"x":3885.0139145851135,"y":403.1983337402344},"b2":{"x":3903.0139145851135,"y":408.4483337402344}},"278":{"from_node_id":"276","to_node_id":"239","b1":{"x":3885.0139145851135,"y":399.1983337402344},"b2":{"x":3885.0139145851135,"y":453.4483337402344}}}},"43":{"name":"rxn05460","bigg_id":"rxn05460","reversibility":false,"label_x":3900.0139145851135,"label_y":-2.801666259765625,"gene_reaction_rule":"","genes":[],"metabolites":[{"bigg_id":"cpd00067","coefficient":-1},{"bigg_id":"cpd11476","coefficient":-1},{"bigg_id":"cpd11492","coefficient":-1},{"bigg_id":"cpd00011","coefficient":1},{"bigg_id":"cpd11493","coefficient":1},{"bigg_id":"cpd11570","coefficient":1}],"segments":{"295":{"from_node_id":"297","to_node_id":"298","b1":null,"b2":null},"296":{"from_node_id":"299","to_node_id":"298","b1":null,"b2":null},"297":{"from_node_id":"297","to_node_id":"300","b1":{"x":3885.0139145851135,"y":53.198333740234375},"b2":{"x":3867.0139145851135,"y":58.448333740234375}},"298":{"from_node_id":"297","to_node_id":"278","b1":{"x":3885.0139145851135,"y":49.198333740234375},"b2":{"x":3885.0139145851135,"y":103.44833374023438}},"299":{"from_node_id":"297","to_node_id":"301","b1":{"x":3885.0139145851135,"y":53.198333740234375},"b2":{"x":710.5817776156338,"y":677.1753988395407}},"300":{"from_node_id":"299","to_node_id":"302","b1":{"x":3885.0139145851135,"y":-78.80166625976562},"b2":{"x":3867.0139145851135,"y":-84.05166625976562}},"301":{"from_node_id":"299","to_node_id":"303","b1":{"x":3885.0139145851135,"y":-78.80166625976562},"b2":{"x":3903.0139145851135,"y":-84.05166625976562}},"302":{"from_node_id":"299","to_node_id":"304","b1":{"x":3885.0139145851135,"y":-74.80166625976562},"b2":{"x":3887.5270981788635,"y":-134.07814025878906}}}},"44":{"name":"rxn06033","bigg_id":"rxn06033","reversibility":false,"label_x":3987.3947739601135,"label_y":124.71157836914062,"gene_reaction_rule":"","genes":[],"metabolites":[{"bigg_id":"cpd00001","coefficient":-1},{"bigg_id":"cpd11476","coefficient":-1},{"bigg_id":"cpd00067","coefficient":1},{"bigg_id":"cpd00214","coefficient":1},{"bigg_id":"cpd11493","coefficient":1}],"segments":{"303":{"from_node_id":"305","to_node_id":"306","b1":null,"b2":null},"304":{"from_node_id":"307","to_node_id":"306","b1":null,"b2":null},"305":{"from_node_id":"305","to_node_id":"308","b1":{"x":3994.0139145851135,"y":162.19833374023438},"b2":{"x":3973.6843247413635,"y":150.0394287109375}},"306":{"from_node_id":"305","to_node_id":"278","b1":{"x":3998.0139145851135,"y":162.19833374023438},"b2":{"x":3943.7639145851135,"y":162.19833374023438}},"307":{"from_node_id":"307","to_node_id":"309","b1":{"x":4126.0139145851135,"y":162.19833374023438},"b2":{"x":4136.524579028923,"y":132.60333801756093}},"308":{"from_node_id":"307","to_node_id":"310","b1":{"x":4122.0139145851135,"y":162.19833374023438},"b2":{"x":4176.2639145851135,"y":162.19833374023438}},"309":{"from_node_id":"307","to_node_id":"311","b1":{"x":4126.0139145851135,"y":162.19833374023438},"b2":{"x":4131.2639145851135,"y":180.19833374023438}}}},"45":{"name":"rxn00947","bigg_id":"rxn00947","reversibility":false,"label_x":4250.0139145851135,"label_y":-2.801666259765625,"gene_reaction_rule":"","genes":[],"metabolites":[{"bigg_id":"cpd00002","coefficient":-1},{"bigg_id":"cpd00010","coefficient":-1},{"bigg_id":"cpd00214","coefficient":-1},{"bigg_id":"cpd00012","coefficient":1},{"bigg_id":"cpd00018","coefficient":1},{"bigg_id":"cpd00067","coefficient":1},{"bigg_id":"cpd00134","coefficient":1}],"segments":{"310":{"from_node_id":"312","to_node_id":"313","b1":null,"b2":null},"311":{"from_node_id":"314","to_node_id":"313","b1":null,"b2":null},"312":{"from_node_id":"312","to_node_id":"315","b1":{"x":4235.0139145851135,"y":53.198333740234375},"b2":{"x":4242.1462388038635,"y":63.474815368652344}},"313":{"from_node_id":"312","to_node_id":"316","b1":{"x":4235.0139145851135,"y":53.198333740234375},"b2":{"x":4253.0139145851135,"y":58.448333740234375}},"314":{"from_node_id":"312","to_node_id":"310","b1":{"x":4235.0139145851135,"y":49.198333740234375},"b2":{"x":4235.0139145851135,"y":103.44833374023438}},"315":{"from_node_id":"314","to_node_id":"317","b1":{"x":4235.0139145851135,"y":-78.80166625976562},"b2":{"x":4217.0139145851135,"y":-84.05166625976562}},"316":{"from_node_id":"314","to_node_id":"318","b1":{"x":4235.0139145851135,"y":-78.80166625976562},"b2":{"x":4253.0139145851135,"y":-84.05166625976562}},"317":{"from_node_id":"314","to_node_id":"319","b1":{"x":4235.0139145851135,"y":-78.80166625976562},"b2":{"x":4271.0139145851135,"y":-69.05166625976562}},"318":{"from_node_id":"314","to_node_id":"320","b1":{"x":4235.0139145851135,"y":-74.80166625976562},"b2":{"x":4235.0139145851135,"y":-129.05166625976562}}}},"47":{"name":"rxn07455","bigg_id":"rxn07455","reversibility":false,"label_x":2491.954345703125,"label_y":1409.8346710205078,"gene_reaction_rule":"","genes":[],"metabolites":[{"bigg_id":"cpd11475","coefficient":-1},{"bigg_id":"cpd12489","coefficient":1}],"segments":{"325":{"from_node_id":"329","to_node_id":"330","b1":null,"b2":null},"326":{"from_node_id":"331","to_node_id":"330","b1":null,"b2":null},"327":{"from_node_id":"329","to_node_id":"152","b1":{"x":2476.5359658907696,"y":1337.8360826629287},"b2":{"x":2476.1698835549573,"y":1283.5873178500462}},"328":{"from_node_id":"331","to_node_id":"332","b1":{"x":2477.3727255154804,"y":1461.833259378087},"b2":{"x":2477.7388078512927,"y":1516.0820241909694}}}},"48":{"name":"rxn17120","bigg_id":"rxn17120","reversibility":false,"label_x":2575.653501464887,"label_y":-149.18804522048285,"gene_reaction_rule":"","genes":[],"metabolites":[{"bigg_id":"cpd00007","coefficient":-1},{"bigg_id":"cpd12458","coefficient":-1},{"bigg_id":"cpd26978","coefficient":-1},{"bigg_id":"cpd00001","coefficient":2},{"bigg_id":"cpd22290","coefficient":1},{"bigg_id":"cpd27716","coefficient":1}],"segments":{"329":{"from_node_id":"334","to_node_id":"335","b1":null,"b2":null},"330":{"from_node_id":"336","to_node_id":"335","b1":null,"b2":null},"331":{"from_node_id":"334","to_node_id":"333","b1":{"x":2699.9578546295993,"y":-191.15311506819762},"b2":{"x":2714.877163171479,"y":-149.9852797712399}},"332":{"from_node_id":"334","to_node_id":"273","b1":{"x":2703.9576519229863,"y":-191.19338430957063},"b2":{"x":2737.9980560897475,"y":-189.13170881177996}},"333":{"from_node_id":"334","to_node_id":"338","b1":{"x":2703.9576519229863,"y":-191.19338430957063},"b2":{"x":2709.0261742843836,"y":-209.24532550912073}},"334":{"from_node_id":"336","to_node_id":"339","b1":{"x":2571.9643412411615,"y":-189.8644993442868},"b2":{"x":2566.8958188797637,"y":-171.81255814473658}},"335":{"from_node_id":"336","to_node_id":"340","b1":{"x":2571.9643412411615,"y":-189.8644993442868},"b2":{"x":2566.5333957074135,"y":-207.81073378523433}},"336":{"from_node_id":"336","to_node_id":"341","b1":{"x":2575.9641385345503,"y":-189.9047685856587},"b2":{"x":2521.716887742966,"y":-189.35861699954776}}}},"49":{"name":"rxn17803","bigg_id":"rxn17803","reversibility":false,"label_x":2208.9560283324417,"label_y":-143.57510061408465,"gene_reaction_rule":"","genes":[],"metabolites":[{"bigg_id":"cpd00001","coefficient":-1},{"bigg_id":"cpd00067","coefficient":-1},{"bigg_id":"cpd27716","coefficient":-1},{"bigg_id":"cpd00536","coefficient":1},{"bigg_id":"cpd11493","coefficient":1}],"segments":{"337":{"from_node_id":"342","to_node_id":"343","b1":null,"b2":null},"338":{"from_node_id":"344","to_node_id":"343","b1":null,"b2":null},"339":{"from_node_id":"342","to_node_id":"345","b1":{"x":2353.975388751479,"y":-187.66982568950013},"b2":{"x":2359.406334285227,"y":-169.72359124855168}},"340":{"from_node_id":"342","to_node_id":"346","b1":{"x":2353.975388751479,"y":-187.66982568950013},"b2":{"x":2359.0439111128762,"y":-205.72176688904995}},"341":{"from_node_id":"342","to_node_id":"341","b1":{"x":2349.97559145809,"y":-187.62955644812737},"b2":{"x":2404.2228422496737,"y":-188.17570803423854}},"342":{"from_node_id":"344","to_node_id":"347","b1":{"x":2225.9818753630416,"y":-186.38120996558837},"b2":{"x":2171.734624571458,"y":-185.83505837947766}},"343":{"from_node_id":"344","to_node_id":"348","b1":{"x":2221.982078069653,"y":-186.3409407242164},"b2":{"x":2216.5511325359057,"y":-204.28717516516429}}}},"50":{"name":"rxn32436","bigg_id":"rxn32436","reversibility":false,"label_x":1873.599497582807,"label_y":-146.31971521178795,"gene_reaction_rule":"","genes":[],"metabolites":[{"bigg_id":"cpd00002","coefficient":-1},{"bigg_id":"cpd00010","coefficient":-1},{"bigg_id":"cpd00536","coefficient":-1},{"bigg_id":"cpd00012","coefficient":1},{"bigg_id":"cpd00018","coefficient":1},{"bigg_id":"cpd00067","coefficient":1},{"bigg_id":"cpd00399","coefficient":1}],"segments":{"344":{"from_node_id":"349","to_node_id":"350","b1":null,"b2":null},"345":{"from_node_id":"351","to_node_id":"350","b1":null,"b2":null},"346":{"from_node_id":"349","to_node_id":"352","b1":{"x":2003.9931255799704,"y":-184.14626706942968},"b2":{"x":2009.4240711137186,"y":-166.20003262848192}},"347":{"from_node_id":"349","to_node_id":"353","b1":{"x":2003.9931255799704,"y":-184.14626706942968},"b2":{"x":2009.0616479413682,"y":-202.19820826898018}},"348":{"from_node_id":"349","to_node_id":"347","b1":{"x":1999.9933282865832,"y":-184.10599782805764},"b2":{"x":2054.240579078166,"y":-184.65214941416838}},"349":{"from_node_id":"351","to_node_id":"354","b1":{"x":1871.9998148981445,"y":-182.81738210414653},"b2":{"x":1866.9312925367472,"y":-164.76544090459663}},"350":{"from_node_id":"351","to_node_id":"355","b1":{"x":1871.9998148981445,"y":-182.81738210414653},"b2":{"x":1866.5688693643972,"y":-200.76361654509412}},"351":{"from_node_id":"351","to_node_id":"356","b1":{"x":1871.9998148981445,"y":-182.81738210414653},"b2":{"x":1881.3868976284298,"y":-218.913714020489}},"352":{"from_node_id":"351","to_node_id":"357","b1":{"x":1875.999612191533,"y":-182.85765134551892},"b2":{"x":1821.7523613999497,"y":-182.31149975940747}}}}},"nodes":{"0":{"node_type":"metabolite","x":-10.000030517578125,"y":-19.999969482421875,"bigg_id":"cpd00022","name":"Acetyl-CoA","label_x":-83.58259582519531,"label_y":-45.78310203552246,"node_is_primary":true},"1":{"node_type":"multimarker","x":-10.000030517578125,"y":135.00003051757812},"2":{"node_type":"midmarker","x":-10.000030517578125,"y":155.00003051757812},"3":{"node_type":"multimarker","x":-10.000030517578125,"y":175.00003051757812},"4":{"node_type":"metabolite","x":-90.00003051757812,"y":50.000030517578125,"bigg_id":"cpd11493","name":"ACP","label_x":-162.00003051757812,"label_y":80.00003051757812,"node_is_primary":false},"5":{"node_type":"metabolite","x":-94.00003051757812,"y":234.00003051757812,"bigg_id":"cpd00010","name":"CoA","label_x":-156.00003051757812,"label_y":207.00003051757812,"node_is_primary":false},"6":{"node_type":"metabolite","x":-9.000030517578125,"y":323.0000305175781,"bigg_id":"cpd11494","name":"Acetyl-ACP","label_x":-81.00003051757812,"label_y":353.0000305175781,"node_is_primary":true},"7":{"node_type":"multimarker","x":144.99996948242188,"y":-19.999969482421875},"8":{"node_type":"midmarker","x":164.99996948242188,"y":-19.999969482421875},"9":{"node_type":"multimarker","x":184.99996948242188,"y":-19.999969482421875},"11":{"node_type":"metabolite","x":339.9999694824219,"y":-19.999969482421875,"bigg_id":"cpd00070","name":"Malonyl-CoA","label_x":296.7999694824219,"label_y":20.000030517578125,"node_is_primary":true},"13":{"node_type":"metabolite","x":309.01443705397713,"y":-390.24323049858924,"bigg_id":"cpd00002","name":"ATP","label_x":265.81443705397703,"label_y":-350.24323049858924,"node_is_primary":false},"14":{"node_type":"multimarker","x":163.13683842071146,"y":-302.6712952308717},"15":{"node_type":"midmarker","x":143.1397379764745,"y":-302.33074593473475},"16":{"node_type":"multimarker","x":123.14263753223759,"y":-301.9901966385978},"17":{"node_type":"metabolite","x":257.0699873345746,"y":-453.145105281842,"bigg_id":"cpd00242","name":"H2CO3","label_x":213.86998733457463,"label_y":-473.145105281842,"node_is_primary":false},"18":{"node_type":"metabolite","x":275.1395213551342,"y":-182.41401517538407,"bigg_id":"cpd12848","name":"Holo-[carboxylase]","label_x":230.422858757478,"label_y":-178.81373441366532,"node_is_primary":true},"19":{"node_type":"metabolite","x":39.51715782877869,"y":-493.5523393813886,"bigg_id":"cpd00008","name":"ADP","label_x":-3.6828421712212958,"label_y":-513.5523393813886,"node_is_primary":false},"20":{"node_type":"metabolite","x":-36.66191139808262,"y":-416.0156527214965,"bigg_id":"cpd00009","name":"Phosphate","label_x":-79.8619113980825,"label_y":-376.0156527214965,"node_is_primary":false},"21":{"node_type":"metabolite","x":92.41898027550224,"y":-486.40300274692004,"bigg_id":"cpd00067","name":"H+","label_x":49.21898027550219,"label_y":-446.40300274692,"node_is_primary":false},"22":{"node_type":"metabolite","x":45.212862644130325,"y":-182.27606525492251,"bigg_id":"cpd12543","name":"Carboxybiotin-carboxyl-carrier protein","label_x":-189.08565191275437,"label_y":-175.64247455668033,"node_is_primary":true},"23":{"node_type":"multimarker","x":534.9999694824219,"y":-19.999969482421875},"24":{"node_type":"midmarker","x":514.9999694824219,"y":-19.999969482421875},"25":{"node_type":"multimarker","x":494.9999694824219,"y":-19.999969482421875},"26":{"node_type":"metabolite","x":553.2671203613281,"y":-156.11619567871094,"bigg_id":"cpd00002","name":"ATP","label_x":510.0671203613281,"label_y":-176.11619567871094,"node_is_primary":false},"27":{"node_type":"metabolite","x":665.7334899902344,"y":-106.44929122924805,"bigg_id":"cpd00010","name":"CoA","label_x":622.5334899902343,"label_y":-66.44929122924805,"node_is_primary":false},"28":{"node_type":"metabolite","x":645.7831115722656,"y":135.8327751159668,"bigg_id":"cpd00308","name":"Malonate","label_x":602.5831115722656,"label_y":175.8327751159668,"node_is_primary":true},"29":{"node_type":"metabolite","x":409.9999694824219,"y":-99.99996948242188,"bigg_id":"cpd00012","name":"PPi","label_x":366.7999694824219,"label_y":-119.99996948242188,"node_is_primary":false},"30":{"node_type":"metabolite","x":409.9999694824219,"y":60.000030517578125,"bigg_id":"cpd00018","name":"AMP","label_x":366.7999694824219,"label_y":100.00003051757812,"node_is_primary":false},"31":{"node_type":"metabolite","x":429.9999694824219,"y":140.00003051757812,"bigg_id":"cpd00067","name":"H+","label_x":386.7999694824219,"label_y":180.00003051757812,"node_is_primary":false},"32":{"node_type":"multimarker","x":645.7831115722656,"y":290.8327751159668},"33":{"node_type":"midmarker","x":645.7831115722656,"y":310.8327751159668},"34":{"node_type":"multimarker","x":645.7831115722656,"y":330.8327751159668},"35":{"node_type":"metabolite","x":725.7831115722656,"y":205.8327751159668,"bigg_id":"cpd00002","name":"ATP","label_x":740.7831115722656,"label_y":205.8327751159668,"node_is_primary":false},"36":{"node_type":"metabolite","x":565.7831115722656,"y":205.8327751159668,"bigg_id":"cpd11493","name":"ACP","label_x":493.7831115722656,"label_y":235.8327751159668,"node_is_primary":false},"37":{"node_type":"metabolite","x":725.7831115722656,"y":415.8327751159668,"bigg_id":"cpd00012","name":"PPi","label_x":740.7831115722656,"label_y":415.8327751159668,"node_is_primary":false},"38":{"node_type":"metabolite","x":554.7837829589844,"y":419.0999565124512,"bigg_id":"cpd00018","name":"AMP","label_x":582.8171081542969,"label_y":428.1998710632324,"node_is_primary":false},"39":{"node_type":"metabolite","x":750.8150329589844,"y":376.3997611999512,"bigg_id":"cpd00067","name":"H+","label_x":678.8150329589844,"label_y":406.3997611999512,"node_is_primary":false},"41":{"node_type":"multimarker","x":-9.000030517578125,"y":478.0000305175781},"42":{"node_type":"midmarker","x":-9.000030517578125,"y":498.0000305175781},"43":{"node_type":"multimarker","x":-9.000030517578125,"y":518.0000305175781},"44":{"node_type":"metabolite","x":70.99996948242188,"y":393.0000305175781,"bigg_id":"cpd00067","name":"H+","label_x":85.99996948242188,"label_y":393.0000305175781,"node_is_primary":false},"46":{"node_type":"metabolite","x":70.99996948242188,"y":603.0000305175781,"bigg_id":"cpd00011","name":"CO2","label_x":85.99996948242188,"label_y":603.0000305175781,"node_is_primary":false},"47":{"node_type":"metabolite","x":-9.000030517578125,"y":673.0000305175781,"bigg_id":"cpd11488","name":"Acetoacetyl-ACP","label_x":-194.81505584716797,"label_y":695.7498474121094,"node_is_primary":true},"48":{"node_type":"metabolite","x":-89.00003051757812,"y":603.0000305175781,"bigg_id":"cpd11493","name":"ACP","label_x":-161.00003051757812,"label_y":633.0000305175781,"node_is_primary":false},"49":{"node_type":"multimarker","x":342.9163360595703,"y":673.3805961608887},"50":{"node_type":"midmarker","x":322.9163360595703,"y":673.3805961608887},"51":{"node_type":"multimarker","x":302.9163360595703,"y":673.3805961608887},"52":{"node_type":"metabolite","x":427.9163360595703,"y":593.3805961608887,"bigg_id":"cpd00067","name":"H+","label_x":374.09975891113277,"label_y":587.0304985046387,"node_is_primary":false},"53":{"node_type":"metabolite","x":155.73348999023438,"y":741.2472953796387,"bigg_id":"cpd00011","name":"CO2","label_x":112.53348999023433,"label_y":781.2472953796387,"node_is_primary":false},"55":{"node_type":"metabolite","x":173.933349609375,"y":590.3472099304199,"bigg_id":"cpd11493","name":"ACP","label_x":130.73334960937495,"label_y":570.3472099304199,"node_is_primary":false},"56":{"node_type":"multimarker","x":-7.483375549316406,"y":1058.5315246582031},"57":{"node_type":"midmarker","x":-7.483375549316406,"y":1078.5315246582031},"58":{"node_type":"multimarker","x":-7.483375549316406,"y":1098.5315246582031},"59":{"node_type":"metabolite","x":72.5166244506836,"y":973.5315246582031,"bigg_id":"cpd00005","name":"NADPH","label_x":87.5166244506836,"label_y":973.5315246582031,"node_is_primary":false},"60":{"node_type":"metabolite","x":-87.4833755493164,"y":973.5315246582031,"bigg_id":"cpd00067","name":"H+","label_x":-159.4833755493164,"label_y":1003.5315246582031,"node_is_primary":false},"61":{"node_type":"metabolite","x":74.41598677635193,"y":1159.4989318847656,"bigg_id":"cpd00006","name":"NADP","label_x":99.41598677635193,"label_y":1159.4989318847656,"node_is_primary":false},"62":{"node_type":"metabolite","x":-5.5840163230896,"y":1248.7477111816406,"bigg_id":"cpd16853","name":"3-hydroxybutanoyl-acp","label_x":-77.5840163230896,"label_y":1278.7477111816406,"node_is_primary":true},"68":{"node_type":"multimarker","x":149.4159836769104,"y":1248.7477111816406},"69":{"node_type":"midmarker","x":169.4159836769104,"y":1248.7477111816406},"70":{"node_type":"multimarker","x":189.4159836769104,"y":1248.7477111816406},"71":{"node_type":"metabolite","x":283.7498154640198,"y":1350.3635559082031,"bigg_id":"cpd00001","name":"H2O","label_x":240.5498154640198,"label_y":1390.3635559082031,"node_is_primary":false},"72":{"node_type":"metabolite","x":369.96523904800415,"y":1248.3650207519531,"bigg_id":"cpd16847","name":"trans-but-2-enoyl-ACP","label_x":326.76523904800416,"label_y":1288.3650207519531,"node_is_primary":true},"73":{"node_type":"multimarker","x":369.96523904800415,"y":1093.3650207519531},"74":{"node_type":"midmarker","x":369.96523904800415,"y":1073.3650207519531},"75":{"node_type":"multimarker","x":369.96523904800415,"y":1053.3650207519531},"76":{"node_type":"metabolite","x":312.7150559425354,"y":1198.0815734863281,"bigg_id":"cpd00005","name":"NADPH","label_x":240.7150559425354,"label_y":1228.0815734863281,"node_is_primary":false},"77":{"node_type":"metabolite","x":449.96523904800415,"y":1178.3650207519531,"bigg_id":"cpd00067","name":"H+","label_x":464.96523904800415,"label_y":1178.3650207519531,"node_is_primary":false},"78":{"node_type":"metabolite","x":294.1325058937073,"y":998.4642639160156,"bigg_id":"cpd00006","name":"NADP","label_x":319.1325058937073,"label_y":998.4642639160156,"node_is_primary":false},"79":{"node_type":"metabolite","x":374.1325058937073,"y":891.0155944824219,"bigg_id":"cpd11464","name":"Butyryl-ACP","label_x":310.2664475440979,"label_y":866.7491149902344,"node_is_primary":true},"80":{"node_type":"multimarker","x":529.1325058937073,"y":891.0155944824219},"81":{"node_type":"midmarker","x":549.1325058937073,"y":891.0155944824219},"82":{"node_type":"multimarker","x":569.1325058937073,"y":891.0155944824219},"83":{"node_type":"metabolite","x":444.1325058937073,"y":956.5965881347656,"bigg_id":"cpd00067","name":"H+","label_x":400.9325058937073,"label_y":936.5965881347656,"node_is_primary":false},"85":{"node_type":"metabolite","x":615.9473252296448,"y":961.3697204589844,"bigg_id":"cpd00011","name":"CO2","label_x":572.7473252296447,"label_y":941.3697204589844,"node_is_primary":false},"86":{"node_type":"metabolite","x":724.1325058937073,"y":891.0155944824219,"bigg_id":"cpd11486","name":"3-Oxohexanoyl-[acp]","label_x":676.3825181007385,"label_y":879.4493103027344,"node_is_primary":true},"87":{"node_type":"metabolite","x":654.1325058937073,"y":955.8491516113281,"bigg_id":"cpd11493","name":"ACP","label_x":610.9325058937072,"label_y":995.8491516113281,"node_is_primary":false},"88":{"node_type":"multimarker","x":724.1325058937073,"y":1086.0155944824219},"89":{"node_type":"midmarker","x":724.1325058937073,"y":1066.0155944824219},"90":{"node_type":"multimarker","x":724.1325058937073,"y":1046.0155944824219},"91":{"node_type":"metabolite","x":630.0999131202698,"y":1159.1160583496094,"bigg_id":"cpd00006","name":"NADP","label_x":655.0999131202698,"label_y":1159.1160583496094,"node_is_primary":false},"92":{"node_type":"metabolite","x":726.031858921051,"y":1225.6152038574219,"bigg_id":"cpd11479","name":"D-3-Hydroxyhexanoyl-[acp]","label_x":654.031858921051,"label_y":1255.6152038574219,"node_is_primary":true},"93":{"node_type":"metabolite","x":645.6491684913635,"y":1011.0652160644531,"bigg_id":"cpd00005","name":"NADPH","label_x":573.6491684913635,"label_y":1041.0652160644531,"node_is_primary":false},"94":{"node_type":"multimarker","x":881.031858921051,"y":1225.6152038574219},"95":{"node_type":"midmarker","x":901.031858921051,"y":1225.6152038574219},"96":{"node_type":"multimarker","x":921.031858921051,"y":1225.6152038574219},"97":{"node_type":"metabolite","x":1006.031858921051,"y":1305.6152038574219,"bigg_id":"cpd00001","name":"H2O","label_x":962.831858921051,"label_y":1345.6152038574219,"node_is_primary":false},"98":{"node_type":"metabolite","x":1076.031858921051,"y":1225.6152038574219,"bigg_id":"cpd11473","name":"(2E)-Hexenoyl-[acp]","label_x":1032.831858921051,"label_y":1265.6152038574219,"node_is_primary":true},"99":{"node_type":"multimarker","x":1076.031858921051,"y":1030.6152038574219},"100":{"node_type":"midmarker","x":1076.031858921051,"y":1050.6152038574219},"101":{"node_type":"multimarker","x":1076.031858921051,"y":1070.6152038574219},"102":{"node_type":"metabolite","x":1001.7158188819885,"y":960.5478820800781,"bigg_id":"cpd00003","name":"NAD","label_x":1026.7158188819885,"label_y":960.5478820800781,"node_is_primary":false},"103":{"node_type":"metabolite","x":1074.1325669288635,"y":881.9157409667969,"bigg_id":"cpd11472","name":"Hexanoyl-ACP","label_x":970.8334946632385,"label_y":877.3657531738281,"node_is_primary":true},"104":{"node_type":"metabolite","x":996.031858921051,"y":1155.6152038574219,"bigg_id":"cpd00004","name":"NADH","label_x":924.031858921051,"label_y":1185.6152038574219,"node_is_primary":false},"105":{"node_type":"metabolite","x":1156.031858921051,"y":1155.6152038574219,"bigg_id":"cpd00067","name":"H+","label_x":1171.031858921051,"label_y":1155.6152038574219,"node_is_primary":false},"106":{"node_type":"multimarker","x":1229.1325669288635,"y":881.9157409667969},"107":{"node_type":"midmarker","x":1249.1325669288635,"y":881.9157409667969},"108":{"node_type":"multimarker","x":1269.1325669288635,"y":881.9157409667969},"109":{"node_type":"metabolite","x":1171.054563999176,"y":921.8683166503906,"bigg_id":"cpd00067","name":"H+","label_x":1127.854563999176,"label_y":901.8683166503906,"node_is_primary":false},"111":{"node_type":"metabolite","x":1272.2331528663635,"y":944.4812927246094,"bigg_id":"cpd00011","name":"CO2","label_x":1229.0331528663635,"label_y":924.4812927246094,"node_is_primary":false},"112":{"node_type":"metabolite","x":1424.1325669288635,"y":881.9157409667969,"bigg_id":"cpd11490","name":"3-oxooctanoyl-acp","label_x":1411.958079624176,"label_y":881.3440246582031,"node_is_primary":true},"113":{"node_type":"metabolite","x":1337.4492173194885,"y":930.0660095214844,"bigg_id":"cpd11493","name":"ACP","label_x":1294.2492173194885,"label_y":970.0660095214844,"node_is_primary":false},"114":{"node_type":"multimarker","x":1424.1325669288635,"y":1036.9157409667969},"115":{"node_type":"midmarker","x":1424.1325669288635,"y":1056.9157409667969},"116":{"node_type":"multimarker","x":1424.1325669288635,"y":1076.9157409667969},"117":{"node_type":"metabolite","x":1504.1325669288635,"y":951.9157409667969,"bigg_id":"cpd00005","name":"NADPH","label_x":1519.1325669288635,"label_y":951.9157409667969,"node_is_primary":false},"118":{"node_type":"metabolite","x":1363.8491196632385,"y":982.2488708496094,"bigg_id":"cpd00067","name":"H+","label_x":1291.8491196632385,"label_y":1012.2488708496094,"node_is_primary":false},"119":{"node_type":"metabolite","x":1346.7832016944885,"y":1166.6995544433594,"bigg_id":"cpd00006","name":"NADP","label_x":1371.7832016944885,"label_y":1166.6995544433594,"node_is_primary":false},"120":{"node_type":"metabolite","x":1430.581907749176,"y":1222.5818786621094,"bigg_id":"cpd16857","name":"3-hydroxyoctanoyl-acp","label_x":1358.581907749176,"label_y":1252.5818786621094,"node_is_primary":true},"121":{"node_type":"multimarker","x":1585.581907749176,"y":1222.5818786621094},"122":{"node_type":"midmarker","x":1605.581907749176,"y":1222.5818786621094},"123":{"node_type":"multimarker","x":1625.581907749176,"y":1222.5818786621094},"124":{"node_type":"metabolite","x":1710.581907749176,"y":1302.5818786621094,"bigg_id":"cpd00001","name":"H2O","label_x":1667.381907749176,"label_y":1342.5818786621094,"node_is_primary":false},"125":{"node_type":"metabolite","x":1780.581907749176,"y":1222.5818786621094,"bigg_id":"cpd11471","name":"(2E)-Octenoyl-[acp]","label_x":1737.381907749176,"label_y":1262.5818786621094,"node_is_primary":true},"126":{"node_type":"multimarker","x":1780.581907749176,"y":1027.5818786621094},"127":{"node_type":"midmarker","x":1780.581907749176,"y":1047.5818786621094},"128":{"node_type":"multimarker","x":1780.581907749176,"y":1067.5818786621094},"129":{"node_type":"metabolite","x":1704.749144077301,"y":974.1977233886719,"bigg_id":"cpd00003","name":"NAD","label_x":1729.749144077301,"label_y":974.1977233886719,"node_is_primary":false},"130":{"node_type":"metabolite","x":1780.1992173194885,"y":868.2657775878906,"bigg_id":"cpd11470","name":"Octanoyl-ACP","label_x":1642.4584946632385,"label_y":877.8120422363281,"node_is_primary":true},"131":{"node_type":"metabolite","x":1700.581907749176,"y":1152.5818786621094,"bigg_id":"cpd00004","name":"NADH","label_x":1628.581907749176,"label_y":1182.5818786621094,"node_is_primary":false},"132":{"node_type":"metabolite","x":1860.581907749176,"y":1152.5818786621094,"bigg_id":"cpd00067","name":"H+","label_x":1875.581907749176,"label_y":1152.5818786621094,"node_is_primary":false},"133":{"node_type":"multimarker","x":1935.1992173194885,"y":868.2657775878906},"134":{"node_type":"midmarker","x":1955.1992173194885,"y":868.2657775878906},"135":{"node_type":"multimarker","x":1975.1992173194885,"y":868.2657775878906},"136":{"node_type":"metabolite","x":1850.1992173194885,"y":931.4601745605469,"bigg_id":"cpd00067","name":"H+","label_x":1806.9992173194885,"label_y":911.4601745605469,"node_is_primary":false},"138":{"node_type":"metabolite","x":2002.9213852882385,"y":962.4856872558594,"bigg_id":"cpd00011","name":"CO2","label_x":1959.7213852882385,"label_y":942.4856872558594,"node_is_primary":false},"139":{"node_type":"metabolite","x":2130.1992173194885,"y":868.2657775878906,"bigg_id":"cpd11487","name":"3-oxodecanoyl-acp","label_x":2086.9992173194887,"label_y":908.2657775878906,"node_is_primary":true},"140":{"node_type":"metabolite","x":2056.4704575538635,"y":921.2321472167969,"bigg_id":"cpd11493","name":"ACP","label_x":2001.151927280426,"label_y":936.9950866699219,"node_is_primary":false},"141":{"node_type":"multimarker","x":2130.1992173194885,"y":1023.2657775878906},"142":{"node_type":"midmarker","x":2130.1992173194885,"y":1043.2657775878906},"143":{"node_type":"multimarker","x":2130.1992173194885,"y":1063.2657775878906},"144":{"node_type":"metabolite","x":2210.1992173194885,"y":938.2657775878906,"bigg_id":"cpd00005","name":"NADPH","label_x":2225.1992173194885,"label_y":938.2657775878906,"node_is_primary":false},"145":{"node_type":"metabolite","x":2052.995726108551,"y":970.8926086425781,"bigg_id":"cpd00067","name":"H+","label_x":2020.147825717926,"label_y":997.1638488769531,"node_is_primary":false},"146":{"node_type":"metabolite","x":2036.9797348976135,"y":1152.0799865722656,"bigg_id":"cpd00006","name":"NADP","label_x":2061.9797348976135,"label_y":1152.0799865722656,"node_is_primary":false},"147":{"node_type":"metabolite","x":2129.4357895851135,"y":1218.1803283691406,"bigg_id":"cpd16855","name":"3-hydroxydecanoyl-acp","label_x":2057.4357895851135,"label_y":1248.1803283691406,"node_is_primary":true},"148":{"node_type":"multimarker","x":2284.4357895851135,"y":1218.1803283691406},"149":{"node_type":"midmarker","x":2304.4357895851135,"y":1218.1803283691406},"150":{"node_type":"multimarker","x":2324.4357895851135,"y":1218.1803283691406},"151":{"node_type":"metabolite","x":2409.4357895851135,"y":1298.1803283691406,"bigg_id":"cpd00001","name":"H2O","label_x":2366.2357895851137,"label_y":1338.1803283691406,"node_is_primary":false},"152":{"node_type":"metabolite","x":2479.4357895851135,"y":1218.1803283691406,"bigg_id":"cpd11475","name":"(2E)-Decenoyl-[acp]","label_x":2436.2357895851137,"label_y":1258.1803283691406,"node_is_primary":true},"153":{"node_type":"multimarker","x":2479.4357895851135,"y":1023.1803283691406},"154":{"node_type":"midmarker","x":2479.4357895851135,"y":1043.1803283691406},"155":{"node_type":"multimarker","x":2479.4357895851135,"y":1063.1803283691406},"156":{"node_type":"metabolite","x":2413.2499985694885,"y":961.3998107910156,"bigg_id":"cpd00003","name":"NAD","label_x":2438.2499985694885,"label_y":961.3998107910156,"node_is_primary":false},"157":{"node_type":"metabolite","x":2479.0234360694885,"y":882.8509216308594,"bigg_id":"cpd11474","name":"Decanoyl-ACP","label_x":2395.0957016944885,"label_y":871.4897155761719,"node_is_primary":true},"158":{"node_type":"metabolite","x":2399.4357895851135,"y":1148.1803283691406,"bigg_id":"cpd00004","name":"NADH","label_x":2327.4357895851135,"label_y":1178.1803283691406,"node_is_primary":false},"159":{"node_type":"metabolite","x":2559.4357895851135,"y":1148.1803283691406,"bigg_id":"cpd00067","name":"H+","label_x":2574.4357895851135,"label_y":1148.1803283691406,"node_is_primary":false},"160":{"node_type":"multimarker","x":2631.4704575538635,"y":859.8760070800781},"161":{"node_type":"midmarker","x":2651.4704575538635,"y":859.8760070800781},"162":{"node_type":"multimarker","x":2671.4704575538635,"y":859.8760070800781},"163":{"node_type":"metabolite","x":2546.4704575538635,"y":924.6985778808594,"bigg_id":"cpd00067","name":"H+","label_x":2503.2704575538637,"label_y":904.6985778808594,"node_is_primary":false},"165":{"node_type":"metabolite","x":2715.5009751319885,"y":942.8014221191406,"bigg_id":"cpd00011","name":"CO2","label_x":2672.3009751319887,"label_y":922.8014221191406,"node_is_primary":false},"166":{"node_type":"metabolite","x":2826.4704575538635,"y":859.8760070800781,"bigg_id":"cpd11489","name":"3-oxododecanoyl-acp","label_x":2783.2704575538637,"label_y":899.8760070800781,"node_is_primary":true},"167":{"node_type":"metabolite","x":2764.0927720069885,"y":914.1509094238281,"bigg_id":"cpd11493","name":"ACP","label_x":2753.2873032569887,"label_y":938.9064636230469,"node_is_primary":false},"168":{"node_type":"multimarker","x":2826.4704575538635,"y":1014.8760070800781},"169":{"node_type":"midmarker","x":2826.4704575538635,"y":1034.8760070800781},"170":{"node_type":"multimarker","x":2826.4704575538635,"y":1054.8760070800781},"171":{"node_type":"metabolite","x":2906.4704575538635,"y":929.8760070800781,"bigg_id":"cpd00005","name":"NADPH","label_x":2921.4704575538635,"label_y":929.8760070800781,"node_is_primary":false},"172":{"node_type":"metabolite","x":2726.4621567726135,"y":987.9956359863281,"bigg_id":"cpd00067","name":"H+","label_x":2683.9985337257385,"label_y":1013.2317810058594,"node_is_primary":false},"173":{"node_type":"metabolite","x":2722.8840317726135,"y":1131.4245910644531,"bigg_id":"cpd00006","name":"NADP","label_x":2686.1892075538635,"label_y":1098.6730041503906,"node_is_primary":false},"174":{"node_type":"metabolite","x":2825.6838364601135,"y":1219.8507385253906,"bigg_id":"cpd16854","name":"3-hydroxydodecanoyl-acp","label_x":2753.6838364601135,"label_y":1249.8507385253906,"node_is_primary":true},"175":{"node_type":"multimarker","x":2980.6838364601135,"y":1219.8507385253906},"176":{"node_type":"midmarker","x":3000.6838364601135,"y":1219.8507385253906},"177":{"node_type":"multimarker","x":3020.6838364601135,"y":1219.8507385253906},"178":{"node_type":"metabolite","x":3105.6838364601135,"y":1299.8507385253906,"bigg_id":"cpd00001","name":"H2O","label_x":3062.4838364601137,"label_y":1339.8507385253906,"node_is_primary":false},"179":{"node_type":"metabolite","x":3175.6838364601135,"y":1219.8507385253906,"bigg_id":"cpd11469","name":"(2E)-Dodecenoyl-[acp]","label_x":3132.4838364601137,"label_y":1259.8507385253906,"node_is_primary":true},"180":{"node_type":"multimarker","x":3175.6838364601135,"y":1024.8507385253906},"181":{"node_type":"midmarker","x":3175.6838364601135,"y":1044.8507385253906},"182":{"node_type":"multimarker","x":3175.6838364601135,"y":1064.8507385253906},"183":{"node_type":"metabolite","x":3097.9938950538635,"y":981.0538635253906,"bigg_id":"cpd00003","name":"NAD","label_x":3069.6772446632385,"label_y":1020.6604919433594,"node_is_primary":false},"184":{"node_type":"metabolite","x":3176.9436020851135,"y":869.6555480957031,"bigg_id":"cpd11468","name":"Dodecanoyl-ACP","label_x":3095.4384751319885,"label_y":857.6146545410156,"node_is_primary":true},"185":{"node_type":"metabolite","x":3096.9602036476135,"y":1117.9410705566406,"bigg_id":"cpd00004","name":"NADH","label_x":3024.9602036476135,"label_y":1147.9410705566406,"node_is_primary":false},"186":{"node_type":"metabolite","x":3255.6838364601135,"y":1149.8507385253906,"bigg_id":"cpd00067","name":"H+","label_x":3270.6838364601135,"label_y":1149.8507385253906,"node_is_primary":false},"187":{"node_type":"multimarker","x":3338.3254380226135,"y":845.4042663574219},"188":{"node_type":"midmarker","x":3358.3254380226135,"y":845.4042663574219},"189":{"node_type":"multimarker","x":3378.3254380226135,"y":845.4042663574219},"190":{"node_type":"metabolite","x":3280.1296372413635,"y":927.5050354003906,"bigg_id":"cpd00067","name":"H+","label_x":3236.9296372413637,"label_y":907.5050354003906,"node_is_primary":false},"192":{"node_type":"metabolite","x":3414.8227524757385,"y":910.9120178222656,"bigg_id":"cpd00011","name":"CO2","label_x":3371.6227524757387,"label_y":890.9120178222656,"node_is_primary":false},"193":{"node_type":"metabolite","x":3533.3254380226135,"y":861.6930236816406,"bigg_id":"cpd11491","name":"3-oxotetradecanoyl-acp","label_x":3516.7797348976137,"label_y":876.5195007324219,"node_is_primary":true},"194":{"node_type":"metabolite","x":3456.9433579444885,"y":903.7057800292969,"bigg_id":"cpd11493","name":"ACP","label_x":3413.7433579444887,"label_y":943.7057800292969,"node_is_primary":false},"195":{"node_type":"multimarker","x":3533.3254380226135,"y":1000.4042663574219},"196":{"node_type":"midmarker","x":3533.3254380226135,"y":1020.4042663574219},"197":{"node_type":"multimarker","x":3533.3254380226135,"y":1040.4042663574219},"198":{"node_type":"metabolite","x":3613.3254380226135,"y":915.4042663574219,"bigg_id":"cpd00005","name":"NADPH","label_x":3628.3254380226135,"label_y":915.4042663574219,"node_is_primary":false},"199":{"node_type":"metabolite","x":3480.1296372413635,"y":949.8666076660156,"bigg_id":"cpd00067","name":"H+","label_x":3438.7629380226135,"label_y":972.2083435058594,"node_is_primary":false},"200":{"node_type":"metabolite","x":3451.6367173194885,"y":1120.0976257324219,"bigg_id":"cpd00006","name":"NADP","label_x":3476.6367173194885,"label_y":1120.0976257324219,"node_is_primary":false},"201":{"node_type":"metabolite","x":3535.0139145851135,"y":1212.1983337402344,"bigg_id":"cpd16859","name":"3-hydroxytetradecanoyl-acp","label_x":3463.0139145851135,"label_y":1242.1983337402344,"node_is_primary":true},"202":{"node_type":"multimarker","x":3690.0139145851135,"y":1212.1983337402344},"203":{"node_type":"midmarker","x":3710.0139145851135,"y":1212.1983337402344},"204":{"node_type":"multimarker","x":3730.0139145851135,"y":1212.1983337402344},"205":{"node_type":"metabolite","x":3815.0139145851135,"y":1292.1983337402344,"bigg_id":"cpd00001","name":"H2O","label_x":3771.8139145851137,"label_y":1332.1983337402344,"node_is_primary":false},"206":{"node_type":"metabolite","x":3885.0139145851135,"y":1212.1983337402344,"bigg_id":"cpd11467","name":"(2E)-Tetradecenoyl-[acp]","label_x":3841.8139145851137,"label_y":1252.1983337402344,"node_is_primary":true},"207":{"node_type":"multimarker","x":3885.0139145851135,"y":1017.1983337402344},"208":{"node_type":"midmarker","x":3885.0139145851135,"y":1037.1983337402344},"209":{"node_type":"multimarker","x":3885.0139145851135,"y":1057.1983337402344},"210":{"node_type":"metabolite","x":3984.1596665382385,"y":933.4747619628906,"bigg_id":"cpd00003","name":"NAD","label_x":3999.1596665382385,"label_y":933.4747619628906,"node_is_primary":false},"211":{"node_type":"metabolite","x":3885.0139145851135,"y":908.2226867675781,"bigg_id":"cpd27551","name":"Myristoyl-ACPs","label_x":3813.6506333351135,"label_y":883.7722473144531,"node_is_primary":true},"212":{"node_type":"metabolite","x":3805.0139145851135,"y":1142.1983337402344,"bigg_id":"cpd00004","name":"NADH","label_x":3733.0139145851135,"label_y":1172.1983337402344,"node_is_primary":false},"213":{"node_type":"metabolite","x":3965.0139145851135,"y":1142.1983337402344,"bigg_id":"cpd00067","name":"H+","label_x":3980.0139145851135,"label_y":1142.1983337402344,"node_is_primary":false},"214":{"node_type":"multimarker","x":4040.0139145851135,"y":862.1983337402344},"215":{"node_type":"midmarker","x":4060.0139145851135,"y":862.1983337402344},"216":{"node_type":"multimarker","x":4080.0139145851135,"y":862.1983337402344},"218":{"node_type":"metabolite","x":4162.9807114601135,"y":993.6873474121094,"bigg_id":"cpd00011","name":"CO2","label_x":4095.3783677101137,"label_y":1004.1905822753906,"node_is_primary":false},"219":{"node_type":"metabolite","x":4235.0139145851135,"y":862.1983337402344,"bigg_id":"cpd11485","name":"3-oxohexadecanoyl-acp","label_x":4191.813914585114,"label_y":902.1983337402344,"node_is_primary":true},"220":{"node_type":"metabolite","x":4213.0759263038635,"y":950.2847595214844,"bigg_id":"cpd11493","name":"ACP","label_x":4169.875926303864,"label_y":990.2847595214844,"node_is_primary":false},"228":{"node_type":"multimarker","x":4235.0139145851135,"y":667.1983337402344},"229":{"node_type":"midmarker","x":4235.0139145851135,"y":687.1983337402344},"230":{"node_type":"multimarker","x":4235.0139145851135,"y":707.1983337402344},"231":{"node_type":"metabolite","x":4315.0139145851135,"y":582.1983337402344,"bigg_id":"cpd00006","name":"NADP","label_x":4330.0139145851135,"label_y":582.1983337402344,"node_is_primary":false},"232":{"node_type":"metabolite","x":4235.0139145851135,"y":512.1983337402344,"bigg_id":"cpd11481","name":"R-3-hydroxypalmitoyl-acyl-carrierprotein-","label_x":4260.0139145851135,"label_y":512.1983337402344,"node_is_primary":true},"233":{"node_type":"metabolite","x":4165.1823716163635,"y":782.0305480957031,"bigg_id":"cpd00005","name":"NADPH","label_x":4105.3837876319885,"label_y":809.9969787597656,"node_is_primary":false},"234":{"node_type":"metabolite","x":4315.0139145851135,"y":792.1983337402344,"bigg_id":"cpd00067","name":"H+","label_x":4330.0139145851135,"label_y":792.1983337402344,"node_is_primary":false},"235":{"node_type":"multimarker","x":4080.0139145851135,"y":512.1983337402344},"236":{"node_type":"midmarker","x":4060.0139145851135,"y":512.1983337402344},"237":{"node_type":"multimarker","x":4040.0139145851135,"y":512.1983337402344},"238":{"node_type":"metabolite","x":3955.0139145851135,"y":432.1983337402344,"bigg_id":"cpd00001","name":"H2O","label_x":3911.8139145851137,"label_y":412.1983337402344,"node_is_primary":false},"239":{"node_type":"metabolite","x":3885.0139145851135,"y":512.1983337402344,"bigg_id":"cpd11477","name":"(2E)-Hexadecenoyl-[acp]","label_x":3841.8139145851137,"label_y":552.1983337402344,"node_is_primary":true},"255":{"node_type":"multimarker","x":3719.3015122413635,"y":-194.68212890624997},"256":{"node_type":"midmarker","x":3699.3015122413635,"y":-194.68212890624997},"257":{"node_type":"multimarker","x":3679.3015122413635,"y":-194.68212890624997},"258":{"node_type":"metabolite","x":3834.4174790382385,"y":-134.7593994140625,"bigg_id":"cpd00005","name":"NADPH","label_x":3778.6691391944887,"label_y":-107.30769348144531,"node_is_primary":false},"259":{"node_type":"metabolite","x":3804.3015122413635,"y":-274.68212890625,"bigg_id":"cpd00067","name":"H+","label_x":3761.1015122413637,"label_y":-294.68212890625,"node_is_primary":false},"260":{"node_type":"metabolite","x":3594.3015122413635,"y":-274.68212890625,"bigg_id":"cpd00006","name":"NADP","label_x":3551.1015122413637,"label_y":-294.68212890625,"node_is_primary":false},"261":{"node_type":"metabolite","x":3524.3015122413635,"y":-194.68212890624994,"bigg_id":"cpd11571","name":"3-Hydroxyoctodecanoyl-ACP","label_x":3481.1015122413637,"label_y":-154.68212890624994,"node_is_primary":true},"262":{"node_type":"multimarker","x":3369.3015122413635,"y":-194.68212890624991},"263":{"node_type":"midmarker","x":3349.3015122413635,"y":-194.68212890624991},"264":{"node_type":"multimarker","x":3329.3015122413635,"y":-194.68212890624991},"265":{"node_type":"metabolite","x":3244.3015122413635,"y":-274.6821289062499,"bigg_id":"cpd00001","name":"H2O","label_x":3201.1015122413637,"label_y":-294.6821289062499,"node_is_primary":false},"266":{"node_type":"metabolite","x":3174.3015122413635,"y":-194.6821289062499,"bigg_id":"cpd11572","name":"trans-Octodec-2-enoyl-ACP","label_x":3131.1015122413637,"label_y":-154.6821289062499,"node_is_primary":true},"267":{"node_type":"multimarker","x":3019.3015122413635,"y":-194.68212890624986},"268":{"node_type":"midmarker","x":2999.3015122413635,"y":-194.68212890624986},"269":{"node_type":"multimarker","x":2979.3015122413635,"y":-194.68212890624986},"270":{"node_type":"metabolite","x":3104.3015122413635,"y":-114.68212890624989,"bigg_id":"cpd00004","name":"NADH","label_x":3061.1015122413637,"label_y":-74.68212890624989,"node_is_primary":false},"271":{"node_type":"metabolite","x":3104.3015122413635,"y":-274.6821289062499,"bigg_id":"cpd00067","name":"H+","label_x":3061.1015122413637,"label_y":-294.6821289062499,"node_is_primary":false},"272":{"node_type":"metabolite","x":2894.3015122413635,"y":-274.6821289062499,"bigg_id":"cpd00003","name":"NAD","label_x":2851.1015122413637,"label_y":-294.6821289062499,"node_is_primary":false},"273":{"node_type":"metabolite","x":2824.3015122413635,"y":-194.68212890624983,"bigg_id":"cpd12458","name":"Stearoyl-[acyl-carrier protein]","label_x":2725.2201645851137,"label_y":-146.69908142089827,"node_is_primary":true},"274":{"node_type":"multimarker","x":3885.0139145851135,"y":317.1983337402344},"275":{"node_type":"midmarker","x":3885.0139145851135,"y":337.1983337402344},"276":{"node_type":"multimarker","x":3885.0139145851135,"y":357.1983337402344},"277":{"node_type":"metabolite","x":3806.6796860694885,"y":244.76455688476562,"bigg_id":"cpd00003","name":"NAD","label_x":3821.6796860694885,"label_y":244.76455688476562,"node_is_primary":false},"278":{"node_type":"metabolite","x":3885.0139145851135,"y":162.19833374023438,"bigg_id":"cpd11476","name":"hexadecanoyl-acp","label_x":3821.0639634132385,"label_y":151.07958984375,"node_is_primary":true},"279":{"node_type":"metabolite","x":3805.0139145851135,"y":442.1983337402344,"bigg_id":"cpd00004","name":"NADH","label_x":3733.0139145851135,"label_y":472.1983337402344,"node_is_primary":false},"280":{"node_type":"metabolite","x":3965.0139145851135,"y":442.1983337402344,"bigg_id":"cpd00067","name":"H+","label_x":3980.0139145851135,"label_y":442.1983337402344,"node_is_primary":false},"297":{"node_type":"multimarker","x":3885.0139145851135,"y":7.198333740234375},"298":{"node_type":"midmarker","x":3885.0139145851135,"y":-12.801666259765625},"299":{"node_type":"multimarker","x":3885.0139145851135,"y":-32.801666259765625},"300":{"node_type":"metabolite","x":3805.0139145851135,"y":92.19833374023438,"bigg_id":"cpd00067","name":"H+","label_x":3733.0139145851135,"label_y":122.19833374023438,"node_is_primary":false},"301":{"node_type":"metabolite","x":639.9935898780823,"y":677.7838821411133,"bigg_id":"cpd11492","name":"Malonyl-acyl-carrierprotein-","label_x":567.0300889015198,"label_y":622.492561340332,"node_is_primary":true},"302":{"node_type":"metabolite","x":3805.0139145851135,"y":-117.80166625976562,"bigg_id":"cpd00011","name":"CO2","label_x":3733.0139145851135,"label_y":-87.80166625976562,"node_is_primary":false},"303":{"node_type":"metabolite","x":3965.0139145851135,"y":-117.80166625976562,"bigg_id":"cpd11493","name":"ACP","label_x":3980.0139145851135,"label_y":-117.80166625976562,"node_is_primary":false},"304":{"node_type":"metabolite","x":3887.5270981788635,"y":-192.82814025878906,"bigg_id":"cpd11570","name":"3-Oxooctodecanoyl-ACP","label_x":3912.5270981788635,"label_y":-192.82814025878906,"node_is_primary":true},"305":{"node_type":"multimarker","x":4040.0139145851135,"y":162.19833374023438},"306":{"node_type":"midmarker","x":4060.0139145851135,"y":162.19833374023438},"307":{"node_type":"multimarker","x":4080.0139145851135,"y":162.19833374023438},"308":{"node_type":"metabolite","x":3939.9343247413635,"y":212.0394287109375,"bigg_id":"cpd00001","name":"H2O","label_x":3896.7343247413637,"label_y":252.0394287109375,"node_is_primary":false},"309":{"node_type":"metabolite","x":4139.8815903663635,"y":62.0923957824707,"bigg_id":"cpd00067","name":"H+","label_x":4096.681590366364,"label_y":42.0923957824707,"node_is_primary":false},"310":{"node_type":"metabolite","x":4235.0139145851135,"y":162.19833374023438,"bigg_id":"cpd00214","name":"Palmitate","label_x":4191.813914585114,"label_y":202.19833374023438,"node_is_primary":true},"311":{"node_type":"metabolite","x":4165.0139145851135,"y":242.19833374023438,"bigg_id":"cpd11493","name":"ACP","label_x":4121.813914585114,"label_y":282.1983337402344,"node_is_primary":false},"312":{"node_type":"multimarker","x":4235.0139145851135,"y":7.198333740234375},"313":{"node_type":"midmarker","x":4235.0139145851135,"y":-12.801666259765625},"314":{"node_type":"multimarker","x":4235.0139145851135,"y":-32.801666259765625},"315":{"node_type":"metabolite","x":4180.1462388038635,"y":97.22481536865234,"bigg_id":"cpd00002","name":"ATP","label_x":4150.8713364601135,"label_y":134.76454162597656,"node_is_primary":false},"316":{"node_type":"metabolite","x":4315.0139145851135,"y":92.19833374023438,"bigg_id":"cpd00010","name":"CoA","label_x":4330.0139145851135,"label_y":92.19833374023438,"node_is_primary":false},"317":{"node_type":"metabolite","x":4155.0139145851135,"y":-117.80166625976562,"bigg_id":"cpd00012","name":"PPi","label_x":4083.0139145851135,"label_y":-87.80166625976562,"node_is_primary":false},"318":{"node_type":"metabolite","x":4315.0139145851135,"y":-117.80166625976562,"bigg_id":"cpd00018","name":"AMP","label_x":4330.0139145851135,"label_y":-117.80166625976562,"node_is_primary":false},"319":{"node_type":"metabolite","x":4395.0139145851135,"y":-97.80166625976562,"bigg_id":"cpd00067","name":"H+","label_x":4410.0139145851135,"label_y":-97.80166625976562,"node_is_primary":false},"320":{"node_type":"metabolite","x":4235.0139145851135,"y":-187.80166625976562,"bigg_id":"cpd00134","name":"Palmitoyl-CoA","label_x":4260.0139145851135,"label_y":-187.80166625976562,"node_is_primary":true},"329":{"node_type":"multimarker","x":2476.8193844733346,"y":1379.8351263890302},"330":{"node_type":"midmarker","x":2476.954345703125,"y":1399.8346710205078},"331":{"node_type":"multimarker","x":2477.0893069329154,"y":1419.8342156519855},"332":{"node_type":"metabolite","x":2478.1352564638064,"y":1574.8306865459351,"bigg_id":"cpd12489","name":"cis-3-Decenoyl-[acyl-carrier protein]","label_x":2503.1352564638064,"label_y":1574.8306865459351,"node_is_primary":true},"333":{"node_type":"metabolite","x":2736.6161406769693,"y":-95.4052526824247,"bigg_id":"cpd00007","name":"O2","label_x":2761.6161406769693,"label_y":-95.4052526824247,"node_is_primary":false},"334":{"node_type":"multimarker","x":2657.959983049018,"y":-190.7302880337894},"335":{"node_type":"midmarker","x":2637.9609965820746,"y":-190.52894182692816},"336":{"node_type":"multimarker","x":2617.9620101151313,"y":-190.32759562006703},"338":{"node_type":"metabolite","x":2742.150290706082,"y":-271.5819552807229,"bigg_id":"cpd26978","name":"Donor-H2","label_x":2670.150290706082,"label_y":-241.58195528072292,"node_is_primary":false},"339":{"node_type":"metabolite","x":2533.7717024580666,"y":-109.4759283731338,"bigg_id":"cpd00001","name":"H2O","label_x":2548.7717024580666,"label_y":-109.4759283731338,"node_is_primary":false},"340":{"node_type":"metabolite","x":2532.1609328031777,"y":-269.46782010868105,"bigg_id":"cpd22290","name":"Acceptor","label_x":2460.1609328031777,"label_y":-239.46782010868105,"node_is_primary":false},"341":{"node_type":"metabolite","x":2462.9698649963198,"y":-188.76716251689314,"bigg_id":"cpd27716","name":"Oleoyl-ACPs","label_x":2412.7516032775698,"label_y":-151.1580926926744,"node_is_primary":true},"342":{"node_type":"multimarker","x":2307.977719877509,"y":-187.20672941371936},"343":{"node_type":"midmarker","x":2287.9787334105667,"y":-187.00538320685808},"344":{"node_type":"multimarker","x":2267.979746943622,"y":-186.80403699999732},"345":{"node_type":"metabolite","x":2393.7787971894636,"y":-108.06650492510607,"bigg_id":"cpd00001","name":"H2O","label_x":2408.7787971894636,"label_y":-108.06650492510607,"node_is_primary":false},"346":{"node_type":"metabolite","x":2392.1680275345734,"y":-268.0583966606526,"bigg_id":"cpd00067","name":"H+","label_x":2320.1680275345734,"label_y":-238.0583966606526,"node_is_primary":false},"347":{"node_type":"metabolite","x":2112.987601824811,"y":-185.2436038968232,"bigg_id":"cpd00536","name":"Oleate","label_x":2089.9315715513735,"label_y":-145.54513282748727,"node_is_primary":true},"348":{"node_type":"metabolite","x":2182.1786696316694,"y":-265.9442614886108,"bigg_id":"cpd11493","name":"ACP","label_x":2110.1786696316694,"label_y":-235.94426148861078,"node_is_primary":false},"349":{"node_type":"multimarker","x":1957.995456706001,"y":-183.68317079364894},"350":{"node_type":"midmarker","x":1937.996470239058,"y":-183.48182458678795},"351":{"node_type":"multimarker","x":1917.9974837721143,"y":-183.28047837992716},"352":{"node_type":"metabolite","x":2043.7965340179544,"y":-104.54294630503603,"bigg_id":"cpd00002","name":"ATP","label_x":2058.7965340179544,"label_y":-104.54294630503603,"node_is_primary":false},"353":{"node_type":"metabolite","x":2042.185764363066,"y":-264.5348380405825,"bigg_id":"cpd00010","name":"CoA","label_x":1970.185764363066,"label_y":-234.53483804058249,"node_is_primary":false},"354":{"node_type":"metabolite","x":1833.80717611505,"y":-102.42881113299359,"bigg_id":"cpd00012","name":"PPi","label_x":1848.80717611505,"label_y":-102.42881113299359,"node_is_primary":false},"355":{"node_type":"metabolite","x":1832.1964064601614,"y":-262.42070286854045,"bigg_id":"cpd00018","name":"AMP","label_x":1760.1964064601614,"label_y":-232.42070286854045,"node_is_primary":false},"356":{"node_type":"metabolite","x":1851.390008099659,"y":-342.61799494317484,"bigg_id":"cpd00067","name":"H+","label_x":1779.390008099659,"label_y":-312.61799494317484,"node_is_primary":false},"357":{"node_type":"metabolite","x":1763.005338653304,"y":-181.72004527675296,"bigg_id":"cpd00399","name":"Oleoyl-CoA","label_x":1712.7871990048666,"label_y":-146.20036143886233,"node_is_primary":true}},"text_labels":{"1":{"x":1818.3790283203125,"y":226.173828125,"text":"Fatty Acid Biosynthesis II"}},"canvas":{"x":-997,"y":-1247.099609375,"width":5994.0308837890625,"height":3265.4197998046875}}]