[{"map_name":"new_map","map_id":"e5Mw5bYDQYJV","map_description":"","homepage":"https://escher.github.io","schema":"https://escher.github.io/escher/jsonschema/1-0-0#"},{"reactions":{"0":{"name":"rxn01602","bigg_id":"rxn01602","reversibility":false,"label_x":-599.7548974481075,"label_y":2660.791908586908,"gene_reaction_rule":"","genes":[],"metabolites":[{"bigg_id":"cpd00006","coefficient":-1},{"bigg_id":"cpd00330","coefficient":-1},{"bigg_id":"cpd00005","coefficient":1},{"bigg_id":"cpd00067","coefficient":1},{"bigg_id":"cpd00393","coefficient":1}],"segments":{"0":{"from_node_id":"1","to_node_id":"2","b1":null,"b2":null},"1":{"from_node_id":"3","to_node_id":"2","b1":null,"b2":null},"2":{"from_node_id":"1","to_node_id":"0","b1":{"x":-486.993032602285,"y":2680.9750588915504},"b2":{"x":-478.1022835831383,"y":2699.7313542264706}},"3":{"from_node_id":"1","to_node_id":"15","b1":{"x":-482.99328897500914,"y":2681.020345932374},"b2":{"x":-395.89948343870685,"y":2678.95520642884}},"4":{"from_node_id":"3","to_node_id":"5","b1":{"x":-610.9850850478349,"y":2679.571160626016},"b2":{"x":-619.8758340669821,"y":2710.7062227129686}},"5":{"from_node_id":"3","to_node_id":"6","b1":{"x":-614.9848286751112,"y":2679.5258735851935},"b2":{"x":-654.455068537585,"y":2706.536569729351}},"6":{"from_node_id":"3","to_node_id":"7","b1":{"x":-614.9848286751112,"y":2679.5258735851935},"b2":{"x":-656.315307435798,"y":2684.145566536995}}}},"1":{"name":"rxn00686","bigg_id":"rxn00686","reversibility":false,"label_x":-312.68097769864175,"label_y":2898.602203686678,"gene_reaction_rule":"","genes":[],"metabolites":[{"bigg_id":"cpd00006","coefficient":-1},{"bigg_id":"cpd00087","coefficient":-1},{"bigg_id":"cpd00005","coefficient":1},{"bigg_id":"cpd00067","coefficient":1},{"bigg_id":"cpd00330","coefficient":1}],"segments":{"7":{"from_node_id":"9","to_node_id":"10","b1":null,"b2":null},"8":{"from_node_id":"11","to_node_id":"10","b1":null,"b2":null},"9":{"from_node_id":"9","to_node_id":"8","b1":{"x":-328.3707154299931,"y":2950.598366970079},"b2":{"x":-308.56414073008284,"y":2959.489541093052}},"10":{"from_node_id":"9","to_node_id":"73","b1":{"x":-328.41521463846857,"y":2954.5981194399756},"b2":{"x":-326.34924545380443,"y":2989.5294863073486}},"11":{"from_node_id":"11","to_node_id":"13","b1":{"x":-326.99123996729077,"y":2826.6060404032787},"b2":{"x":-305.977624237514,"y":2824.5180889365542}},"12":{"from_node_id":"11","to_node_id":"14","b1":{"x":-326.94674075881596,"y":2822.606287933382},"b2":{"x":-344.88722166222897,"y":2817.1563663785087}},"13":{"from_node_id":"11","to_node_id":"15","b1":{"x":-326.94674075881596,"y":2822.606287933382},"b2":{"x":-327.03175289995477,"y":2751.7909901141534}}}},"3":{"name":"rxn00302","bigg_id":"rxn00302","reversibility":false,"label_x":-1027.5789154717293,"label_y":269.28943452039516,"gene_reaction_rule":"","genes":[],"metabolites":[{"bigg_id":"cpd00001","coefficient":-1},{"bigg_id":"cpd00038","coefficient":-1},{"bigg_id":"cpd00067","coefficient":1},{"bigg_id":"cpd03518","coefficient":1}],"segments":{"22":{"from_node_id":"26","to_node_id":"27","b1":null,"b2":null},"23":{"from_node_id":"28","to_node_id":"27","b1":null,"b2":null},"24":{"from_node_id":"26","to_node_id":"25","b1":{"x":-1042.1394884548765,"y":321.2878772742007},"b2":{"x":-1030.1893770221625,"y":317.7087558947179}},"25":{"from_node_id":"26","to_node_id":"29","b1":{"x":-1042.1111383247573,"y":325.2877768067043},"b2":{"x":-1044.3141269764592,"y":344.8671006075775}},"26":{"from_node_id":"28","to_node_id":"30","b1":{"x":-1043.0466926186987,"y":193.29109223408625},"b2":{"x":-1025.0843542682146,"y":187.9136485121378}},"27":{"from_node_id":"28","to_node_id":"47","b1":{"x":-1043.0183424885788,"y":197.29099176658985},"b2":{"x":-1043.402841128325,"y":143.04235435701082}}}},"4":{"name":"rxn03174","bigg_id":"rxn03174","reversibility":false,"label_x":-291.01567006625436,"label_y":275.54691182348597,"gene_reaction_rule":"","genes":[],"metabolites":[{"bigg_id":"cpd00001","coefficient":-1},{"bigg_id":"cpd02978","coefficient":-1},{"bigg_id":"cpd03666","coefficient":1}],"segments":{"28":{"from_node_id":"33","to_node_id":"34","b1":null,"b2":null},"29":{"from_node_id":"35","to_node_id":"34","b1":null,"b2":null},"30":{"from_node_id":"33","to_node_id":"32","b1":{"x":-305.6096872912484,"y":327.5455825994501},"b2":{"x":-285.98469920502555,"y":341.50309872763785}},"31":{"from_node_id":"33","to_node_id":"183","b1":{"x":-305.5834948541511,"y":331.5454968430611},"b2":{"x":-312.602031565561,"y":699.5796179302374}},"32":{"from_node_id":"35","to_node_id":"37","b1":{"x":-306.42165284126054,"y":203.54824104752151},"b2":{"x":-306.776887769391,"y":149.29940411855318}}}},"5":{"name":"rxn03421","bigg_id":"rxn03421","reversibility":false,"label_x":-534.8554153442383,"label_y":130.2190704345703,"gene_reaction_rule":"","genes":[],"metabolites":[{"bigg_id":"cpd03519","coefficient":-1},{"bigg_id":"cpd03666","coefficient":1}],"segments":{"33":{"from_node_id":"39","to_node_id":"40","b1":null,"b2":null},"34":{"from_node_id":"41","to_node_id":"40","b1":null,"b2":null},"35":{"from_node_id":"39","to_node_id":"38","b1":{"x":-542.4621027785564,"y":88.50222644276255},"b2":{"x":-596.7120476063393,"y":88.57959686716777}},"36":{"from_node_id":"41","to_node_id":"37","b1":{"x":-418.46222888648265,"y":88.32537975840933},"b2":{"x":-364.2122840587,"y":88.24800933400422}}}},"6":{"name":"rxn03419","bigg_id":"rxn03419","reversibility":false,"label_x":-890.4187451748239,"label_y":129.37033159563242,"gene_reaction_rule":"","genes":[],"metabolites":[{"bigg_id":"cpd00001","coefficient":-1},{"bigg_id":"cpd03518","coefficient":-1},{"bigg_id":"cpd00047","coefficient":1},{"bigg_id":"cpd00067","coefficient":1},{"bigg_id":"cpd03519","coefficient":1}],"segments":{"37":{"from_node_id":"44","to_node_id":"45","b1":null,"b2":null},"38":{"from_node_id":"46","to_node_id":"45","b1":null,"b2":null},"39":{"from_node_id":"44","to_node_id":"43","b1":{"x":-892.2427192110888,"y":87.55664947764228},"b2":{"x":-903.1219301353985,"y":64.41820019215027}},"40":{"from_node_id":"44","to_node_id":"47","b1":{"x":-896.2427191741142,"y":87.55610560391324},"b2":{"x":-918.8433110886135,"y":85.3157065446643}},"41":{"from_node_id":"46","to_node_id":"48","b1":{"x":-764.2427203942823,"y":87.57405343695956},"b2":{"x":-758.9902730110334,"y":69.5747674376156}},"42":{"from_node_id":"46","to_node_id":"49","b1":{"x":-764.2427203942823,"y":87.57405343695956},"b2":{"x":-758.9951678745915,"y":105.57476710484252}},"43":{"from_node_id":"46","to_node_id":"38","b1":{"x":-768.2427203573084,"y":87.57350956323126},"b2":{"x":-713.9927208587794,"y":87.58088585067651}}}},"7":{"name":"rxn00299","bigg_id":"rxn00299","reversibility":false,"label_x":-753.4373894890138,"label_y":500.3606287478782,"gene_reaction_rule":"","genes":[],"metabolites":[{"bigg_id":"cpd00001","coefficient":-1},{"bigg_id":"cpd00038","coefficient":-1},{"bigg_id":"cpd00047","coefficient":1},{"bigg_id":"cpd00067","coefficient":2},{"bigg_id":"cpd02978","coefficient":1}],"segments":{"44":{"from_node_id":"52","to_node_id":"53","b1":null,"b2":null},"45":{"from_node_id":"54","to_node_id":"53","b1":null,"b2":null},"46":{"from_node_id":"52","to_node_id":"51","b1":{"x":-689.570472617277,"y":425.4448114468602},"b2":{"x":-680.7126347035086,"y":407.0938740221336}},"47":{"from_node_id":"52","to_node_id":"29","b1":{"x":-693.0631737339186,"y":423.49518612136626},"b2":{"x":-842.7748165870948,"y":414.4800523187042}},"48":{"from_node_id":"54","to_node_id":"56","b1":{"x":-577.804036884734,"y":487.8328218626708},"b2":{"x":-564.4465527044175,"y":474.6745500774931}},"49":{"from_node_id":"54","to_node_id":"57","b1":{"x":-577.804036884734,"y":487.8328218626708},"b2":{"x":-581.9931806338645,"y":506.1088601272709}},"50":{"from_node_id":"54","to_node_id":"183","b1":{"x":-581.2967380013756,"y":485.88319653717684},"b2":{"x":-442.95387201712424,"y":544.0455742655229}}}},"9":{"name":"rxn00689","bigg_id":"rxn00689","reversibility":false,"label_x":-313.53558349609375,"label_y":3279.4474334716797,"gene_reaction_rule":"","genes":[],"metabolites":[{"bigg_id":"cpd00002","coefficient":-1},{"bigg_id":"cpd00023","coefficient":-1},{"bigg_id":"cpd00087","coefficient":-1},{"bigg_id":"cpd00008","coefficient":1},{"bigg_id":"cpd00009","coefficient":1},{"bigg_id":"cpd00067","coefficient":1},{"bigg_id":"cpd06227","coefficient":1}],"segments":{"59":{"from_node_id":"69","to_node_id":"70","b1":null,"b2":null},"60":{"from_node_id":"71","to_node_id":"70","b1":null,"b2":null},"61":{"from_node_id":"69","to_node_id":"68","b1":{"x":-328.53558349609375,"y":3207.4474334716797},"b2":{"x":-311.3478660583496,"y":3200.7023162841797}},"62":{"from_node_id":"69","to_node_id":"72","b1":{"x":-328.53558349609375,"y":3203.4474334716797},"b2":{"x":-342.2846221923828,"y":3202.7330780029297}},"63":{"from_node_id":"69","to_node_id":"73","b1":{"x":-328.53558349609375,"y":3203.4474334716797},"b2":{"x":-328.3932800292969,"y":3143.7711639404297}},"64":{"from_node_id":"71","to_node_id":"74","b1":{"x":-328.53558349609375,"y":3335.4474334716797},"b2":{"x":-310.53558349609375,"y":3340.6974334716797}},"65":{"from_node_id":"71","to_node_id":"75","b1":{"x":-328.53558349609375,"y":3335.4474334716797},"b2":{"x":-346.53558349609375,"y":3340.6974334716797}},"66":{"from_node_id":"71","to_node_id":"76","b1":{"x":-328.53558349609375,"y":3335.4474334716797},"b2":{"x":-364.53558349609375,"y":3325.6974334716797}},"67":{"from_node_id":"71","to_node_id":"210","b1":{"x":-328.53558349609375,"y":3331.4474334716797},"b2":{"x":-328.53558349609375,"y":3382.1166229248047}}}},"10":{"name":"rxn01603","bigg_id":"rxn01603","reversibility":false,"label_x":-306.16226720809937,"label_y":2464.084518432617,"gene_reaction_rule":"","genes":[],"metabolites":[{"bigg_id":"cpd00002","coefficient":-1},{"bigg_id":"cpd00023","coefficient":-1},{"bigg_id":"cpd00683","coefficient":-1},{"bigg_id":"cpd00008","coefficient":1},{"bigg_id":"cpd00009","coefficient":1},{"bigg_id":"cpd00067","coefficient":1},{"bigg_id":"cpd00330","coefficient":1}],"segments":{"68":{"from_node_id":"79","to_node_id":"80","b1":null,"b2":null},"69":{"from_node_id":"81","to_node_id":"80","b1":null,"b2":null},"70":{"from_node_id":"79","to_node_id":"78","b1":{"x":-321.16226720809937,"y":2392.084518432617},"b2":{"x":-303.01997900009155,"y":2389.993698120117}},"71":{"from_node_id":"79","to_node_id":"82","b1":{"x":-321.16226720809937,"y":2388.084518432617},"b2":{"x":-355.32137060165405,"y":2380.566696166992}},"72":{"from_node_id":"79","to_node_id":"83","b1":{"x":-321.16226720809937,"y":2388.084518432617},"b2":{"x":-318.75215673446655,"y":2362.424606323242}},"73":{"from_node_id":"81","to_node_id":"84","b1":{"x":-321.16226720809937,"y":2520.084518432617},"b2":{"x":-303.16226720809937,"y":2525.334518432617}},"74":{"from_node_id":"81","to_node_id":"85","b1":{"x":-321.16226720809937,"y":2520.084518432617},"b2":{"x":-339.16226720809937,"y":2525.334518432617}},"75":{"from_node_id":"81","to_node_id":"86","b1":{"x":-321.16226720809937,"y":2520.084518432617},"b2":{"x":-357.16226720809937,"y":2510.334518432617}},"76":{"from_node_id":"81","to_node_id":"15","b1":{"x":-321.16226720809937,"y":2516.084518432617},"b2":{"x":-323.43005895614624,"y":2624.761276245117}}}},"11":{"name":"rxn01210","bigg_id":"rxn01210","reversibility":false,"label_x":193.22721099853516,"label_y":3274.966583251953,"gene_reaction_rule":"","genes":[],"metabolites":[{"bigg_id":"cpd00002","coefficient":-1},{"bigg_id":"cpd00023","coefficient":-1},{"bigg_id":"cpd00201","coefficient":-1},{"bigg_id":"cpd00008","coefficient":1},{"bigg_id":"cpd00009","coefficient":1},{"bigg_id":"cpd00067","coefficient":1},{"bigg_id":"cpd03524","coefficient":1}],"segments":{"77":{"from_node_id":"89","to_node_id":"90","b1":null,"b2":null},"78":{"from_node_id":"91","to_node_id":"90","b1":null,"b2":null},"79":{"from_node_id":"89","to_node_id":"88","b1":{"x":178.22721099853516,"y":3202.966583251953},"b2":{"x":258.79956817626953,"y":3179.155059814453}},"80":{"from_node_id":"89","to_node_id":"92","b1":{"x":178.22721099853516,"y":3198.966583251953},"b2":{"x":205.17969512939453,"y":3159.697296142578}},"81":{"from_node_id":"89","to_node_id":"200","b1":{"x":178.22721099853516,"y":3198.966583251953},"b2":{"x":174.55123138427734,"y":3161.487335205078}},"82":{"from_node_id":"91","to_node_id":"94","b1":{"x":178.22721099853516,"y":3330.966583251953},"b2":{"x":196.22721099853516,"y":3336.216583251953}},"83":{"from_node_id":"91","to_node_id":"95","b1":{"x":178.22721099853516,"y":3330.966583251953},"b2":{"x":160.22721099853516,"y":3336.216583251953}},"84":{"from_node_id":"91","to_node_id":"96","b1":{"x":178.22721099853516,"y":3330.966583251953},"b2":{"x":142.22721099853516,"y":3321.216583251953}},"85":{"from_node_id":"91","to_node_id":"97","b1":{"x":178.22721099853516,"y":3326.966583251953},"b2":{"x":178.22721099853516,"y":3381.216583251953}}}},"12":{"name":"rxn02503","bigg_id":"rxn02503","reversibility":false,"label_x":-304.93534088134766,"label_y":1717.3583068847656,"gene_reaction_rule":"","genes":[],"metabolites":[{"bigg_id":"cpd00002","coefficient":-1},{"bigg_id":"cpd00954","coefficient":-1},{"bigg_id":"cpd00018","coefficient":1},{"bigg_id":"cpd00067","coefficient":2},{"bigg_id":"cpd02920","coefficient":1}],"segments":{"86":{"from_node_id":"99","to_node_id":"100","b1":null,"b2":null},"87":{"from_node_id":"101","to_node_id":"100","b1":null,"b2":null},"88":{"from_node_id":"99","to_node_id":"98","b1":{"x":-319.93534088134766,"y":1645.3583068847656},"b2":{"x":-240.56275177001953,"y":1636.4640197753906}},"89":{"from_node_id":"99","to_node_id":"192","b1":{"x":-319.93534088134766,"y":1641.3583068847656},"b2":{"x":-315.25745391845703,"y":1568.0748596191406}},"90":{"from_node_id":"101","to_node_id":"103","b1":{"x":-319.93534088134766,"y":1769.3583068847656},"b2":{"x":-245.0983428955078,"y":1778.2525939941406}},"91":{"from_node_id":"101","to_node_id":"104","b1":{"x":-319.93534088134766,"y":1773.3583068847656},"b2":{"x":-301.93534088134766,"y":1778.6083068847656}},"92":{"from_node_id":"101","to_node_id":"117","b1":{"x":-319.93534088134766,"y":1773.3583068847656},"b2":{"x":-322.060791015625,"y":1828.4995422363281}}}},"14":{"name":"rxn02201","bigg_id":"rxn02201","reversibility":false,"label_x":-304.41522216796875,"label_y":2109.977569580078,"gene_reaction_rule":"","genes":[],"metabolites":[{"bigg_id":"cpd00443","coefficient":-1},{"bigg_id":"cpd02920","coefficient":-1},{"bigg_id":"cpd00012","coefficient":1},{"bigg_id":"cpd00683","coefficient":1}],"segments":{"99":{"from_node_id":"114","to_node_id":"115","b1":null,"b2":null},"100":{"from_node_id":"116","to_node_id":"115","b1":null,"b2":null},"101":{"from_node_id":"114","to_node_id":"154","b1":{"x":-319.41522216796875,"y":2037.9775695800781},"b2":{"x":-899.9689025878906,"y":1920.2296447753906}},"102":{"from_node_id":"114","to_node_id":"117","b1":{"x":-319.41522216796875,"y":2033.9775695800781},"b2":{"x":-319.27288818359375,"y":1983.3718566894531}},"103":{"from_node_id":"116","to_node_id":"118","b1":{"x":-319.41522216796875,"y":2165.977569580078},"b2":{"x":-337.41522216796875,"y":2171.227569580078}},"104":{"from_node_id":"116","to_node_id":"83","b1":{"x":-319.41522216796875,"y":2161.977569580078},"b2":{"x":-319.41522216796875,"y":2216.227569580078}}}},"15":{"name":"rxn01257","bigg_id":"rxn01257","reversibility":false,"label_x":-1048.8085205578002,"label_y":2453.8370948677602,"gene_reaction_rule":"","genes":[],"metabolites":[{"bigg_id":"cpd00053","coefficient":-1},{"bigg_id":"cpd00216","coefficient":-1},{"bigg_id":"cpd00023","coefficient":1},{"bigg_id":"cpd08210","coefficient":1}],"segments":{"105":{"from_node_id":"121","to_node_id":"122","b1":null,"b2":null},"106":{"from_node_id":"123","to_node_id":"122","b1":null,"b2":null},"107":{"from_node_id":"121","to_node_id":"120","b1":{"x":-1064.5516332576835,"y":2505.8326413490645},"b2":{"x":-1026.649488706023,"y":2505.651986707702}},"108":{"from_node_id":"121","to_node_id":"124","b1":{"x":-1064.5995760125163,"y":2509.8323540252763},"b2":{"x":-1062.53836658918,"y":2526.6365864970458}},"109":{"from_node_id":"123","to_node_id":"125","b1":{"x":-1063.0174651030832,"y":2377.8418357102473},"b2":{"x":-1044.9558331944086,"y":2372.807955219457}},"110":{"from_node_id":"123","to_node_id":"148","b1":{"x":-1063.0654078579155,"y":2381.841548386459},"b2":{"x":-1062.4151842455162,"y":2327.595445215319}}}},"19":{"name":"rxn03841","bigg_id":"rxn03841","reversibility":false,"label_x":-1046.2737120160398,"label_y":2100.6396808287836,"gene_reaction_rule":"","genes":[],"metabolites":[{"bigg_id":"cpd08210","coefficient":-1},{"bigg_id":"cpd00020","coefficient":1},{"bigg_id":"cpd00067","coefficient":1},{"bigg_id":"cpd00443","coefficient":1}],"segments":{"129":{"from_node_id":"149","to_node_id":"150","b1":null,"b2":null},"130":{"from_node_id":"151","to_node_id":"150","b1":null,"b2":null},"131":{"from_node_id":"149","to_node_id":"148","b1":{"x":-1061.7964330764041,"y":2152.6374772629547},"b2":{"x":-1062.2538140042225,"y":2206.885549142856}},"132":{"from_node_id":"151","to_node_id":"152","b1":{"x":-1060.7172670162988,"y":2024.6420265601475},"b2":{"x":-1078.6723646009455,"y":2019.2404554252137}},"133":{"from_node_id":"151","to_node_id":"153","b1":{"x":-1060.7172670162988,"y":2024.6420265601475},"b2":{"x":-1042.6736440907819,"y":2019.5439708796184}},"134":{"from_node_id":"151","to_node_id":"154","b1":{"x":-1060.7509909556766,"y":2028.6418843946105},"b2":{"x":-1060.2936100278575,"y":1974.3938125147097}}}},"21":{"name":"rxn03168","bigg_id":"rxn03168","reversibility":false,"label_x":-637.3652484924601,"label_y":1035.8993557440958,"gene_reaction_rule":"","genes":[],"metabolites":[{"bigg_id":"cpd00009","coefficient":-1},{"bigg_id":"cpd02961","coefficient":-1},{"bigg_id":"cpd00001","coefficient":1},{"bigg_id":"cpd03521","coefficient":1}],"segments":{"143":{"from_node_id":"165","to_node_id":"166","b1":null,"b2":null},"144":{"from_node_id":"167","to_node_id":"166","b1":null,"b2":null},"145":{"from_node_id":"165","to_node_id":"164","b1":{"x":-580.8427274657063,"y":1090.4734252015248},"b2":{"x":-583.7428671483516,"y":1116.644215896208}},"146":{"from_node_id":"165","to_node_id":"187","b1":{"x":-577.5451476691196,"y":1092.7374851577001},"b2":{"x":-465.6757172732109,"y":1136.2408877635}},"147":{"from_node_id":"167","to_node_id":"169","b1":{"x":-686.365280956424,"y":1018.0235066039277},"b2":{"x":-714.5218693046247,"y":1034.229603494786}},"148":{"from_node_id":"167","to_node_id":"178","b1":{"x":-683.0677011598397,"y":1020.287566560105},"b2":{"x":-800.4792993552618,"y":923.9655418763994}}}},"22":{"name":"rxn03173","bigg_id":"rxn03173","reversibility":false,"label_x":-628.8237007138649,"label_y":825.8592139017105,"gene_reaction_rule":"","genes":[],"metabolites":[{"bigg_id":"cpd00001","coefficient":-1},{"bigg_id":"cpd02978","coefficient":-1},{"bigg_id":"cpd00012","coefficient":1},{"bigg_id":"cpd00067","coefficient":1},{"bigg_id":"cpd03521","coefficient":1}],"segments":{"149":{"from_node_id":"172","to_node_id":"173","b1":null,"b2":null},"150":{"from_node_id":"174","to_node_id":"173","b1":null,"b2":null},"151":{"from_node_id":"172","to_node_id":"171","b1":{"x":-511.5225045072749,"y":788.8014304362205},"b2":{"x":-512.7764901751424,"y":777.3721086124119}},"152":{"from_node_id":"172","to_node_id":"183","b1":{"x":-507.5225171134024,"y":788.8114727895047},"b2":{"x":-397.9091362820528,"y":791.2348053206081}},"153":{"from_node_id":"174","to_node_id":"176","b1":{"x":-639.5221011112012,"y":788.4800751311031},"b2":{"x":-635.7460776456752,"y":808.7345990453123}},"154":{"from_node_id":"174","to_node_id":"177","b1":{"x":-639.5221011112012,"y":788.4800751311031},"b2":{"x":-661.6781879211898,"y":758.9014300297554}},"155":{"from_node_id":"174","to_node_id":"178","b1":{"x":-635.5221137173282,"y":788.4901174843878},"b2":{"x":-744.1988226295393,"y":790.6216792984301}}}},"23":{"name":"rxn03167","bigg_id":"rxn03167","reversibility":false,"label_x":-302.42169189453125,"label_y":972.4088745117188,"gene_reaction_rule":"","genes":[],"metabolites":[{"bigg_id":"cpd00001","coefficient":-3},{"bigg_id":"cpd02978","coefficient":-1},{"bigg_id":"cpd00009","coefficient":3},{"bigg_id":"cpd00067","coefficient":2},{"bigg_id":"cpd02961","coefficient":1}],"segments":{"156":{"from_node_id":"180","to_node_id":"181","b1":null,"b2":null},"157":{"from_node_id":"182","to_node_id":"181","b1":null,"b2":null},"158":{"from_node_id":"180","to_node_id":"179","b1":{"x":-317.42169189453125,"y":900.4088745117188},"b2":{"x":-340.0995788574219,"y":893.7823486328125}},"159":{"from_node_id":"180","to_node_id":"183","b1":{"x":-317.42169189453125,"y":896.4088745117188},"b2":{"x":-317.2793884277344,"y":857.1420288085938}},"160":{"from_node_id":"182","to_node_id":"184","b1":{"x":-317.42169189453125,"y":1028.4088745117188},"b2":{"x":-299.42169189453125,"y":1033.6588745117188}},"161":{"from_node_id":"182","to_node_id":"185","b1":{"x":-317.42169189453125,"y":1028.4088745117188},"b2":{"x":-335.42169189453125,"y":1033.6588745117188}},"162":{"from_node_id":"182","to_node_id":"187","b1":{"x":-317.42169189453125,"y":1024.4088745117188},"b2":{"x":-317.42169189453125,"y":1078.6588745117188}}}},"24":{"name":"rxn02504","bigg_id":"rxn02504","reversibility":false,"label_x":-304.8201904296875,"label_y":1325.3594970703125,"gene_reaction_rule":"","genes":[],"metabolites":[{"bigg_id":"cpd02961","coefficient":-1},{"bigg_id":"cpd00229","coefficient":1},{"bigg_id":"cpd00954","coefficient":1}],"segments":{"163":{"from_node_id":"188","to_node_id":"189","b1":null,"b2":null},"164":{"from_node_id":"190","to_node_id":"189","b1":null,"b2":null},"165":{"from_node_id":"188","to_node_id":"187","b1":{"x":-319.8201904296875,"y":1253.3594970703125},"b2":{"x":-319.8201904296875,"y":1199.1094970703125}},"166":{"from_node_id":"190","to_node_id":"191","b1":{"x":-319.8201904296875,"y":1381.3594970703125},"b2":{"x":-337.8201904296875,"y":1386.6094970703125}},"167":{"from_node_id":"190","to_node_id":"192","b1":{"x":-319.8201904296875,"y":1377.3594970703125},"b2":{"x":-319.8201904296875,"y":1431.6094970703125}}}},"25":{"name":"rxn00690","bigg_id":"rxn00690","reversibility":false,"label_x":-120.00969696044922,"label_y":3044.0021209716797,"gene_reaction_rule":"","genes":[],"metabolites":[{"bigg_id":"cpd00002","coefficient":-1},{"bigg_id":"cpd00047","coefficient":-1},{"bigg_id":"cpd00087","coefficient":-1},{"bigg_id":"cpd00008","coefficient":1},{"bigg_id":"cpd00009","coefficient":1},{"bigg_id":"cpd00201","coefficient":1}],"segments":{"168":{"from_node_id":"193","to_node_id":"194","b1":null,"b2":null},"169":{"from_node_id":"195","to_node_id":"194","b1":null,"b2":null},"170":{"from_node_id":"193","to_node_id":"196","b1":{"x":-121.68572616577148,"y":3071.4686737060547},"b2":{"x":-126.93572616577148,"y":3053.4686737060547}},"171":{"from_node_id":"193","to_node_id":"197","b1":{"x":-121.68572616577148,"y":3071.4686737060547},"b2":{"x":-126.93572616577148,"y":3089.4686737060547}},"172":{"from_node_id":"193","to_node_id":"73","b1":{"x":-117.68572616577148,"y":3071.4686737060547},"b2":{"x":-270.41302490234375,"y":3071.4686737060547}},"173":{"from_node_id":"195","to_node_id":"198","b1":{"x":10.314273834228516,"y":3071.4686737060547},"b2":{"x":15.564273834228516,"y":3053.4686737060547}},"174":{"from_node_id":"195","to_node_id":"199","b1":{"x":10.314273834228516,"y":3071.4686737060547},"b2":{"x":15.564273834228516,"y":3089.4686737060547}},"175":{"from_node_id":"195","to_node_id":"200","b1":{"x":6.314273834228516,"y":3071.4686737060547},"b2":{"x":116.06966018676758,"y":3067.8876190185547}}}}},"nodes":{"0":{"node_type":"metabolite","x":-451.1050724950254,"y":2748.0200427948184,"bigg_id":"cpd00006","name":"NADP","label_x":-500.9420781102598,"label_y":2777.5012439666934,"node_is_primary":false},"1":{"node_type":"multimarker","x":-528.9903406886817,"y":2680.4995449629014},"2":{"node_type":"midmarker","x":-548.9890588250606,"y":2680.273109758783},"3":{"node_type":"multimarker","x":-568.9877769614399,"y":2680.0466745546646},"5":{"node_type":"metabolite","x":-651.4086286511887,"y":2798.484672816497,"bigg_id":"cpd00005","name":"NADPH","label_x":-717.1201765027512,"label_y":2827.965873988372,"node_is_primary":false},"6":{"node_type":"metabolite","x":-688.9048545254934,"y":2768.1504865451766,"bigg_id":"cpd00067","name":"H+","label_x":-726.0639731778372,"label_y":2765.8826642795516,"node_is_primary":false},"7":{"node_type":"metabolite","x":-741.5203138105142,"y":2682.997655516645,"bigg_id":"cpd00393","name":"Folate","label_x":-824.8592420331704,"label_y":2685.7842766103954,"node_is_primary":true},"8":{"node_type":"metabolite","x":-245.7196759795491,"y":2979.6834152602864,"bigg_id":"cpd00006","name":"NADP","label_x":-276.2250623320881,"label_y":3011.9124191665364,"node_is_primary":false},"9":{"node_type":"multimarker","x":-327.9034737410126,"y":2908.6009660361633},"10":{"node_type":"midmarker","x":-327.68097769864175,"y":2888.602203686678},"11":{"node_type":"multimarker","x":-327.45848165627075,"y":2868.6034413371945},"13":{"node_type":"metabolite","x":-241.8259952380476,"y":2799.788814378695,"bigg_id":"cpd00005","name":"NADPH","label_x":-217.62935522339916,"label_y":2818.44970305057,"node_is_primary":false},"14":{"node_type":"metabolite","x":-406.5079228741264,"y":2782.7187171824025,"bigg_id":"cpd00067","name":"H+","label_x":-432.32808278623577,"label_y":2812.1999183542775,"node_is_primary":false},"15":{"node_type":"metabolite","x":-325.8904131895849,"y":2680.1805702869997,"bigg_id":"cpd00330","name":"Dihydrofolate","label_x":-298.1077593809911,"label_y":2680.6991249744997,"node_is_primary":true},"25":{"node_type":"metabolite","x":-971.9452867321263,"y":347.54346191898867,"bigg_id":"cpd00001","name":"H2O","label_x":-952.7280626110326,"label_y":341.7606860400824,"node_is_primary":false},"26":{"node_type":"multimarker","x":-1042.4371648211313,"y":279.28893218291273},"27":{"node_type":"midmarker","x":-1042.5789154717293,"y":259.28943452039516},"28":{"node_type":"multimarker","x":-1042.7206661223247,"y":239.2899368578776},"29":{"node_type":"metabolite","x":-1042.7955962107085,"y":418.656196013412,"bigg_id":"cpd00038","name":"GTP","label_x":-1114.7955962107085,"label_y":448.6561960134119,"node_is_primary":true},"30":{"node_type":"metabolite","x":-963.3251157372929,"y":153.72506918978684,"bigg_id":"cpd00067","name":"H+","label_x":-945.6921811669804,"label_y":146.1370259768962,"node_is_primary":false},"32":{"node_type":"metabolite","x":-234.79793789632112,"y":356.4570393759808,"bigg_id":"cpd00001","name":"H2O","label_x":-209.79793789632112,"label_y":356.4570393759808,"node_is_primary":false},"33":{"node_type":"multimarker","x":-305.8847078807685,"y":285.5464830415391},"34":{"node_type":"midmarker","x":-306.0156700662543,"y":265.54691182348586},"35":{"node_type":"multimarker","x":-306.14663225174024,"y":245.54734060543285},"37":{"node_type":"metabolite","x":-307.1615891892549,"y":90.55066366552262,"bigg_id":"cpd03666","name":"2,5-Diamino-6-(5_-triphosphoryl-3_,4_-trihydroxy-2_-oxopentyl)- amino-4-oxopyrimidine","label_x":-282.161589189255,"label_y":90.55066366552262,"node_is_primary":true},"38":{"node_type":"metabolite","x":-655.4619878576235,"y":88.66338511479489,"bigg_id":"cpd03519","name":"2,5-Diaminopyrimidine nucleoside triphosphate","label_x":-861.7728399084048,"label_y":56.85814829838864,"node_is_primary":true},"39":{"node_type":"multimarker","x":-500.46214549253136,"y":88.4423267593528},"40":{"node_type":"midmarker","x":-480.46216583251953,"y":88.41380310058594},"41":{"node_type":"multimarker","x":-460.4621861725075,"y":88.38527944181902},"43":{"node_type":"metabolite","x":-935.8494686548302,"y":9.47387171472866,"bigg_id":"cpd00001","name":"H2O","label_x":-910.8494686548302,"label_y":9.47387171472866,"node_is_primary":false},"44":{"node_type":"multimarker","x":-850.2427195993237,"y":87.56236015179331},"45":{"node_type":"midmarker","x":-830.2427197841989,"y":87.56507952043705},"46":{"node_type":"multimarker","x":-810.2427199690728,"y":87.56779888907994},"47":{"node_type":"metabolite","x":-1042.2347974600575,"y":86.59200082603036,"bigg_id":"cpd03518","name":"Formamidopyrimidine nucleoside triphosphate","label_x":-1394.6991529288075,"label_y":50.09013925376462,"node_is_primary":true},"48":{"node_type":"metabolite","x":-725.2318432802133,"y":7.579356945310906,"bigg_id":"cpd00047","name":"Formate","label_x":-710.2318432802133,"label_y":7.579356945310906,"node_is_primary":false},"49":{"node_type":"metabolite","x":-725.2535982293616,"y":167.57935546631836,"bigg_id":"cpd00067","name":"H+","label_x":-719.1862154168616,"label_y":191.79661010499024,"node_is_primary":false},"51":{"node_type":"metabolite","x":-681.7255713443874,"y":334.8449099052618,"bigg_id":"cpd00001","name":"H2O","label_x":-656.7255713443874,"label_y":334.8449099052618,"node_is_primary":false},"52":{"node_type":"multimarker","x":-652.8971108925363,"y":445.9158773645482},"53":{"node_type":"midmarker","x":-635.4336053093263,"y":455.6640039920188},"54":{"node_type":"multimarker","x":-617.9700997261167,"y":465.41213061948906},"56":{"node_type":"metabolite","x":-504.75769448759314,"y":436.98764645339844,"bigg_id":"cpd00047","name":"Formate","label_x":-489.75769448759314,"label_y":436.98764645339844,"node_is_primary":false},"57":{"node_type":"metabolite","x":-582.7427075073558,"y":576.6956911190774,"bigg_id":"cpd00067","name":"H+","label_x":-654.7427075073558,"label_y":606.6956911190775,"node_is_primary":false},"68":{"node_type":"metabolite","x":-243.31423568725586,"y":3189.5758514404297,"bigg_id":"cpd00002","name":"ATP","label_x":-218.31423568725586,"label_y":3189.5758514404297,"node_is_primary":false},"69":{"node_type":"multimarker","x":-328.53558349609375,"y":3249.4474334716797},"70":{"node_type":"midmarker","x":-328.53558349609375,"y":3269.4474334716797},"71":{"node_type":"multimarker","x":-328.53558349609375,"y":3289.4474334716797},"72":{"node_type":"metabolite","x":-414.08409118652344,"y":3191.6608123779297,"bigg_id":"cpd00023","name":"L-Glutamate","label_x":-482.9922332763672,"label_y":3171.2506561279297,"node_is_primary":false},"73":{"node_type":"metabolite","x":-329.16302490234375,"y":3071.4686737060547,"bigg_id":"cpd00087","name":"Tetrahydrofolate","label_x":-520.2982177734375,"label_y":3075.4498748779297,"node_is_primary":true},"74":{"node_type":"metabolite","x":-248.53558349609375,"y":3374.4474334716797,"bigg_id":"cpd00008","name":"ADP","label_x":-233.53558349609375,"label_y":3374.4474334716797,"node_is_primary":false},"75":{"node_type":"metabolite","x":-408.53558349609375,"y":3374.4474334716797,"bigg_id":"cpd00009","name":"Phosphate","label_x":-480.53558349609375,"label_y":3404.4474334716797,"node_is_primary":false},"76":{"node_type":"metabolite","x":-488.53558349609375,"y":3354.4474334716797,"bigg_id":"cpd00067","name":"H+","label_x":-535.5899047851562,"label_y":3361.7696990966797,"node_is_primary":false},"78":{"node_type":"metabolite","x":-234.98631811141968,"y":2362.992721557617,"bigg_id":"cpd00002","name":"ATP","label_x":-209.98631811141968,"label_y":2362.992721557617,"node_is_primary":false},"79":{"node_type":"multimarker","x":-321.16226720809937,"y":2434.084518432617},"80":{"node_type":"midmarker","x":-321.16226720809937,"y":2454.084518432617},"81":{"node_type":"multimarker","x":-321.16226720809937,"y":2474.084518432617},"82":{"node_type":"metabolite","x":-442.9953818321228,"y":2362.691207885742,"bigg_id":"cpd00023","name":"L-Glutamate","label_x":-509.6357321739197,"label_y":2344.549118041992,"node_is_primary":false},"83":{"node_type":"metabolite","x":-321.78967809677124,"y":2278.783248901367,"bigg_id":"cpd00683","name":"Dihydropteroate","label_x":-298.5425925254822,"label_y":2267.962936401367,"node_is_primary":true},"84":{"node_type":"metabolite","x":-241.16226720809937,"y":2559.084518432617,"bigg_id":"cpd00008","name":"ADP","label_x":-226.16226720809937,"label_y":2559.084518432617,"node_is_primary":false},"85":{"node_type":"metabolite","x":-401.16226720809937,"y":2559.084518432617,"bigg_id":"cpd00009","name":"Phosphate","label_x":-473.16226720809937,"label_y":2589.084518432617,"node_is_primary":false},"86":{"node_type":"metabolite","x":-481.16226720809937,"y":2539.084518432617,"bigg_id":"cpd00067","name":"H+","label_x":-523.6810050010681,"label_y":2532.799850463867,"node_is_primary":false},"88":{"node_type":"metabolite","x":346.5339126586914,"y":3166.957794189453,"bigg_id":"cpd00002","name":"ATP","label_x":371.5339126586914,"label_y":3166.957794189453,"node_is_primary":false},"89":{"node_type":"multimarker","x":178.22721099853516,"y":3244.966583251953},"90":{"node_type":"midmarker","x":178.22721099853516,"y":3264.966583251953},"91":{"node_type":"multimarker","x":178.22721099853516,"y":3284.966583251953},"92":{"node_type":"metabolite","x":267.17969512939453,"y":3125.947296142578,"bigg_id":"cpd00023","name":"L-Glutamate","label_x":282.17969512939453,"label_y":3125.947296142578,"node_is_primary":false},"94":{"node_type":"metabolite","x":258.22721099853516,"y":3369.966583251953,"bigg_id":"cpd00008","name":"ADP","label_x":273.22721099853516,"label_y":3369.966583251953,"node_is_primary":false},"95":{"node_type":"metabolite","x":98.22721099853516,"y":3369.966583251953,"bigg_id":"cpd00009","name":"Phosphate","label_x":26.227210998535156,"label_y":3399.966583251953,"node_is_primary":false},"96":{"node_type":"metabolite","x":18.227210998535156,"y":3349.966583251953,"bigg_id":"cpd00067","name":"H+","label_x":-29.27184295654297,"label_y":3373.841339111328,"node_is_primary":false},"97":{"node_type":"metabolite","x":178.22721099853516,"y":3439.966583251953,"bigg_id":"cpd03524","name":"10-Formyl-THF-L-glutamate","label_x":203.22721099853516,"label_y":3439.966583251953,"node_is_primary":true},"98":{"node_type":"metabolite","x":-145.31568145751953,"y":1632.1408996582031,"bigg_id":"cpd00002","name":"ATP","label_x":-120.31568145751953,"label_y":1632.1408996582031,"node_is_primary":false},"99":{"node_type":"multimarker","x":-319.93534088134766,"y":1687.3583068847656},"100":{"node_type":"midmarker","x":-319.93534088134766,"y":1707.3583068847656},"101":{"node_type":"multimarker","x":-319.93534088134766,"y":1727.3583068847656},"103":{"node_type":"metabolite","x":-152.11904907226562,"y":1784.8435363769531,"bigg_id":"cpd00018","name":"AMP","label_x":-127.11904907226562,"label_y":1784.8435363769531,"node_is_primary":false},"104":{"node_type":"metabolite","x":-239.93534088134766,"y":1812.3583068847656,"bigg_id":"cpd00067","name":"H+","label_x":-224.93534088134766,"label_y":1812.3583068847656,"node_is_primary":false},"114":{"node_type":"multimarker","x":-319.41522216796875,"y":2079.977569580078},"115":{"node_type":"midmarker","x":-319.41522216796875,"y":2099.977569580078},"116":{"node_type":"multimarker","x":-319.41522216796875,"y":2119.977569580078},"117":{"node_type":"metabolite","x":-320.0426330566406,"y":1897.4627990722656,"bigg_id":"cpd02920","name":"2-Amino-4-hydroxy-6-hydroxymethyl-7-8-dihydropteridinediphosphate","label_x":-303.5989074707031,"label_y":1936.5339660644531,"node_is_primary":true},"118":{"node_type":"metabolite","x":-399.41522216796875,"y":2204.977569580078,"bigg_id":"cpd00012","name":"PPi","label_x":-471.41522216796875,"label_y":2234.977569580078,"node_is_primary":false},"120":{"node_type":"metabolite","x":-963.8555400074506,"y":2530.380920936458,"bigg_id":"cpd00053","name":"L-Glutamine","label_x":-938.8555400074506,"label_y":2530.380920936458,"node_is_primary":false},"121":{"node_type":"multimarker","x":-1064.0482343319568,"y":2463.8356582488254},"122":{"node_type":"midmarker","x":-1063.8085205578002,"y":2443.8370948677602},"123":{"node_type":"multimarker","x":-1063.5688067836436,"y":2423.8385314866955},"124":{"node_type":"metabolite","x":-1064.4453839767687,"y":2611.0186323243524,"bigg_id":"cpd00216","name":"Chorismate","label_x":-1133.5540265548937,"label_y":2664.1497358399774,"node_is_primary":true},"125":{"node_type":"metabolite","x":-982.5557697192187,"y":2339.803492213795,"bigg_id":"cpd00023","name":"L-Glutamate","label_x":-956.2486408129687,"label_y":2335.106714870045,"node_is_primary":false},"148":{"node_type":"metabolite","x":-1062.7491343638421,"y":2265.633461086527,"bigg_id":"cpd08210","name":"ADC","label_x":-1037.7491343638421,"label_y":2265.633461086527,"node_is_primary":true},"149":{"node_type":"multimarker","x":-1061.4423317129329,"y":2110.6389700010973},"150":{"node_type":"midmarker","x":-1061.2737120160398,"y":2090.639680828783},"151":{"node_type":"multimarker","x":-1061.105092319149,"y":2070.640391656469},"152":{"node_type":"metabolite","x":-1140.3856152966137,"y":1984.9689338865712,"bigg_id":"cpd00020","name":"Pyruvate","label_x":-1186.6158399059887,"label_y":1960.0232551756335,"node_is_primary":false},"153":{"node_type":"metabolite","x":-980.3913019181045,"y":1986.3178914617026,"bigg_id":"cpd00067","name":"H+","label_x":-982.998052406386,"label_y":1967.1643270085779,"node_is_primary":false},"154":{"node_type":"metabolite","x":-1059.7982896682379,"y":1915.6459005710385,"bigg_id":"cpd00443","name":"ABEE","label_x":-1086.9574083205816,"label_y":1886.164577328851,"node_is_primary":true},"164":{"node_type":"metabolite","x":-578.3976155461645,"y":1181.6466199400286,"bigg_id":"cpd00009","name":"Phosphate","label_x":-621.431245917258,"label_y":1222.466810369716,"node_is_primary":false},"165":{"node_type":"multimarker","x":-615.4673153298484,"y":1066.7007956616908},"166":{"node_type":"midmarker","x":-631.9552143127726,"y":1055.380495880815},"167":{"node_type":"multimarker","x":-648.4431132956979,"y":1044.0601960999406},"169":{"node_type":"metabolite","x":-773.0181386582244,"y":1043.386730396399,"bigg_id":"cpd00001","name":"H2O","label_x":-792.8590200058807,"label_y":1080.1901971932743,"node_is_primary":false},"171":{"node_type":"metabolite","x":-472.1689482768554,"y":704.950391809097,"bigg_id":"cpd00001","name":"H2O","label_x":-459.4315215190429,"label_y":720.7165661255033,"node_is_primary":false},"172":{"node_type":"multimarker","x":-553.5223721429386,"y":788.6959857267291},"173":{"node_type":"midmarker","x":-573.5223091123024,"y":788.6457739603043},"174":{"node_type":"multimarker","x":-593.522246081665,"y":788.5955621938799},"176":{"node_type":"metabolite","x":-669.6516277573924,"y":870.6496712944979,"bigg_id":"cpd00012","name":"PPi","label_x":-654.6516277573924,"label_y":870.6496712944979,"node_is_primary":false},"177":{"node_type":"metabolite","x":-695.272425081075,"y":696.8168930688873,"bigg_id":"cpd00067","name":"H+","label_x":-767.272425081075,"label_y":726.816893068887,"node_is_primary":false},"178":{"node_type":"metabolite","x":-802.948637477045,"y":790.4741822345588,"bigg_id":"cpd03521","name":"Dihydroneopterin phosphate","label_x":-959.3716111098574,"label_y":767.7962647540901,"node_is_primary":true},"179":{"node_type":"metabolite","x":-403.5976257324219,"y":869.0491943359375,"bigg_id":"cpd00001","name":"H2O","label_x":-468.2305908203125,"label_y":886.3975219726562,"node_is_primary":false},"180":{"node_type":"multimarker","x":-317.42169189453125,"y":942.4088745117188},"181":{"node_type":"midmarker","x":-317.42169189453125,"y":962.4088745117188},"182":{"node_type":"multimarker","x":-317.42169189453125,"y":982.4088745117188},"183":{"node_type":"metabolite","x":-315.78131103515625,"y":789.375244140625,"bigg_id":"cpd02978","name":"7,8-Dihydroneopterin 3_-triphosphate","label_x":-290.26644134521484,"label_y":801.23291015625,"node_is_primary":true},"184":{"node_type":"metabolite","x":-237.42169189453125,"y":1067.4088745117188,"bigg_id":"cpd00009","name":"Phosphate","label_x":-222.42169189453125,"label_y":1067.4088745117188,"node_is_primary":false},"185":{"node_type":"metabolite","x":-397.42169189453125,"y":1067.4088745117188,"bigg_id":"cpd00067","name":"H+","label_x":-446.2906188964844,"label_y":1074.2777709960938,"node_is_primary":false},"187":{"node_type":"metabolite","x":-319.8201904296875,"y":1140.3594970703125,"bigg_id":"cpd02961","name":"Dihydroneopterin","label_x":-294.8201904296875,"label_y":1140.3594970703125,"node_is_primary":true},"188":{"node_type":"multimarker","x":-319.8201904296875,"y":1295.3594970703125},"189":{"node_type":"midmarker","x":-319.8201904296875,"y":1315.3594970703125},"190":{"node_type":"multimarker","x":-319.8201904296875,"y":1335.3594970703125},"191":{"node_type":"metabolite","x":-399.8201904296875,"y":1420.3594970703125,"bigg_id":"cpd00229","name":"Glycolaldehyde","label_x":-509.408203125,"label_y":1467.707763671875,"node_is_primary":false},"192":{"node_type":"metabolite","x":-319.8201904296875,"y":1490.3594970703125,"bigg_id":"cpd00954","name":"6-hydroxymethyl dihydropterin","label_x":-294.22544860839844,"label_y":1499.477783203125,"node_is_primary":true},"193":{"node_type":"multimarker","x":-75.68572616577148,"y":3071.4686737060547},"194":{"node_type":"midmarker","x":-55.685726165771484,"y":3071.4686737060547},"195":{"node_type":"multimarker","x":-35.685726165771484,"y":3071.4686737060547},"196":{"node_type":"metabolite","x":-160.68572616577148,"y":2991.4686737060547,"bigg_id":"cpd00002","name":"ATP","label_x":-184.19026107788085,"label_y":2973.2592010498047,"node_is_primary":false},"197":{"node_type":"metabolite","x":-160.68572616577148,"y":3151.4686737060547,"bigg_id":"cpd00047","name":"Formate","label_x":-254.0196220397949,"label_y":3159.2399139404297,"node_is_primary":false},"198":{"node_type":"metabolite","x":49.314273834228516,"y":2991.4686737060547,"bigg_id":"cpd00008","name":"ADP","label_x":18.64774971008302,"label_y":2973.2592010498047,"node_is_primary":false},"199":{"node_type":"metabolite","x":49.314273834228516,"y":3151.4686737060547,"bigg_id":"cpd00009","name":"Phosphate","label_x":6.114273834228527,"label_y":3191.4686737060547,"node_is_primary":false},"200":{"node_type":"metabolite","x":174.81966018676758,"y":3067.8876190185547,"bigg_id":"cpd00201","name":"10-Formyltetrahydrofolate","label_x":108.34320144653321,"label_y":3041.6390838623047,"node_is_primary":true},"210":{"node_type":"metabolite","x":-327.0259704589844,"y":3443.3395233154297,"bigg_id":"cpd06227","name":"THF-L-glutamate","label_x":-370.2259704589844,"label_y":3483.3395233154297,"node_is_primary":true}},"text_labels":{"0":{"x":-659.0589294433594,"y":-121.21975708007812,"text":"Folate Biosynthesis"}},"canvas":{"x":-1555.887939453125,"y":-429.9631652832031,"width":2331.2831420898438,"height":4126.839874267578}}]