[{"map_name":"new_map","map_id":"9LwXLLPwwwvf","map_description":"","homepage":"https://escher.github.io","schema":"https://escher.github.io/escher/jsonschema/1-0-0#"},{"reactions":{"3":{"name":"rxn08551","bigg_id":"rxn08551","reversibility":false,"label_x":59.92808151245117,"label_y":920.1981201171875,"gene_reaction_rule":"","genes":[],"metabolites":[{"bigg_id":"cpd00067","coefficient":-1},{"bigg_id":"cpd00080","coefficient":-1},{"bigg_id":"cpd15268","coefficient":-1},{"bigg_id":"cpd11493","coefficient":1},{"bigg_id":"cpd15329","coefficient":1}],"segments":{"20":{"from_node_id":"24","to_node_id":"25","b1":null,"b2":null},"21":{"from_node_id":"26","to_node_id":"25","b1":null,"b2":null},"22":{"from_node_id":"24","to_node_id":"23","b1":{"x":44.92808151245117,"y":848.1981201171875},"b2":{"x":44.92808151245117,"y":793.9481201171875}},"23":{"from_node_id":"24","to_node_id":"27","b1":{"x":44.92808151245117,"y":844.1981201171875},"b2":{"x":62.92808151245117,"y":838.9481201171875}},"24":{"from_node_id":"24","to_node_id":"28","b1":{"x":44.92808151245117,"y":844.1981201171875},"b2":{"x":26.928081512451172,"y":838.9481201171875}},"25":{"from_node_id":"26","to_node_id":"29","b1":{"x":44.92808151245117,"y":976.1981201171875},"b2":{"x":26.928081512451172,"y":981.4481201171875}},"26":{"from_node_id":"26","to_node_id":"30","b1":{"x":44.92808151245117,"y":972.1981201171875},"b2":{"x":44.92808151245117,"y":1026.4481201171875}}}},"11":{"name":"rxn05901","bigg_id":"rxn05901","reversibility":false,"label_x":931.9999389648438,"label_y":668.9999694824219,"gene_reaction_rule":"","genes":[],"metabolites":[{"bigg_id":"cpd00067","coefficient":-1},{"bigg_id":"cpd00080","coefficient":-1},{"bigg_id":"cpd11611","coefficient":-1},{"bigg_id":"cpd00010","coefficient":1},{"bigg_id":"cpd00517","coefficient":1}],"segments":{"76":{"from_node_id":"88","to_node_id":"89","b1":null,"b2":null},"77":{"from_node_id":"90","to_node_id":"89","b1":null,"b2":null},"78":{"from_node_id":"88","to_node_id":"87","b1":{"x":916.9999389648438,"y":596.9999694824219},"b2":{"x":945.2472952646389,"y":576.1316258459983}},"79":{"from_node_id":"88","to_node_id":"91","b1":{"x":916.9999389648438,"y":592.9999694824219},"b2":{"x":916.3725264125869,"y":551.9479813968409}},"80":{"from_node_id":"88","to_node_id":"92","b1":{"x":916.9999389648438,"y":592.9999694824219},"b2":{"x":898.9999389648438,"y":587.7499694824219}},"81":{"from_node_id":"90","to_node_id":"93","b1":{"x":916.9999389648438,"y":720.9999694824219},"b2":{"x":886.2625867479051,"y":737.5787853941017}},"82":{"from_node_id":"90","to_node_id":"94","b1":{"x":916.9999389648438,"y":724.9999694824219},"b2":{"x":917.2404957976929,"y":762.1934613689821}}}},"14":{"name":"rxn06023","bigg_id":"rxn06023","reversibility":false,"label_x":60.87522506713867,"label_y":1948.0068359375,"gene_reaction_rule":"","genes":[],"metabolites":[{"bigg_id":"cpd00010","coefficient":-1},{"bigg_id":"cpd12370","coefficient":-1},{"bigg_id":"cpd00045","coefficient":1},{"bigg_id":"cpd11493","coefficient":1}],"segments":{"96":{"from_node_id":"111","to_node_id":"112","b1":null,"b2":null},"97":{"from_node_id":"113","to_node_id":"112","b1":null,"b2":null},"98":{"from_node_id":"111","to_node_id":"110","b1":{"x":45.87522506713867,"y":1876.0068359375},"b2":{"x":45.87522506713867,"y":1821.7568359375}},"99":{"from_node_id":"111","to_node_id":"114","b1":{"x":45.87522506713867,"y":1872.0068359375},"b2":{"x":27.875225067138672,"y":1866.7568359375}},"100":{"from_node_id":"113","to_node_id":"115","b1":{"x":45.87522506713867,"y":2000.0068359375},"b2":{"x":45.87522506713867,"y":2054.2568359375}},"101":{"from_node_id":"113","to_node_id":"116","b1":{"x":45.87522506713867,"y":2004.0068359375},"b2":{"x":27.875225067138672,"y":2009.2568359375}}}},"17":{"name":"rxn06140","bigg_id":"rxn06140","reversibility":false,"label_x":932.2483520507812,"label_y":1017.7842712402344,"gene_reaction_rule":"","genes":[],"metabolites":[{"bigg_id":"cpd00010","coefficient":-1},{"bigg_id":"cpd00067","coefficient":-2},{"bigg_id":"cpd11422","coefficient":-1},{"bigg_id":"cpd00517","coefficient":1},{"bigg_id":"cpd11611","coefficient":1}],"segments":{"115":{"from_node_id":"132","to_node_id":"133","b1":null,"b2":null},"116":{"from_node_id":"134","to_node_id":"133","b1":null,"b2":null},"117":{"from_node_id":"132","to_node_id":"135","b1":{"x":917.2483520507812,"y":1069.7842712402344},"b2":{"x":889.6185870759908,"y":1090.223398400489}},"118":{"from_node_id":"132","to_node_id":"136","b1":{"x":917.2483520507812,"y":1073.7842712402344},"b2":{"x":935.2483520507812,"y":1079.0342712402344}},"119":{"from_node_id":"132","to_node_id":"137","b1":{"x":917.2483520507812,"y":1073.7842712402344},"b2":{"x":917.8798575404038,"y":1109.0680359375685}},"120":{"from_node_id":"134","to_node_id":"94","b1":{"x":917.2483520507812,"y":945.7842712402344},"b2":{"x":917.2483520507812,"y":891.5342712402344}},"121":{"from_node_id":"134","to_node_id":"138","b1":{"x":917.2483520507812,"y":941.7842712402344},"b2":{"x":899.2483520507812,"y":936.5342712402344}}}},"18":{"name":"rxn06139","bigg_id":"rxn06139","reversibility":false,"label_x":1122.7451171875,"label_y":1139.6578063964844,"gene_reaction_rule":"","genes":[],"metabolites":[{"bigg_id":"cpd00002","coefficient":-1},{"bigg_id":"cpd11423","coefficient":-1},{"bigg_id":"cpd00008","coefficient":1},{"bigg_id":"cpd00067","coefficient":1},{"bigg_id":"cpd11422","coefficient":1}],"segments":{"122":{"from_node_id":"139","to_node_id":"140","b1":null,"b2":null},"123":{"from_node_id":"141","to_node_id":"140","b1":null,"b2":null},"124":{"from_node_id":"139","to_node_id":"142","b1":{"x":1234.7451171875,"y":1179.6578063964844},"b2":{"x":1238.3124660429523,"y":1250.8360483991464}},"125":{"from_node_id":"139","to_node_id":"143","b1":{"x":1238.7451171875,"y":1179.6578063964844},"b2":{"x":1270.210796354472,"y":1178.6467333490757}},"126":{"from_node_id":"141","to_node_id":"144","b1":{"x":1106.7451171875,"y":1179.6578063964844},"b2":{"x":1097.9774100325744,"y":1256.5373159803485}},"127":{"from_node_id":"141","to_node_id":"145","b1":{"x":1106.7451171875,"y":1179.6578063964844},"b2":{"x":1101.4951171875,"y":1197.6578063964844}},"128":{"from_node_id":"141","to_node_id":"137","b1":{"x":1110.7451171875,"y":1179.6578063964844},"b2":{"x":976.2467041015625,"y":1179.6578063964844}}}},"19":{"name":"rxn06041","bigg_id":"rxn06041","reversibility":false,"label_x":695.5730285644531,"label_y":1467.8341979980469,"gene_reaction_rule":"","genes":[],"metabolites":[{"bigg_id":"cpd00001","coefficient":-1},{"bigg_id":"cpd11427","coefficient":-1},{"bigg_id":"cpd00046","coefficient":1},{"bigg_id":"cpd00067","coefficient":2},{"bigg_id":"cpd11422","coefficient":1}],"segments":{"129":{"from_node_id":"146","to_node_id":"147","b1":null,"b2":null},"130":{"from_node_id":"148","to_node_id":"147","b1":null,"b2":null},"131":{"from_node_id":"146","to_node_id":"149","b1":{"x":842.9803771972656,"y":1520.0127868652344},"b2":{"x":824.9803771972656,"y":1525.2627868652344}},"132":{"from_node_id":"146","to_node_id":"158","b1":{"x":842.9803771972656,"y":1516.0127868652344},"b2":{"x":927.0500183105469,"y":1606.5657653808594}},"133":{"from_node_id":"148","to_node_id":"151","b1":{"x":842.9803771972656,"y":1388.0127868652344},"b2":{"x":835.5368433860677,"y":1367.1524225495175}},"134":{"from_node_id":"148","to_node_id":"152","b1":{"x":842.9803771972656,"y":1388.0127868652344},"b2":{"x":824.9803771972656,"y":1382.7627868652344}},"135":{"from_node_id":"148","to_node_id":"137","b1":{"x":842.9803771972656,"y":1392.0127868652344},"b2":{"x":917.4967041015625,"y":1238.4078063964844}}}},"20":{"name":"rxn06043","bigg_id":"rxn06043","reversibility":false,"label_x":1024.2091674804688,"label_y":1465.9236755371094,"gene_reaction_rule":"","genes":[],"metabolites":[{"bigg_id":"cpd00052","coefficient":-1},{"bigg_id":"cpd11422","coefficient":-1},{"bigg_id":"cpd00012","coefficient":1},{"bigg_id":"cpd11427","coefficient":1}],"segments":{"136":{"from_node_id":"153","to_node_id":"154","b1":null,"b2":null},"137":{"from_node_id":"155","to_node_id":"154","b1":null,"b2":null},"138":{"from_node_id":"153","to_node_id":"156","b1":{"x":1009.2091674804688,"y":1389.9236755371094},"b2":{"x":1008.634065507912,"y":1399.8243968335141}},"139":{"from_node_id":"153","to_node_id":"137","b1":{"x":1009.2091674804688,"y":1393.9236755371094},"b2":{"x":917.4967041015625,"y":1238.4078063964844}},"140":{"from_node_id":"155","to_node_id":"157","b1":{"x":1009.2091674804688,"y":1521.9236755371094},"b2":{"x":1006.6188120297472,"y":1537.4556555785268}},"141":{"from_node_id":"155","to_node_id":"158","b1":{"x":1009.2091674804688,"y":1517.9236755371094},"b2":{"x":932.7821044921875,"y":1612.2978210449219}}}},"21":{"name":"rxn06045","bigg_id":"rxn06045","reversibility":false,"label_x":947.7821044921875,"label_y":1856.0478210449219,"gene_reaction_rule":"","genes":[],"metabolites":[{"bigg_id":"cpd00080","coefficient":-1},{"bigg_id":"cpd11427","coefficient":-1},{"bigg_id":"cpd00046","coefficient":1},{"bigg_id":"cpd00067","coefficient":1},{"bigg_id":"cpd11454","coefficient":1}],"segments":{"142":{"from_node_id":"159","to_node_id":"160","b1":null,"b2":null},"143":{"from_node_id":"161","to_node_id":"160","b1":null,"b2":null},"144":{"from_node_id":"159","to_node_id":"162","b1":{"x":932.7821044921875,"y":1780.0478210449219},"b2":{"x":973.4279276535212,"y":1755.4847344992434}},"145":{"from_node_id":"159","to_node_id":"158","b1":{"x":932.7821044921875,"y":1784.0478210449219},"b2":{"x":932.7821044921875,"y":1729.7978210449219}},"146":{"from_node_id":"161","to_node_id":"163","b1":{"x":932.7821044921875,"y":1908.0478210449219},"b2":{"x":899.7686144544606,"y":1925.1084003025403}},"147":{"from_node_id":"161","to_node_id":"164","b1":{"x":932.7821044921875,"y":1912.0478210449219},"b2":{"x":950.7821044921875,"y":1917.2978210449219}},"148":{"from_node_id":"161","to_node_id":"165","b1":{"x":932.7821044921875,"y":1912.0478210449219},"b2":{"x":931.488216812217,"y":1962.7003221071107}}}},"22":{"name":"rxn06080","bigg_id":"rxn06080","reversibility":false,"label_x":949.9411010742188,"label_y":2218.2066345214844,"gene_reaction_rule":"","genes":[],"metabolites":[{"bigg_id":"cpd00001","coefficient":-1},{"bigg_id":"cpd11454","coefficient":-1},{"bigg_id":"cpd00009","coefficient":1},{"bigg_id":"cpd11652","coefficient":1}],"segments":{"149":{"from_node_id":"166","to_node_id":"167","b1":null,"b2":null},"150":{"from_node_id":"168","to_node_id":"167","b1":null,"b2":null},"151":{"from_node_id":"166","to_node_id":"169","b1":{"x":934.9411010742188,"y":2142.2066345214844},"b2":{"x":916.9411010742188,"y":2136.9566345214844}},"152":{"from_node_id":"166","to_node_id":"165","b1":{"x":934.9411010742188,"y":2146.2066345214844},"b2":{"x":934.9411010742188,"y":2091.9566345214844}},"153":{"from_node_id":"168","to_node_id":"170","b1":{"x":934.9411010742188,"y":2274.2066345214844},"b2":{"x":930.3157958984375,"y":2275.6353454589844}},"154":{"from_node_id":"168","to_node_id":"171","b1":{"x":934.9411010742188,"y":2270.2066345214844},"b2":{"x":934.9411010742188,"y":2322.5459899902344}}}},"23":{"name":"rxn06081","bigg_id":"rxn06081","reversibility":false,"label_x":614.4073791503906,"label_y":2415.8123474121094,"gene_reaction_rule":"","genes":[],"metabolites":[{"bigg_id":"cpd11427","coefficient":-1},{"bigg_id":"cpd11652","coefficient":-1},{"bigg_id":"cpd00046","coefficient":1},{"bigg_id":"cpd00067","coefficient":1},{"bigg_id":"cpd12801","coefficient":1}],"segments":{"155":{"from_node_id":"172","to_node_id":"173","b1":null,"b2":null},"156":{"from_node_id":"174","to_node_id":"173","b1":null,"b2":null},"157":{"from_node_id":"172","to_node_id":"158","b1":{"x":736.1393737792969,"y":2383.2068786621094},"b2":{"x":860.3190377311129,"y":1672.2739519714473}},"158":{"from_node_id":"172","to_node_id":"171","b1":{"x":732.1393737792969,"y":2383.2068786621094},"b2":{"x":876.1911010742188,"y":2381.2959899902344}},"159":{"from_node_id":"174","to_node_id":"176","b1":{"x":604.1393737792969,"y":2383.2068786621094},"b2":{"x":598.8893737792969,"y":2401.2068786621094}},"160":{"from_node_id":"174","to_node_id":"177","b1":{"x":604.1393737792969,"y":2383.2068786621094},"b2":{"x":598.8893737792969,"y":2365.2068786621094}},"161":{"from_node_id":"174","to_node_id":"178","b1":{"x":608.1393737792969,"y":2383.2068786621094},"b2":{"x":553.8893737792969,"y":2383.2068786621094}}}},"24":{"name":"rxn06044","bigg_id":"rxn06044","reversibility":false,"label_x":1036.064697265625,"label_y":1654.3163757324219,"gene_reaction_rule":"","genes":[],"metabolites":[{"bigg_id":"cpd00054","coefficient":-1},{"bigg_id":"cpd11427","coefficient":-1},{"bigg_id":"cpd00046","coefficient":1},{"bigg_id":"cpd00067","coefficient":1},{"bigg_id":"cpd11455","coefficient":1}],"segments":{"162":{"from_node_id":"179","to_node_id":"180","b1":null,"b2":null},"163":{"from_node_id":"181","to_node_id":"180","b1":null,"b2":null},"164":{"from_node_id":"179","to_node_id":"182","b1":{"x":1041.7821044921875,"y":1671.0478210449219},"b2":{"x":1031.490237914264,"y":1671.2717733068343}},"165":{"from_node_id":"179","to_node_id":"158","b1":{"x":1045.7821044921875,"y":1671.0478210449219},"b2":{"x":991.5321044921875,"y":1671.0478210449219}},"166":{"from_node_id":"181","to_node_id":"183","b1":{"x":1169.7821044921875,"y":1671.0478210449219},"b2":{"x":1189.100443160964,"y":1695.9101104873441}},"167":{"from_node_id":"181","to_node_id":"184","b1":{"x":1173.7821044921875,"y":1671.0478210449219},"b2":{"x":1179.0321044921875,"y":1653.0478210449219}},"168":{"from_node_id":"181","to_node_id":"185","b1":{"x":1173.7821044921875,"y":1671.0478210449219},"b2":{"x":1244.5837467977794,"y":1671.5931103505236}}}},"25":{"name":"rxn06090","bigg_id":"rxn06090","reversibility":false,"label_x":1440.1641845703125,"label_y":1630.3830261230469,"gene_reaction_rule":"","genes":[],"metabolites":[{"bigg_id":"cpd00067","coefficient":-1},{"bigg_id":"cpd11455","coefficient":-1},{"bigg_id":"cpd00011","coefficient":1},{"bigg_id":"cpd11456","coefficient":1}],"segments":{"169":{"from_node_id":"186","to_node_id":"187","b1":null,"b2":null},"170":{"from_node_id":"188","to_node_id":"187","b1":null,"b2":null},"171":{"from_node_id":"186","to_node_id":"189","b1":{"x":1424.1641845703125,"y":1670.3830261230469},"b2":{"x":1418.9141845703125,"y":1688.3830261230469}},"172":{"from_node_id":"186","to_node_id":"185","b1":{"x":1428.1641845703125,"y":1670.3830261230469},"b2":{"x":1373.9141845703125,"y":1670.3830261230469}},"173":{"from_node_id":"188","to_node_id":"190","b1":{"x":1556.1641845703125,"y":1670.3830261230469},"b2":{"x":1561.4141845703125,"y":1688.3830261230469}},"174":{"from_node_id":"188","to_node_id":"191","b1":{"x":1552.1641845703125,"y":1670.3830261230469},"b2":{"x":1606.4141845703125,"y":1670.3830261230469}}}},"26":{"name":"rxn00612","bigg_id":"rxn00612","reversibility":false,"label_x":637.481201171875,"label_y":385.2132110595703,"gene_reaction_rule":"","genes":[],"metabolites":[{"bigg_id":"cpd00006","coefficient":-1},{"bigg_id":"cpd00080","coefficient":-1},{"bigg_id":"cpd00005","coefficient":1},{"bigg_id":"cpd00067","coefficient":1},{"bigg_id":"cpd00095","coefficient":1}],"segments":{"175":{"from_node_id":"192","to_node_id":"193","b1":null,"b2":null},"176":{"from_node_id":"194","to_node_id":"193","b1":null,"b2":null},"177":{"from_node_id":"192","to_node_id":"195","b1":{"x":763.1122436523438,"y":425.2132110595703},"b2":{"x":768.3622436523438,"y":407.2132110595703}},"178":{"from_node_id":"192","to_node_id":"91","b1":{"x":759.1122436523438,"y":425.2132110595703},"b2":{"x":859.9122924804688,"y":481.3943176269531}},"179":{"from_node_id":"194","to_node_id":"196","b1":{"x":635.1122436523438,"y":425.21321105957037},"b2":{"x":625.2133673179131,"y":391.955513136249}},"180":{"from_node_id":"194","to_node_id":"197","b1":{"x":631.1122436523438,"y":425.21321105957037},"b2":{"x":602.1961930853387,"y":440.1900771786435}},"181":{"from_node_id":"194","to_node_id":"203","b1":{"x":631.1122436523438,"y":425.21321105957037},"b2":{"x":545.4832444722593,"y":487.30025360200005}}}},"27":{"name":"rxn00616","bigg_id":"rxn00616","reversibility":false,"label_x":627.8501586914062,"label_y":502.39093017578125,"gene_reaction_rule":"","genes":[],"metabolites":[{"bigg_id":"cpd00015","coefficient":-1},{"bigg_id":"cpd00080","coefficient":-1},{"bigg_id":"cpd00095","coefficient":1},{"bigg_id":"cpd00982","coefficient":1}],"segments":{"182":{"from_node_id":"199","to_node_id":"200","b1":null,"b2":null},"183":{"from_node_id":"201","to_node_id":"200","b1":null,"b2":null},"184":{"from_node_id":"199","to_node_id":"202","b1":{"x":753.481201171875,"y":519.9184875488281},"b2":{"x":729.379680428843,"y":513.2906414597016}},"185":{"from_node_id":"199","to_node_id":"91","b1":{"x":749.481201171875,"y":519.9184875488281},"b2":{"x":859.9122924804688,"y":481.3943176269531}},"186":{"from_node_id":"201","to_node_id":"203","b1":{"x":621.481201171875,"y":519.9184875488281},"b2":{"x":551.9140491253818,"y":485.38402424570336}},"187":{"from_node_id":"201","to_node_id":"204","b1":{"x":625.481201171875,"y":519.9184875488281},"b2":{"x":634.1321798304849,"y":533.3966074740199}}}},"28":{"name":"rxn00610","bigg_id":"rxn00610","reversibility":false,"label_x":933.6622924804688,"label_y":316.3943176269531,"gene_reaction_rule":"","genes":[],"metabolites":[{"bigg_id":"cpd00001","coefficient":-1},{"bigg_id":"cpd00080","coefficient":-1},{"bigg_id":"cpd00009","coefficient":1},{"bigg_id":"cpd00100","coefficient":1}],"segments":{"188":{"from_node_id":"205","to_node_id":"206","b1":null,"b2":null},"189":{"from_node_id":"207","to_node_id":"206","b1":null,"b2":null},"190":{"from_node_id":"205","to_node_id":"208","b1":{"x":918.6622924804688,"y":372.3943176269531},"b2":{"x":936.6622924804688,"y":377.6443176269531}},"191":{"from_node_id":"205","to_node_id":"91","b1":{"x":918.6622924804688,"y":368.3943176269531},"b2":{"x":918.6622924804688,"y":422.6443176269531}},"192":{"from_node_id":"207","to_node_id":"209","b1":{"x":918.6622924804688,"y":240.39431762695312},"b2":{"x":936.6622924804688,"y":235.14431762695312}},"193":{"from_node_id":"207","to_node_id":"210","b1":{"x":918.6622924804688,"y":244.39431762695312},"b2":{"x":918.6622924804688,"y":190.14431762695312}}}},"29":{"name":"rxn00763","bigg_id":"rxn00763","reversibility":false,"label_x":933.6622924804688,"label_y":-33.605682373046875,"gene_reaction_rule":"","genes":[],"metabolites":[{"bigg_id":"cpd00003","coefficient":-1},{"bigg_id":"cpd00100","coefficient":-1},{"bigg_id":"cpd00004","coefficient":1},{"bigg_id":"cpd00067","coefficient":1},{"bigg_id":"cpd00448","coefficient":1}],"segments":{"194":{"from_node_id":"211","to_node_id":"212","b1":null,"b2":null},"195":{"from_node_id":"213","to_node_id":"212","b1":null,"b2":null},"196":{"from_node_id":"211","to_node_id":"214","b1":{"x":918.6622924804688,"y":22.394317626953125},"b2":{"x":936.6622924804688,"y":27.644317626953125}},"197":{"from_node_id":"211","to_node_id":"210","b1":{"x":918.6622924804688,"y":18.394317626953125},"b2":{"x":918.6622924804688,"y":72.64431762695312}},"198":{"from_node_id":"213","to_node_id":"215","b1":{"x":918.6622924804688,"y":-105.60568237304688},"b2":{"x":947.150835050093,"y":-127.88278055590304}},"199":{"from_node_id":"213","to_node_id":"216","b1":{"x":918.6622924804688,"y":-109.60568237304688},"b2":{"x":900.6622924804688,"y":-114.85568237304688}},"200":{"from_node_id":"213","to_node_id":"217","b1":{"x":918.6622924804688,"y":-109.60568237304688},"b2":{"x":916.4230509728292,"y":-157.65942752195426}}}},"30":{"name":"rxn01286","bigg_id":"rxn01286","reversibility":false,"label_x":930.235595703125,"label_y":-393.24024963378906,"gene_reaction_rule":"","genes":[],"metabolites":[{"bigg_id":"cpd00001","coefficient":-1},{"bigg_id":"cpd00003","coefficient":-1},{"bigg_id":"cpd00448","coefficient":-1},{"bigg_id":"cpd00004","coefficient":1},{"bigg_id":"cpd00067","coefficient":2},{"bigg_id":"cpd00223","coefficient":1}],"segments":{"201":{"from_node_id":"218","to_node_id":"219","b1":null,"b2":null},"202":{"from_node_id":"220","to_node_id":"219","b1":null,"b2":null},"203":{"from_node_id":"218","to_node_id":"221","b1":{"x":915.235595703125,"y":-337.24024963378906},"b2":{"x":897.235595703125,"y":-331.99024963378906}},"204":{"from_node_id":"218","to_node_id":"222","b1":{"x":915.235595703125,"y":-337.24024963378906},"b2":{"x":933.235595703125,"y":-331.99024963378906}},"205":{"from_node_id":"218","to_node_id":"217","b1":{"x":915.235595703125,"y":-341.24024963378906},"b2":{"x":915.235595703125,"y":-286.99024963378906}},"206":{"from_node_id":"220","to_node_id":"223","b1":{"x":915.235595703125,"y":-465.24024963378906},"b2":{"x":942.0487580796146,"y":-480.471029518168}},"207":{"from_node_id":"220","to_node_id":"224","b1":{"x":915.235595703125,"y":-469.24024963378906},"b2":{"x":897.235595703125,"y":-474.49024963378906}},"208":{"from_node_id":"220","to_node_id":"225","b1":{"x":915.235595703125,"y":-469.24024963378906},"b2":{"x":916.8903732483537,"y":-504.0141986207513}}}},"31":{"name":"rxn01102","bigg_id":"rxn01102","reversibility":false,"label_x":692.4970703125,"label_y":-614.6024017333984,"gene_reaction_rule":"","genes":[],"metabolites":[{"bigg_id":"cpd00002","coefficient":-1},{"bigg_id":"cpd00223","coefficient":-1},{"bigg_id":"cpd00008","coefficient":1},{"bigg_id":"cpd00067","coefficient":1},{"bigg_id":"cpd00169","coefficient":1}],"segments":{"209":{"from_node_id":"226","to_node_id":"227","b1":null,"b2":null},"210":{"from_node_id":"228","to_node_id":"227","b1":null,"b2":null},"211":{"from_node_id":"226","to_node_id":"229","b1":{"x":808.4970703125,"y":-574.6024017333984},"b2":{"x":813.7470703125,"y":-592.6024017333984}},"212":{"from_node_id":"226","to_node_id":"225","b1":{"x":804.4970703125,"y":-574.6024017333984},"b2":{"x":858.7470703125,"y":-574.6024017333984}},"213":{"from_node_id":"228","to_node_id":"230","b1":{"x":680.4970703125,"y":-574.6024017333984},"b2":{"x":626.2470703125,"y":-574.6024017333984}},"214":{"from_node_id":"228","to_node_id":"231","b1":{"x":676.4970703125,"y":-574.6024017333984},"b2":{"x":671.2470703125,"y":-556.6024017333984}},"215":{"from_node_id":"228","to_node_id":"232","b1":{"x":676.4970703125,"y":-574.6024017333984},"b2":{"x":671.2470703125,"y":-592.6024017333984}}}},"32":{"name":"rxn08552","bigg_id":"rxn08552","reversibility":false,"label_x":-361.0298767089844,"label_y":-64.35946655273438,"gene_reaction_rule":"","genes":[],"metabolites":[{"bigg_id":"cpd00067","coefficient":-1},{"bigg_id":"cpd00080","coefficient":-1},{"bigg_id":"cpd11825","coefficient":-1},{"bigg_id":"cpd11493","coefficient":1},{"bigg_id":"cpd15328","coefficient":1}],"segments":{"216":{"from_node_id":"234","to_node_id":"235","b1":null,"b2":null},"217":{"from_node_id":"236","to_node_id":"235","b1":null,"b2":null},"218":{"from_node_id":"234","to_node_id":"233","b1":{"x":-376.0298767089844,"y":-136.35946655273438},"b2":{"x":-376.0298767089844,"y":-190.60946655273438}},"219":{"from_node_id":"234","to_node_id":"237","b1":{"x":-376.0298767089844,"y":-140.35946655273438},"b2":{"x":-358.0298767089844,"y":-145.60946655273438}},"220":{"from_node_id":"234","to_node_id":"238","b1":{"x":-376.0298767089844,"y":-140.35946655273438},"b2":{"x":-394.0298767089844,"y":-145.60946655273438}},"221":{"from_node_id":"236","to_node_id":"239","b1":{"x":-376.0298767089844,"y":-8.359466552734375},"b2":{"x":-394.0298767089844,"y":-3.109466552734375}},"222":{"from_node_id":"236","to_node_id":"240","b1":{"x":-376.0298767089844,"y":-12.359466552734375},"b2":{"x":-376.0298767089844,"y":41.890533447265625}}}},"33":{"name":"rxn08550","bigg_id":"rxn08550","reversibility":false,"label_x":-445.9981689453125,"label_y":436.66046142578125,"gene_reaction_rule":"","genes":[],"metabolites":[{"bigg_id":"cpd00067","coefficient":-2},{"bigg_id":"cpd00080","coefficient":-1},{"bigg_id":"cpd15239","coefficient":-1},{"bigg_id":"cpd11493","coefficient":1},{"bigg_id":"cpd15326","coefficient":1}],"segments":{"223":{"from_node_id":"242","to_node_id":"243","b1":null,"b2":null},"224":{"from_node_id":"244","to_node_id":"243","b1":null,"b2":null},"225":{"from_node_id":"242","to_node_id":"241","b1":{"x":-460.9981689453125,"y":364.66046142578125},"b2":{"x":-460.9981689453125,"y":310.41046142578125}},"226":{"from_node_id":"242","to_node_id":"245","b1":{"x":-460.9981689453125,"y":360.66046142578125},"b2":{"x":-442.9981689453125,"y":355.41046142578125}},"227":{"from_node_id":"242","to_node_id":"246","b1":{"x":-460.9981689453125,"y":360.66046142578125},"b2":{"x":-478.9981689453125,"y":355.41046142578125}},"228":{"from_node_id":"244","to_node_id":"247","b1":{"x":-460.9981689453125,"y":492.66046142578125},"b2":{"x":-478.9981689453125,"y":497.91046142578125}},"229":{"from_node_id":"244","to_node_id":"248","b1":{"x":-460.9981689453125,"y":488.66046142578125},"b2":{"x":-460.9981689453125,"y":542.9104614257812}}}},"34":{"name":"rxn10203","bigg_id":"rxn10203","reversibility":false,"label_x":-478.2275085449219,"label_y":1057.8079223632812,"gene_reaction_rule":"","genes":[],"metabolites":[{"bigg_id":"cpd00080","coefficient":-1},{"bigg_id":"cpd01695","coefficient":-1},{"bigg_id":"cpd00010","coefficient":1},{"bigg_id":"cpd15331","coefficient":1}],"segments":{"230":{"from_node_id":"250","to_node_id":"251","b1":null,"b2":null},"231":{"from_node_id":"252","to_node_id":"251","b1":null,"b2":null},"232":{"from_node_id":"250","to_node_id":"249","b1":{"x":-493.2275085449219,"y":985.8079223632812},"b2":{"x":-493.2275085449219,"y":931.5579223632812}},"233":{"from_node_id":"250","to_node_id":"253","b1":{"x":-493.2275085449219,"y":981.8079223632812},"b2":{"x":-511.2275085449219,"y":976.5579223632812}},"234":{"from_node_id":"252","to_node_id":"254","b1":{"x":-493.2275085449219,"y":1109.8079223632812},"b2":{"x":-493.2275085449219,"y":1164.0579223632812}},"235":{"from_node_id":"252","to_node_id":"255","b1":{"x":-493.2275085449219,"y":1113.8079223632812},"b2":{"x":-511.2275085449219,"y":1119.0579223632812}}}},"35":{"name":"rxn08548","bigg_id":"rxn08548","reversibility":false,"label_x":-457.7179260253906,"label_y":1646.72607421875,"gene_reaction_rule":"","genes":[],"metabolites":[{"bigg_id":"cpd00067","coefficient":-2},{"bigg_id":"cpd00080","coefficient":-1},{"bigg_id":"cpd15294","coefficient":-1},{"bigg_id":"cpd11493","coefficient":1},{"bigg_id":"cpd15330","coefficient":1}],"segments":{"236":{"from_node_id":"257","to_node_id":"258","b1":null,"b2":null},"237":{"from_node_id":"259","to_node_id":"258","b1":null,"b2":null},"238":{"from_node_id":"257","to_node_id":"256","b1":{"x":-472.7179260253906,"y":1574.72607421875},"b2":{"x":-472.7179260253906,"y":1520.47607421875}},"239":{"from_node_id":"257","to_node_id":"260","b1":{"x":-472.7179260253906,"y":1570.72607421875},"b2":{"x":-454.7179260253906,"y":1565.47607421875}},"240":{"from_node_id":"257","to_node_id":"261","b1":{"x":-472.7179260253906,"y":1570.72607421875},"b2":{"x":-490.7179260253906,"y":1565.47607421875}},"241":{"from_node_id":"259","to_node_id":"262","b1":{"x":-472.7179260253906,"y":1702.72607421875},"b2":{"x":-490.7179260253906,"y":1707.97607421875}},"242":{"from_node_id":"259","to_node_id":"263","b1":{"x":-472.7179260253906,"y":1698.72607421875},"b2":{"x":-472.7179260253906,"y":1752.97607421875}}}},"36":{"name":"rxn08547","bigg_id":"rxn08547","reversibility":false,"label_x":11.072638034820557,"label_y":1406.470947265625,"gene_reaction_rule":"","genes":[],"metabolites":[{"bigg_id":"cpd00080","coefficient":-1},{"bigg_id":"cpd11466","coefficient":-1},{"bigg_id":"cpd11493","coefficient":1},{"bigg_id":"cpd15331","coefficient":1}],"segments":{"243":{"from_node_id":"265","to_node_id":"266","b1":null,"b2":null},"244":{"from_node_id":"267","to_node_id":"266","b1":null,"b2":null},"245":{"from_node_id":"265","to_node_id":"264","b1":{"x":-3.9273619651794434,"y":1334.470947265625},"b2":{"x":-3.9273619651794434,"y":1280.220947265625}},"246":{"from_node_id":"265","to_node_id":"268","b1":{"x":-3.9273619651794434,"y":1330.470947265625},"b2":{"x":-21.927361965179443,"y":1325.220947265625}},"247":{"from_node_id":"267","to_node_id":"269","b1":{"x":-3.927361965179415,"y":1462.470947265625},"b2":{"x":-21.927361965179443,"y":1467.720947265625}},"248":{"from_node_id":"267","to_node_id":"270","b1":{"x":-3.927361965179415,"y":1458.470947265625},"b2":{"x":-3.9273619651794434,"y":1512.720947265625}}}},"37":{"name":"rxn08546","bigg_id":"rxn08546","reversibility":false,"label_x":-507.52691650390625,"label_y":2150.6759033203125,"gene_reaction_rule":"","genes":[],"metabolites":[{"bigg_id":"cpd00080","coefficient":-1},{"bigg_id":"cpd11468","coefficient":-1},{"bigg_id":"cpd11493","coefficient":1},{"bigg_id":"cpd15325","coefficient":1}],"segments":{"249":{"from_node_id":"272","to_node_id":"273","b1":null,"b2":null},"250":{"from_node_id":"274","to_node_id":"273","b1":null,"b2":null},"251":{"from_node_id":"272","to_node_id":"271","b1":{"x":-522.5269165039062,"y":2078.6759033203125},"b2":{"x":-522.5269165039062,"y":2024.4259033203125}},"252":{"from_node_id":"272","to_node_id":"275","b1":{"x":-522.5269165039062,"y":2074.6759033203125},"b2":{"x":-540.5269165039062,"y":2069.4259033203125}},"253":{"from_node_id":"274","to_node_id":"276","b1":{"x":-522.5269165039062,"y":2206.6759033203125},"b2":{"x":-540.5269165039062,"y":2211.9259033203125}},"254":{"from_node_id":"274","to_node_id":"277","b1":{"x":-522.5269165039062,"y":2202.6759033203125},"b2":{"x":-522.5269165039062,"y":2256.9259033203125}}}}},"nodes":{"23":{"node_type":"metabolite","x":44.92808151245117,"y":735.1981201171875,"bigg_id":"cpd00067","name":"H+","label_x":69.92808151245117,"label_y":735.1981201171875,"node_is_primary":true},"24":{"node_type":"multimarker","x":44.92808151245117,"y":890.1981201171875},"25":{"node_type":"midmarker","x":44.92808151245117,"y":910.1981201171875},"26":{"node_type":"multimarker","x":44.92808151245117,"y":930.1981201171875},"27":{"node_type":"metabolite","x":124.92808151245117,"y":805.1981201171875,"bigg_id":"cpd00080","name":"Glycerol-3-phosphate","label_x":139.92808151245117,"label_y":805.1981201171875,"node_is_primary":false},"28":{"node_type":"metabolite","x":-35.07191848754883,"y":805.1981201171875,"bigg_id":"cpd15268","name":"Octadecanoyl-ACP","label_x":-107.07191848754883,"label_y":835.1981201171875,"node_is_primary":false},"29":{"node_type":"metabolite","x":-35.07191848754883,"y":1015.1981201171875,"bigg_id":"cpd11493","name":"ACP","label_x":-107.07191848754883,"label_y":1045.1981201171875,"node_is_primary":false},"30":{"node_type":"metabolite","x":44.92808151245117,"y":1085.1981201171875,"bigg_id":"cpd15329","name":"1-octadecanoyl-sn-glycerol 3-phosphate","label_x":69.92808151245117,"label_y":1085.1981201171875,"node_is_primary":true},"87":{"node_type":"metabolite","x":999.158935546875,"y":552.7843017578125,"bigg_id":"cpd00067","name":"H+","label_x":1024.158935546875,"label_y":552.7843017578125,"node_is_primary":true},"88":{"node_type":"multimarker","x":916.9999389648438,"y":638.9999694824219},"89":{"node_type":"midmarker","x":916.9999389648438,"y":658.9999694824219},"90":{"node_type":"multimarker","x":916.9999389648438,"y":678.9999694824219},"91":{"node_type":"metabolite","x":918.6622924804688,"y":481.3943176269531,"bigg_id":"cpd00080","name":"Glycerol-3-phosphate","label_x":933.6622924804688,"label_y":481.3943176269531,"node_is_primary":false},"92":{"node_type":"metabolite","x":836.9999389648438,"y":553.9999694824219,"bigg_id":"cpd11611","name":"Acyl-CoA","label_x":797.2535400390625,"label_y":544.4816589355469,"node_is_primary":false},"93":{"node_type":"metabolite","x":831.01953125,"y":757.5729675292969,"bigg_id":"cpd00010","name":"CoA","label_x":810.163330078125,"label_y":727.0021667480469,"node_is_primary":true},"94":{"node_type":"metabolite","x":917.2483520507812,"y":832.7842712402344,"bigg_id":"cpd00517","name":"1-Acyl-sn-glycerol 3-phosphate","label_x":797.4814453125,"label_y":849.4095764160156,"node_is_primary":false},"110":{"node_type":"metabolite","x":45.87522506713867,"y":1763.0068359375,"bigg_id":"cpd00010","name":"CoA","label_x":70.87522506713867,"label_y":1763.0068359375,"node_is_primary":true},"111":{"node_type":"multimarker","x":45.87522506713867,"y":1918.0068359375},"112":{"node_type":"midmarker","x":45.87522506713867,"y":1938.0068359375},"113":{"node_type":"multimarker","x":45.87522506713867,"y":1958.0068359375},"114":{"node_type":"metabolite","x":-34.12477493286133,"y":1833.0068359375,"bigg_id":"cpd12370","name":"apo-ACP","label_x":-106.12477493286133,"label_y":1863.0068359375,"node_is_primary":false},"115":{"node_type":"metabolite","x":45.87522506713867,"y":2113.0068359375,"bigg_id":"cpd00045","name":"Adenosine 3-5-bisphosphate","label_x":70.87522506713867,"label_y":2113.0068359375,"node_is_primary":true},"116":{"node_type":"metabolite","x":-34.12477493286133,"y":2043.0068359375,"bigg_id":"cpd11493","name":"ACP","label_x":-106.12477493286133,"label_y":2073.0068359375,"node_is_primary":false},"132":{"node_type":"multimarker","x":917.2483520507812,"y":1027.7842712402344},"133":{"node_type":"midmarker","x":917.2483520507812,"y":1007.7842712402344},"134":{"node_type":"multimarker","x":917.2483520507812,"y":987.7842712402344},"135":{"node_type":"metabolite","x":835.0892944335938,"y":1112.0893249511719,"bigg_id":"cpd00010","name":"CoA","label_x":791.304931640625,"label_y":1085.3398132324219,"node_is_primary":true},"136":{"node_type":"metabolite","x":997.2483520507812,"y":1112.7842712402344,"bigg_id":"cpd00067","name":"H+","label_x":1012.2483520507812,"label_y":1112.7842712402344,"node_is_primary":false},"137":{"node_type":"metabolite","x":917.4967041015625,"y":1179.6578063964844,"bigg_id":"cpd11422","name":"1,2-diacyl-sn-glycerol 3-phosphate","label_x":734.677490234375,"label_y":1171.4443054199219,"node_is_primary":false},"138":{"node_type":"metabolite","x":837.2483520507812,"y":902.7842712402344,"bigg_id":"cpd11611","name":"Acyl-CoA","label_x":774.8016967773438,"label_y":932.7842712402344,"node_is_primary":false},"139":{"node_type":"multimarker","x":1192.7451171875,"y":1179.6578063964844},"140":{"node_type":"midmarker","x":1172.7451171875,"y":1179.6578063964844},"141":{"node_type":"multimarker","x":1152.7451171875,"y":1179.6578063964844},"142":{"node_type":"metabolite","x":1238.836669921875,"y":1309.5837097167969,"bigg_id":"cpd00002","name":"ATP","label_x":1195.636669921875,"label_y":1349.5837097167969,"node_is_primary":true},"143":{"node_type":"metabolite","x":1340.7974853515625,"y":1179.4095153808594,"bigg_id":"cpd11423","name":"1,2-Diacyl-sn-glycerol","label_x":1297.5974853515625,"label_y":1219.4095153808594,"node_is_primary":false},"144":{"node_type":"metabolite","x":1065.8344116210938,"y":1319.3854675292969,"bigg_id":"cpd00008","name":"ADP","label_x":1007.3490112304687,"label_y":1328.0456237792969,"node_is_primary":false},"145":{"node_type":"metabolite","x":1067.7451171875,"y":1259.6578063964844,"bigg_id":"cpd00067","name":"H+","label_x":1028.3664672851562,"label_y":1269.0870056152344,"node_is_primary":false},"146":{"node_type":"multimarker","x":842.9803771972656,"y":1474.0127868652344},"147":{"node_type":"midmarker","x":842.9803771972656,"y":1454.0127868652344},"148":{"node_type":"multimarker","x":842.9803771972656,"y":1434.0127868652344},"149":{"node_type":"metabolite","x":762.9803771972656,"y":1559.0127868652344,"bigg_id":"cpd00001","name":"H2O","label_x":702.4444274902344,"label_y":1577.5486755371094,"node_is_primary":false},"151":{"node_type":"metabolite","x":810.2505187988281,"y":1301.2459411621094,"bigg_id":"cpd00046","name":"CMP","label_x":825.2505187988281,"label_y":1301.2459411621094,"node_is_primary":false},"152":{"node_type":"metabolite","x":762.9803771972656,"y":1349.0127868652344,"bigg_id":"cpd00067","name":"H+","label_x":719.6405334472656,"label_y":1359.9060974121094,"node_is_primary":false},"153":{"node_type":"multimarker","x":1009.2091674804688,"y":1435.9236755371094},"154":{"node_type":"midmarker","x":1009.2091674804688,"y":1455.9236755371094},"155":{"node_type":"multimarker","x":1009.2091674804688,"y":1475.9236755371094},"156":{"node_type":"metabolite","x":1062.9564208984375,"y":1354.7450866699219,"bigg_id":"cpd00052","name":"CTP","label_x":1076.9368896484375,"label_y":1359.9062194824219,"node_is_primary":false},"157":{"node_type":"metabolite","x":1074.4205322265625,"y":1557.1022644042969,"bigg_id":"cpd00012","name":"PPi","label_x":1071.204833984375,"label_y":1541.2460632324219,"node_is_primary":false},"158":{"node_type":"metabolite","x":932.7821044921875,"y":1671.0478210449219,"bigg_id":"cpd11427","name":"CDP-diacylglycerol","label_x":846.0926513671875,"label_y":1646.2278747558594,"node_is_primary":true},"159":{"node_type":"multimarker","x":932.7821044921875,"y":1826.0478210449219},"160":{"node_type":"midmarker","x":932.7821044921875,"y":1846.0478210449219},"161":{"node_type":"multimarker","x":932.7821044921875,"y":1866.0478210449219},"162":{"node_type":"metabolite","x":1043.849609375,"y":1750.6011657714844,"bigg_id":"cpd00080","name":"Glycerol-3-phosphate","label_x":945.1001586914062,"label_y":1732.8343200683594,"node_is_primary":false},"163":{"node_type":"metabolite","x":848.71240234375,"y":1954.1742858886719,"bigg_id":"cpd00046","name":"CMP","label_x":829.766845703125,"label_y":1923.6034851074219,"node_is_primary":true},"164":{"node_type":"metabolite","x":1012.7821044921875,"y":1951.0478210449219,"bigg_id":"cpd00067","name":"H+","label_x":1027.7821044921875,"label_y":1951.0478210449219,"node_is_primary":false},"165":{"node_type":"metabolite","x":934.9411010742188,"y":2033.2066345214844,"bigg_id":"cpd11454","name":"Phosphatidylglycerophosphate","label_x":862.9411010742188,"label_y":2063.2066345214844,"node_is_primary":false},"166":{"node_type":"multimarker","x":934.9411010742188,"y":2188.2066345214844},"167":{"node_type":"midmarker","x":934.9411010742188,"y":2208.2066345214844},"168":{"node_type":"multimarker","x":934.9411010742188,"y":2228.2066345214844},"169":{"node_type":"metabolite","x":854.9411010742188,"y":2103.2066345214844,"bigg_id":"cpd00001","name":"H2O","label_x":782.9411010742188,"label_y":2133.2066345214844,"node_is_primary":false},"170":{"node_type":"metabolite","x":868.3157958984375,"y":2309.3853454589844,"bigg_id":"cpd00009","name":"Phosphate","label_x":796.3157958984375,"label_y":2339.3853454589844,"node_is_primary":false},"171":{"node_type":"metabolite","x":934.9411010742188,"y":2381.2959899902344,"bigg_id":"cpd11652","name":"Phosphatidylglycerol","label_x":959.9411010742188,"label_y":2381.2959899902344,"node_is_primary":true},"172":{"node_type":"multimarker","x":690.1393737792969,"y":2383.2068786621094},"173":{"node_type":"midmarker","x":670.1393737792969,"y":2383.2068786621094},"174":{"node_type":"multimarker","x":650.1393737792969,"y":2383.2068786621094},"176":{"node_type":"metabolite","x":565.1393737792969,"y":2463.2068786621094,"bigg_id":"cpd00046","name":"CMP","label_x":521.9393737792968,"label_y":2503.2068786621094,"node_is_primary":false},"177":{"node_type":"metabolite","x":565.1393737792969,"y":2303.2068786621094,"bigg_id":"cpd00067","name":"H+","label_x":521.9393737792968,"label_y":2283.2068786621094,"node_is_primary":false},"178":{"node_type":"metabolite","x":495.1393737792969,"y":2383.2068786621094,"bigg_id":"cpd12801","name":"Cardiolipin","label_x":451.93937377929683,"label_y":2423.2068786621094,"node_is_primary":true},"179":{"node_type":"multimarker","x":1087.7821044921875,"y":1671.0478210449219},"180":{"node_type":"midmarker","x":1107.7821044921875,"y":1671.0478210449219},"181":{"node_type":"multimarker","x":1127.7821044921875,"y":1671.0478210449219},"182":{"node_type":"metabolite","x":1002.7821044921875,"y":1606.7821960449219,"bigg_id":"cpd00054","name":"L-Serine","label_x":964.2359130859375,"label_y":1590.9374694824219,"node_is_primary":false},"183":{"node_type":"metabolite","x":1226.9373779296875,"y":1740.8537292480469,"bigg_id":"cpd00046","name":"CMP","label_x":1199.2498291015625,"label_y":1783.9562683105469,"node_is_primary":true},"184":{"node_type":"metabolite","x":1212.7821044921875,"y":1591.0478210449219,"bigg_id":"cpd00067","name":"H+","label_x":1169.5821044921875,"label_y":1571.0478210449219,"node_is_primary":false},"185":{"node_type":"metabolite","x":1315.1641845703125,"y":1670.3830261230469,"bigg_id":"cpd11455","name":"ps_BS","label_x":1275.0667236328125,"label_y":1708.8317565917969,"node_is_primary":false},"186":{"node_type":"multimarker","x":1470.1641845703125,"y":1670.3830261230469},"187":{"node_type":"midmarker","x":1490.1641845703125,"y":1670.3830261230469},"188":{"node_type":"multimarker","x":1510.1641845703125,"y":1670.3830261230469},"189":{"node_type":"metabolite","x":1385.1641845703125,"y":1750.3830261230469,"bigg_id":"cpd00067","name":"H+","label_x":1341.9641845703125,"label_y":1790.3830261230469,"node_is_primary":false},"190":{"node_type":"metabolite","x":1595.1641845703125,"y":1750.3830261230469,"bigg_id":"cpd00011","name":"CO2","label_x":1551.9641845703125,"label_y":1790.3830261230469,"node_is_primary":false},"191":{"node_type":"metabolite","x":1665.1641845703125,"y":1670.3830261230469,"bigg_id":"cpd11456","name":"Phosphatidylethanolamine","label_x":1621.9641845703125,"label_y":1710.3830261230469,"node_is_primary":true},"192":{"node_type":"multimarker","x":717.1122436523438,"y":425.2132110595703},"193":{"node_type":"midmarker","x":697.1122436523438,"y":425.2132110595703},"194":{"node_type":"multimarker","x":677.1122436523438,"y":425.2132110595703},"195":{"node_type":"metabolite","x":802.1122436523438,"y":345.2132110595703,"bigg_id":"cpd00006","name":"NADP","label_x":758.9122436523437,"label_y":325.2132110595703,"node_is_primary":false},"196":{"node_type":"metabolite","x":600.7657470703125,"y":338.5338287353516,"bigg_id":"cpd00005","name":"NADPH","label_x":559.1709106445312,"label_y":312.72169494628906,"node_is_primary":true},"197":{"node_type":"metabolite","x":558.4036254882812,"y":384.8251647949219,"bigg_id":"cpd00067","name":"H+","label_x":515.2036254882812,"label_y":407.1682434082031,"node_is_primary":false},"199":{"node_type":"multimarker","x":707.481201171875,"y":519.9184875488281},"200":{"node_type":"midmarker","x":687.481201171875,"y":519.9184875488281},"201":{"node_type":"multimarker","x":667.481201171875,"y":519.9184875488281},"202":{"node_type":"metabolite","x":766.7984619140625,"y":573.14794921875,"bigg_id":"cpd00015","name":"FAD","label_x":728.414013671875,"label_y":606.1187133789062,"node_is_primary":false},"203":{"node_type":"metabolite","x":481.3552551269531,"y":483.2582092285156,"bigg_id":"cpd00095","name":"Glycerone-phosphate","label_x":300.11030273437495,"label_y":450.41680908203125,"node_is_primary":false},"204":{"node_type":"metabolite","x":587.9244079589844,"y":569.6788940429688,"bigg_id":"cpd00982","name":"FADH2","label_x":544.7244079589843,"label_y":609.6788940429688,"node_is_primary":true},"205":{"node_type":"multimarker","x":918.6622924804688,"y":326.3943176269531},"206":{"node_type":"midmarker","x":918.6622924804688,"y":306.3943176269531},"207":{"node_type":"multimarker","x":918.6622924804688,"y":286.3943176269531},"208":{"node_type":"metabolite","x":998.6622924804688,"y":411.3943176269531,"bigg_id":"cpd00001","name":"H2O","label_x":1013.6622924804688,"label_y":411.3943176269531,"node_is_primary":false},"209":{"node_type":"metabolite","x":998.6622924804688,"y":201.39431762695312,"bigg_id":"cpd00009","name":"Phosphate","label_x":1013.6622924804688,"label_y":201.39431762695312,"node_is_primary":false},"210":{"node_type":"metabolite","x":918.6622924804688,"y":131.39431762695312,"bigg_id":"cpd00100","name":"Glycerol","label_x":943.6622924804688,"label_y":131.39431762695312,"node_is_primary":true},"211":{"node_type":"multimarker","x":918.6622924804688,"y":-23.605682373046875},"212":{"node_type":"midmarker","x":918.6622924804688,"y":-43.605682373046875},"213":{"node_type":"multimarker","x":918.6622924804688,"y":-63.605682373046875},"214":{"node_type":"metabolite","x":998.6622924804688,"y":61.394317626953125,"bigg_id":"cpd00003","name":"NAD","label_x":1013.6622924804688,"label_y":61.394317626953125,"node_is_primary":false},"215":{"node_type":"metabolite","x":1003.985107421875,"y":-142.76323699951172,"bigg_id":"cpd00004","name":"NADH","label_x":1028.985107421875,"label_y":-142.76323699951172,"node_is_primary":true},"216":{"node_type":"metabolite","x":838.6622924804688,"y":-148.60568237304688,"bigg_id":"cpd00067","name":"H+","label_x":766.6622924804688,"label_y":-118.60568237304688,"node_is_primary":false},"217":{"node_type":"metabolite","x":915.235595703125,"y":-228.24024963378906,"bigg_id":"cpd00448","name":"D-Glyceraldehyde","label_x":930.235595703125,"label_y":-228.24024963378906,"node_is_primary":false},"218":{"node_type":"multimarker","x":915.235595703125,"y":-383.24024963378906},"219":{"node_type":"midmarker","x":915.235595703125,"y":-403.24024963378906},"220":{"node_type":"multimarker","x":915.235595703125,"y":-423.24024963378906},"221":{"node_type":"metabolite","x":835.235595703125,"y":-298.24024963378906,"bigg_id":"cpd00001","name":"H2O","label_x":763.235595703125,"label_y":-268.24024963378906,"node_is_primary":false},"222":{"node_type":"metabolite","x":995.235595703125,"y":-298.24024963378906,"bigg_id":"cpd00003","name":"NAD","label_x":1010.235595703125,"label_y":-298.24024963378906,"node_is_primary":false},"223":{"node_type":"metabolite","x":994.8701782226562,"y":-506.1898956298828,"bigg_id":"cpd00004","name":"NADH","label_x":1019.8701782226562,"label_y":-506.1898956298828,"node_is_primary":true},"224":{"node_type":"metabolite","x":835.235595703125,"y":-508.24024963378906,"bigg_id":"cpd00067","name":"H+","label_x":763.235595703125,"label_y":-478.24024963378906,"node_is_primary":false},"225":{"node_type":"metabolite","x":917.4970703125,"y":-574.6024017333984,"bigg_id":"cpd00223","name":"Glycerate","label_x":932.4970703125,"label_y":-574.6024017333984,"node_is_primary":false},"226":{"node_type":"multimarker","x":762.4970703125,"y":-574.6024017333984},"227":{"node_type":"midmarker","x":742.4970703125,"y":-574.6024017333984},"228":{"node_type":"multimarker","x":722.4970703125,"y":-574.6024017333984},"229":{"node_type":"metabolite","x":847.4970703125,"y":-654.6024017333984,"bigg_id":"cpd00002","name":"ATP","label_x":804.2970703125,"label_y":-674.6024017333984,"node_is_primary":false},"230":{"node_type":"metabolite","x":567.4970703125,"y":-574.6024017333984,"bigg_id":"cpd00008","name":"ADP","label_x":524.2970703125,"label_y":-534.6024017333984,"node_is_primary":true},"231":{"node_type":"metabolite","x":637.4970703125,"y":-494.60240173339844,"bigg_id":"cpd00067","name":"H+","label_x":594.2970703125,"label_y":-454.60240173339844,"node_is_primary":false},"232":{"node_type":"metabolite","x":637.4970703125,"y":-654.6024017333984,"bigg_id":"cpd00169","name":"3-Phosphoglycerate","label_x":594.2970703125,"label_y":-674.6024017333984,"node_is_primary":false},"233":{"node_type":"metabolite","x":-376.0298767089844,"y":-249.35946655273438,"bigg_id":"cpd00067","name":"H+","label_x":-351.0298767089844,"label_y":-249.35946655273438,"node_is_primary":true},"234":{"node_type":"multimarker","x":-376.0298767089844,"y":-94.35946655273438},"235":{"node_type":"midmarker","x":-376.0298767089844,"y":-74.35946655273438},"236":{"node_type":"multimarker","x":-376.0298767089844,"y":-54.359466552734375},"237":{"node_type":"metabolite","x":-296.0298767089844,"y":-179.35946655273438,"bigg_id":"cpd00080","name":"Glycerol-3-phosphate","label_x":-281.0298767089844,"label_y":-179.35946655273438,"node_is_primary":false},"238":{"node_type":"metabolite","x":-456.0298767089844,"y":-179.35946655273438,"bigg_id":"cpd11825","name":"Octadecenoyl-ACP","label_x":-528.0298767089844,"label_y":-149.35946655273438,"node_is_primary":false},"239":{"node_type":"metabolite","x":-456.0298767089844,"y":30.640533447265625,"bigg_id":"cpd11493","name":"ACP","label_x":-528.0298767089844,"label_y":60.640533447265625,"node_is_primary":false},"240":{"node_type":"metabolite","x":-376.0298767089844,"y":100.64053344726562,"bigg_id":"cpd15328","name":"1-octadec-11-enoyl-sn-glycerol 3-phosphate","label_x":-351.0298767089844,"label_y":100.64053344726562,"node_is_primary":true},"241":{"node_type":"metabolite","x":-460.9981689453125,"y":251.66046142578125,"bigg_id":"cpd00067","name":"H+","label_x":-435.9981689453125,"label_y":251.66046142578125,"node_is_primary":true},"242":{"node_type":"multimarker","x":-460.9981689453125,"y":406.66046142578125},"243":{"node_type":"midmarker","x":-460.9981689453125,"y":426.66046142578125},"244":{"node_type":"multimarker","x":-460.9981689453125,"y":446.66046142578125},"245":{"node_type":"metabolite","x":-380.9981689453125,"y":321.66046142578125,"bigg_id":"cpd00080","name":"Glycerol-3-phosphate","label_x":-365.9981689453125,"label_y":321.66046142578125,"node_is_primary":false},"246":{"node_type":"metabolite","x":-540.9981689453125,"y":321.66046142578125,"bigg_id":"cpd15239","name":"Hexadecenoyl-ACP","label_x":-612.9981689453125,"label_y":351.66046142578125,"node_is_primary":false},"247":{"node_type":"metabolite","x":-540.9981689453125,"y":531.6604614257812,"bigg_id":"cpd11493","name":"ACP","label_x":-612.9981689453125,"label_y":561.6604614257812,"node_is_primary":false},"248":{"node_type":"metabolite","x":-460.9981689453125,"y":601.6604614257812,"bigg_id":"cpd15326","name":"1-hexadec-9-enoyl-sn-glycerol 3-phosphate","label_x":-435.9981689453125,"label_y":601.6604614257812,"node_is_primary":true},"249":{"node_type":"metabolite","x":-493.2275085449219,"y":872.8079223632812,"bigg_id":"cpd00080","name":"Glycerol-3-phosphate","label_x":-468.2275085449219,"label_y":872.8079223632812,"node_is_primary":true},"250":{"node_type":"multimarker","x":-493.2275085449219,"y":1027.8079223632812},"251":{"node_type":"midmarker","x":-493.2275085449219,"y":1047.8079223632812},"252":{"node_type":"multimarker","x":-493.2275085449219,"y":1067.8079223632812},"253":{"node_type":"metabolite","x":-573.2275085449219,"y":942.8079223632812,"bigg_id":"cpd01695","name":"Myristoyl-CoA","label_x":-645.2275085449219,"label_y":972.8079223632812,"node_is_primary":false},"254":{"node_type":"metabolite","x":-493.2275085449219,"y":1222.8079223632812,"bigg_id":"cpd00010","name":"CoA","label_x":-468.2275085449219,"label_y":1222.8079223632812,"node_is_primary":true},"255":{"node_type":"metabolite","x":-573.2275085449219,"y":1152.8079223632812,"bigg_id":"cpd15331","name":"1-tetradecanoyl-sn-glycerol 3-phosphate","label_x":-645.2275085449219,"label_y":1182.8079223632812,"node_is_primary":false},"256":{"node_type":"metabolite","x":-472.7179260253906,"y":1461.72607421875,"bigg_id":"cpd00067","name":"H+","label_x":-447.7179260253906,"label_y":1461.72607421875,"node_is_primary":true},"257":{"node_type":"multimarker","x":-472.7179260253906,"y":1616.72607421875},"258":{"node_type":"midmarker","x":-472.7179260253906,"y":1636.72607421875},"259":{"node_type":"multimarker","x":-472.7179260253906,"y":1656.72607421875},"260":{"node_type":"metabolite","x":-392.7179260253906,"y":1531.72607421875,"bigg_id":"cpd00080","name":"Glycerol-3-phosphate","label_x":-377.7179260253906,"label_y":1531.72607421875,"node_is_primary":false},"261":{"node_type":"metabolite","x":-552.7179260253906,"y":1531.72607421875,"bigg_id":"cpd15294","name":"Tetradecenoyl-ACP","label_x":-624.7179260253906,"label_y":1561.72607421875,"node_is_primary":false},"262":{"node_type":"metabolite","x":-552.7179260253906,"y":1741.72607421875,"bigg_id":"cpd11493","name":"ACP","label_x":-624.7179260253906,"label_y":1771.72607421875,"node_is_primary":false},"263":{"node_type":"metabolite","x":-472.7179260253906,"y":1811.72607421875,"bigg_id":"cpd15330","name":"1-tetradec-7-enoyl-sn-glycerol 3-phosphate","label_x":-447.7179260253906,"label_y":1811.72607421875,"node_is_primary":true},"264":{"node_type":"metabolite","x":-3.9273619651794434,"y":1221.470947265625,"bigg_id":"cpd00080","name":"Glycerol-3-phosphate","label_x":21.072638034820557,"label_y":1221.470947265625,"node_is_primary":true},"265":{"node_type":"multimarker","x":-3.9273619651794434,"y":1376.470947265625},"266":{"node_type":"midmarker","x":-3.9273619651794434,"y":1396.470947265625},"267":{"node_type":"multimarker","x":-3.9273619651794434,"y":1416.470947265625},"268":{"node_type":"metabolite","x":-83.92736196517944,"y":1291.470947265625,"bigg_id":"cpd11466","name":"Myristoyl-ACP","label_x":-155.92736196517944,"label_y":1321.470947265625,"node_is_primary":false},"269":{"node_type":"metabolite","x":-83.92736196517944,"y":1501.470947265625,"bigg_id":"cpd11493","name":"ACP","label_x":-155.92736196517944,"label_y":1531.470947265625,"node_is_primary":false},"270":{"node_type":"metabolite","x":-3.9273619651794434,"y":1571.470947265625,"bigg_id":"cpd15331","name":"1-tetradecanoyl-sn-glycerol 3-phosphate","label_x":21.072638034820557,"label_y":1571.470947265625,"node_is_primary":true},"271":{"node_type":"metabolite","x":-522.5269165039062,"y":1965.6759033203125,"bigg_id":"cpd00080","name":"Glycerol-3-phosphate","label_x":-497.52691650390625,"label_y":1965.6759033203125,"node_is_primary":true},"272":{"node_type":"multimarker","x":-522.5269165039062,"y":2120.6759033203125},"273":{"node_type":"midmarker","x":-522.5269165039062,"y":2140.6759033203125},"274":{"node_type":"multimarker","x":-522.5269165039062,"y":2160.6759033203125},"275":{"node_type":"metabolite","x":-602.5269165039062,"y":2035.6759033203125,"bigg_id":"cpd11468","name":"Dodecanoyl-ACP","label_x":-674.5269165039062,"label_y":2065.6759033203125,"node_is_primary":false},"276":{"node_type":"metabolite","x":-602.5269165039062,"y":2245.6759033203125,"bigg_id":"cpd11493","name":"ACP","label_x":-674.5269165039062,"label_y":2275.6759033203125,"node_is_primary":false},"277":{"node_type":"metabolite","x":-522.5269165039062,"y":2315.6759033203125,"bigg_id":"cpd15325","name":"1-dodecanoyl-sn-glycerol 3-phosphate","label_x":-497.52691650390625,"label_y":2315.6759033203125,"node_is_primary":true}},"text_labels":{},"canvas":{"x":-785,"y":-779.0413818359375,"width":2992.1251220703125,"height":3597.4967041015625}}]