[{"map_name":"new_map","map_id":"KxYMS0ezN3m8","map_description":"","homepage":"https://escher.github.io","schema":"https://escher.github.io/escher/jsonschema/1-0-0#"},{"reactions":{"0":{"name":"rxn00974","bigg_id":"rxn00974","reversibility":false,"label_x":793.7728929967479,"label_y":852.5210848488928,"gene_reaction_rule":"","genes":[],"metabolites":[{"bigg_id":"cpd00137","coefficient":-1},{"bigg_id":"cpd00001","coefficient":1},{"bigg_id":"cpd00331","coefficient":1}],"segments":{"0":{"from_node_id":"1","to_node_id":"2","b1":null,"b2":null},"1":{"from_node_id":"3","to_node_id":"2","b1":null,"b2":null},"2":{"from_node_id":"1","to_node_id":"0","b1":{"x":781.9169472246472,"y":896.6003313303222},"b2":{"x":785.7127101354405,"y":931.7432394796881}},"3":{"from_node_id":"3","to_node_id":"4","b1":{"x":780.8754673267262,"y":768.6045684331784},"b2":{"x":798.8321545352,"y":763.2082841099536}},"4":{"from_node_id":"3","to_node_id":"5","b1":{"x":780.9080135735369,"y":772.6044360237138},"b2":{"x":771.983278317653,"y":724.4831531641877}}}},"1":{"name":"rxn15281","bigg_id":"rxn15281","reversibility":false,"label_x":388.02528201561654,"label_y":619.5849586064575,"gene_reaction_rule":"","genes":[],"metabolites":[{"bigg_id":"cpd02812","coefficient":-1},{"bigg_id":"cpd00001","coefficient":1},{"bigg_id":"cpd00331","coefficient":1}],"segments":{"5":{"from_node_id":"7","to_node_id":"8","b1":null,"b2":null},"6":{"from_node_id":"9","to_node_id":"8","b1":null,"b2":null},"7":{"from_node_id":"7","to_node_id":"6","b1":{"x":406.0527854544548,"y":582.611382216561},"b2":{"x":326.43502909537824,"y":582.3755653383669}},"8":{"from_node_id":"9","to_node_id":"10","b1":{"x":534.0472264395938,"y":583.8043100860251},"b2":{"x":552.3271189280454,"y":559.6191501469409}},"9":{"from_node_id":"9","to_node_id":"5","b1":{"x":530.0474001588086,"y":583.7670310901034},"b2":{"x":629.332301259786,"y":603.7597193903221}}}},"2":{"name":"rxn00256","bigg_id":"rxn00256","reversibility":false,"label_x":356.4313659667969,"label_y":1112.286319732666,"gene_reaction_rule":"","genes":[],"metabolites":[{"bigg_id":"cpd00010","coefficient":-1},{"bigg_id":"cpd00067","coefficient":-1},{"bigg_id":"cpd00137","coefficient":-1},{"bigg_id":"cpd00001","coefficient":1},{"bigg_id":"cpd00022","coefficient":1},{"bigg_id":"cpd00032","coefficient":1}],"segments":{"10":{"from_node_id":"13","to_node_id":"14","b1":null,"b2":null},"11":{"from_node_id":"15","to_node_id":"14","b1":null,"b2":null},"12":{"from_node_id":"13","to_node_id":"12","b1":{"x":479.9730627815149,"y":1075.0256888209515},"b2":{"x":555.3343003020109,"y":1087.467039849373}},"13":{"from_node_id":"13","to_node_id":"16","b1":{"x":483.972673576517,"y":1074.9698901784618},"b2":{"x":513.2294211869419,"y":1098.1739557720778}},"14":{"from_node_id":"13","to_node_id":"0","b1":{"x":483.972673576517,"y":1074.9698901784618},"b2":{"x":647.5994257873474,"y":1075.8728321522162}},"15":{"from_node_id":"15","to_node_id":"18","b1":{"x":351.98551734145184,"y":1076.8112453806202},"b2":{"x":323.2309269958558,"y":1105.441079285772}},"16":{"from_node_id":"15","to_node_id":"19","b1":{"x":355.9851281364537,"y":1076.7554467381306},"b2":{"x":285.90292046214944,"y":1106.5474941472091}},"17":{"from_node_id":"15","to_node_id":"20","b1":{"x":351.98551734145184,"y":1076.8112453806202},"b2":{"x":312.170435380441,"y":1077.3632833026295}}}},"3":{"name":"rxn15046","bigg_id":"rxn15046","reversibility":false,"label_x":-102.55082966821624,"label_y":632.1980201427606,"gene_reaction_rule":"","genes":[],"metabolites":[{"bigg_id":"cpd02812","coefficient":-1},{"bigg_id":"cpd00036","coefficient":1},{"bigg_id":"cpd00040","coefficient":1}],"segments":{"18":{"from_node_id":"22","to_node_id":"23","b1":null,"b2":null},"19":{"from_node_id":"24","to_node_id":"23","b1":null,"b2":null},"20":{"from_node_id":"22","to_node_id":"6","b1":{"x":28.906488487577803,"y":586.8187127500908},"b2":{"x":88.31807483923905,"y":580.6278305737034}},"21":{"from_node_id":"24","to_node_id":"25","b1":{"x":-95.0752233149617,"y":588.9482992151179},"b2":{"x":-178.34222675234162,"y":581.7181360975557}},"22":{"from_node_id":"24","to_node_id":"26","b1":{"x":-99.07463337310833,"y":589.0169955526991},"b2":{"x":-211.71984100341797,"y":588.7450561523438}}}},"4":{"name":"rxn00330","bigg_id":"rxn00330","reversibility":false,"label_x":-421.30178451538086,"label_y":827.6281127929688,"gene_reaction_rule":"","genes":[],"metabolites":[{"bigg_id":"cpd00010","coefficient":-1},{"bigg_id":"cpd00067","coefficient":-1},{"bigg_id":"cpd00130","coefficient":-1},{"bigg_id":"cpd00001","coefficient":1},{"bigg_id":"cpd00022","coefficient":1},{"bigg_id":"cpd00040","coefficient":1}],"segments":{"23":{"from_node_id":"28","to_node_id":"29","b1":null,"b2":null},"24":{"from_node_id":"30","to_node_id":"29","b1":null,"b2":null},"25":{"from_node_id":"28","to_node_id":"27","b1":{"x":-434.20107337773254,"y":879.5925139658696},"b2":{"x":-432.3630121674464,"y":899.794275148407}},"26":{"from_node_id":"28","to_node_id":"31","b1":{"x":-434.0655436269169,"y":883.5902172673468},"b2":{"x":-451.877325685619,"y":889.447086729208}},"27":{"from_node_id":"28","to_node_id":"32","b1":{"x":-434.0655436269169,"y":942.6724926579718},"b2":{"x":-426.2640543219311,"y":969.0299312765515}},"28":{"from_node_id":"30","to_node_id":"33","b1":{"x":-438.5380254038448,"y":751.6660083185908},"b2":{"x":-456.70557305844,"y":747.0289066140737}},"29":{"from_node_id":"30","to_node_id":"34","b1":{"x":-438.4024956530292,"y":755.6637116200679},"b2":{"x":-450.9828664336277,"y":708.606359617218}},"30":{"from_node_id":"30","to_node_id":"26","b1":{"x":-438.5380254038448,"y":751.6660083185908},"b2":{"x":-374.17659124553336,"y":692.0979572161044}}}},"5":{"name":"rxn00248","bigg_id":"rxn00248","reversibility":false,"label_x":-129.8562139822667,"label_y":1117.6463914401675,"gene_reaction_rule":"","genes":[],"metabolites":[{"bigg_id":"cpd00003","coefficient":-1},{"bigg_id":"cpd00130","coefficient":-1},{"bigg_id":"cpd00004","coefficient":1},{"bigg_id":"cpd00032","coefficient":1},{"bigg_id":"cpd00067","coefficient":1}],"segments":{"31":{"from_node_id":"36","to_node_id":"37","b1":null,"b2":null},"32":{"from_node_id":"38","to_node_id":"37","b1":null,"b2":null},"33":{"from_node_id":"36","to_node_id":"39","b1":{"x":-110.80057280795029,"y":1080.824492026105},"b2":{"x":-143.9339727713292,"y":1072.9058518893862}},"34":{"from_node_id":"36","to_node_id":"32","b1":{"x":-240.6576284720128,"y":1080.824492026105},"b2":{"x":-260.55725615755966,"y":1067.7179246432925}},"35":{"from_node_id":"38","to_node_id":"41","b1":{"x":17.19942719204971,"y":1080.824492026105},"b2":{"x":22.44942719204971,"y":1098.824492026105}},"36":{"from_node_id":"38","to_node_id":"20","b1":{"x":13.199427192049711,"y":1080.824492026105},"b2":{"x":147.5402703927333,"y":1079.18997054173}},"37":{"from_node_id":"38","to_node_id":"42","b1":{"x":17.19942719204971,"y":1080.824492026105},"b2":{"x":22.44942719204971,"y":1062.824492026105}}}}},"nodes":{"0":{"node_type":"metabolite","x":745.2163679010881,"y":1008.7145613172463,"bigg_id":"cpd00137","name":"Citrate","label_x":786.0537950403703,"label_y":1011.3541487195903,"node_is_primary":true},"1":{"node_type":"multimarker","x":781.5752116331419,"y":854.6017216296982},"2":{"node_type":"midmarker","x":781.4124803990917,"y":834.602383677018},"3":{"node_type":"multimarker","x":781.2497491650423,"y":814.6030457243389},"4":{"node_type":"metabolite","x":860.5554932310458,"y":728.9549344892536,"bigg_id":"cpd00001","name":"H2O","label_x":880.9406861021396,"label_y":735.1987699384722,"node_is_primary":false},"5":{"node_type":"metabolite","x":693.8194530999239,"y":643.901120910766,"bigg_id":"cpd00331","name":"cis-Aconitate","label_x":718.8194530999239,"label_y":643.901120910766,"node_is_primary":true},"6":{"node_type":"metabolite","x":224.04486061244563,"y":582.5161575567985,"bigg_id":"cpd02812","name":"D-erythro-Isocitric acid","label_x":114.42642189174256,"label_y":553.4808182013297,"node_is_primary":true},"7":{"node_type":"multimarker","x":448.05096140270416,"y":583.0028116737286},"8":{"node_type":"midmarker","x":468.0500928066323,"y":583.1892066533325},"9":{"node_type":"multimarker","x":488.0492242105595,"y":583.3756016329365},"10":{"node_type":"metabolite","x":603.97487951665,"y":484.67303393930774,"bigg_id":"cpd00001","name":"H2O","label_x":629.6816666260253,"label_y":487.5322563514171,"node_is_primary":false},"12":{"node_type":"metabolite","x":611.4389964512582,"y":1160.5555783424938,"bigg_id":"cpd00010","name":"CoA","label_x":636.4389964512582,"label_y":1160.5555783424938,"node_is_primary":false},"13":{"node_type":"multimarker","x":437.9771494339941,"y":1075.611574567093},"14":{"node_type":"midmarker","x":417.9790954589844,"y":1075.890567779541},"15":{"node_type":"multimarker","x":397.98104148397465,"y":1076.1695609919893},"16":{"node_type":"metabolite","x":547.8410162283604,"y":1159.697122048602,"bigg_id":"cpd00067","name":"H+","label_x":562.8410162283604,"label_y":1159.697122048602,"node_is_primary":false},"18":{"node_type":"metabolite","x":290.34908987161594,"y":1167.9058476543091,"bigg_id":"cpd00001","name":"H2O","label_x":305.34908987161594,"label_y":1167.9058476543091,"node_is_primary":false},"19":{"node_type":"metabolite","x":213.9607609339958,"y":1175.9960650290882,"bigg_id":"cpd00022","name":"Acetyl-CoA","label_x":141.29642377579268,"label_y":1218.2293413962757,"node_is_primary":false},"20":{"node_type":"metabolite","x":206.2902703927333,"y":1079.18997054173,"bigg_id":"cpd00032","name":"Oxaloacetate","label_x":134.2902703927333,"label_y":1051.1192918307925,"node_is_primary":true},"22":{"node_type":"multimarker","x":-13.087317122960258,"y":587.5400242946968},"23":{"node_type":"midmarker","x":-33.08436741369201,"y":587.8835059826043},"24":{"node_type":"multimarker","x":-53.08141770442501,"y":588.2269876705117},"25":{"node_type":"metabolite","x":-229.78325717611813,"y":495.59714125200105,"bigg_id":"cpd00036","name":"Succinate","label_x":-204.78325717611813,"label_y":495.59714125200105,"node_is_primary":true},"26":{"node_type":"metabolite","x":-322.5412368774414,"y":662.7323608398438,"bigg_id":"cpd00040","name":"Glyoxalate","label_x":-342.6204605102539,"label_y":707.0552978515625,"node_is_primary":true},"27":{"node_type":"metabolite","x":-519.8909736398365,"y":990.7372269591694,"bigg_id":"cpd00010","name":"CoA","label_x":-494.8909736398365,"label_y":990.7372269591694,"node_is_primary":false},"28":{"node_type":"multimarker","x":-435.624135761301,"y":837.6166293003561},"29":{"node_type":"midmarker","x":-436.30178451538086,"y":817.6281127929688},"30":{"node_type":"multimarker","x":-436.97943326946074,"y":797.6395962855814},"31":{"node_type":"metabolite","x":-512.6981945860095,"y":925.2784194730723,"bigg_id":"cpd00067","name":"H+","label_x":-560.3611889707752,"label_y":928.859168984791,"node_is_primary":false},"32":{"node_type":"metabolite","x":-345.89614162847374,"y":1039.3123075654316,"bigg_id":"cpd00130","name":"L-Malate","label_x":-457.48980007573937,"label_y":1050.8352567841816,"node_is_primary":true},"33":{"node_type":"metabolite","x":-519.8135065038505,"y":715.398996145506,"bigg_id":"cpd00001","name":"H2O","label_x":-580.0091241796318,"label_y":724.3508394072247,"node_is_primary":false},"34":{"node_type":"metabolite","x":-492.3616432424876,"y":637.3574996033301,"bigg_id":"cpd00022","name":"Acetyl-CoA","label_x":-621.3335975881907,"label_y":640.9382491150488,"node_is_primary":false},"36":{"node_type":"multimarker","x":-68.80057280795029,"y":1080.824492026105},"37":{"node_type":"midmarker","x":-48.80057280795029,"y":1080.824492026105},"38":{"node_type":"multimarker","x":-28.80057280795029,"y":1080.824492026105},"39":{"node_type":"metabolite","x":-178.92777770296982,"y":998.9977097995425,"bigg_id":"cpd00003","name":"NAD","label_x":-222.1277777029698,"label_y":1038.9977097995425,"node_is_primary":false},"41":{"node_type":"metabolite","x":56.19942719204971,"y":1160.824492026105,"bigg_id":"cpd00004","name":"NADH","label_x":12.999427192049723,"label_y":1200.824492026105,"node_is_primary":false},"42":{"node_type":"metabolite","x":56.19942719204971,"y":1000.824492026105,"bigg_id":"cpd00067","name":"H+","label_x":12.999427192049723,"label_y":980.824492026105,"node_is_primary":false}},"text_labels":{"0":{"x":-32.992332458496094,"y":361.5716857910156,"text":"Glyoxalate Bypass"}},"canvas":{"x":-748,"y":224.27304077148438,"width":1845.18017578125,"height":1101.8518371582031}}]