[{"map_name": "new_map", "map_id": "lK9XbUCJgVWy", "map_description": "", "homepage": "https://escher.github.io", "schema": "https://escher.github.io/escher/jsonschema/1-0-0#"}, {"reactions": {"5": {"name": "rxn00867", "bigg_id": "rxn00867", "reversibility": false, "label_x": -187.9765167236328, "label_y": -366.1502685546875, "gene_reaction_rule": "", "genes": [], "metabolites": [{"bigg_id": "cpd00119", "coefficient": -1}, {"bigg_id": "cpd00013", "coefficient": 1}, {"bigg_id": "cpd00581", "coefficient": 1}], "segments": {"28": {"from_node_id": "34", "to_node_id": "35", "b1": null, "b2": null}, "29": {"from_node_id": "36", "to_node_id": "35", "b1": null, "b2": null}, "30": {"from_node_id": "34", "to_node_id": "33", "b1": {"x": -202.9765167236328, "y": -438.1502685546875}, "b2": {"x": -202.9765167236328, "y": -492.4002685546875}}, "31": {"from_node_id": "36", "to_node_id": "37", "b1": {"x": -202.9765167236328, "y": -310.1502685546875}, "b2": {"x": -220.9765167236328, "y": -304.9002685546875}}, "32": {"from_node_id": "36", "to_node_id": "38", "b1": {"x": -202.9765167236328, "y": -314.1502685546875}, "b2": {"x": -202.9765167236328, "y": -259.9002685546875}}}}, "6": {"name": "rxn01639", "bigg_id": "rxn01639", "reversibility": false, "label_x": -36.58823278572473, "label_y": 656.8318207140882, "gene_reaction_rule": "", "genes": [], "metabolites": [{"bigg_id": "cpd00001", "coefficient": -1}, {"bigg_id": "cpd00344", "coefficient": -1}, {"bigg_id": "cpd00023", "coefficient": 1}, {"bigg_id": "cpd00378", "coefficient": 1}], "segments": {"33": {"from_node_id": "40", "to_node_id": "41", "b1": null, "b2": null}, "34": {"from_node_id": "42", "to_node_id": "41", "b1": null, "b2": null}, "35": {"from_node_id": "40", "to_node_id": "39", "b1": {"x": -78.32099434512317, "y": 620.9739687922018}, "b2": {"x": -92.00168780061648, "y": 617.1189732400431}}, "36": {"from_node_id": "40", "to_node_id": "62", "b1": {"x": -81.12363114908283, "y": 618.1199843940158}, "b2": {"x": -151.56452038344594, "y": 552.4295871368906}}, "37": {"from_node_id": "42", "to_node_id": "44", "b1": {"x": 8.56074657762889, "y": 709.4474851359748}, "b2": {"x": 111.7331369544774, "y": 825.0119483410624}}, "38": {"from_node_id": "42", "to_node_id": "45", "b1": {"x": 11.36338338158886, "y": 712.3014695341606}, "b2": {"x": 25.59026514110257, "y": 728.6591896745989}}}}, "8": {"name": "rxn02085", "bigg_id": "rxn02085", "reversibility": false, "label_x": -187.9765167236328, "label_y": -16.1502685546875, "gene_reaction_rule": "", "genes": [], "metabolites": [{"bigg_id": "cpd02311", "coefficient": -1}, {"bigg_id": "cpd00001", "coefficient": 1}, {"bigg_id": "cpd00581", "coefficient": 1}], "segments": {"45": {"from_node_id": "53", "to_node_id": "54", "b1": null, "b2": null}, "46": {"from_node_id": "55", "to_node_id": "54", "b1": null, "b2": null}, "47": {"from_node_id": "53", "to_node_id": "56", "b1": {"x": -202.9765167236328, "y": 35.8497314453125}, "b2": {"x": -202.9765167236328, "y": 90.0997314453125}}, "48": {"from_node_id": "55", "to_node_id": "57", "b1": {"x": -202.9765167236328, "y": -92.1502685546875}, "b2": {"x": -220.9765167236328, "y": -97.4002685546875}}, "49": {"from_node_id": "55", "to_node_id": "38", "b1": {"x": -202.9765167236328, "y": -88.1502685546875}, "b2": {"x": -202.9765167236328, "y": -142.4002685546875}}}}, "9": {"name": "rxn01642", "bigg_id": "rxn01642", "reversibility": false, "label_x": -187.9765167236328, "label_y": 333.8497314453125, "gene_reaction_rule": "", "genes": [], "metabolites": [{"bigg_id": "cpd00001", "coefficient": -1}, {"bigg_id": "cpd02311", "coefficient": -1}, {"bigg_id": "cpd00344", "coefficient": 1}], "segments": {"50": {"from_node_id": "58", "to_node_id": "59", "b1": null, "b2": null}, "51": {"from_node_id": "60", "to_node_id": "59", "b1": null, "b2": null}, "52": {"from_node_id": "58", "to_node_id": "61", "b1": {"x": -202.9765167236328, "y": 257.8497314453125}, "b2": {"x": -220.9765167236328, "y": 252.5997314453125}}, "53": {"from_node_id": "58", "to_node_id": "56", "b1": {"x": -202.9765167236328, "y": 261.8497314453125}, "b2": {"x": -202.9765167236328, "y": 207.5997314453125}}, "54": {"from_node_id": "60", "to_node_id": "62", "b1": {"x": -202.9765167236328, "y": 385.8497314453125}, "b2": {"x": -202.9765167236328, "y": 440.0997314453125}}}}, "10": {"name": "rxn01641", "bigg_id": "rxn01641", "reversibility": false, "label_x": -341.69110107421875, "label_y": 687.1913452148438, "gene_reaction_rule": "", "genes": [], "metabolites": [{"bigg_id": "cpd00023", "coefficient": -1}, {"bigg_id": "cpd00502", "coefficient": -1}, {"bigg_id": "cpd00087", "coefficient": 1}, {"bigg_id": "cpd00344", "coefficient": 1}], "segments": {"55": {"from_node_id": "63", "to_node_id": "64", "b1": null, "b2": null}, "56": {"from_node_id": "65", "to_node_id": "64", "b1": null, "b2": null}, "57": {"from_node_id": "63", "to_node_id": "44", "b1": {"x": -202.9765167236328, "y": 739.8497314453125}, "b2": {"x": 77.66041769400098, "y": 861.0034294761555}}, "58": {"from_node_id": "63", "to_node_id": "67", "b1": {"x": -202.9765167236328, "y": 735.8497314453125}, "b2": {"x": -202.9765167236328, "y": 790.0997314453125}}, "59": {"from_node_id": "65", "to_node_id": "68", "b1": {"x": -202.9765167236328, "y": 607.8497314453125}, "b2": {"x": -220.9765167236328, "y": 602.5997314453125}}, "60": {"from_node_id": "65", "to_node_id": "62", "b1": {"x": -202.9765167236328, "y": 611.8497314453125}, "b2": {"x": -202.9765167236328, "y": 557.5997314453125}}}}, "11": {"name": "rxn01640", "bigg_id": "rxn01640", "reversibility": false, "label_x": -77.97651672363281, "label_y": 458.8497314453125, "gene_reaction_rule": "", "genes": [], "metabolites": [{"bigg_id": "cpd00001", "coefficient": -1}, {"bigg_id": "cpd00344", "coefficient": -1}, {"bigg_id": "cpd00013", "coefficient": 1}, {"bigg_id": "cpd00770", "coefficient": 1}], "segments": {"61": {"from_node_id": "69", "to_node_id": "70", "b1": null, "b2": null}, "62": {"from_node_id": "71", "to_node_id": "70", "b1": null, "b2": null}, "63": {"from_node_id": "69", "to_node_id": "72", "b1": {"x": -93.97651672363281, "y": 498.8497314453125}, "b2": {"x": -131.50418447186604, "y": 497.1098205783292}}, "64": {"from_node_id": "69", "to_node_id": "62", "b1": {"x": -89.97651672363281, "y": 498.8497314453125}, "b2": {"x": -144.2265167236328, "y": 498.8497314453125}}, "65": {"from_node_id": "71", "to_node_id": "73", "b1": {"x": 38.02348327636719, "y": 498.8497314453125}, "b2": {"x": 72.74693431546314, "y": 489.3763953682628}}, "66": {"from_node_id": "71", "to_node_id": "74", "b1": {"x": 34.02348327636719, "y": 498.8497314453125}, "b2": {"x": 88.27348327636719, "y": 498.8497314453125}}}}, "12": {"name": "rxn01654", "bigg_id": "rxn01654", "reversibility": false, "label_x": -187.9765167236328, "label_y": 1033.8497314453125, "gene_reaction_rule": "", "genes": [], "metabolites": [{"bigg_id": "cpd00067", "coefficient": -2}, {"bigg_id": "cpd00502", "coefficient": -1}, {"bigg_id": "cpd00013", "coefficient": 1}, {"bigg_id": "cpd00347", "coefficient": 1}], "segments": {"67": {"from_node_id": "75", "to_node_id": "76", "b1": null, "b2": null}, "68": {"from_node_id": "77", "to_node_id": "76", "b1": null, "b2": null}, "69": {"from_node_id": "75", "to_node_id": "78", "b1": {"x": -202.9765167236328, "y": 957.8497314453125}, "b2": {"x": -220.9765167236328, "y": 952.5997314453125}}, "70": {"from_node_id": "75", "to_node_id": "67", "b1": {"x": -202.9765167236328, "y": 961.8497314453125}, "b2": {"x": -202.9765167236328, "y": 907.5997314453125}}, "71": {"from_node_id": "77", "to_node_id": "79", "b1": {"x": -202.97651672363278, "y": 1089.8497314453125}, "b2": {"x": -220.9765167236328, "y": 1095.0997314453125}}, "72": {"from_node_id": "77", "to_node_id": "80", "b1": {"x": -202.97651672363278, "y": 1085.8497314453125}, "b2": {"x": -202.9765167236328, "y": 1140.0997314453125}}}}, "13": {"name": "rxn00375", "bigg_id": "rxn00375", "reversibility": false, "label_x": 162.0234832763672, "label_y": 683.8497314453125, "gene_reaction_rule": "", "genes": [], "metabolites": [{"bigg_id": "cpd00001", "coefficient": -1}, {"bigg_id": "cpd00770", "coefficient": -1}, {"bigg_id": "cpd00023", "coefficient": 1}, {"bigg_id": "cpd00047", "coefficient": 1}], "segments": {"73": {"from_node_id": "81", "to_node_id": "82", "b1": null, "b2": null}, "74": {"from_node_id": "83", "to_node_id": "82", "b1": null, "b2": null}, "75": {"from_node_id": "81", "to_node_id": "84", "b1": {"x": 147.0234832763672, "y": 607.8497314453125}, "b2": {"x": 143.66634026547234, "y": 584.2150728081335}}, "76": {"from_node_id": "81", "to_node_id": "74", "b1": {"x": 147.0234832763672, "y": 611.8497314453125}, "b2": {"x": 147.0234832763672, "y": 557.5997314453125}}, "77": {"from_node_id": "83", "to_node_id": "44", "b1": {"x": 147.02348327636722, "y": 735.8497314453125}, "b2": {"x": 145.35267639160156, "y": 796.7830200195312}}, "78": {"from_node_id": "83", "to_node_id": "86", "b1": {"x": 147.02348327636722, "y": 739.8497314453125}, "b2": {"x": 155.20518564389386, "y": 752.233492961595}}}}}, "nodes": {"33": {"node_type": "metabolite", "x": -202.9765167236328, "y": -551.1502685546875, "bigg_id": "cpd00119", "name": "L-Histidine", "label_x": -177.9765167236328, "label_y": -551.1502685546875, "node_is_primary": true}, "34": {"node_type": "multimarker", "x": -202.9765167236328, "y": -396.1502685546875}, "35": {"node_type": "midmarker", "x": -202.9765167236328, "y": -376.1502685546875}, "36": {"node_type": "multimarker", "x": -202.9765167236328, "y": -356.1502685546875}, "37": {"node_type": "metabolite", "x": -282.9765167236328, "y": -271.1502685546875, "bigg_id": "cpd00013", "name": "NH3", "label_x": -354.9765167236328, "label_y": -241.1502685546875, "node_is_primary": false}, "38": {"node_type": "metabolite", "x": -202.9765167236328, "y": -201.1502685546875, "bigg_id": "cpd00581", "name": "Urocanate", "label_x": -177.9765167236328, "label_y": -201.1502685546875, "node_is_primary": true}, "39": {"node_type": "metabolite", "x": -144.50942086305673, "y": 643.4723500377808, "bigg_id": "cpd00001", "name": "H2O", "label_x": -166.2921051892286, "label_y": 680.2301930553589, "node_is_primary": false}, "40": {"node_type": "multimarker", "x": -48.893307903545825, "y": 650.9408049731572}, "41": {"node_type": "midmarker", "x": -34.880123883747075, "y": 665.2107269640882}, "42": {"node_type": "multimarker", "x": -20.866939863948215, "y": 679.4806489550193}, "44": {"node_type": "metabolite", "x": 152.89686501263623, "y": 866.9298441894224, "bigg_id": "cpd00023", "name": "L-Glutamate", "label_x": 177.89686501263623, "label_y": 866.9298441894224, "node_is_primary": true}, "45": {"node_type": "metabolite", "x": 5.000755002626477, "y": 796.1805534956715, "bigg_id": "cpd00378", "name": "Formamide", "label_x": -70.34086639629925, "label_y": 777.7270012495777, "node_is_primary": false}, "53": {"node_type": "multimarker", "x": -202.9765167236328, "y": -6.1502685546875}, "54": {"node_type": "midmarker", "x": -202.9765167236328, "y": -26.1502685546875}, "55": {"node_type": "multimarker", "x": -202.9765167236328, "y": -46.1502685546875}, "56": {"node_type": "metabolite", "x": -202.9765167236328, "y": 148.8497314453125, "bigg_id": "cpd02311", "name": "4-Imidazolone-5-propanoate", "label_x": -177.9765167236328, "label_y": 148.8497314453125, "node_is_primary": true}, "57": {"node_type": "metabolite", "x": -282.9765167236328, "y": -131.1502685546875, "bigg_id": "cpd00001", "name": "H2O", "label_x": -343.2808380126953, "label_y": -111.17513275146484, "node_is_primary": false}, "58": {"node_type": "multimarker", "x": -202.9765167236328, "y": 303.8497314453125}, "59": {"node_type": "midmarker", "x": -202.9765167236328, "y": 323.8497314453125}, "60": {"node_type": "multimarker", "x": -202.9765167236328, "y": 343.8497314453125}, "61": {"node_type": "metabolite", "x": -282.9765167236328, "y": 218.8497314453125, "bigg_id": "cpd00001", "name": "H2O", "label_x": -349.96409606933594, "label_y": 222.11676025390625, "node_is_primary": false}, "62": {"node_type": "metabolite", "x": -202.9765167236328, "y": 498.8497314453125, "bigg_id": "cpd00344", "name": "N-Formimino-L-glutamate", "label_x": -471.1170120239258, "label_y": 491.0244445800781, "node_is_primary": true}, "63": {"node_type": "multimarker", "x": -202.9765167236328, "y": 693.8497314453125}, "64": {"node_type": "midmarker", "x": -202.9765167236328, "y": 673.8497314453125}, "65": {"node_type": "multimarker", "x": -202.9765167236328, "y": 653.8497314453125}, "67": {"node_type": "metabolite", "x": -202.9765167236328, "y": 848.8497314453125, "bigg_id": "cpd00502", "name": "5-Formiminotetrahydrofolate", "label_x": -503.7846145629883, "label_y": 852.1913452148438, "node_is_primary": true}, "68": {"node_type": "metabolite", "x": -282.9765167236328, "y": 568.8497314453125, "bigg_id": "cpd00087", "name": "Tetrahydrofolate", "label_x": -401.7592315673828, "label_y": 547.0545654296875, "node_is_primary": false}, "69": {"node_type": "multimarker", "x": -47.97651672363281, "y": 498.8497314453125}, "70": {"node_type": "midmarker", "x": -27.976516723632812, "y": 498.8497314453125}, "71": {"node_type": "multimarker", "x": -7.9765167236328125, "y": 498.8497314453125}, "72": {"node_type": "metabolite", "x": -148.01380920410156, "y": 428.4767761230469, "bigg_id": "cpd00001", "name": "H2O", "label_x": -167.82245178222655, "label_y": 406.65679931640625, "node_is_primary": false}, "73": {"node_type": "metabolite", "x": 105.4272689819336, "y": 426.80596923828125, "bigg_id": "cpd00013", "name": "NH3", "label_x": 88.96023254394532, "label_y": 404.9859619140625, "node_is_primary": false}, "74": {"node_type": "metabolite", "x": 147.0234832763672, "y": 498.8497314453125, "bigg_id": "cpd00770", "name": "N-Formyl-L-glutamate", "label_x": 132.22726135253907, "label_y": 468.6756591796875, "node_is_primary": true}, "75": {"node_type": "multimarker", "x": -202.9765167236328, "y": 1003.8497314453125}, "76": {"node_type": "midmarker", "x": -202.9765167236328, "y": 1023.8497314453125}, "77": {"node_type": "multimarker", "x": -202.9765167236328, "y": 1043.8497314453125}, "78": {"node_type": "metabolite", "x": -282.9765167236328, "y": 918.8497314453125, "bigg_id": "cpd00067", "name": "H+", "label_x": -354.9765167236328, "label_y": 948.8497314453125, "node_is_primary": false}, "79": {"node_type": "metabolite", "x": -282.9765167236328, "y": 1128.8497314453125, "bigg_id": "cpd00013", "name": "NH3", "label_x": -354.9765167236328, "label_y": 1158.8497314453125, "node_is_primary": false}, "80": {"node_type": "metabolite", "x": -202.9765167236328, "y": 1198.8497314453125, "bigg_id": "cpd00347", "name": "5-10-Methenyltetrahydrofolate", "label_x": -177.9765167236328, "label_y": 1198.8497314453125, "node_is_primary": true}, "81": {"node_type": "multimarker", "x": 147.0234832763672, "y": 653.8497314453125}, "82": {"node_type": "midmarker", "x": 147.0234832763672, "y": 673.8497314453125}, "83": {"node_type": "multimarker", "x": 147.0234832763672, "y": 693.8497314453125}, "84": {"node_type": "metabolite", "x": 214.05484008789062, "y": 578.87451171875, "bigg_id": "cpd00001", "name": "H2O", "label_x": 235.6202392578125, "label_y": 585.483154296875, "node_is_primary": false}, "86": {"node_type": "metabolite", "x": 222.40889739990234, "y": 773.8372802734375, "bigg_id": "cpd00047", "name": "Formate", "label_x": 195.52079010009766, "label_y": 802.1664428710938, "node_is_primary": false}}, "text_labels": {"0": {"x": -339.77421283721924, "y": -721.0606689453125, "text": "Histidine Degradation"}}, "canvas": {"x": -620.7540283203125, "y": -957.7973022460938, "width": 1106.4540100097656, "height": 2394.0000610351562}}]