[{"map_name": "new_map", "map_id": "RvEWmcj5Ptzr", "map_description": "", "homepage": "https://escher.github.io", "schema": "https://escher.github.io/escher/jsonschema/1-0-0#"}, {"reactions": {"2": {"name": "rxn03175", "bigg_id": "rxn03175", "reversibility": false, "label_x": -189.33867645263672, "label_y": 47.558204650878906, "gene_reaction_rule": "", "genes": [], "metabolites": [{"bigg_id": "cpd02979", "coefficient": -1}, {"bigg_id": "cpd02991", "coefficient": 1}], "segments": {"14": {"from_node_id": "17", "to_node_id": "18", "b1": null, "b2": null}, "15": {"from_node_id": "19", "to_node_id": "18", "b1": null, "b2": null}, "16": {"from_node_id": "17", "to_node_id": "48", "b1": {"x": -204.33867645263672, "y": -24.441795349121094}, "b2": {"x": -204.33867645263672, "y": -74.2702865600586}}, "17": {"from_node_id": "19", "to_node_id": "20", "b1": {"x": -204.33867645263672, "y": 99.5582046508789}, "b2": {"x": -204.33867645263672, "y": 153.8082046508789}}}}, "6": {"name": "rxn02835", "bigg_id": "rxn02835", "reversibility": false, "label_x": -187.59066009521484, "label_y": -298.3186569213867, "gene_reaction_rule": "", "genes": [], "metabolites": [{"bigg_id": "cpd00001", "coefficient": -1}, {"bigg_id": "cpd01777", "coefficient": -1}, {"bigg_id": "cpd02979", "coefficient": 1}], "segments": {"37": {"from_node_id": "44", "to_node_id": "45", "b1": null, "b2": null}, "38": {"from_node_id": "46", "to_node_id": "45", "b1": null, "b2": null}, "39": {"from_node_id": "44", "to_node_id": "43", "b1": {"x": -202.59066009521484, "y": -370.3186569213867}, "b2": {"x": -242.684118371154, "y": -399.0809996404489}}, "40": {"from_node_id": "44", "to_node_id": "47", "b1": {"x": -202.59066009521484, "y": -374.3186569213867}, "b2": {"x": -200.13389234931697, "y": -424.52852191508714}}, "41": {"from_node_id": "46", "to_node_id": "48", "b1": {"x": -202.59066009521484, "y": -246.31865692138672}, "b2": {"x": -202.59066009521484, "y": -192.06865692138672}}}}, "8": {"name": "rxn00859", "bigg_id": "rxn00859", "reversibility": false, "label_x": -193.19703674316406, "label_y": 1842.7505493164062, "gene_reaction_rule": "", "genes": [], "metabolites": [{"bigg_id": "cpd00001", "coefficient": -1}, {"bigg_id": "cpd00003", "coefficient": -2}, {"bigg_id": "cpd00641", "coefficient": -1}, {"bigg_id": "cpd00004", "coefficient": 2}, {"bigg_id": "cpd00067", "coefficient": 3}, {"bigg_id": "cpd00119", "coefficient": 1}], "segments": {"48": {"from_node_id": "57", "to_node_id": "58", "b1": null, "b2": null}, "49": {"from_node_id": "59", "to_node_id": "58", "b1": null, "b2": null}, "50": {"from_node_id": "57", "to_node_id": "56", "b1": {"x": -208.19703674316406, "y": 1770.7505493164062}, "b2": {"x": -209.19686985582308, "y": 1762.2592228681885}}, "51": {"from_node_id": "57", "to_node_id": "60", "b1": {"x": -208.19703674316406, "y": 1766.7505493164062}, "b2": {"x": -190.19703674316406, "y": 1761.5005493164062}}, "52": {"from_node_id": "57", "to_node_id": "61", "b1": {"x": -208.19703674316406, "y": 1766.7505493164062}, "b2": {"x": -208.1679075716042, "y": 1728.411581074089}}, "53": {"from_node_id": "59", "to_node_id": "62", "b1": {"x": -208.19703674316406, "y": 1894.7505493164062}, "b2": {"x": -117.82005015671454, "y": 1926.3419255119125}}, "54": {"from_node_id": "59", "to_node_id": "63", "b1": {"x": -208.19703674316406, "y": 1898.7505493164062}, "b2": {"x": -193.30484008789062, "y": 1944.4020385742188}}, "55": {"from_node_id": "59", "to_node_id": "64", "b1": {"x": -208.19703674316406, "y": 1898.7505493164062}, "b2": {"x": -207.7346457217996, "y": 1949.5708111117874}}}}, "11": {"name": "rxn02159", "bigg_id": "rxn02159", "reversibility": false, "label_x": -464.04676986615345, "label_y": 1696.025842524936, "gene_reaction_rule": "", "genes": [], "metabolites": [{"bigg_id": "cpd00003", "coefficient": -1}, {"bigg_id": "cpd00641", "coefficient": -1}, {"bigg_id": "cpd00004", "coefficient": 1}, {"bigg_id": "cpd00067", "coefficient": 1}, {"bigg_id": "cpd01324", "coefficient": 1}], "segments": {"71": {"from_node_id": "82", "to_node_id": "83", "b1": null, "b2": null}, "72": {"from_node_id": "84", "to_node_id": "83", "b1": null, "b2": null}, "73": {"from_node_id": "82", "to_node_id": "85", "b1": {"x": -320.952072961318, "y": 1708.5499192657164}, "b2": {"x": -326.12574922091426, "y": 1690.5278335384507}}, "74": {"from_node_id": "82", "to_node_id": "61", "b1": {"x": -324.3339551896887, "y": 1710.6860074177903}, "b2": {"x": -266.1440887451172, "y": 1657.8250122070312}}, "75": {"from_node_id": "84", "to_node_id": "86", "b1": {"x": -429.17230426918053, "y": 1776.9047401320809}, "b2": {"x": -452.54882785164716, "y": 1757.0989782808588}}, "76": {"from_node_id": "84", "to_node_id": "87", "b1": {"x": -432.5541864975512, "y": 1779.0408282841543}, "b2": {"x": -453.9198400054722, "y": 1783.160895383865}}, "77": {"from_node_id": "84", "to_node_id": "88", "b1": {"x": -432.5541864975512, "y": 1779.0408282841543}, "b2": {"x": -462.17847765404576, "y": 1798.10805545113}}}}, "12": {"name": "rxn00863", "bigg_id": "rxn00863", "reversibility": false, "label_x": -487.647268924423, "label_y": 1983.4327796636114, "gene_reaction_rule": "", "genes": [], "metabolites": [{"bigg_id": "cpd00001", "coefficient": -1}, {"bigg_id": "cpd00003", "coefficient": -1}, {"bigg_id": "cpd01324", "coefficient": -1}, {"bigg_id": "cpd00004", "coefficient": 1}, {"bigg_id": "cpd00067", "coefficient": 2}, {"bigg_id": "cpd00119", "coefficient": 1}], "segments": {"78": {"from_node_id": "89", "to_node_id": "90", "b1": null, "b2": null}, "79": {"from_node_id": "91", "to_node_id": "90", "b1": null, "b2": null}, "80": {"from_node_id": "89", "to_node_id": "92", "b1": {"x": -440.09912249510944, "y": 1908.5660685198986}, "b2": {"x": -432.3302088745793, "y": 1916.6462275017066}}, "81": {"from_node_id": "89", "to_node_id": "93", "b1": {"x": -440.09912249510944, "y": 1908.5660685198986}, "b2": {"x": -452.83973963780466, "y": 1922.322491558729}}, "82": {"from_node_id": "89", "to_node_id": "88", "b1": {"x": -436.5207675260999, "y": 1910.3536299078698}, "b2": {"x": -521.5912862829555, "y": 1894.9786623563798}}, "83": {"from_node_id": "91", "to_node_id": "94", "b1": {"x": -325.5917634868079, "y": 1965.768032934979}, "b2": {"x": -323.4459269506347, "y": 2000.1940931593203}}, "84": {"from_node_id": "91", "to_node_id": "95", "b1": {"x": -322.01340851779923, "y": 1967.555594322951}, "b2": {"x": -363.46406720709876, "y": 2033.0950399752146}}, "85": {"from_node_id": "91", "to_node_id": "64", "b1": {"x": -322.01340851779923, "y": 1967.555594322951}, "b2": {"x": -273.25835772621883, "y": 1986.4640296881103}}}}, "13": {"name": "rxn02160", "bigg_id": "rxn02160", "reversibility": false, "label_x": -192.3940887451172, "label_y": 1492.8250122070312, "gene_reaction_rule": "", "genes": [], "metabolites": [{"bigg_id": "cpd00001", "coefficient": -1}, {"bigg_id": "cpd00807", "coefficient": -1}, {"bigg_id": "cpd00009", "coefficient": 1}, {"bigg_id": "cpd00641", "coefficient": 1}], "segments": {"86": {"from_node_id": "97", "to_node_id": "98", "b1": null, "b2": null}, "87": {"from_node_id": "99", "to_node_id": "98", "b1": null, "b2": null}, "88": {"from_node_id": "97", "to_node_id": "100", "b1": {"x": -207.39408874511716, "y": 1416.8250122070312}, "b2": {"x": -189.3940887451172, "y": 1411.5750122070312}}, "89": {"from_node_id": "97", "to_node_id": "101", "b1": {"x": -207.39408874511716, "y": 1420.8250122070312}, "b2": {"x": -207.3940887451172, "y": 1366.5750122070312}}, "90": {"from_node_id": "99", "to_node_id": "102", "b1": {"x": -207.3940887451172, "y": 1548.8250122070312}, "b2": {"x": -189.3940887451172, "y": 1554.0750122070312}}, "91": {"from_node_id": "99", "to_node_id": "61", "b1": {"x": -207.3940887451172, "y": 1544.8250122070312}, "b2": {"x": -207.3940887451172, "y": 1599.0750122070312}}}}, "15": {"name": "rxn03135", "bigg_id": "rxn03135", "reversibility": false, "label_x": -189.33867645263672, "label_y": 397.5582046508789, "gene_reaction_rule": "", "genes": [], "metabolites": [{"bigg_id": "cpd00023", "coefficient": -1}, {"bigg_id": "cpd00067", "coefficient": -1}, {"bigg_id": "cpd02843", "coefficient": -1}, {"bigg_id": "cpd02851", "coefficient": -1}, {"bigg_id": "cpd00053", "coefficient": 1}, {"bigg_id": "cpd02991", "coefficient": 1}], "segments": {"100": {"from_node_id": "111", "to_node_id": "112", "b1": null, "b2": null}, "101": {"from_node_id": "113", "to_node_id": "112", "b1": null, "b2": null}, "102": {"from_node_id": "111", "to_node_id": "114", "b1": {"x": -204.33867645263672, "y": 453.5582046508789}, "b2": {"x": -223.78473764105388, "y": 461.5330847564808}}, "103": {"from_node_id": "111", "to_node_id": "115", "b1": {"x": -204.33867645263672, "y": 453.5582046508789}, "b2": {"x": -178.480069470104, "y": 485.3900231141532}}, "104": {"from_node_id": "111", "to_node_id": "149", "b1": {"x": -204.33867645263672, "y": 453.5582046508789}, "b2": {"x": -199.8076067976284, "y": 475.60772652359356}}, "105": {"from_node_id": "111", "to_node_id": "117", "b1": {"x": -204.33867645263672, "y": 449.5582046508789}, "b2": {"x": -119.96769050283694, "y": 477.8080581913848}}, "106": {"from_node_id": "113", "to_node_id": "118", "b1": {"x": -204.33867645263672, "y": 321.5582046508789}, "b2": {"x": -222.33867645263672, "y": 316.3082046508789}}, "107": {"from_node_id": "113", "to_node_id": "20", "b1": {"x": -204.33867645263672, "y": 325.5582046508789}, "b2": {"x": -204.33867645263672, "y": 271.3082046508789}}}}, "17": {"name": "rxn02834", "bigg_id": "rxn02834", "reversibility": false, "label_x": -185.79308319091797, "label_y": -660.1162543296814, "gene_reaction_rule": "", "genes": [], "metabolites": [{"bigg_id": "cpd00001", "coefficient": -1}, {"bigg_id": "cpd01775", "coefficient": -1}, {"bigg_id": "cpd00012", "coefficient": 1}, {"bigg_id": "cpd00067", "coefficient": 2}, {"bigg_id": "cpd01777", "coefficient": 1}], "segments": {"115": {"from_node_id": "126", "to_node_id": "127", "b1": null, "b2": null}, "116": {"from_node_id": "128", "to_node_id": "127", "b1": null, "b2": null}, "117": {"from_node_id": "126", "to_node_id": "129", "b1": {"x": -200.79308319091797, "y": -736.1162543296814}, "b2": {"x": -182.79308319091797, "y": -741.3662543296814}}, "118": {"from_node_id": "126", "to_node_id": "130", "b1": {"x": -200.79308319091797, "y": -732.1162543296814}, "b2": {"x": -200.79308319091797, "y": -786.3662543296814}}, "119": {"from_node_id": "128", "to_node_id": "131", "b1": {"x": -200.79308319091797, "y": -604.1162543296814}, "b2": {"x": -218.79308319091797, "y": -598.8662543296814}}, "120": {"from_node_id": "128", "to_node_id": "132", "b1": {"x": -200.79308319091797, "y": -604.1162543296814}, "b2": {"x": -182.79308319091797, "y": -598.8662543296814}}, "121": {"from_node_id": "128", "to_node_id": "47", "b1": {"x": -200.79308319091797, "y": -608.1162543296814}, "b2": {"x": -200.79308319091797, "y": -553.8662543296814}}}}, "18": {"name": "rxn00789", "bigg_id": "rxn00789", "reversibility": false, "label_x": -185.79308319091797, "label_y": -1010.1162543296814, "gene_reaction_rule": "", "genes": [], "metabolites": [{"bigg_id": "cpd00012", "coefficient": -1}, {"bigg_id": "cpd00067", "coefficient": -1}, {"bigg_id": "cpd01775", "coefficient": -1}, {"bigg_id": "cpd00002", "coefficient": 1}, {"bigg_id": "cpd00103", "coefficient": 1}], "segments": {"122": {"from_node_id": "133", "to_node_id": "134", "b1": null, "b2": null}, "123": {"from_node_id": "135", "to_node_id": "134", "b1": null, "b2": null}, "124": {"from_node_id": "133", "to_node_id": "136", "b1": {"x": -200.79308319091797, "y": -954.1162543296814}, "b2": {"x": -196.68560028076172, "y": -955.4985022544861}}, "125": {"from_node_id": "133", "to_node_id": "137", "b1": {"x": -200.79308319091797, "y": -954.1162543296814}, "b2": {"x": -182.79308319091797, "y": -948.8662543296814}}, "126": {"from_node_id": "133", "to_node_id": "130", "b1": {"x": -200.79308319091797, "y": -958.1162543296814}, "b2": {"x": -200.79308319091797, "y": -903.8662543296814}}, "127": {"from_node_id": "135", "to_node_id": "138", "b1": {"x": -200.79308319091797, "y": -1082.1162543296814}, "b2": {"x": -166.05478801517597, "y": -1101.8816310733819}}, "128": {"from_node_id": "135", "to_node_id": "139", "b1": {"x": -200.79308319091797, "y": -1086.1162543296814}, "b2": {"x": -198.12142689205393, "y": -1118.6732468950088}}}}, "19": {"name": "rxn02320", "bigg_id": "rxn02320", "reversibility": false, "label_x": -192.3940887451172, "label_y": 1142.8250122070312, "gene_reaction_rule": "", "genes": [], "metabolites": [{"bigg_id": "cpd00024", "coefficient": -1}, {"bigg_id": "cpd00807", "coefficient": -1}, {"bigg_id": "cpd00023", "coefficient": 1}, {"bigg_id": "cpd00930", "coefficient": 1}], "segments": {"129": {"from_node_id": "140", "to_node_id": "141", "b1": null, "b2": null}, "130": {"from_node_id": "142", "to_node_id": "141", "b1": null, "b2": null}, "131": {"from_node_id": "140", "to_node_id": "143", "b1": {"x": -207.3940887451172, "y": 1198.8250122070312}, "b2": {"x": -189.3940887451172, "y": 1204.0750122070312}}, "132": {"from_node_id": "140", "to_node_id": "101", "b1": {"x": -207.3940887451172, "y": 1194.8250122070312}, "b2": {"x": -207.3940887451172, "y": 1249.0750122070312}}, "133": {"from_node_id": "142", "to_node_id": "144", "b1": {"x": -207.39408874511716, "y": 1066.8250122070312}, "b2": {"x": -189.3940887451172, "y": 1061.5750122070312}}, "134": {"from_node_id": "142", "to_node_id": "145", "b1": {"x": -207.39408874511716, "y": 1070.8250122070312}, "b2": {"x": -207.3940887451172, "y": 1016.5750122070312}}}}, "20": {"name": "rxn02473", "bigg_id": "rxn02473", "reversibility": false, "label_x": -192.3940887451172, "label_y": 792.8250122070312, "gene_reaction_rule": "", "genes": [], "metabolites": [{"bigg_id": "cpd02843", "coefficient": -1}, {"bigg_id": "cpd00001", "coefficient": 1}, {"bigg_id": "cpd00930", "coefficient": 1}], "segments": {"135": {"from_node_id": "146", "to_node_id": "147", "b1": null, "b2": null}, "136": {"from_node_id": "148", "to_node_id": "147", "b1": null, "b2": null}, "137": {"from_node_id": "146", "to_node_id": "149", "b1": {"x": -207.39408874511716, "y": 720.8250122070312}, "b2": {"x": -207.3940887451172, "y": 666.5750122070312}}, "138": {"from_node_id": "148", "to_node_id": "150", "b1": {"x": -207.3940887451172, "y": 848.8250122070312}, "b2": {"x": -189.3940887451172, "y": 854.0750122070312}}, "139": {"from_node_id": "148", "to_node_id": "145", "b1": {"x": -207.3940887451172, "y": 844.8250122070312}, "b2": {"x": -207.3940887451172, "y": 899.0750122070312}}}}}, "nodes": {"17": {"node_type": "multimarker", "x": -204.33867645263672, "y": 17.558204650878906}, "18": {"node_type": "midmarker", "x": -204.33867645263672, "y": 37.558204650878906}, "19": {"node_type": "multimarker", "x": -204.33867645263672, "y": 57.558204650878906}, "20": {"node_type": "metabolite", "x": -204.33867645263672, "y": 212.5582046508789, "bigg_id": "cpd02991", "name": "phosphoribulosylformimino-AICAR-phosphate", "label_x": -179.33867645263672, "label_y": 212.5582046508789, "node_is_primary": true}, "43": {"node_type": "metabolite", "x": -299.86348724365234, "y": -412.57478618621826, "bigg_id": "cpd00001", "name": "H2O", "label_x": -327.92137908935547, "label_y": -432.4714984893799, "node_is_primary": false}, "44": {"node_type": "multimarker", "x": -202.59066009521484, "y": -328.3186569213867}, "45": {"node_type": "midmarker", "x": -202.59066009521484, "y": -308.3186569213867}, "46": {"node_type": "multimarker", "x": -202.59066009521484, "y": -288.3186569213867}, "47": {"node_type": "metabolite", "x": -200.79308319091797, "y": -495.1162543296814, "bigg_id": "cpd01777", "name": "Phosphoribosyl-AMP", "label_x": -272.79308319091797, "label_y": -465.1162543296814, "node_is_primary": true}, "48": {"node_type": "metabolite", "x": -202.59066009521484, "y": -133.31865692138672, "bigg_id": "cpd02979", "name": "phosphoribosylformiminoaicar-phosphate", "label_x": -177.59066009521484, "label_y": -133.31865692138672, "node_is_primary": true}, "56": {"node_type": "metabolite", "x": -264.4415283203125, "y": 1742.2694702148438, "bigg_id": "cpd00001", "name": "H2O", "label_x": -319.0283660888672, "label_y": 1784.2737426757812, "node_is_primary": false}, "57": {"node_type": "multimarker", "x": -208.19703674316406, "y": 1812.7505493164062}, "58": {"node_type": "midmarker", "x": -208.19703674316406, "y": 1832.7505493164062}, "59": {"node_type": "multimarker", "x": -208.19703674316406, "y": 1852.7505493164062}, "60": {"node_type": "metabolite", "x": -128.19703674316406, "y": 1727.7505493164062, "bigg_id": "cpd00003", "name": "NAD", "label_x": -113.19703674316406, "label_y": 1727.7505493164062, "node_is_primary": false}, "61": {"node_type": "metabolite", "x": -207.3940887451172, "y": 1657.8250122070312, "bigg_id": "cpd00641", "name": "L-Histidinol", "label_x": -189.2677230834961, "label_y": 1666.0703735351562, "node_is_primary": true}, "62": {"node_type": "metabolite", "x": -68.3458023071289, "y": 1958.0256958007812, "bigg_id": "cpd00004", "name": "NADH", "label_x": -40.23799419403076, "label_y": 1959.5795288085938, "node_is_primary": false}, "63": {"node_type": "metabolite", "x": -131.30484008789062, "y": 1978.1520385742188, "bigg_id": "cpd00067", "name": "H+", "label_x": -106.9814224243164, "label_y": 1995.2450561523438, "node_is_primary": false}, "64": {"node_type": "metabolite", "x": -210.50189208984375, "y": 2020.1073608398438, "bigg_id": "cpd00119", "name": "L-Histidine", "label_x": -282.50189208984375, "label_y": 2050.1073608398438, "node_is_primary": true}, "82": {"node_type": "multimarker", "x": -359.8437185875815, "y": 1733.1149330145668}, "83": {"node_type": "midmarker", "x": -376.7531297294347, "y": 1743.795373774936}, "84": {"node_type": "multimarker", "x": -393.66254087128846, "y": 1754.4758145353046}, "85": {"node_type": "metabolite", "x": -330.7004842761817, "y": 1620.0854152155823, "bigg_id": "cpd00003", "name": "NAD", "label_x": -373.9004842761817, "label_y": 1600.0854152155823, "node_is_primary": false}, "86": {"node_type": "metabolite", "x": -492.3535905825663, "y": 1713.8885239447243, "bigg_id": "cpd00004", "name": "NADH", "label_x": -551.0925920474103, "label_y": 1691.7323960150368, "node_is_primary": false}, "87": {"node_type": "metabolite", "x": -520.7016186885473, "y": 1760.2860940530384, "bigg_id": "cpd00067", "name": "H+", "label_x": -554.5781933955786, "label_y": 1752.1151956155384, "node_is_primary": false}, "88": {"node_type": "metabolite", "x": -521.5912862829555, "y": 1836.2286623563798, "bigg_id": "cpd01324", "name": "L-Histidinal", "label_x": -637.8247335485805, "label_y": 1823.9981936063798, "node_is_primary": true}, "89": {"node_type": "multimarker", "x": -398.94804035150116, "y": 1929.1230244815686}, "90": {"node_type": "midmarker", "x": -381.0562655064542, "y": 1938.060831421424}, "91": {"node_type": "multimarker", "x": -363.164490661407, "y": 1946.9986383612809}, "92": {"node_type": "metabolite", "x": -434.81537741204204, "y": 1846.0991762710532, "bigg_id": "cpd00001", "name": "H2O", "label_x": -419.81537741204204, "label_y": 1846.0991762710532, "node_is_primary": false}, "93": {"node_type": "metabolite", "x": -510.73931120237637, "y": 1962.7044443673674, "bigg_id": "cpd00003", "name": "NAD", "label_x": -582.7393112023764, "label_y": 1992.7044443673676, "node_is_primary": false}, "94": {"node_type": "metabolite", "x": -327.3101163445817, "y": 2058.816874911193, "bigg_id": "cpd00004", "name": "NADH", "label_x": -306.73159461606633, "label_y": 2087.556376864318, "node_is_primary": false}, "95": {"node_type": "metabolite", "x": -388.4394582138529, "y": 2099.119977264543, "bigg_id": "cpd00067", "name": "H+", "label_x": -373.4394582138529, "label_y": 2099.119977264543, "node_is_primary": false}, "97": {"node_type": "multimarker", "x": -207.3940887451172, "y": 1462.8250122070312}, "98": {"node_type": "midmarker", "x": -207.3940887451172, "y": 1482.8250122070312}, "99": {"node_type": "multimarker", "x": -207.3940887451172, "y": 1502.8250122070312}, "100": {"node_type": "metabolite", "x": -127.39408874511719, "y": 1377.8250122070312, "bigg_id": "cpd00001", "name": "H2O", "label_x": -112.39408874511719, "label_y": 1377.8250122070312, "node_is_primary": false}, "101": {"node_type": "metabolite", "x": -207.3940887451172, "y": 1307.8250122070312, "bigg_id": "cpd00807", "name": "L-histidinol-phosphate", "label_x": -182.3940887451172, "label_y": 1307.8250122070312, "node_is_primary": true}, "102": {"node_type": "metabolite", "x": -127.39408874511719, "y": 1587.8250122070312, "bigg_id": "cpd00009", "name": "Phosphate", "label_x": -112.39408874511719, "label_y": 1587.8250122070312, "node_is_primary": false}, "111": {"node_type": "multimarker", "x": -204.33867645263672, "y": 407.5582046508789}, "112": {"node_type": "midmarker", "x": -204.33867645263672, "y": 387.5582046508789}, "113": {"node_type": "multimarker", "x": -204.33867645263672, "y": 367.5582046508789}, "114": {"node_type": "metabolite", "x": -290.79833221435547, "y": 483.7195816040039, "bigg_id": "cpd00023", "name": "L-Glutamate", "label_x": -374.4956283569336, "label_y": 463.09622955322266, "node_is_primary": false}, "115": {"node_type": "metabolite", "x": -114.93282318115234, "y": 516.1277847290039, "bigg_id": "cpd00067", "name": "H+", "label_x": -97.07405853271484, "label_y": 538.7623062133789, "node_is_primary": false}, "117": {"node_type": "metabolite", "x": -61.44853973388672, "y": 483.0110855102539, "bigg_id": "cpd02851", "name": "AICAR", "label_x": -36.44853973388672, "label_y": 483.0110855102539, "node_is_primary": false}, "118": {"node_type": "metabolite", "x": -284.3386764526367, "y": 282.5582046508789, "bigg_id": "cpd00053", "name": "L-Glutamine", "label_x": -366.65035247802734, "label_y": 316.9775161743164, "node_is_primary": false}, "126": {"node_type": "multimarker", "x": -200.79308319091797, "y": -690.1162543296814}, "127": {"node_type": "midmarker", "x": -200.79308319091797, "y": -670.1162543296814}, "128": {"node_type": "multimarker", "x": -200.79308319091797, "y": -650.1162543296814}, "129": {"node_type": "metabolite", "x": -120.79308319091797, "y": -775.1162543296814, "bigg_id": "cpd00001", "name": "H2O", "label_x": -105.79308319091797, "label_y": -775.1162543296814, "node_is_primary": false}, "130": {"node_type": "metabolite", "x": -200.79308319091797, "y": -845.1162543296814, "bigg_id": "cpd01775", "name": "Phosphoribosyl-ATP", "label_x": -175.79308319091797, "label_y": -845.1162543296814, "node_is_primary": true}, "131": {"node_type": "metabolite", "x": -280.79308319091797, "y": -565.1162543296814, "bigg_id": "cpd00012", "name": "PPi", "label_x": -352.79308319091797, "label_y": -535.1162543296814, "node_is_primary": false}, "132": {"node_type": "metabolite", "x": -120.79308319091797, "y": -565.1162543296814, "bigg_id": "cpd00067", "name": "H+", "label_x": -105.79308319091797, "label_y": -565.1162543296814, "node_is_primary": false}, "133": {"node_type": "multimarker", "x": -200.79308319091797, "y": -1000.1162543296814}, "134": {"node_type": "midmarker", "x": -200.79308319091797, "y": -1020.1162543296814}, "135": {"node_type": "multimarker", "x": -200.79308319091797, "y": -1040.1162543296814}, "136": {"node_type": "metabolite", "x": -258.6856002807617, "y": -921.7485022544861, "bigg_id": "cpd00012", "name": "PPi", "label_x": -330.6856002807617, "label_y": -891.7485022544861, "node_is_primary": false}, "137": {"node_type": "metabolite", "x": -120.79308319091797, "y": -915.1162543296814, "bigg_id": "cpd00067", "name": "H+", "label_x": -105.79308319091797, "label_y": -915.1162543296814, "node_is_primary": false}, "138": {"node_type": "metabolite", "x": -110.15251922607422, "y": -1119.9509100914001, "bigg_id": "cpd00002", "name": "ATP", "label_x": -85.15251922607422, "label_y": -1119.9509100914001, "node_is_primary": false}, "139": {"node_type": "metabolite", "x": -200.37993621826172, "y": -1189.2279181480408, "bigg_id": "cpd00103", "name": "PRPP", "label_x": -185.37993621826172, "label_y": -1189.2279181480408, "node_is_primary": true}, "140": {"node_type": "multimarker", "x": -207.3940887451172, "y": 1152.8250122070312}, "141": {"node_type": "midmarker", "x": -207.3940887451172, "y": 1132.8250122070312}, "142": {"node_type": "multimarker", "x": -207.3940887451172, "y": 1112.8250122070312}, "143": {"node_type": "metabolite", "x": -127.39408874511719, "y": 1237.8250122070312, "bigg_id": "cpd00024", "name": "2-Oxoglutarate", "label_x": -112.39408874511719, "label_y": 1237.8250122070312, "node_is_primary": false}, "144": {"node_type": "metabolite", "x": -127.39408874511719, "y": 1027.8250122070312, "bigg_id": "cpd00023", "name": "L-Glutamate", "label_x": -112.39408874511719, "label_y": 1027.8250122070312, "node_is_primary": false}, "145": {"node_type": "metabolite", "x": -207.3940887451172, "y": 957.8250122070312, "bigg_id": "cpd00930", "name": "imidazole acetol-phosphate", "label_x": -182.3940887451172, "label_y": 957.8250122070312, "node_is_primary": true}, "146": {"node_type": "multimarker", "x": -207.3940887451172, "y": 762.8250122070312}, "147": {"node_type": "midmarker", "x": -207.3940887451172, "y": 782.8250122070312}, "148": {"node_type": "multimarker", "x": -207.3940887451172, "y": 802.8250122070312}, "149": {"node_type": "metabolite", "x": -207.3940887451172, "y": 607.8250122070312, "bigg_id": "cpd02843", "name": "D-erythro-imidazol-glycerol-phosphate", "label_x": -182.3940887451172, "label_y": 607.8250122070312, "node_is_primary": true}, "150": {"node_type": "metabolite", "x": -127.39408874511719, "y": 887.8250122070312, "bigg_id": "cpd00001", "name": "H2O", "label_x": -112.39408874511719, "label_y": 887.8250122070312, "node_is_primary": false}}, "text_labels": {"0": {"x": -470.8825283050537, "y": -1385.2030029296875, "text": "Histidine Biosynthesis"}}, "canvas": {"x": -1023.040771484375, "y": -1735.9613647460938, "width": 1583.6858520507812, "height": 4109.716125488281}}]