[{"map_name": "new_map", "map_id": "kr9Fy9TwvxYM", "map_description": "", "homepage": "https://escher.github.io", "schema": "https://escher.github.io/escher/jsonschema/1-0-0#"}, {"reactions": {"1": {"name": "rxn05937", "bigg_id": "rxn05937", "reversibility": false, "label_x": 2799.5804443359375, "label_y": 969.9643096923828, "gene_reaction_rule": "", "genes": [], "metabolites": [{"bigg_id": "cpd00006", "coefficient": -1}, {"bigg_id": "cpd00067", "coefficient": -1}, {"bigg_id": "cpd11620", "coefficient": -1}, {"bigg_id": "cpd00005", "coefficient": 1}, {"bigg_id": "cpd11621", "coefficient": 1}], "segments": {"8": {"from_node_id": "10", "to_node_id": "11", "b1": null, "b2": null}, "9": {"from_node_id": "12", "to_node_id": "11", "b1": null, "b2": null}, "10": {"from_node_id": "10", "to_node_id": "9", "b1": {"x": 2784.5804443359375, "y": 897.9643096923828}, "b2": {"x": 2784.5804443359375, "y": 843.7143096923828}}, "11": {"from_node_id": "10", "to_node_id": "13", "b1": {"x": 2784.5804443359375, "y": 893.9643096923828}, "b2": {"x": 2802.5804443359375, "y": 888.7143096923828}}, "12": {"from_node_id": "10", "to_node_id": "14", "b1": {"x": 2784.5804443359375, "y": 893.9643096923828}, "b2": {"x": 2760.4556884765625, "y": 896.8806915283203}}, "13": {"from_node_id": "12", "to_node_id": "15", "b1": {"x": 2784.5804443359375, "y": 1021.9643096923828}, "b2": {"x": 2784.5804443359375, "y": 1076.2143096923828}}, "14": {"from_node_id": "12", "to_node_id": "16", "b1": {"x": 2784.5804443359375, "y": 1025.9643096923828}, "b2": {"x": 2760.4556884765625, "y": 1039.3806915283203}}}}, "2": {"name": "rxn00379", "bigg_id": "rxn00379", "reversibility": false, "label_x": 2164.4299926757812, "label_y": 172.9597930908203, "gene_reaction_rule": "", "genes": [], "metabolites": [{"bigg_id": "cpd00002", "coefficient": -1}, {"bigg_id": "cpd00048", "coefficient": -1}, {"bigg_id": "cpd00012", "coefficient": 1}, {"bigg_id": "cpd00193", "coefficient": 1}], "segments": {"15": {"from_node_id": "18", "to_node_id": "19", "b1": null, "b2": null}, "16": {"from_node_id": "20", "to_node_id": "19", "b1": null, "b2": null}, "17": {"from_node_id": "18", "to_node_id": "17", "b1": {"x": 2319.3621215820312, "y": 90.27223205566406}, "b2": {"x": 2290.471920103464, "y": 83.42910549108456}}, "18": {"from_node_id": "18", "to_node_id": "21", "b1": {"x": 2319.3621215820312, "y": 86.27223205566406}, "b2": {"x": 2377.368998912038, "y": 36.249180505171125}}, "19": {"from_node_id": "20", "to_node_id": "22", "b1": {"x": 2319.3621215820312, "y": 218.27223205566406}, "b2": {"x": 2301.3621215820312, "y": 223.52223205566406}}, "20": {"from_node_id": "20", "to_node_id": "23", "b1": {"x": 2319.3621215820312, "y": 214.27223205566406}, "b2": {"x": 2370.3952026367188, "y": 337.9913635253906}}}}, "4": {"name": "rxn05256", "bigg_id": "rxn05256", "reversibility": false, "label_x": 2260.0372924804688, "label_y": 568.3437194824219, "gene_reaction_rule": "", "genes": [], "metabolites": [{"bigg_id": "cpd00193", "coefficient": -1}, {"bigg_id": "cpd11421", "coefficient": -1}, {"bigg_id": "cpd00018", "coefficient": 1}, {"bigg_id": "cpd00067", "coefficient": 1}, {"bigg_id": "cpd00081", "coefficient": 1}, {"bigg_id": "cpd11420", "coefficient": 1}], "segments": {"28": {"from_node_id": "33", "to_node_id": "34", "b1": null, "b2": null}, "29": {"from_node_id": "35", "to_node_id": "34", "b1": null, "b2": null}, "30": {"from_node_id": "33", "to_node_id": "23", "b1": {"x": 2252.1261596679688, "y": 491.6177673339844}, "b2": {"x": 2371.9352416992188, "y": 458.9024963378906}}, "31": {"from_node_id": "33", "to_node_id": "36", "b1": {"x": 2252.1261596679688, "y": 487.6177673339844}, "b2": {"x": 2241.2447447713957, "y": 503.753756946757}}, "32": {"from_node_id": "35", "to_node_id": "37", "b1": {"x": 2252.1261596679688, "y": 615.6177673339844}, "b2": {"x": 2235.4339933261085, "y": 649.9636303161031}}, "33": {"from_node_id": "35", "to_node_id": "38", "b1": {"x": 2252.1261596679688, "y": 619.6177673339844}, "b2": {"x": 2226.5040077531276, "y": 638.6000645895774}}, "34": {"from_node_id": "35", "to_node_id": "39", "b1": {"x": 2252.1261596679688, "y": 619.6177673339844}, "b2": {"x": 2368.5482931441047, "y": 695.9457599428447}}, "35": {"from_node_id": "35", "to_node_id": "40", "b1": {"x": 2252.1261596679688, "y": 619.6177673339844}, "b2": {"x": 2236.909206069155, "y": 622.1468787088405}}}}, "9": {"name": "rxn10126", "bigg_id": "rxn10126", "reversibility": false, "label_x": 3000.1953125, "label_y": 558.6383056640625, "gene_reaction_rule": "", "genes": [], "metabolites": [{"bigg_id": "cpd00982", "coefficient": -1}, {"bigg_id": "cpd15560", "coefficient": -1}, {"bigg_id": "cpd00015", "coefficient": 1}, {"bigg_id": "cpd15561", "coefficient": 1}], "segments": {"66": {"from_node_id": "76", "to_node_id": "77", "b1": null, "b2": null}, "67": {"from_node_id": "78", "to_node_id": "77", "b1": null, "b2": null}, "68": {"from_node_id": "76", "to_node_id": "75", "b1": {"x": 2985.1953125, "y": 486.6383056640625}, "b2": {"x": 2821.844081095822, "y": 489.37448259186516}}, "69": {"from_node_id": "76", "to_node_id": "79", "b1": {"x": 2985.1953125, "y": 482.6383056640625}, "b2": {"x": 2985.875085577172, "y": 495.8468628295708}}, "70": {"from_node_id": "78", "to_node_id": "133", "b1": {"x": 2985.1953125, "y": 614.6383056640625}, "b2": {"x": 2828.791140158765, "y": 645.2483858532999}}, "71": {"from_node_id": "78", "to_node_id": "81", "b1": {"x": 2985.1953125, "y": 610.6383056640625}, "b2": {"x": 2987.23681640625, "y": 630.1812744140625}}}}, "13": {"name": "rxn05239", "bigg_id": "rxn05239", "reversibility": false, "label_x": 1959.5789106709472, "label_y": 764.1085439578347, "gene_reaction_rule": "", "genes": [], "metabolites": [{"bigg_id": "cpd00044", "coefficient": -1}, {"bigg_id": "cpd11421", "coefficient": -1}, {"bigg_id": "cpd00045", "coefficient": 1}, {"bigg_id": "cpd00067", "coefficient": 1}, {"bigg_id": "cpd00081", "coefficient": 1}, {"bigg_id": "cpd11420", "coefficient": 1}], "segments": {"97": {"from_node_id": "111", "to_node_id": "112", "b1": null, "b2": null}, "98": {"from_node_id": "113", "to_node_id": "112", "b1": null, "b2": null}, "99": {"from_node_id": "111", "to_node_id": "110", "b1": {"x": 2065.8461359958605, "y": 712.3206133878526}, "b2": {"x": 1995.8728822291664, "y": 679.9242283546375}}, "100": {"from_node_id": "111", "to_node_id": "114", "b1": {"x": 2062.672033093436, "y": 709.8864665630254}, "b2": {"x": 2013.0533388847794, "y": 682.4173116233828}}, "101": {"from_node_id": "113", "to_node_id": "115", "b1": {"x": 2164.243325971034, "y": 787.7791649575036}, "b2": {"x": 1926.8388167479802, "y": 842.8663138043755}}, "102": {"from_node_id": "113", "to_node_id": "116", "b1": {"x": 2167.417428873459, "y": 790.2133117823311}, "b2": {"x": 2137.630839536689, "y": 804.3601191654668}}, "103": {"from_node_id": "113", "to_node_id": "39", "b1": {"x": 2167.417428873459, "y": 790.2133117823311}, "b2": {"x": 2296.4956755255507, "y": 761.7495724456887}}, "104": {"from_node_id": "113", "to_node_id": "118", "b1": {"x": 2167.417428873459, "y": 790.2133117823311}, "b2": {"x": 2204.9284526665288, "y": 785.7358758549844}}}}, "14": {"name": "rxn09240", "bigg_id": "rxn09240", "reversibility": false, "label_x": 2432.2631827348555, "label_y": 159.20330899888617, "gene_reaction_rule": "", "genes": [], "metabolites": [{"bigg_id": "cpd00001", "coefficient": -1}, {"bigg_id": "cpd00002", "coefficient": -1}, {"bigg_id": "cpd00038", "coefficient": -1}, {"bigg_id": "cpd00048", "coefficient": -1}, {"bigg_id": "cpd00009", "coefficient": 1}, {"bigg_id": "cpd00012", "coefficient": 1}, {"bigg_id": "cpd00031", "coefficient": 1}, {"bigg_id": "cpd00067", "coefficient": 1}, {"bigg_id": "cpd00193", "coefficient": 1}], "segments": {"105": {"from_node_id": "119", "to_node_id": "120", "b1": null, "b2": null}, "106": {"from_node_id": "121", "to_node_id": "120", "b1": null, "b2": null}, "107": {"from_node_id": "119", "to_node_id": "122", "b1": {"x": 2419.072082721315, "y": 83.22810243733778}, "b2": {"x": 2465.367165737558, "y": 65.346395482703}}, "108": {"from_node_id": "119", "to_node_id": "123", "b1": {"x": 2419.072082721315, "y": 83.22810243733778}, "b2": {"x": 2440.6931279932046, "y": 47.62115112030749}}, "109": {"from_node_id": "119", "to_node_id": "124", "b1": {"x": 2419.072082721315, "y": 83.22810243733778}, "b2": {"x": 2438.6101922214298, "y": 83.71357940552977}}, "110": {"from_node_id": "119", "to_node_id": "21", "b1": {"x": 2418.9624524191067, "y": 87.22659980470442}, "b2": {"x": 2378.2073974609375, "y": 24.413349151611328}}, "111": {"from_node_id": "121", "to_node_id": "125", "b1": {"x": 2415.4542827483956, "y": 215.1785155604347}, "b2": {"x": 2438.4777613508336, "y": 221.0243147610915}}, "112": {"from_node_id": "121", "to_node_id": "126", "b1": {"x": 2415.4542827483956, "y": 215.1785155604347}, "b2": {"x": 2430.7861867314846, "y": 234.7499073759229}}, "113": {"from_node_id": "121", "to_node_id": "127", "b1": {"x": 2415.5639130506047, "y": 211.18001819306807}, "b2": {"x": 2565.6992937253917, "y": 216.95621955967357}}, "114": {"from_node_id": "121", "to_node_id": "128", "b1": {"x": 2415.4542827483956, "y": 215.1785155604347}, "b2": {"x": 2418.051032591506, "y": 233.6655854193665}}, "115": {"from_node_id": "121", "to_node_id": "23", "b1": {"x": 2415.4542827483956, "y": 215.1785155604347}, "b2": {"x": 2370.7727814047234, "y": 265.1011040539702}}}}, "15": {"name": "rxn11934", "bigg_id": "rxn11934", "reversibility": false, "label_x": 2554.4465942382812, "label_y": 568.0998840332031, "gene_reaction_rule": "", "genes": [], "metabolites": [{"bigg_id": "cpd00015", "coefficient": -1}, {"bigg_id": "cpd00018", "coefficient": -1}, {"bigg_id": "cpd00067", "coefficient": -1}, {"bigg_id": "cpd00081", "coefficient": -1}, {"bigg_id": "cpd00193", "coefficient": 1}, {"bigg_id": "cpd00982", "coefficient": 1}], "segments": {"116": {"from_node_id": "130", "to_node_id": "131", "b1": null, "b2": null}, "117": {"from_node_id": "132", "to_node_id": "131", "b1": null, "b2": null}, "118": {"from_node_id": "130", "to_node_id": "133", "b1": {"x": 2547.1726684570312, "y": 621.1283264160156}, "b2": {"x": 2700.402312450331, "y": 646.6543849618964}}, "119": {"from_node_id": "130", "to_node_id": "134", "b1": {"x": 2547.1726684570312, "y": 625.1283264160156}, "b2": {"x": 2587.8130882765913, "y": 667.8815137254436}}, "120": {"from_node_id": "130", "to_node_id": "135", "b1": {"x": 2547.1726684570312, "y": 625.1283264160156}, "b2": {"x": 2568.3063577828552, "y": 717.9120778924366}}, "121": {"from_node_id": "130", "to_node_id": "39", "b1": {"x": 2547.1726684570312, "y": 625.1283264160156}, "b2": {"x": 2373.4993483758244, "y": 643.9086019144797}}, "122": {"from_node_id": "132", "to_node_id": "23", "b1": {"x": 2547.1726684570312, "y": 497.1283264160156}, "b2": {"x": 2370.3952026367188, "y": 455.4913635253906}}, "123": {"from_node_id": "132", "to_node_id": "75", "b1": {"x": 2547.1726684570312, "y": 493.1283264160156}, "b2": {"x": 2684.2578703742365, "y": 485.176233881598}}}}, "17": {"name": "rxn00623", "bigg_id": "rxn00623", "reversibility": false, "label_x": 2117.7185668945312, "label_y": 994.1241149902344, "gene_reaction_rule": "", "genes": [], "metabolites": [{"bigg_id": "cpd00001", "coefficient": -3}, {"bigg_id": "cpd00006", "coefficient": -3}, {"bigg_id": "cpd00239", "coefficient": -1}, {"bigg_id": "cpd00005", "coefficient": 3}, {"bigg_id": "cpd00067", "coefficient": 3}, {"bigg_id": "cpd00081", "coefficient": 1}], "segments": {"131": {"from_node_id": "145", "to_node_id": "146", "b1": null, "b2": null}, "132": {"from_node_id": "147", "to_node_id": "146", "b1": null, "b2": null}, "133": {"from_node_id": "145", "to_node_id": "148", "b1": {"x": 2279.2722778320312, "y": 1042.0067443847656}, "b2": {"x": 2214.1131881504803, "y": 1079.6497939917544}}, "134": {"from_node_id": "145", "to_node_id": "149", "b1": {"x": 2279.2722778320312, "y": 1038.0067443847656}, "b2": {"x": 2252.4368376860793, "y": 1099.909554310169}}, "135": {"from_node_id": "145", "to_node_id": "150", "b1": {"x": 2279.2722778320312, "y": 1042.0067443847656}, "b2": {"x": 2378.415857960208, "y": 1106.3309987812513}}, "136": {"from_node_id": "147", "to_node_id": "151", "b1": {"x": 2279.2722778320312, "y": 910.0067443847656}, "b2": {"x": 2222.850353406617, "y": 878.7150028120806}}, "137": {"from_node_id": "147", "to_node_id": "152", "b1": {"x": 2279.2722778320312, "y": 910.0067443847656}, "b2": {"x": 2283.5950317382812, "y": 882.4338073730469}}, "138": {"from_node_id": "147", "to_node_id": "39", "b1": {"x": 2279.2722778320312, "y": 914.0067443847656}, "b2": {"x": 2366.5346069335938, "y": 825.2578430175781}}}}, "18": {"name": "rxn05902", "bigg_id": "rxn05902", "reversibility": false, "label_x": 2462.7086791992188, "label_y": 977.8894348144531, "gene_reaction_rule": "", "genes": [], "metabolites": [{"bigg_id": "cpd00001", "coefficient": -3}, {"bigg_id": "cpd00239", "coefficient": -1}, {"bigg_id": "cpd11621", "coefficient": -3}, {"bigg_id": "cpd00067", "coefficient": 6}, {"bigg_id": "cpd00081", "coefficient": 1}, {"bigg_id": "cpd11620", "coefficient": 3}], "segments": {"139": {"from_node_id": "153", "to_node_id": "154", "b1": null, "b2": null}, "140": {"from_node_id": "155", "to_node_id": "154", "b1": null, "b2": null}, "141": {"from_node_id": "153", "to_node_id": "156", "b1": {"x": 2447.7086791992188, "y": 1029.8894348144531}, "b2": {"x": 2466.3251796836325, "y": 1049.0382177408335}}, "142": {"from_node_id": "153", "to_node_id": "150", "b1": {"x": 2447.7086791992188, "y": 1033.8894348144531}, "b2": {"x": 2369.82739803305, "y": 1115.984591079944}}, "143": {"from_node_id": "153", "to_node_id": "16", "b1": {"x": 2447.7086791992188, "y": 1033.8894348144531}, "b2": {"x": 2630.429834170757, "y": 1066.951167308177}}, "144": {"from_node_id": "155", "to_node_id": "159", "b1": {"x": 2447.7086791992188, "y": 901.8894348144531}, "b2": {"x": 2465.7086791992188, "y": 896.6394348144531}}, "145": {"from_node_id": "155", "to_node_id": "39", "b1": {"x": 2447.7086791992188, "y": 905.8894348144531}, "b2": {"x": 2366.5346069335938, "y": 825.2578430175781}}, "146": {"from_node_id": "155", "to_node_id": "14", "b1": {"x": 2447.7086791992188, "y": 901.8894348144531}, "b2": {"x": 2637.0549741990103, "y": 875.7713210092638}}}}, "19": {"name": "rxn00361", "bigg_id": "rxn00361", "reversibility": false, "label_x": 2023.636551380126, "label_y": 431.9678859410442, "gene_reaction_rule": "", "genes": [], "metabolites": [{"bigg_id": "cpd00002", "coefficient": -1}, {"bigg_id": "cpd00193", "coefficient": -1}, {"bigg_id": "cpd00008", "coefficient": 1}, {"bigg_id": "cpd00044", "coefficient": 1}, {"bigg_id": "cpd00067", "coefficient": 1}], "segments": {"147": {"from_node_id": "161", "to_node_id": "162", "b1": null, "b2": null}, "148": {"from_node_id": "163", "to_node_id": "162", "b1": null, "b2": null}, "149": {"from_node_id": "161", "to_node_id": "164", "b1": {"x": 2195.6817339734425, "y": 412.4062072211673}, "b2": {"x": 2201.368173377843, "y": 417.1380760846116}}, "150": {"from_node_id": "161", "to_node_id": "23", "b1": {"x": 2192.4667486529197, "y": 414.7860957456214}, "b2": {"x": 2311.6452026367188, "y": 396.7413635253906}}, "151": {"from_node_id": "163", "to_node_id": "165", "b1": {"x": 2092.802203716706, "y": 488.56264000365576}, "b2": {"x": 2009.0205337828124, "y": 461.311434807959}}, "152": {"from_node_id": "163", "to_node_id": "110", "b1": {"x": 2089.587218396183, "y": 490.9425285281072}, "b2": {"x": 2001.1046052424344, "y": 546.732571235325}}, "153": {"from_node_id": "163", "to_node_id": "167", "b1": {"x": 2089.587218396183, "y": 490.9425285281072}, "b2": {"x": 2047.477848781491, "y": 515.6396284130786}}}}, "20": {"name": "rxn00137", "bigg_id": "rxn00137", "reversibility": false, "label_x": 1643.090824540413, "label_y": 802.3806065061984, "gene_reaction_rule": "", "genes": [], "metabolites": [{"bigg_id": "cpd00001", "coefficient": -1}, {"bigg_id": "cpd00045", "coefficient": -1}, {"bigg_id": "cpd00009", "coefficient": 1}, {"bigg_id": "cpd00018", "coefficient": 1}], "segments": {"154": {"from_node_id": "168", "to_node_id": "169", "b1": null, "b2": null}, "155": {"from_node_id": "170", "to_node_id": "169", "b1": null, "b2": null}, "156": {"from_node_id": "168", "to_node_id": "171", "b1": {"x": 1759.090824540413, "y": 842.3806065061984}, "b2": {"x": 1764.3408245404132, "y": 824.3806065061984}}, "157": {"from_node_id": "168", "to_node_id": "115", "b1": {"x": 1755.090824540413, "y": 842.3806065061984}, "b2": {"x": 1809.3408245404132, "y": 842.3806065061984}}, "158": {"from_node_id": "170", "to_node_id": "172", "b1": {"x": 1627.090824540413, "y": 842.3806065061984}, "b2": {"x": 1621.840824540413, "y": 824.3806065061984}}, "159": {"from_node_id": "170", "to_node_id": "173", "b1": {"x": 1631.090824540413, "y": 842.3806065061984}, "b2": {"x": 1576.840824540413, "y": 842.3806065061984}}}}}, "nodes": {"9": {"node_type": "metabolite", "x": 2784.5804443359375, "y": 784.9643096923828, "bigg_id": "cpd00006", "name": "NADP", "label_x": 2809.5804443359375, "label_y": 784.9643096923828, "node_is_primary": false}, "10": {"node_type": "multimarker", "x": 2784.5804443359375, "y": 939.9643096923828}, "11": {"node_type": "midmarker", "x": 2784.5804443359375, "y": 959.9643096923828}, "12": {"node_type": "multimarker", "x": 2784.5804443359375, "y": 979.9643096923828}, "13": {"node_type": "metabolite", "x": 2864.5804443359375, "y": 854.9643096923828, "bigg_id": "cpd00067", "name": "H+", "label_x": 2879.5804443359375, "label_y": 854.9643096923828, "node_is_primary": false}, "14": {"node_type": "metabolite", "x": 2698.4556884765625, "y": 863.1306915283203, "bigg_id": "cpd11620", "name": "Reducedferredoxin", "label_x": 2589.7069091796875, "label_y": 844.1325225830078, "node_is_primary": true}, "15": {"node_type": "metabolite", "x": 2784.5804443359375, "y": 1134.9643096923828, "bigg_id": "cpd00005", "name": "NADPH", "label_x": 2809.5804443359375, "label_y": 1134.9643096923828, "node_is_primary": false}, "16": {"node_type": "metabolite", "x": 2698.4556884765625, "y": 1073.1306915283203, "bigg_id": "cpd11621", "name": "Oxidizedferredoxin", "label_x": 2591.7484130859375, "label_y": 1103.1306915283203, "node_is_primary": true}, "17": {"node_type": "metabolite", "x": 2233.7337646484375, "y": 68.18626403808594, "bigg_id": "cpd00002", "name": "ATP", "label_x": 2167.8197021484375, "label_y": 93.55763244628906, "node_is_primary": false}, "18": {"node_type": "multimarker", "x": 2319.3621215820312, "y": 132.27223205566406}, "19": {"node_type": "midmarker", "x": 2319.3621215820312, "y": 152.27223205566406}, "20": {"node_type": "multimarker", "x": 2319.3621215820312, "y": 172.27223205566406}, "21": {"node_type": "metabolite", "x": 2378.2073974609375, "y": -34.33665084838867, "bigg_id": "cpd00048", "name": "Sulfate", "label_x": 2296.693115234375, "label_y": -26.536602020263672, "node_is_primary": true}, "22": {"node_type": "metabolite", "x": 2239.3621215820312, "y": 257.27223205566406, "bigg_id": "cpd00012", "name": "PPi", "label_x": 2189.4193115234375, "label_y": 276.2579650878906, "node_is_primary": false}, "23": {"node_type": "metabolite", "x": 2370.3952026367188, "y": 396.7413635253906, "bigg_id": "cpd00193", "name": "APS", "label_x": 2302.5365600585938, "label_y": 385.6223602294922, "node_is_primary": true}, "33": {"node_type": "multimarker", "x": 2252.1261596679688, "y": 533.6177673339844}, "34": {"node_type": "midmarker", "x": 2252.1261596679688, "y": 553.6177673339844}, "35": {"node_type": "multimarker", "x": 2252.1261596679688, "y": 573.6177673339844}, "36": {"node_type": "metabolite", "x": 2172.3576049804688, "y": 488.33868408203125, "bigg_id": "cpd11421", "name": "trdrd", "label_x": 2193.7201538085938, "label_y": 483.7172546386719, "node_is_primary": false}, "37": {"node_type": "metabolite", "x": 2214.6127319335938, "y": 704.9002990722656, "bigg_id": "cpd00018", "name": "AMP", "label_x": 2146.1129760742188, "label_y": 714.5248718261719, "node_is_primary": false}, "38": {"node_type": "metabolite", "x": 2160.8161010742188, "y": 664.4488830566406, "bigg_id": "cpd00067", "name": "H+", "label_x": 2122.7348022460938, "label_y": 674.6568908691406, "node_is_primary": false}, "39": {"node_type": "metabolite", "x": 2366.5346069335938, "y": 766.5078430175781, "bigg_id": "cpd00081", "name": "Sulfite", "label_x": 2294.5346069335938, "label_y": 796.5078430175781, "node_is_primary": true}, "40": {"node_type": "metabolite", "x": 2109.6786499023438, "y": 626.0131530761719, "bigg_id": "cpd11420", "name": "trdox", "label_x": 2057.2699584960938, "label_y": 615.5531311035156, "node_is_primary": false}, "75": {"node_type": "metabolite", "x": 2764.703369140625, "y": 475.7179260253906, "bigg_id": "cpd00982", "name": "FADH2", "label_x": 2726.4140625, "label_y": 449.1772155761719, "node_is_primary": true}, "76": {"node_type": "multimarker", "x": 2985.1953125, "y": 528.6383056640625}, "77": {"node_type": "midmarker", "x": 2985.1953125, "y": 548.6383056640625}, "78": {"node_type": "multimarker", "x": 2985.1953125, "y": 568.6383056640625}, "79": {"node_type": "metabolite", "x": 2984.8173828125, "y": 425.26397705078125, "bigg_id": "cpd15560", "name": "Ubiquinone-8", "label_x": 3000.60595703125, "label_y": 447.09759521484375, "node_is_primary": true}, "81": {"node_type": "metabolite", "x": 2987.23681640625, "y": 688.9312744140625, "bigg_id": "cpd15561", "name": "Ubiquinol-8", "label_x": 3012.23681640625, "label_y": 688.9312744140625, "node_is_primary": true}, "110": {"node_type": "metabolite", "x": 1998.5007270492306, "y": 621.2330285747582, "bigg_id": "cpd00044", "name": "3-phosphoadenylylsulfate", "label_x": 1717.068231932043, "label_y": 631.3798181255395, "node_is_primary": true}, "111": {"node_type": "multimarker", "x": 2099.1742164713223, "y": 737.8791550485412}, "112": {"node_type": "midmarker", "x": 2115.044730983447, "y": 750.0498891726785}, "113": {"node_type": "multimarker", "x": 2130.915245495572, "y": 762.2206232968155}, "114": {"node_type": "metabolite", "x": 1948.5425698607437, "y": 711.0777927764879, "bigg_id": "cpd11421", "name": "trdrd", "label_x": 1876.5425698607437, "label_y": 741.0777927764879, "node_is_primary": false}, "115": {"node_type": "metabolite", "x": 1868.0908245404132, "y": 842.3806065061984, "bigg_id": "cpd00045", "name": "Adenosine 3-5-bisphosphate", "label_x": 1726.6837200482257, "label_y": 884.9970615843234, "node_is_primary": true}, "116": {"node_type": "metabolite", "x": 2072.5235766764636, "y": 831.6384406469939, "bigg_id": "cpd00067", "name": "H+", "label_x": 2030.701677262401, "label_y": 845.8438849829314, "node_is_primary": false}, "118": {"node_type": "metabolite", "x": 2101.363407948129, "y": 859.7415784222594, "bigg_id": "cpd11420", "name": "trdox", "label_x": 2029.363407948129, "label_y": 889.7415784222596, "node_is_primary": false}, "119": {"node_type": "multimarker", "x": 2417.8113342459046, "y": 129.21082216205346}, "120": {"node_type": "midmarker", "x": 2417.2631827348555, "y": 149.20330899888617}, "121": {"node_type": "multimarker", "x": 2416.7150312238077, "y": 169.19579583571914}, "122": {"node_type": "metabolite", "x": 2528.2688806066367, "y": 33.30834362979857, "bigg_id": "cpd00001", "name": "H2O", "label_x": 2543.2688806066367, "label_y": 33.30834362979857, "node_is_primary": false}, "123": {"node_type": "metabolite", "x": 2498.302994205681, "y": 6.826962625120501, "bigg_id": "cpd00002", "name": "ATP", "label_x": 2496.840591861931, "label_y": -9.129541719819684, "node_is_primary": false}, "124": {"node_type": "metabolite", "x": 2565.889819220759, "y": 82.14544327884131, "bigg_id": "cpd00038", "name": "GTP", "label_x": 2567.633959845759, "label_y": 72.60147507815772, "node_is_primary": false}, "125": {"node_type": "metabolite", "x": 2561.643211942066, "y": 253.1620539575407, "bigg_id": "cpd00009", "name": "Phosphate", "label_x": 2576.643211942066, "label_y": 253.1620539575407, "node_is_primary": false}, "126": {"node_type": "metabolite", "x": 2491.8378902507716, "y": 270.18649859732943, "bigg_id": "cpd00012", "name": "PPi", "label_x": 2506.8378902507716, "label_y": 270.18649859732943, "node_is_primary": false}, "127": {"node_type": "metabolite", "x": 2624.3173136449177, "y": 220.89198387102036, "bigg_id": "cpd00031", "name": "GDP", "label_x": 2634.3546671605427, "label_y": 200.58561790422348, "node_is_primary": false}, "128": {"node_type": "metabolite", "x": 2432.4542481746066, "y": 302.77137302696656, "bigg_id": "cpd00067", "name": "H+", "label_x": 2392.5169923152316, "label_y": 318.87754368126343, "node_is_primary": false}, "130": {"node_type": "multimarker", "x": 2547.1726684570312, "y": 579.1283264160156}, "131": {"node_type": "midmarker", "x": 2547.1726684570312, "y": 559.1283264160156}, "132": {"node_type": "multimarker", "x": 2547.1726684570312, "y": 539.1283264160156}, "133": {"node_type": "metabolite", "x": 2759.1444702148438, "y": 645.6944885253906, "bigg_id": "cpd00015", "name": "FAD", "label_x": 2737.6774291992188, "label_y": 618.9947204589844, "node_is_primary": true}, "134": {"node_type": "metabolite", "x": 2653.0525512695312, "y": 694.8421325683594, "bigg_id": "cpd00018", "name": "AMP", "label_x": 2633.5535278320312, "label_y": 672.5192565917969, "node_is_primary": false}, "135": {"node_type": "metabolite", "x": 2638.2625122070312, "y": 727.3565979003906, "bigg_id": "cpd00067", "name": "H+", "label_x": 2606.8496704101562, "label_y": 757.3565979003906, "node_is_primary": false}, "145": {"node_type": "multimarker", "x": 2279.2722778320312, "y": 996.0067443847656}, "146": {"node_type": "midmarker", "x": 2279.2722778320312, "y": 976.0067443847656}, "147": {"node_type": "multimarker", "x": 2279.2722778320312, "y": 956.0067443847656}, "148": {"node_type": "metabolite", "x": 2144.1610717773438, "y": 1089.1241760253906, "bigg_id": "cpd00001", "name": "H2O", "label_x": 2108.4271850585938, "label_y": 1070.8600158691406, "node_is_primary": false}, "149": {"node_type": "metabolite", "x": 2200.1275024414062, "y": 1126.6545715332031, "bigg_id": "cpd00006", "name": "NADP", "label_x": 2225.1275024414062, "label_y": 1126.6545715332031, "node_is_primary": false}, "150": {"node_type": "metabolite", "x": 2369.7379760742188, "y": 1176.3863830566406, "bigg_id": "cpd00239", "name": "H2S", "label_x": 2297.7379760742188, "label_y": 1206.3863830566406, "node_is_primary": true}, "151": {"node_type": "metabolite", "x": 2152.2781372070312, "y": 877.0948791503906, "bigg_id": "cpd00005", "name": "NADPH", "label_x": 2122.6323852539062, "label_y": 923.7699890136719, "node_is_primary": false}, "152": {"node_type": "metabolite", "x": 2221.5950317382812, "y": 848.6838073730469, "bigg_id": "cpd00067", "name": "H+", "label_x": 2180.0354614257812, "label_y": 852.3022155761719, "node_is_primary": false}, "153": {"node_type": "multimarker", "x": 2447.7086791992188, "y": 987.8894348144531}, "154": {"node_type": "midmarker", "x": 2447.7086791992188, "y": 967.8894348144531}, "155": {"node_type": "multimarker", "x": 2447.7086791992188, "y": 947.8894348144531}, "156": {"node_type": "metabolite", "x": 2510.3739624023438, "y": 1087.9132385253906, "bigg_id": "cpd00001", "name": "H2O", "label_x": 2525.1659545898438, "label_y": 1128.7450256347656, "node_is_primary": false}, "159": {"node_type": "metabolite", "x": 2527.7086791992188, "y": 862.8894348144531, "bigg_id": "cpd00067", "name": "H+", "label_x": 2542.7086791992188, "label_y": 862.8894348144531, "node_is_primary": false}, "161": {"node_type": "multimarker", "x": 2158.7094027874277, "y": 439.77492525237454}, "162": {"node_type": "midmarker", "x": 2142.6344761848136, "y": 451.67436787463794}, "163": {"node_type": "multimarker", "x": 2126.559549582198, "y": 463.5738104969015}, "164": {"node_type": "metabolite", "x": 2191.6063398907363, "y": 347.2254941914349, "bigg_id": "cpd00002", "name": "ATP", "label_x": 2148.4063398907365, "label_y": 327.2254941914349, "node_is_primary": false}, "165": {"node_type": "metabolite", "x": 1957.2597653988864, "y": 433.51961305576583, "bigg_id": "cpd00008", "name": "ADP", "label_x": 1920.147778094199, "label_y": 404.52156618076583, "node_is_primary": false}, "167": {"node_type": "metabolite", "x": 1979.096291668355, "y": 498.11749535847514, "bigg_id": "cpd00067", "name": "H+", "label_x": 1935.8961695980427, "label_y": 508.5577724580845, "node_is_primary": false}, "168": {"node_type": "multimarker", "x": 1713.090824540413, "y": 842.3806065061984}, "169": {"node_type": "midmarker", "x": 1693.090824540413, "y": 842.3806065061984}, "170": {"node_type": "multimarker", "x": 1673.090824540413, "y": 842.3806065061984}, "171": {"node_type": "metabolite", "x": 1798.0908245404132, "y": 762.3806065061984, "bigg_id": "cpd00001", "name": "H2O", "label_x": 1754.8908245404132, "label_y": 742.3806065061984, "node_is_primary": false}, "172": {"node_type": "metabolite", "x": 1588.090824540413, "y": 762.3806065061984, "bigg_id": "cpd00009", "name": "Phosphate", "label_x": 1544.8908245404132, "label_y": 742.3806065061984, "node_is_primary": false}, "173": {"node_type": "metabolite", "x": 1518.090824540413, "y": 842.3806065061984, "bigg_id": "cpd00018", "name": "AMP", "label_x": 1474.8908245404132, "label_y": 882.3806065061984, "node_is_primary": true}}, "text_labels": {"0": {"x": 1957.76513671875, "y": -190.42526245117188, "text": "Inorganic Sulfur Assimilation"}}, "canvas": {"x": 1215.3417053222656, "y": -487.2830505371094, "width": 2175.727752685547, "height": 1911.6488952636719}}]