[{"map_name":"new_map","map_id":"AvC0ZGLP02bC","map_description":"","homepage":"https://escher.github.io","schema":"https://escher.github.io/escher/jsonschema/1-0-0#"},{"reactions":{"0":{"name":"rxn06334","bigg_id":"rxn06334","reversibility":false,"label_x":2532.268783569336,"label_y":672.1426849365234,"gene_reaction_rule":"","genes":[],"metabolites":[{"bigg_id":"cpd00760","coefficient":-1},{"bigg_id":"cpd11609","coefficient":-1},{"bigg_id":"cpd02125","coefficient":1},{"bigg_id":"cpd11610","coefficient":1}],"segments":{"0":{"from_node_id":"1","to_node_id":"2","b1":null,"b2":null},"1":{"from_node_id":"3","to_node_id":"2","b1":null,"b2":null},"2":{"from_node_id":"1","to_node_id":"107","b1":{"x":2517.268783569336,"y":600.1426849365234},"b2":{"x":2517.268783569336,"y":545.8926849365234}},"3":{"from_node_id":"1","to_node_id":"4","b1":{"x":2517.268783569336,"y":596.1426849365234},"b2":{"x":2499.268783569336,"y":590.8926849365234}},"4":{"from_node_id":"3","to_node_id":"5","b1":{"x":2517.268783569336,"y":724.1426849365234},"b2":{"x":2517.268783569336,"y":778.3926849365234}},"5":{"from_node_id":"3","to_node_id":"6","b1":{"x":2517.268783569336,"y":728.1426849365234},"b2":{"x":2499.268783569336,"y":733.3926849365234}}}},"1":{"name":"rxn14277","bigg_id":"rxn14277","reversibility":false,"label_x":1893.8785591125488,"label_y":678.45947265625,"gene_reaction_rule":"","genes":[],"metabolites":[{"bigg_id":"cpd00481","coefficient":-1},{"bigg_id":"cpd11609","coefficient":-1},{"bigg_id":"cpd02187","coefficient":1},{"bigg_id":"cpd11610","coefficient":1}],"segments":{"6":{"from_node_id":"8","to_node_id":"9","b1":null,"b2":null},"7":{"from_node_id":"10","to_node_id":"9","b1":null,"b2":null},"8":{"from_node_id":"8","to_node_id":"121","b1":{"x":1878.8785591125488,"y":606.45947265625},"b2":{"x":1878.8785591125488,"y":552.20947265625}},"9":{"from_node_id":"8","to_node_id":"11","b1":{"x":1878.8785591125488,"y":602.45947265625},"b2":{"x":1860.8785591125488,"y":597.20947265625}},"10":{"from_node_id":"10","to_node_id":"12","b1":{"x":1878.8785591125488,"y":730.45947265625},"b2":{"x":1878.8785591125488,"y":784.70947265625}},"11":{"from_node_id":"10","to_node_id":"13","b1":{"x":1878.8785591125488,"y":734.45947265625},"b2":{"x":1860.8785591125488,"y":739.70947265625}}}},"2":{"name":"rxn00871","bigg_id":"rxn00871","reversibility":false,"label_x":1382.1449279785156,"label_y":142.47727966308594,"gene_reaction_rule":"","genes":[],"metabolites":[{"bigg_id":"cpd00009","coefficient":-1},{"bigg_id":"cpd00120","coefficient":-1},{"bigg_id":"cpd00010","coefficient":1},{"bigg_id":"cpd01662","coefficient":1}],"segments":{"12":{"from_node_id":"15","to_node_id":"16","b1":null,"b2":null},"13":{"from_node_id":"17","to_node_id":"16","b1":null,"b2":null},"14":{"from_node_id":"15","to_node_id":"14","b1":{"x":1367.1449279785156,"y":70.47727966308594},"b2":{"x":1367.1449279785156,"y":16.227279663085938}},"15":{"from_node_id":"15","to_node_id":"18","b1":{"x":1367.1449279785156,"y":66.47727966308594},"b2":{"x":1349.1449279785156,"y":61.22727966308594}},"16":{"from_node_id":"17","to_node_id":"19","b1":{"x":1367.1449279785156,"y":194.47727966308594},"b2":{"x":1367.1449279785156,"y":248.72727966308594}},"17":{"from_node_id":"17","to_node_id":"20","b1":{"x":1367.1449279785156,"y":198.47727966308594},"b2":{"x":1349.1449279785156,"y":203.72727966308594}}}},"3":{"name":"rxn02394","bigg_id":"rxn02394","reversibility":false,"label_x":824,"label_y":-409,"gene_reaction_rule":"","genes":[],"metabolites":[{"bigg_id":"cpd00006","coefficient":-1},{"bigg_id":"cpd02305","coefficient":-1},{"bigg_id":"cpd00005","coefficient":1},{"bigg_id":"cpd00067","coefficient":1},{"bigg_id":"cpd00868","coefficient":1}],"segments":{"18":{"from_node_id":"22","to_node_id":"23","b1":null,"b2":null},"19":{"from_node_id":"24","to_node_id":"23","b1":null,"b2":null},"20":{"from_node_id":"22","to_node_id":"21","b1":{"x":809,"y":-481},"b2":{"x":809,"y":-535.25}},"21":{"from_node_id":"22","to_node_id":"25","b1":{"x":809,"y":-485},"b2":{"x":791,"y":-490.25}},"22":{"from_node_id":"24","to_node_id":"26","b1":{"x":809,"y":-357},"b2":{"x":809,"y":-302.75}},"23":{"from_node_id":"24","to_node_id":"27","b1":{"x":809,"y":-353},"b2":{"x":827,"y":-347.75}},"24":{"from_node_id":"24","to_node_id":"28","b1":{"x":809,"y":-353},"b2":{"x":791,"y":-347.75}}}},"4":{"name":"rxn01236","bigg_id":"rxn01236","reversibility":false,"label_x":1022.3758544921875,"label_y":147.70352172851562,"gene_reaction_rule":"","genes":[],"metabolites":[{"bigg_id":"cpd00002","coefficient":-1},{"bigg_id":"cpd00211","coefficient":-1},{"bigg_id":"cpd00008","coefficient":1},{"bigg_id":"cpd01662","coefficient":1}],"segments":{"25":{"from_node_id":"30","to_node_id":"31","b1":null,"b2":null},"26":{"from_node_id":"32","to_node_id":"31","b1":null,"b2":null},"27":{"from_node_id":"30","to_node_id":"29","b1":{"x":1007.3758544921875,"y":75.70352172851562},"b2":{"x":1007.3758544921875,"y":21.453521728515625}},"28":{"from_node_id":"30","to_node_id":"33","b1":{"x":1007.3758544921875,"y":71.70352172851562},"b2":{"x":989.3758544921875,"y":66.45352172851562}},"29":{"from_node_id":"32","to_node_id":"34","b1":{"x":1007.3758544921875,"y":199.70352172851562},"b2":{"x":1007.3758544921875,"y":253.95352172851562}},"30":{"from_node_id":"32","to_node_id":"35","b1":{"x":1007.3758544921875,"y":203.70352172851562},"b2":{"x":992.28466796875,"y":207.49911499023438}}}},"6":{"name":"rxn06621","bigg_id":"rxn06621","reversibility":false,"label_x":2532.234817504883,"label_y":-28.156723022460938,"gene_reaction_rule":"","genes":[],"metabolites":[{"bigg_id":"cpd00213","coefficient":-1},{"bigg_id":"cpd00508","coefficient":-1},{"bigg_id":"cpd00011","coefficient":1},{"bigg_id":"cpd14703","coefficient":1}],"segments":{"37":{"from_node_id":"44","to_node_id":"45","b1":null,"b2":null},"38":{"from_node_id":"46","to_node_id":"45","b1":null,"b2":null},"39":{"from_node_id":"44","to_node_id":"43","b1":{"x":2517.234817504883,"y":-100.15672302246094},"b2":{"x":2492.3693210251677,"y":-104.36737665696857}},"40":{"from_node_id":"44","to_node_id":"47","b1":{"x":2517.234817504883,"y":-104.15672302246094},"b2":{"x":2520.33512997756,"y":-149.02381367418872}},"41":{"from_node_id":"46","to_node_id":"48","b1":{"x":2517.234817504883,"y":27.843276977539062},"b2":{"x":2499.234817504883,"y":33.09327697753906}},"42":{"from_node_id":"46","to_node_id":"49","b1":{"x":2517.234817504883,"y":23.843276977539062},"b2":{"x":2517.234817504883,"y":78.09327697753906}}}},"10":{"name":"rxn15694","bigg_id":"rxn15694","reversibility":false,"label_x":894.1070861816406,"label_y":729.164306640625,"gene_reaction_rule":"","genes":[],"metabolites":[{"bigg_id":"cpd00003","coefficient":-1},{"bigg_id":"cpd19172","coefficient":-1},{"bigg_id":"cpd00004","coefficient":1},{"bigg_id":"cpd00067","coefficient":1},{"bigg_id":"cpd19171","coefficient":1}],"segments":{"63":{"from_node_id":"74","to_node_id":"75","b1":null,"b2":null},"64":{"from_node_id":"76","to_node_id":"75","b1":null,"b2":null},"65":{"from_node_id":"74","to_node_id":"73","b1":{"x":879.1070861816406,"y":657.164306640625},"b2":{"x":879.1070861816406,"y":602.914306640625}},"66":{"from_node_id":"74","to_node_id":"77","b1":{"x":879.1070861816406,"y":653.164306640625},"b2":{"x":861.1070861816406,"y":647.914306640625}},"67":{"from_node_id":"76","to_node_id":"78","b1":{"x":879.1070861816406,"y":781.164306640625},"b2":{"x":879.1070861816406,"y":835.414306640625}},"68":{"from_node_id":"76","to_node_id":"79","b1":{"x":879.1070861816406,"y":785.164306640625},"b2":{"x":897.1070861816406,"y":790.414306640625}},"69":{"from_node_id":"76","to_node_id":"80","b1":{"x":879.1070861816406,"y":785.164306640625},"b2":{"x":861.1070861816406,"y":790.414306640625}}}},"12":{"name":"rxn00903","bigg_id":"rxn00903","reversibility":false,"label_x":1898.53369140625,"label_y":-386.1296081542969,"gene_reaction_rule":"","genes":[],"metabolites":[{"bigg_id":"cpd00024","coefficient":-1},{"bigg_id":"cpd00156","coefficient":-1},{"bigg_id":"cpd00023","coefficient":1},{"bigg_id":"cpd00123","coefficient":1}],"segments":{"77":{"from_node_id":"90","to_node_id":"91","b1":null,"b2":null},"78":{"from_node_id":"92","to_node_id":"91","b1":null,"b2":null},"79":{"from_node_id":"90","to_node_id":"89","b1":{"x":1877.1695556640625,"y":-445.4015197753906},"b2":{"x":1914.396179658651,"y":-480.6289968645623}},"80":{"from_node_id":"90","to_node_id":"93","b1":{"x":1877.1695556640625,"y":-449.4015197753906},"b2":{"x":1877.9619294696176,"y":-503.7520193750605}},"81":{"from_node_id":"92","to_node_id":"94","b1":{"x":1877.1695556640625,"y":-321.4015197753906},"b2":{"x":1922.5421210139812,"y":-304.22228078298986}},"82":{"from_node_id":"92","to_node_id":"95","b1":{"x":1877.1695556640625,"y":-317.4015197753906},"b2":{"x":1878.3729743727645,"y":-278.97124707820365}}}},"13":{"name":"rxn00806","bigg_id":"rxn00806","reversibility":false,"label_x":1498.810791015625,"label_y":-411.89602279663086,"gene_reaction_rule":"","genes":[],"metabolites":[{"bigg_id":"cpd00024","coefficient":-1},{"bigg_id":"cpd00107","coefficient":-1},{"bigg_id":"cpd00023","coefficient":1},{"bigg_id":"cpd00200","coefficient":1}],"segments":{"83":{"from_node_id":"97","to_node_id":"98","b1":null,"b2":null},"84":{"from_node_id":"99","to_node_id":"98","b1":null,"b2":null},"85":{"from_node_id":"97","to_node_id":"96","b1":{"x":1483.810791015625,"y":-483.89602279663086},"b2":{"x":1483.810791015625,"y":-538.1460227966309}},"86":{"from_node_id":"97","to_node_id":"100","b1":{"x":1483.810791015625,"y":-487.89602279663086},"b2":{"x":1465.810791015625,"y":-493.14602279663086}},"87":{"from_node_id":"99","to_node_id":"101","b1":{"x":1483.810791015625,"y":-355.89602279663086},"b2":{"x":1465.810791015625,"y":-350.64602279663086}},"88":{"from_node_id":"99","to_node_id":"102","b1":{"x":1483.810791015625,"y":-359.89602279663086},"b2":{"x":1483.810791015625,"y":-305.64602279663086}}}},"14":{"name":"rxn06335","bigg_id":"rxn06335","reversibility":false,"label_x":2532.234817504883,"label_y":321.84327697753906,"gene_reaction_rule":"","genes":[],"metabolites":[{"bigg_id":"cpd00449","coefficient":-1},{"bigg_id":"cpd00760","coefficient":-1},{"bigg_id":"cpd00010","coefficient":1},{"bigg_id":"cpd00067","coefficient":1},{"bigg_id":"cpd14703","coefficient":1}],"segments":{"89":{"from_node_id":"103","to_node_id":"104","b1":null,"b2":null},"90":{"from_node_id":"105","to_node_id":"104","b1":null,"b2":null},"91":{"from_node_id":"103","to_node_id":"106","b1":{"x":2517.234817504883,"y":377.84327697753906},"b2":{"x":2499.234817504883,"y":383.09327697753906}},"92":{"from_node_id":"103","to_node_id":"107","b1":{"x":2517.234817504883,"y":373.84327697753906},"b2":{"x":2517.234817504883,"y":428.09327697753906}},"93":{"from_node_id":"105","to_node_id":"108","b1":{"x":2517.234817504883,"y":245.84327697753906},"b2":{"x":2535.234817504883,"y":240.59327697753906}},"94":{"from_node_id":"105","to_node_id":"109","b1":{"x":2517.234817504883,"y":245.84327697753906},"b2":{"x":2499.234817504883,"y":240.59327697753906}},"95":{"from_node_id":"105","to_node_id":"49","b1":{"x":2517.234817504883,"y":249.84327697753906},"b2":{"x":2517.234817504883,"y":195.59327697753906}}}},"15":{"name":"rxn01244","bigg_id":"rxn01244","reversibility":false,"label_x":1894.9022216796875,"label_y":-23.397003173828125,"gene_reaction_rule":"","genes":[],"metabolites":[{"bigg_id":"cpd00067","coefficient":-1},{"bigg_id":"cpd00123","coefficient":-1},{"bigg_id":"cpd00213","coefficient":-1},{"bigg_id":"cpd00011","coefficient":1},{"bigg_id":"cpd02700","coefficient":1}],"segments":{"96":{"from_node_id":"110","to_node_id":"111","b1":null,"b2":null},"97":{"from_node_id":"112","to_node_id":"111","b1":null,"b2":null},"98":{"from_node_id":"110","to_node_id":"113","b1":{"x":1879.9022216796875,"y":-99.39700317382812},"b2":{"x":1897.9022216796875,"y":-104.64700317382812}},"99":{"from_node_id":"110","to_node_id":"95","b1":{"x":1879.9022216796875,"y":-95.39700317382812},"b2":{"x":1879.9022216796875,"y":-149.64700317382812}},"100":{"from_node_id":"110","to_node_id":"114","b1":{"x":1879.9022216796875,"y":-99.39700317382812},"b2":{"x":1861.9022216796875,"y":-104.64700317382812}},"101":{"from_node_id":"112","to_node_id":"115","b1":{"x":1879.9022216796875,"y":32.602996826171875},"b2":{"x":1861.9022216796875,"y":37.852996826171875}},"102":{"from_node_id":"112","to_node_id":"116","b1":{"x":1879.9022216796875,"y":28.602996826171875},"b2":{"x":1879.9022216796875,"y":82.85299682617188}}}},"16":{"name":"rxn01925","bigg_id":"rxn01925","reversibility":false,"label_x":1894.9022216796875,"label_y":326.6029968261719,"gene_reaction_rule":"","genes":[],"metabolites":[{"bigg_id":"cpd00449","coefficient":-1},{"bigg_id":"cpd00481","coefficient":-1},{"bigg_id":"cpd00010","coefficient":1},{"bigg_id":"cpd02700","coefficient":1}],"segments":{"103":{"from_node_id":"117","to_node_id":"118","b1":null,"b2":null},"104":{"from_node_id":"119","to_node_id":"118","b1":null,"b2":null},"105":{"from_node_id":"117","to_node_id":"120","b1":{"x":1879.9022216796875,"y":382.6029968261719},"b2":{"x":1861.9022216796875,"y":387.8529968261719}},"106":{"from_node_id":"117","to_node_id":"121","b1":{"x":1879.9022216796875,"y":378.6029968261719},"b2":{"x":1879.9022216796875,"y":432.8529968261719}},"107":{"from_node_id":"119","to_node_id":"122","b1":{"x":1879.9022216796875,"y":250.60299682617188},"b2":{"x":1861.9022216796875,"y":245.35299682617188}},"108":{"from_node_id":"119","to_node_id":"116","b1":{"x":1879.9022216796875,"y":254.60299682617188},"b2":{"x":1879.9022216796875,"y":200.35299682617188}}}},"17":{"name":"rxn02934","bigg_id":"rxn02934","reversibility":false,"label_x":2532.268783569336,"label_y":1022.1426849365234,"gene_reaction_rule":"","genes":[],"metabolites":[{"bigg_id":"cpd02691","coefficient":-1},{"bigg_id":"cpd00001","coefficient":1},{"bigg_id":"cpd02125","coefficient":1}],"segments":{"109":{"from_node_id":"123","to_node_id":"124","b1":null,"b2":null},"110":{"from_node_id":"125","to_node_id":"124","b1":null,"b2":null},"111":{"from_node_id":"123","to_node_id":"126","b1":{"x":2517.268783569336,"y":1074.1426849365234},"b2":{"x":2517.268783569336,"y":1128.3926849365234}},"112":{"from_node_id":"125","to_node_id":"127","b1":{"x":2517.268783569336,"y":946.1426849365234},"b2":{"x":2499.268783569336,"y":940.8926849365234}},"113":{"from_node_id":"125","to_node_id":"5","b1":{"x":2517.268783569336,"y":950.1426849365234},"b2":{"x":2517.268783569336,"y":895.8926849365234}}}},"18":{"name":"rxn02933","bigg_id":"rxn02933","reversibility":false,"label_x":2532.268783569336,"label_y":1372.1426849365234,"gene_reaction_rule":"","genes":[],"metabolites":[{"bigg_id":"cpd00003","coefficient":-1},{"bigg_id":"cpd02691","coefficient":-1},{"bigg_id":"cpd00004","coefficient":1},{"bigg_id":"cpd00067","coefficient":1},{"bigg_id":"cpd02124","coefficient":1}],"segments":{"114":{"from_node_id":"128","to_node_id":"129","b1":null,"b2":null},"115":{"from_node_id":"130","to_node_id":"129","b1":null,"b2":null},"116":{"from_node_id":"128","to_node_id":"131","b1":{"x":2517.268783569336,"y":1296.1426849365234},"b2":{"x":2499.268783569336,"y":1290.8926849365234}},"117":{"from_node_id":"128","to_node_id":"126","b1":{"x":2517.268783569336,"y":1300.1426849365234},"b2":{"x":2517.268783569336,"y":1245.8926849365234}},"118":{"from_node_id":"130","to_node_id":"132","b1":{"x":2517.268783569336,"y":1428.1426849365234},"b2":{"x":2535.268783569336,"y":1433.3926849365234}},"119":{"from_node_id":"130","to_node_id":"133","b1":{"x":2517.268783569336,"y":1428.1426849365234},"b2":{"x":2499.268783569336,"y":1433.3926849365234}},"120":{"from_node_id":"130","to_node_id":"134","b1":{"x":2517.268783569336,"y":1424.1426849365234},"b2":{"x":2517.268783569336,"y":1478.3926849365234}}}},"19":{"name":"rxn00676","bigg_id":"rxn00676","reversibility":false,"label_x":2532.268783569336,"label_y":1722.1426849365234,"gene_reaction_rule":"","genes":[],"metabolites":[{"bigg_id":"cpd00022","coefficient":-1},{"bigg_id":"cpd00086","coefficient":-1},{"bigg_id":"cpd00010","coefficient":1},{"bigg_id":"cpd02124","coefficient":1}],"segments":{"121":{"from_node_id":"135","to_node_id":"136","b1":null,"b2":null},"122":{"from_node_id":"137","to_node_id":"136","b1":null,"b2":null},"123":{"from_node_id":"135","to_node_id":"138","b1":{"x":2517.268783569336,"y":1778.1426849365234},"b2":{"x":2499.268783569336,"y":1783.3926849365234}},"124":{"from_node_id":"135","to_node_id":"139","b1":{"x":2517.268783569336,"y":1774.1426849365234},"b2":{"x":2517.268783569336,"y":1828.3926849365234}},"125":{"from_node_id":"137","to_node_id":"140","b1":{"x":2517.268783569336,"y":1646.1426849365234},"b2":{"x":2499.268783569336,"y":1640.8926849365234}},"126":{"from_node_id":"137","to_node_id":"134","b1":{"x":2517.268783569336,"y":1650.1426849365234},"b2":{"x":2517.268783569336,"y":1595.8926849365234}}}}},"nodes":{"1":{"node_type":"multimarker","x":2517.268783569336,"y":642.1426849365234},"2":{"node_type":"midmarker","x":2517.268783569336,"y":662.1426849365234},"3":{"node_type":"multimarker","x":2517.268783569336,"y":682.1426849365234},"4":{"node_type":"metabolite","x":2437.268783569336,"y":557.1426849365234,"bigg_id":"cpd11609","name":"A","label_x":2365.268783569336,"label_y":587.1426849365234,"node_is_primary":false},"5":{"node_type":"metabolite","x":2517.268783569336,"y":837.1426849365234,"bigg_id":"cpd02125","name":"Tiglyl-CoA","label_x":2542.268783569336,"label_y":837.1426849365234,"node_is_primary":true},"6":{"node_type":"metabolite","x":2437.268783569336,"y":767.1426849365234,"bigg_id":"cpd11610","name":"AH2","label_x":2365.268783569336,"label_y":797.1426849365234,"node_is_primary":false},"8":{"node_type":"multimarker","x":1878.8785591125488,"y":648.45947265625},"9":{"node_type":"midmarker","x":1878.8785591125488,"y":668.45947265625},"10":{"node_type":"multimarker","x":1878.8785591125488,"y":688.45947265625},"11":{"node_type":"metabolite","x":1798.8785591125488,"y":563.45947265625,"bigg_id":"cpd11609","name":"A","label_x":1726.8785591125488,"label_y":593.45947265625,"node_is_primary":false},"12":{"node_type":"metabolite","x":1878.8785591125488,"y":843.45947265625,"bigg_id":"cpd02187","name":"Methacrylyl-CoA","label_x":1903.8785591125488,"label_y":843.45947265625,"node_is_primary":true},"13":{"node_type":"metabolite","x":1798.8785591125488,"y":773.45947265625,"bigg_id":"cpd11610","name":"AH2","label_x":1726.8785591125488,"label_y":803.45947265625,"node_is_primary":false},"14":{"node_type":"metabolite","x":1367.1449279785156,"y":-42.52272033691406,"bigg_id":"cpd00009","name":"Phosphate","label_x":1392.1449279785156,"label_y":-42.52272033691406,"node_is_primary":true},"15":{"node_type":"multimarker","x":1367.1449279785156,"y":112.47727966308594},"16":{"node_type":"midmarker","x":1367.1449279785156,"y":132.47727966308594},"17":{"node_type":"multimarker","x":1367.1449279785156,"y":152.47727966308594},"18":{"node_type":"metabolite","x":1287.1449279785156,"y":27.477279663085938,"bigg_id":"cpd00120","name":"Butyryl-CoA","label_x":1215.1449279785156,"label_y":57.47727966308594,"node_is_primary":false},"19":{"node_type":"metabolite","x":1367.1449279785156,"y":307.47727966308594,"bigg_id":"cpd00010","name":"CoA","label_x":1392.1449279785156,"label_y":307.47727966308594,"node_is_primary":true},"20":{"node_type":"metabolite","x":1287.1449279785156,"y":237.47727966308594,"bigg_id":"cpd01662","name":"Butanoylphosphate","label_x":1215.1449279785156,"label_y":267.47727966308594,"node_is_primary":false},"21":{"node_type":"metabolite","x":809,"y":-594,"bigg_id":"cpd00006","name":"NADP","label_x":834,"label_y":-594,"node_is_primary":true},"22":{"node_type":"multimarker","x":809,"y":-439},"23":{"node_type":"midmarker","x":809,"y":-419},"24":{"node_type":"multimarker","x":809,"y":-399},"25":{"node_type":"metabolite","x":729,"y":-524,"bigg_id":"cpd02305","name":"HPL","label_x":657,"label_y":-494,"node_is_primary":false},"26":{"node_type":"metabolite","x":809,"y":-244,"bigg_id":"cpd00005","name":"NADPH","label_x":834,"label_y":-244,"node_is_primary":true},"27":{"node_type":"metabolite","x":889,"y":-314,"bigg_id":"cpd00067","name":"H+","label_x":904,"label_y":-314,"node_is_primary":false},"28":{"node_type":"metabolite","x":729,"y":-314,"bigg_id":"cpd00868","name":"p-hydroxyphenylpyruvate","label_x":657,"label_y":-284,"node_is_primary":false},"29":{"node_type":"metabolite","x":1007.3758544921875,"y":-37.296478271484375,"bigg_id":"cpd00002","name":"ATP","label_x":1032.3758544921875,"label_y":-37.296478271484375,"node_is_primary":true},"30":{"node_type":"multimarker","x":1007.3758544921875,"y":117.70352172851562},"31":{"node_type":"midmarker","x":1007.3758544921875,"y":137.70352172851562},"32":{"node_type":"multimarker","x":1007.3758544921875,"y":157.70352172851562},"33":{"node_type":"metabolite","x":927.3758544921875,"y":32.703521728515625,"bigg_id":"cpd00211","name":"Butyrate","label_x":855.3758544921875,"label_y":62.703521728515625,"node_is_primary":false},"34":{"node_type":"metabolite","x":1007.3758544921875,"y":312.7035217285156,"bigg_id":"cpd00008","name":"ADP","label_x":1032.3758544921875,"label_y":312.7035217285156,"node_is_primary":true},"35":{"node_type":"metabolite","x":930.28466796875,"y":241.24911499023438,"bigg_id":"cpd01662","name":"Butanoylphosphate","label_x":741.3522338867188,"label_y":277.0712585449219,"node_is_primary":false},"43":{"node_type":"metabolite","x":2434.502151489258,"y":-114.51396179199219,"bigg_id":"cpd00213","name":"Lipoamide","label_x":2294.036819458008,"label_y":-98.60384368896484,"node_is_primary":true},"44":{"node_type":"multimarker","x":2517.234817504883,"y":-58.15672302246094},"45":{"node_type":"midmarker","x":2517.234817504883,"y":-38.15672302246094},"46":{"node_type":"multimarker","x":2517.234817504883,"y":-18.156723022460938},"47":{"node_type":"metabolite","x":2516.785354614258,"y":-219.5253143310547,"bigg_id":"cpd00508","name":"3MOP","label_x":2444.785354614258,"label_y":-189.5253143310547,"node_is_primary":false},"48":{"node_type":"metabolite","x":2437.234817504883,"y":66.84327697753906,"bigg_id":"cpd00011","name":"CO2","label_x":2365.234817504883,"label_y":96.84327697753906,"node_is_primary":false},"49":{"node_type":"metabolite","x":2517.234817504883,"y":136.84327697753906,"bigg_id":"cpd14703","name":"S-(2-Methylbutanoyl)-dihydrolipoamide-E","label_x":2542.234817504883,"label_y":136.84327697753906,"node_is_primary":true},"73":{"node_type":"metabolite","x":879.1070861816406,"y":544.164306640625,"bigg_id":"cpd00003","name":"NAD","label_x":904.1070861816406,"label_y":544.164306640625,"node_is_primary":true},"74":{"node_type":"multimarker","x":879.1070861816406,"y":699.164306640625},"75":{"node_type":"midmarker","x":879.1070861816406,"y":719.164306640625},"76":{"node_type":"multimarker","x":879.1070861816406,"y":739.164306640625},"77":{"node_type":"metabolite","x":799.1070861816406,"y":614.164306640625,"bigg_id":"cpd19172","name":"Enzyme N6-(dihydrolipoyl)lysine","label_x":727.1070861816406,"label_y":644.164306640625,"node_is_primary":false},"78":{"node_type":"metabolite","x":879.1070861816406,"y":894.164306640625,"bigg_id":"cpd00004","name":"NADH","label_x":904.1070861816406,"label_y":894.164306640625,"node_is_primary":true},"79":{"node_type":"metabolite","x":959.1070861816406,"y":824.164306640625,"bigg_id":"cpd00067","name":"H+","label_x":974.1070861816406,"label_y":824.164306640625,"node_is_primary":false},"80":{"node_type":"metabolite","x":799.1070861816406,"y":824.164306640625,"bigg_id":"cpd19171","name":"Enzyme N6-(lipoyl)lysine","label_x":727.1070861816406,"label_y":854.164306640625,"node_is_primary":false},"89":{"node_type":"metabolite","x":1972.63037109375,"y":-488.39697265625,"bigg_id":"cpd00024","name":"2-Oxoglutarate","label_x":1997.63037109375,"label_y":-488.39697265625,"node_is_primary":true},"90":{"node_type":"multimarker","x":1877.1695556640625,"y":-403.4015197753906},"91":{"node_type":"midmarker","x":1877.1695556640625,"y":-383.4015197753906},"92":{"node_type":"multimarker","x":1877.1695556640625,"y":-363.4015197753906},"93":{"node_type":"metabolite","x":1879.902099609375,"y":-574.316162109375,"bigg_id":"cpd00156","name":"L-Valine","label_x":1839.722412109375,"label_y":-598.4105834960938,"node_is_primary":false},"94":{"node_type":"metabolite","x":1978.9942626953125,"y":-287.9521179199219,"bigg_id":"cpd00023","name":"L-Glutamate","label_x":2003.9942626953125,"label_y":-287.9521179199219,"node_is_primary":true},"95":{"node_type":"metabolite","x":1879.9022216796875,"y":-208.39700317382812,"bigg_id":"cpd00123","name":"3-Methyl-2-oxobutanoate","label_x":1807.9022216796875,"label_y":-178.39700317382812,"node_is_primary":false},"96":{"node_type":"metabolite","x":1483.810791015625,"y":-596.8960227966309,"bigg_id":"cpd00024","name":"2-Oxoglutarate","label_x":1508.810791015625,"label_y":-596.8960227966309,"node_is_primary":true},"97":{"node_type":"multimarker","x":1483.810791015625,"y":-441.89602279663086},"98":{"node_type":"midmarker","x":1483.810791015625,"y":-421.89602279663086},"99":{"node_type":"multimarker","x":1483.810791015625,"y":-401.89602279663086},"100":{"node_type":"metabolite","x":1403.810791015625,"y":-526.8960227966309,"bigg_id":"cpd00107","name":"L-Leucine","label_x":1331.810791015625,"label_y":-496.89602279663086,"node_is_primary":false},"101":{"node_type":"metabolite","x":1403.810791015625,"y":-316.89602279663086,"bigg_id":"cpd00023","name":"L-Glutamate","label_x":1331.810791015625,"label_y":-286.89602279663086,"node_is_primary":false},"102":{"node_type":"metabolite","x":1483.810791015625,"y":-246.89602279663086,"bigg_id":"cpd00200","name":"4MOP","label_x":1508.810791015625,"label_y":-246.89602279663086,"node_is_primary":true},"103":{"node_type":"multimarker","x":2517.234817504883,"y":331.84327697753906},"104":{"node_type":"midmarker","x":2517.234817504883,"y":311.84327697753906},"105":{"node_type":"multimarker","x":2517.234817504883,"y":291.84327697753906},"106":{"node_type":"metabolite","x":2437.234817504883,"y":416.84327697753906,"bigg_id":"cpd00449","name":"Dihydrolipoamide","label_x":2365.234817504883,"label_y":446.84327697753906,"node_is_primary":false},"107":{"node_type":"metabolite","x":2517.234817504883,"y":486.84327697753906,"bigg_id":"cpd00760","name":"2-Methylbutyryl-CoA","label_x":2542.234817504883,"label_y":486.84327697753906,"node_is_primary":true},"108":{"node_type":"metabolite","x":2597.234817504883,"y":206.84327697753906,"bigg_id":"cpd00010","name":"CoA","label_x":2612.234817504883,"label_y":206.84327697753906,"node_is_primary":false},"109":{"node_type":"metabolite","x":2437.234817504883,"y":206.84327697753906,"bigg_id":"cpd00067","name":"H+","label_x":2365.234817504883,"label_y":236.84327697753906,"node_is_primary":false},"110":{"node_type":"multimarker","x":1879.9022216796875,"y":-53.397003173828125},"111":{"node_type":"midmarker","x":1879.9022216796875,"y":-33.397003173828125},"112":{"node_type":"multimarker","x":1879.9022216796875,"y":-13.397003173828125},"113":{"node_type":"metabolite","x":1959.9022216796875,"y":-138.39700317382812,"bigg_id":"cpd00067","name":"H+","label_x":1974.9022216796875,"label_y":-138.39700317382812,"node_is_primary":false},"114":{"node_type":"metabolite","x":1799.9022216796875,"y":-138.39700317382812,"bigg_id":"cpd00213","name":"Lipoamide","label_x":1727.9022216796875,"label_y":-108.39700317382812,"node_is_primary":false},"115":{"node_type":"metabolite","x":1799.9022216796875,"y":71.60299682617188,"bigg_id":"cpd00011","name":"CO2","label_x":1727.9022216796875,"label_y":101.60299682617188,"node_is_primary":false},"116":{"node_type":"metabolite","x":1879.9022216796875,"y":141.60299682617188,"bigg_id":"cpd02700","name":"S-(2-Methylpropionyl)-dihydrolipoamide","label_x":1904.9022216796875,"label_y":141.60299682617188,"node_is_primary":true},"117":{"node_type":"multimarker","x":1879.9022216796875,"y":336.6029968261719},"118":{"node_type":"midmarker","x":1879.9022216796875,"y":316.6029968261719},"119":{"node_type":"multimarker","x":1879.9022216796875,"y":296.6029968261719},"120":{"node_type":"metabolite","x":1799.9022216796875,"y":421.6029968261719,"bigg_id":"cpd00449","name":"Dihydrolipoamide","label_x":1727.9022216796875,"label_y":451.6029968261719,"node_is_primary":false},"121":{"node_type":"metabolite","x":1879.9022216796875,"y":491.6029968261719,"bigg_id":"cpd00481","name":"Isobutyryl-CoA","label_x":1904.9022216796875,"label_y":491.6029968261719,"node_is_primary":true},"122":{"node_type":"metabolite","x":1799.9022216796875,"y":211.60299682617188,"bigg_id":"cpd00010","name":"CoA","label_x":1727.9022216796875,"label_y":241.60299682617188,"node_is_primary":false},"123":{"node_type":"multimarker","x":2517.268783569336,"y":1032.1426849365234},"124":{"node_type":"midmarker","x":2517.268783569336,"y":1012.1426849365234},"125":{"node_type":"multimarker","x":2517.268783569336,"y":992.1426849365234},"126":{"node_type":"metabolite","x":2517.268783569336,"y":1187.1426849365234,"bigg_id":"cpd02691","name":"2-methyl-3-hydroxy-butyryl-CoA","label_x":2542.268783569336,"label_y":1187.1426849365234,"node_is_primary":true},"127":{"node_type":"metabolite","x":2437.268783569336,"y":907.1426849365234,"bigg_id":"cpd00001","name":"H2O","label_x":2365.268783569336,"label_y":937.1426849365234,"node_is_primary":false},"128":{"node_type":"multimarker","x":2517.268783569336,"y":1342.1426849365234},"129":{"node_type":"midmarker","x":2517.268783569336,"y":1362.1426849365234},"130":{"node_type":"multimarker","x":2517.268783569336,"y":1382.1426849365234},"131":{"node_type":"metabolite","x":2437.268783569336,"y":1257.1426849365234,"bigg_id":"cpd00003","name":"NAD","label_x":2365.268783569336,"label_y":1287.1426849365234,"node_is_primary":false},"132":{"node_type":"metabolite","x":2597.268783569336,"y":1467.1426849365234,"bigg_id":"cpd00004","name":"NADH","label_x":2612.268783569336,"label_y":1467.1426849365234,"node_is_primary":false},"133":{"node_type":"metabolite","x":2437.268783569336,"y":1467.1426849365234,"bigg_id":"cpd00067","name":"H+","label_x":2365.268783569336,"label_y":1497.1426849365234,"node_is_primary":false},"134":{"node_type":"metabolite","x":2517.268783569336,"y":1537.1426849365234,"bigg_id":"cpd02124","name":"2-Methylacetoacetyl-CoA","label_x":2542.268783569336,"label_y":1537.1426849365234,"node_is_primary":true},"135":{"node_type":"multimarker","x":2517.268783569336,"y":1732.1426849365234},"136":{"node_type":"midmarker","x":2517.268783569336,"y":1712.1426849365234},"137":{"node_type":"multimarker","x":2517.268783569336,"y":1692.1426849365234},"138":{"node_type":"metabolite","x":2437.268783569336,"y":1817.1426849365234,"bigg_id":"cpd00022","name":"Acetyl-CoA","label_x":2365.268783569336,"label_y":1847.1426849365234,"node_is_primary":false},"139":{"node_type":"metabolite","x":2517.268783569336,"y":1887.1426849365234,"bigg_id":"cpd00086","name":"Propionyl-CoA","label_x":2542.268783569336,"label_y":1887.1426849365234,"node_is_primary":true},"140":{"node_type":"metabolite","x":2437.268783569336,"y":1607.1426849365234,"bigg_id":"cpd00010","name":"CoA","label_x":2365.268783569336,"label_y":1637.1426849365234,"node_is_primary":false}},"text_labels":{},"canvas":{"x":149.8839874267578,"y":-798,"width":3088.9723358154297,"height":3082.7568359375}}]