[{"map_name":"new_map","map_id":"T3yAffwkdgGW","map_description":"\nLast Modified Thu Jun 20 2019 16:00:29 GMT-0500 (Central Daylight Time)","homepage":"https://escher.github.io","schema":"https://escher.github.io/escher/jsonschema/1-0-0#"},{"reactions":{"8":{"name":"rxn01486","bigg_id":"rxn01486","reversibility":false,"label_x":-507.2969943459707,"label_y":-1101.6513927492506,"gene_reaction_rule":"","genes":[],"metabolites":[{"bigg_id":"cpd00113","coefficient":-1},{"bigg_id":"cpd00350","coefficient":-1},{"bigg_id":"cpd00012","coefficient":1},{"bigg_id":"cpd00067","coefficient":1},{"bigg_id":"cpd00289","coefficient":1}],"segments":{"52":{"from_node_id":"61","to_node_id":"62","b1":null,"b2":null},"53":{"from_node_id":"63","to_node_id":"62","b1":null,"b2":null},"54":{"from_node_id":"61","to_node_id":"60","b1":{"x":-365.9227084972944,"y":-1192.024147671555},"b2":{"x":77.85159365865987,"y":-1651.4881609358424}},"55":{"from_node_id":"61","to_node_id":"256","b1":{"x":-365.95766175875804,"y":-1196.0239949523295},"b2":{"x":-367.9949787038938,"y":-1295.0357094248648}},"56":{"from_node_id":"63","to_node_id":"65","b1":{"x":-364.8042041304508,"y":-1064.0290346867955},"b2":{"x":-459.66174150953316,"y":-1047.41099357971}},"57":{"from_node_id":"63","to_node_id":"66","b1":{"x":-364.8042041304508,"y":-1064.0290346867955},"b2":{"x":-382.75764073826144,"y":-1058.6219454541924}},"58":{"from_node_id":"63","to_node_id":"67","b1":{"x":-364.8391573919142,"y":-1068.0288819675695},"b2":{"x":-364.3651037833098,"y":-1013.7809532220751}}}},"22":{"name":"rxn03909","bigg_id":"rxn03909","reversibility":false,"label_x":640.2088623046875,"label_y":-3937.9667205810547,"gene_reaction_rule":"","genes":[],"metabolites":[{"bigg_id":"cpd00020","coefficient":-1},{"bigg_id":"cpd00067","coefficient":-1},{"bigg_id":"cpd00102","coefficient":-1},{"bigg_id":"cpd00011","coefficient":1},{"bigg_id":"cpd08289","coefficient":1}],"segments":{"150":{"from_node_id":"173","to_node_id":"174","b1":null,"b2":null},"151":{"from_node_id":"175","to_node_id":"174","b1":null,"b2":null},"152":{"from_node_id":"173","to_node_id":"172","b1":{"x":625.2088623046875,"y":-4009.9667205810547},"b2":{"x":590.9429949923765,"y":-4014.3668899501263}},"153":{"from_node_id":"173","to_node_id":"176","b1":{"x":625.2088623046875,"y":-4013.9667205810547},"b2":{"x":643.2088623046875,"y":-4019.2167205810547}},"154":{"from_node_id":"173","to_node_id":"177","b1":{"x":625.2088623046875,"y":-4013.9667205810547},"b2":{"x":626.5824051146429,"y":-4051.580195379398}},"155":{"from_node_id":"175","to_node_id":"178","b1":{"x":625.2088623046875,"y":-3881.9667205810547},"b2":{"x":607.2088623046875,"y":-3876.7167205810547}},"156":{"from_node_id":"175","to_node_id":"179","b1":{"x":625.2088623046875,"y":-3885.9667205810547},"b2":{"x":625.2088623046875,"y":-3831.7167205810547}}}},"23":{"name":"rxn00178","bigg_id":"rxn00178","reversibility":false,"label_x":-155.41017150878906,"label_y":-3492.2592163085938,"gene_reaction_rule":"","genes":[],"metabolites":[{"bigg_id":"cpd00022","coefficient":-2},{"bigg_id":"cpd00010","coefficient":1},{"bigg_id":"cpd00279","coefficient":1}],"segments":{"157":{"from_node_id":"181","to_node_id":"182","b1":null,"b2":null},"158":{"from_node_id":"183","to_node_id":"182","b1":null,"b2":null},"159":{"from_node_id":"181","to_node_id":"180","b1":{"x":-167.41017150878906,"y":-3452.2592163085938},"b2":{"x":-221.66017150878906,"y":-3452.2592163085938}},"160":{"from_node_id":"183","to_node_id":"184","b1":{"x":-39.41017150878906,"y":-3452.2592163085938},"b2":{"x":-32.67856046512611,"y":-3459.1036955508343}},"161":{"from_node_id":"183","to_node_id":"185","b1":{"x":-43.41017150878906,"y":-3452.2592163085938},"b2":{"x":10.839828491210938,"y":-3452.2592163085938}}}},"24":{"name":"rxn01454","bigg_id":"rxn01454","reversibility":false,"label_x":84.58982849121094,"label_y":-3267.2592163085938,"gene_reaction_rule":"","genes":[],"metabolites":[{"bigg_id":"cpd00010","coefficient":-1},{"bigg_id":"cpd00067","coefficient":-1},{"bigg_id":"cpd00292","coefficient":-1},{"bigg_id":"cpd00001","coefficient":1},{"bigg_id":"cpd00022","coefficient":1},{"bigg_id":"cpd00279","coefficient":1}],"segments":{"162":{"from_node_id":"186","to_node_id":"187","b1":null,"b2":null},"163":{"from_node_id":"188","to_node_id":"187","b1":null,"b2":null},"164":{"from_node_id":"186","to_node_id":"189","b1":{"x":69.58982849121094,"y":-3211.2592163085938},"b2":{"x":87.58982849121094,"y":-3206.0092163085938}},"165":{"from_node_id":"186","to_node_id":"190","b1":{"x":69.58982849121094,"y":-3211.2592163085938},"b2":{"x":51.58982849121094,"y":-3206.0092163085938}},"166":{"from_node_id":"186","to_node_id":"191","b1":{"x":69.58982849121094,"y":-3215.2592163085938},"b2":{"x":69.58982849121094,"y":-3161.0092163085938}},"167":{"from_node_id":"188","to_node_id":"192","b1":{"x":69.58982849121094,"y":-3343.2592163085938},"b2":{"x":87.58982849121094,"y":-3348.5092163085938}},"168":{"from_node_id":"188","to_node_id":"180","b1":{"x":69.58982849121094,"y":-3343.2592163085938},"b2":{"x":-209.4620661176528,"y":-3444.1645621205707}},"169":{"from_node_id":"188","to_node_id":"185","b1":{"x":69.58982849121094,"y":-3339.2592163085938},"b2":{"x":69.58982849121094,"y":-3393.5092163085938}}}},"26":{"name":"rxn01501","bigg_id":"rxn01501","reversibility":false,"label_x":84.58982849121094,"label_y":-2917.2592163085938,"gene_reaction_rule":"","genes":[],"metabolites":[{"bigg_id":"cpd00006","coefficient":-2},{"bigg_id":"cpd00010","coefficient":-1},{"bigg_id":"cpd00332","coefficient":-1},{"bigg_id":"cpd00005","coefficient":2},{"bigg_id":"cpd00067","coefficient":2},{"bigg_id":"cpd00292","coefficient":1}],"segments":{"178":{"from_node_id":"202","to_node_id":"203","b1":null,"b2":null},"179":{"from_node_id":"204","to_node_id":"203","b1":null,"b2":null},"180":{"from_node_id":"202","to_node_id":"205","b1":{"x":69.58982849121094,"y":-2865.2592163085938},"b2":{"x":202.93852769217335,"y":-2859.247405475291}},"181":{"from_node_id":"202","to_node_id":"206","b1":{"x":69.58982849121094,"y":-2861.2592163085938},"b2":{"x":87.58982849121094,"y":-2856.0092163085938}},"182":{"from_node_id":"202","to_node_id":"207","b1":{"x":69.58982849121094,"y":-2861.2592163085938},"b2":{"x":70.80071657537468,"y":-2823.71498044264}},"183":{"from_node_id":"204","to_node_id":"208","b1":{"x":69.58982849121094,"y":-2993.2592163085938},"b2":{"x":87.58982849121094,"y":-2998.5092163085938}},"184":{"from_node_id":"204","to_node_id":"209","b1":{"x":69.58982849121094,"y":-2993.2592163085938},"b2":{"x":51.58982849121094,"y":-2998.5092163085938}},"185":{"from_node_id":"204","to_node_id":"191","b1":{"x":69.58982849121094,"y":-2989.2592163085938},"b2":{"x":69.58982849121094,"y":-3043.5092163085938}}}},"27":{"name":"rxn01607","bigg_id":"rxn01607","reversibility":false,"label_x":86.5233154296875,"label_y":-2568.1278686523438,"gene_reaction_rule":"","genes":[],"metabolites":[{"bigg_id":"cpd00002","coefficient":-1},{"bigg_id":"cpd00332","coefficient":-1},{"bigg_id":"cpd00008","coefficient":1},{"bigg_id":"cpd00067","coefficient":1},{"bigg_id":"cpd00812","coefficient":1}],"segments":{"186":{"from_node_id":"210","to_node_id":"211","b1":null,"b2":null},"187":{"from_node_id":"212","to_node_id":"211","b1":null,"b2":null},"188":{"from_node_id":"210","to_node_id":"213","b1":{"x":71.5233154296875,"y":-2644.1278686523438},"b2":{"x":53.5233154296875,"y":-2649.3778686523438}},"189":{"from_node_id":"210","to_node_id":"207","b1":{"x":71.5233154296875,"y":-2640.1278686523438},"b2":{"x":71.5233154296875,"y":-2694.3778686523438}},"190":{"from_node_id":"212","to_node_id":"214","b1":{"x":71.5233154296875,"y":-2516.1278686523438},"b2":{"x":32.71597884353679,"y":-2487.687606154337}},"191":{"from_node_id":"212","to_node_id":"215","b1":{"x":71.5233154296875,"y":-2512.1278686523438},"b2":{"x":89.5233154296875,"y":-2506.8778686523438}},"192":{"from_node_id":"212","to_node_id":"216","b1":{"x":71.5233154296875,"y":-2512.1278686523438},"b2":{"x":74.26156526148807,"y":-2464.3411663094485}}}},"28":{"name":"rxn02322","bigg_id":"rxn02322","reversibility":false,"label_x":88.45676803588867,"label_y":-2208.7549438476562,"gene_reaction_rule":"","genes":[],"metabolites":[{"bigg_id":"cpd00002","coefficient":-1},{"bigg_id":"cpd00067","coefficient":-1},{"bigg_id":"cpd00812","coefficient":-1},{"bigg_id":"cpd00008","coefficient":1},{"bigg_id":"cpd00841","coefficient":1}],"segments":{"193":{"from_node_id":"217","to_node_id":"218","b1":null,"b2":null},"194":{"from_node_id":"219","to_node_id":"218","b1":null,"b2":null},"195":{"from_node_id":"217","to_node_id":"220","b1":{"x":73.45676803588867,"y":-2284.7549438476562},"b2":{"x":91.45676803588867,"y":-2290.0049438476562}},"196":{"from_node_id":"217","to_node_id":"221","b1":{"x":73.45676803588867,"y":-2284.7549438476562},"b2":{"x":55.45676803588867,"y":-2290.0049438476562}},"197":{"from_node_id":"217","to_node_id":"216","b1":{"x":73.45676803588867,"y":-2280.7549438476562},"b2":{"x":73.45676803588867,"y":-2335.0049438476562}},"198":{"from_node_id":"219","to_node_id":"222","b1":{"x":73.4567680358887,"y":-2156.7549438476562},"b2":{"x":119.15490843053453,"y":-2145.8973635746706}},"199":{"from_node_id":"219","to_node_id":"223","b1":{"x":73.4567680358887,"y":-2152.7549438476562},"b2":{"x":75.14028291852219,"y":-2122.839716388714}}}},"29":{"name":"rxn00829","bigg_id":"rxn00829","reversibility":false,"label_x":92.95062637329102,"label_y":-1867.3048706054688,"gene_reaction_rule":"","genes":[],"metabolites":[{"bigg_id":"cpd00002","coefficient":-1},{"bigg_id":"cpd00841","coefficient":-1},{"bigg_id":"cpd00008","coefficient":1},{"bigg_id":"cpd00009","coefficient":1},{"bigg_id":"cpd00011","coefficient":1},{"bigg_id":"cpd00113","coefficient":1}],"segments":{"200":{"from_node_id":"224","to_node_id":"225","b1":null,"b2":null},"201":{"from_node_id":"226","to_node_id":"225","b1":null,"b2":null},"202":{"from_node_id":"224","to_node_id":"227","b1":{"x":77.95062637329102,"y":-1943.3048706054688},"b2":{"x":59.950626373291016,"y":-1948.5548706054688}},"203":{"from_node_id":"224","to_node_id":"223","b1":{"x":77.95062637329102,"y":-1939.3048706054688},"b2":{"x":77.95062637329102,"y":-1993.5548706054688}},"204":{"from_node_id":"226","to_node_id":"228","b1":{"x":77.95062637329104,"y":-1815.3048706054688},"b2":{"x":13.671790363921502,"y":-1816.2889392059144}},"205":{"from_node_id":"226","to_node_id":"229","b1":{"x":77.95062637329104,"y":-1811.3048706054688},"b2":{"x":95.95062637329102,"y":-1806.0548706054688}},"206":{"from_node_id":"226","to_node_id":"230","b1":{"x":77.95062637329104,"y":-1811.3048706054688},"b2":{"x":59.950626373291016,"y":-1806.0548706054688}},"207":{"from_node_id":"226","to_node_id":"60","b1":{"x":77.95062637329104,"y":-1811.3048706054688},"b2":{"x":81.79666352325336,"y":-1838.66862035361}}}},"30":{"name":"rxn00830","bigg_id":"rxn00830","reversibility":false,"label_x":238.0500988960266,"label_y":-1715.3125,"gene_reaction_rule":"","genes":[],"metabolites":[{"bigg_id":"cpd00113","coefficient":-1},{"bigg_id":"cpd00202","coefficient":1}],"segments":{"208":{"from_node_id":"232","to_node_id":"233","b1":null,"b2":null},"209":{"from_node_id":"234","to_node_id":"233","b1":null,"b2":null},"210":{"from_node_id":"232","to_node_id":"60","b1":{"x":189.696674823761,"y":-1705.2506103515625},"b2":{"x":136.43367433547974,"y":-1711.44580078125}},"211":{"from_node_id":"234","to_node_id":"235","b1":{"x":313.696674823761,"y":-1705.2506103515625},"b2":{"x":367.946674823761,"y":-1705.2506103515625}}}},"32":{"name":"rxn01213","bigg_id":"rxn01213","reversibility":false,"label_x":441.696674823761,"label_y":-1520.2506103515625,"gene_reaction_rule":"","genes":[],"metabolites":[{"bigg_id":"cpd00113","coefficient":-1},{"bigg_id":"cpd00202","coefficient":-1},{"bigg_id":"cpd00012","coefficient":1},{"bigg_id":"cpd00067","coefficient":1},{"bigg_id":"cpd00283","coefficient":1}],"segments":{"219":{"from_node_id":"243","to_node_id":"244","b1":null,"b2":null},"220":{"from_node_id":"245","to_node_id":"244","b1":null,"b2":null},"221":{"from_node_id":"243","to_node_id":"60","b1":{"x":426.696674823761,"y":-1596.2506103515625},"b2":{"x":149.23053438686816,"y":-1702.6464175962158}},"222":{"from_node_id":"243","to_node_id":"235","b1":{"x":426.696674823761,"y":-1592.2506103515625},"b2":{"x":426.696674823761,"y":-1646.5006103515625}},"223":{"from_node_id":"245","to_node_id":"247","b1":{"x":426.696674823761,"y":-1464.2506103515625},"b2":{"x":444.696674823761,"y":-1459.0006103515625}},"224":{"from_node_id":"245","to_node_id":"248","b1":{"x":426.696674823761,"y":-1464.2506103515625},"b2":{"x":419.03111696243286,"y":-1463.1343994140625}},"225":{"from_node_id":"245","to_node_id":"249","b1":{"x":426.696674823761,"y":-1468.2506103515625},"b2":{"x":426.696674823761,"y":-1414.0006103515625}}}},"33":{"name":"rxn01466","bigg_id":"rxn01466","reversibility":false,"label_x":153.46039628982544,"label_y":-1315.7452392578125,"gene_reaction_rule":"","genes":[],"metabolites":[{"bigg_id":"cpd00113","coefficient":-1},{"bigg_id":"cpd00283","coefficient":-1},{"bigg_id":"cpd00012","coefficient":1},{"bigg_id":"cpd00067","coefficient":1},{"bigg_id":"cpd00350","coefficient":1}],"segments":{"226":{"from_node_id":"250","to_node_id":"251","b1":null,"b2":null},"227":{"from_node_id":"252","to_node_id":"251","b1":null,"b2":null},"228":{"from_node_id":"250","to_node_id":"60","b1":{"x":288.7344288825989,"y":-1355.25048828125},"b2":{"x":75.94374950095704,"y":-1639.5531117217984}},"229":{"from_node_id":"250","to_node_id":"249","b1":{"x":284.7344288825989,"y":-1355.25048828125},"b2":{"x":367.946674823761,"y":-1355.2506103515625}},"230":{"from_node_id":"252","to_node_id":"254","b1":{"x":156.73442888259888,"y":-1355.25048828125},"b2":{"x":126.71746980310832,"y":-1369.4214781712767}},"231":{"from_node_id":"252","to_node_id":"255","b1":{"x":156.73442888259888,"y":-1355.25048828125},"b2":{"x":138.9734361527087,"y":-1419.6948633462328}},"232":{"from_node_id":"252","to_node_id":"256","b1":{"x":160.73442888259888,"y":-1355.25048828125},"b2":{"x":-315.1347613334656,"y":-1355.2506103515625}}}},"35":{"name":"rxn03958","bigg_id":"rxn03958","reversibility":false,"label_x":640.2088623046875,"label_y":-3587.9667205810547,"gene_reaction_rule":"","genes":[],"metabolites":[{"bigg_id":"cpd00006","coefficient":-1},{"bigg_id":"cpd08286","coefficient":-1},{"bigg_id":"cpd00005","coefficient":1},{"bigg_id":"cpd00067","coefficient":1},{"bigg_id":"cpd08289","coefficient":1}],"segments":{"240":{"from_node_id":"264","to_node_id":"265","b1":null,"b2":null},"241":{"from_node_id":"266","to_node_id":"265","b1":null,"b2":null},"242":{"from_node_id":"264","to_node_id":"267","b1":{"x":625.2088623046875,"y":-3535.9667205810547},"b2":{"x":668.0293532210554,"y":-3515.4289374079563}},"243":{"from_node_id":"264","to_node_id":"268","b1":{"x":625.2088623046875,"y":-3531.9667205810547},"b2":{"x":628.14323165302,"y":-3522.686271694743}},"244":{"from_node_id":"266","to_node_id":"269","b1":{"x":625.2088623046875,"y":-3663.9667205810547},"b2":{"x":643.2088623046875,"y":-3669.2167205810547}},"245":{"from_node_id":"266","to_node_id":"270","b1":{"x":625.2088623046875,"y":-3663.9667205810547},"b2":{"x":607.2088623046875,"y":-3669.2167205810547}},"246":{"from_node_id":"266","to_node_id":"179","b1":{"x":625.2088623046875,"y":-3659.9667205810547},"b2":{"x":625.2088623046875,"y":-3714.2167205810547}}}},"36":{"name":"rxn03907","bigg_id":"rxn03907","reversibility":false,"label_x":641.930419921875,"label_y":-3267.1058807373047,"gene_reaction_rule":"","genes":[],"metabolites":[{"bigg_id":"cpd00052","coefficient":-1},{"bigg_id":"cpd08286","coefficient":-1},{"bigg_id":"cpd00012","coefficient":1},{"bigg_id":"cpd08287","coefficient":1}],"segments":{"247":{"from_node_id":"271","to_node_id":"272","b1":null,"b2":null},"248":{"from_node_id":"273","to_node_id":"272","b1":null,"b2":null},"249":{"from_node_id":"271","to_node_id":"274","b1":{"x":626.930419921875,"y":-3343.1058807373047},"b2":{"x":608.930419921875,"y":-3348.3558807373047}},"250":{"from_node_id":"271","to_node_id":"268","b1":{"x":626.930419921875,"y":-3339.1058807373047},"b2":{"x":626.930419921875,"y":-3393.3558807373047}},"251":{"from_node_id":"273","to_node_id":"275","b1":{"x":626.930419921875,"y":-3211.1058807373047},"b2":{"x":608.930419921875,"y":-3205.8558807373047}},"252":{"from_node_id":"273","to_node_id":"276","b1":{"x":626.930419921875,"y":-3215.1058807373047},"b2":{"x":626.930419921875,"y":-3160.8558807373047}}}},"37":{"name":"rxn03908","bigg_id":"rxn03908","reversibility":false,"label_x":641.930419921875,"label_y":-2917.1058807373047,"gene_reaction_rule":"","genes":[],"metabolites":[{"bigg_id":"cpd00002","coefficient":-1},{"bigg_id":"cpd08287","coefficient":-1},{"bigg_id":"cpd00008","coefficient":1},{"bigg_id":"cpd00067","coefficient":1},{"bigg_id":"cpd08288","coefficient":1}],"segments":{"253":{"from_node_id":"277","to_node_id":"278","b1":null,"b2":null},"254":{"from_node_id":"279","to_node_id":"278","b1":null,"b2":null},"255":{"from_node_id":"277","to_node_id":"280","b1":{"x":626.930419921875,"y":-2993.1058807373047},"b2":{"x":608.930419921875,"y":-2998.3558807373047}},"256":{"from_node_id":"277","to_node_id":"276","b1":{"x":626.930419921875,"y":-2989.1058807373047},"b2":{"x":626.930419921875,"y":-3043.3558807373047}},"257":{"from_node_id":"279","to_node_id":"281","b1":{"x":626.930419921875,"y":-2861.1058807373047},"b2":{"x":644.930419921875,"y":-2855.8558807373047}},"258":{"from_node_id":"279","to_node_id":"282","b1":{"x":626.930419921875,"y":-2861.1058807373047},"b2":{"x":608.930419921875,"y":-2855.8558807373047}},"259":{"from_node_id":"279","to_node_id":"283","b1":{"x":626.930419921875,"y":-2865.1058807373047},"b2":{"x":626.930419921875,"y":-2810.8558807373047}}}},"38":{"name":"rxn03910","bigg_id":"rxn03910","reversibility":false,"label_x":641.930419921875,"label_y":-2567.1058807373047,"gene_reaction_rule":"","genes":[],"metabolites":[{"bigg_id":"cpd08288","coefficient":-1},{"bigg_id":"cpd00046","coefficient":1},{"bigg_id":"cpd08301","coefficient":1}],"segments":{"260":{"from_node_id":"284","to_node_id":"285","b1":null,"b2":null},"261":{"from_node_id":"286","to_node_id":"285","b1":null,"b2":null},"262":{"from_node_id":"284","to_node_id":"283","b1":{"x":626.930419921875,"y":-2639.1058807373047},"b2":{"x":626.930419921875,"y":-2693.3558807373047}},"263":{"from_node_id":"286","to_node_id":"287","b1":{"x":626.930419921875,"y":-2515.1058807373047},"b2":{"x":576.9271597774349,"y":-2476.5946857850345}},"264":{"from_node_id":"286","to_node_id":"288","b1":{"x":626.930419921875,"y":-2511.1058807373047},"b2":{"x":626.769832894208,"y":-2473.5365017269623}}}},"39":{"name":"rxn05293","bigg_id":"rxn05293","reversibility":false,"label_x":640.5088500976562,"label_y":-2217.9569549560547,"gene_reaction_rule":"","genes":[],"metabolites":[{"bigg_id":"cpd00004","coefficient":-1},{"bigg_id":"cpd00067","coefficient":-1},{"bigg_id":"cpd08301","coefficient":-1},{"bigg_id":"cpd00001","coefficient":1},{"bigg_id":"cpd00003","coefficient":1},{"bigg_id":"cpd08615","coefficient":1}],"segments":{"265":{"from_node_id":"289","to_node_id":"290","b1":null,"b2":null},"266":{"from_node_id":"291","to_node_id":"290","b1":null,"b2":null},"267":{"from_node_id":"289","to_node_id":"292","b1":{"x":625.5088500976562,"y":-2293.9569549560547},"b2":{"x":643.5088500976562,"y":-2299.2069549560547}},"268":{"from_node_id":"289","to_node_id":"293","b1":{"x":625.5088500976562,"y":-2293.9569549560547},"b2":{"x":607.5088500976562,"y":-2299.2069549560547}},"269":{"from_node_id":"289","to_node_id":"288","b1":{"x":625.5088500976562,"y":-2289.9569549560547},"b2":{"x":625.5088500976562,"y":-2344.2069549560547}},"270":{"from_node_id":"291","to_node_id":"294","b1":{"x":625.5088500976562,"y":-2161.9569549560547},"b2":{"x":643.5088500976562,"y":-2156.7069549560547}},"271":{"from_node_id":"291","to_node_id":"295","b1":{"x":625.5088500976562,"y":-2165.9569549560547},"b2":{"x":707.4965523414462,"y":-2167.954378918189}},"272":{"from_node_id":"291","to_node_id":"296","b1":{"x":625.5088500976562,"y":-2161.9569549560547},"b2":{"x":626.6574047211398,"y":-2139.363873135035}}}},"40":{"name":"rxn04113","bigg_id":"rxn04113","reversibility":false,"label_x":640.8434448242188,"label_y":-1883.7777557373047,"gene_reaction_rule":"","genes":[],"metabolites":[{"bigg_id":"cpd00005","coefficient":-1},{"bigg_id":"cpd00067","coefficient":-1},{"bigg_id":"cpd08615","coefficient":-1},{"bigg_id":"cpd00001","coefficient":1},{"bigg_id":"cpd00006","coefficient":1},{"bigg_id":"cpd00113","coefficient":1}],"segments":{"273":{"from_node_id":"297","to_node_id":"298","b1":null,"b2":null},"274":{"from_node_id":"299","to_node_id":"298","b1":null,"b2":null},"275":{"from_node_id":"297","to_node_id":"300","b1":{"x":625.8434448242188,"y":-1959.7777557373047},"b2":{"x":643.8434448242188,"y":-1965.0277557373047}},"276":{"from_node_id":"297","to_node_id":"301","b1":{"x":625.8434448242188,"y":-1959.7777557373047},"b2":{"x":607.8434448242188,"y":-1965.0277557373047}},"277":{"from_node_id":"297","to_node_id":"296","b1":{"x":625.8434448242188,"y":-1955.7777557373047},"b2":{"x":625.8434448242188,"y":-2010.0277557373047}},"278":{"from_node_id":"299","to_node_id":"302","b1":{"x":625.8434448242188,"y":-1827.7777557373047},"b2":{"x":643.8434448242188,"y":-1822.5277557373047}},"279":{"from_node_id":"299","to_node_id":"303","b1":{"x":625.8434448242188,"y":-1831.7777557373047},"b2":{"x":736.2157395942386,"y":-1828.2288010603613}},"280":{"from_node_id":"299","to_node_id":"60","b1":{"x":625.8434448242188,"y":-1827.7777557373047},"b2":{"x":157.20236329196268,"y":-1721.5777065387174}}}},"42":{"name":"rxn05287","bigg_id":"rxn05287","reversibility":false,"label_x":-511.12260940839224,"label_y":-773.7636040005555,"gene_reaction_rule":"","genes":[],"metabolites":[{"bigg_id":"cpd00113","coefficient":-1},{"bigg_id":"cpd00289","coefficient":-1},{"bigg_id":"cpd00012","coefficient":1},{"bigg_id":"cpd00067","coefficient":1},{"bigg_id":"cpd02591","coefficient":1}],"segments":{"288":{"from_node_id":"313","to_node_id":"314","b1":null,"b2":null},"289":{"from_node_id":"315","to_node_id":"314","b1":null,"b2":null},"290":{"from_node_id":"313","to_node_id":"60","b1":{"x":-363.85172775556026,"y":-846.0331962857117},"b2":{"x":76.49422859945594,"y":-1640.0350776267671}},"291":{"from_node_id":"313","to_node_id":"67","b1":{"x":-363.85172775556026,"y":-842.0331962857117},"b2":{"x":-363.85172775556026,"y":-896.2831962857117}},"292":{"from_node_id":"315","to_node_id":"317","b1":{"x":-363.85172775556026,"y":-714.0331962857117},"b2":{"x":-446.5368523876163,"y":-696.0710041527984}},"293":{"from_node_id":"315","to_node_id":"318","b1":{"x":-363.85172775556026,"y":-714.0331962857117},"b2":{"x":-381.85172775556026,"y":-708.7831962857117}},"294":{"from_node_id":"315","to_node_id":"319","b1":{"x":-363.85172775556026,"y":-718.0331962857117},"b2":{"x":-363.85172775556026,"y":-663.7831962857117}}}},"43":{"name":"rxn03892","bigg_id":"rxn03892","reversibility":false,"label_x":-511.74479821492605,"label_y":-429.12615282868046,"gene_reaction_rule":"","genes":[],"metabolites":[{"bigg_id":"cpd00113","coefficient":-1},{"bigg_id":"cpd02591","coefficient":-1},{"bigg_id":"cpd00012","coefficient":1},{"bigg_id":"cpd00067","coefficient":1},{"bigg_id":"cpd00906","coefficient":1}],"segments":{"295":{"from_node_id":"320","to_node_id":"321","b1":null,"b2":null},"296":{"from_node_id":"322","to_node_id":"321","b1":null,"b2":null},"297":{"from_node_id":"320","to_node_id":"60","b1":{"x":-363.85172775556026,"y":-496.0331962857117},"b2":{"x":80.93079257071577,"y":-1633.1941974344516}},"298":{"from_node_id":"320","to_node_id":"319","b1":{"x":-363.85172775556026,"y":-492.0331962857117},"b2":{"x":-363.85172775556026,"y":-546.2831962857117}},"299":{"from_node_id":"322","to_node_id":"324","b1":{"x":-363.85172775556026,"y":-364.0331962857117},"b2":{"x":-454.19499776918735,"y":-345.5985589867801}},"300":{"from_node_id":"322","to_node_id":"325","b1":{"x":-363.85172775556026,"y":-364.0331962857117},"b2":{"x":-381.85172775556026,"y":-358.7831962857117}},"301":{"from_node_id":"322","to_node_id":"326","b1":{"x":-363.85172775556026,"y":-368.0331962857117},"b2":{"x":-363.85172775556026,"y":-313.7831962857117}}}},"44":{"name":"rxn03891","bigg_id":"rxn03891","reversibility":false,"label_x":-515.0901615934508,"label_y":-74.8517006192078,"gene_reaction_rule":"","genes":[],"metabolites":[{"bigg_id":"cpd00113","coefficient":-1},{"bigg_id":"cpd00906","coefficient":-1},{"bigg_id":"cpd00012","coefficient":1},{"bigg_id":"cpd00067","coefficient":1},{"bigg_id":"cpd02590","coefficient":1}],"segments":{"302":{"from_node_id":"327","to_node_id":"328","b1":null,"b2":null},"303":{"from_node_id":"329","to_node_id":"328","b1":null,"b2":null},"304":{"from_node_id":"327","to_node_id":"60","b1":{"x":-363.85172775556026,"y":-146.0331962857117},"b2":{"x":81.12409641702743,"y":-1640.933640815596}},"305":{"from_node_id":"327","to_node_id":"326","b1":{"x":-363.85172775556026,"y":-142.0331962857117},"b2":{"x":-363.85172775556026,"y":-196.2831962857117}},"306":{"from_node_id":"329","to_node_id":"331","b1":{"x":-363.85172775556026,"y":-14.03319628571171},"b2":{"x":-473.4618456237881,"y":2.801120639885516}},"307":{"from_node_id":"329","to_node_id":"332","b1":{"x":-363.85172775556026,"y":-14.03319628571171},"b2":{"x":-381.85172775556026,"y":-8.78319628571171}},"308":{"from_node_id":"329","to_node_id":"333","b1":{"x":-363.85172775556026,"y":-18.03319628571171},"b2":{"x":-363.85172775556026,"y":36.21680371428829}}}},"45":{"name":"rxn12008","bigg_id":"rxn12008","reversibility":false,"label_x":-348.85172775556026,"label_y":279.9668037142883,"gene_reaction_rule":"","genes":[],"metabolites":[{"bigg_id":"cpd00012","coefficient":-1},{"bigg_id":"cpd00067","coefficient":-1},{"bigg_id":"cpd02557","coefficient":-1},{"bigg_id":"cpd00113","coefficient":1},{"bigg_id":"cpd02590","coefficient":1}],"segments":{"309":{"from_node_id":"334","to_node_id":"335","b1":null,"b2":null},"310":{"from_node_id":"336","to_node_id":"335","b1":null,"b2":null},"311":{"from_node_id":"334","to_node_id":"337","b1":{"x":-363.85172775556026,"y":335.9668037142883},"b2":{"x":-345.85172775556026,"y":341.2168037142883}},"312":{"from_node_id":"334","to_node_id":"338","b1":{"x":-363.85172775556026,"y":335.9668037142883},"b2":{"x":-381.85172775556026,"y":341.2168037142883}},"313":{"from_node_id":"334","to_node_id":"339","b1":{"x":-363.85172775556026,"y":331.9668037142883},"b2":{"x":-363.85172775556026,"y":386.2168037142883}},"314":{"from_node_id":"336","to_node_id":"60","b1":{"x":-363.85172775556026,"y":203.9668037142883},"b2":{"x":84.6179611467634,"y":-1630.597129901928}},"315":{"from_node_id":"336","to_node_id":"333","b1":{"x":-363.85172775556026,"y":207.9668037142883},"b2":{"x":-363.85172775556026,"y":153.7168037142883}}}},"46":{"name":"rxn05028","bigg_id":"rxn05028","reversibility":false,"label_x":-284.62753036786495,"label_y":486.8813544955383,"gene_reaction_rule":"","genes":[],"metabolites":[{"bigg_id":"cpd00113","coefficient":-1},{"bigg_id":"cpd02557","coefficient":-1},{"bigg_id":"cpd00012","coefficient":1},{"bigg_id":"cpd00067","coefficient":1},{"bigg_id":"cpd02172","coefficient":1}],"segments":{"316":{"from_node_id":"341","to_node_id":"342","b1":null,"b2":null},"317":{"from_node_id":"343","to_node_id":"342","b1":null,"b2":null},"318":{"from_node_id":"341","to_node_id":"60","b1":{"x":-254.85172775556026,"y":444.9668037142883},"b2":{"x":69.8318270291688,"y":-1634.4014675310586}},"319":{"from_node_id":"341","to_node_id":"339","b1":{"x":-250.85172775556026,"y":444.9668037142883},"b2":{"x":-305.10172775556026,"y":444.9668037142883}},"320":{"from_node_id":"343","to_node_id":"345","b1":{"x":-122.85172775556026,"y":444.9668037142883},"b2":{"x":-117.60172775556026,"y":426.9668037142883}},"321":{"from_node_id":"343","to_node_id":"346","b1":{"x":-122.85172775556026,"y":444.9668037142883},"b2":{"x":-117.60172775556026,"y":462.9668037142883}},"322":{"from_node_id":"343","to_node_id":"347","b1":{"x":-126.85172775556026,"y":444.9668037142883},"b2":{"x":-72.60172775556026,"y":444.9668037142883}}}},"47":{"name":"rxn09345","bigg_id":"rxn09345","reversibility":false,"label_x":-598.8847613334656,"label_y":-1395.2506103515625,"gene_reaction_rule":"","genes":[],"metabolites":[{"bigg_id":"cpd00113","coefficient":-8},{"bigg_id":"cpd00350","coefficient":-1},{"bigg_id":"cpd00012","coefficient":8},{"bigg_id":"cpd00067","coefficient":8},{"bigg_id":"cpd02229","coefficient":1}],"segments":{"323":{"from_node_id":"348","to_node_id":"349","b1":null,"b2":null},"324":{"from_node_id":"350","to_node_id":"349","b1":null,"b2":null},"325":{"from_node_id":"348","to_node_id":"60","b1":{"x":-482.8847613334656,"y":-1355.2506103515625},"b2":{"x":79.89978212394809,"y":-1633.5811928528856}},"326":{"from_node_id":"348","to_node_id":"256","b1":{"x":-486.8847613334656,"y":-1355.2506103515625},"b2":{"x":-432.6347613334656,"y":-1355.2506103515625}},"327":{"from_node_id":"350","to_node_id":"352","b1":{"x":-614.8847613334656,"y":-1355.2506103515625},"b2":{"x":-620.1347613334656,"y":-1337.2506103515625}},"328":{"from_node_id":"350","to_node_id":"353","b1":{"x":-614.8847613334656,"y":-1355.2506103515625},"b2":{"x":-620.1347613334656,"y":-1373.2506103515625}},"329":{"from_node_id":"350","to_node_id":"354","b1":{"x":-610.8847613334656,"y":-1355.2506103515625},"b2":{"x":-665.1347613334656,"y":-1355.2506103515625}}}},"48":{"name":"rxn03843","bigg_id":"rxn03843","reversibility":false,"label_x":-515.82967710495,"label_y":-1516.1204833984375,"gene_reaction_rule":"","genes":[],"metabolites":[{"bigg_id":"cpd00113","coefficient":-1},{"bigg_id":"cpd00350","coefficient":-1},{"bigg_id":"cpd00012","coefficient":1},{"bigg_id":"cpd00067","coefficient":1},{"bigg_id":"cpd08211","coefficient":1}],"segments":{"330":{"from_node_id":"355","to_node_id":"356","b1":null,"b2":null},"331":{"from_node_id":"357","to_node_id":"356","b1":null,"b2":null},"332":{"from_node_id":"355","to_node_id":"60","b1":{"x":-373.0648211063101,"y":-1464.25791856228},"b2":{"x":3.6468168419133917,"y":-1714.8211821875354}},"333":{"from_node_id":"355","to_node_id":"256","b1":{"x":-373.1361202564978,"y":-1468.257283065697},"b2":{"x":-373.8847613334656,"y":-1414.0006103515625}},"334":{"from_node_id":"357","to_node_id":"359","b1":{"x":-373.8847613334656,"y":-1596.2506103515625},"b2":{"x":-391.8847613334656,"y":-1601.5006103515625}},"335":{"from_node_id":"357","to_node_id":"360","b1":{"x":-373.8847613334656,"y":-1596.2506103515625},"b2":{"x":-355.8847613334656,"y":-1601.5006103515625}},"336":{"from_node_id":"357","to_node_id":"361","b1":{"x":-373.8847613334656,"y":-1592.2506103515625},"b2":{"x":-373.8847613334656,"y":-1646.5006103515625}}}}},"nodes":{"60":{"node_type":"metabolite","x":79.00953341011862,"y":-1710.2267485553282,"bigg_id":"cpd00113","name":"Isopentenyldiphosphate","label_x":-56.188971991492906,"label_y":-1734.3671294147032,"node_is_primary":true},"61":{"node_type":"multimarker","x":-365.55569925192367,"y":-1150.0257512234302},"62":{"node_type":"midmarker","x":-365.3809329446035,"y":-1130.026514819563},"63":{"node_type":"multimarker","x":-365.20616663728543,"y":-1110.0272784156932},"65":{"node_type":"metabolite","x":-528.8053409399465,"y":-1033.1904043582167,"bigg_id":"cpd00012","name":"PPi","label_x":-575.3563663305716,"label_y":-1046.2466787722792,"node_is_primary":false},"66":{"node_type":"metabolite","x":-444.460355446652,"y":-1024.3314584699747,"bigg_id":"cpd00067","name":"H+","label_x":-490.3478066185269,"label_y":-1011.1180795637247,"node_is_primary":false},"67":{"node_type":"metabolite","x":-363.85172775556026,"y":-955.0331962857117,"bigg_id":"cpd00289","name":"Geranylgeranyl diphosphate","label_x":-655.9327671842711,"label_y":-949.4376152310242,"node_is_primary":true},"172":{"node_type":"metabolite","x":537.2010498046875,"y":-4038.1022186279297,"bigg_id":"cpd00020","name":"Pyruvate","label_x":562.2010498046875,"label_y":-4038.1022186279297,"node_is_primary":false},"173":{"node_type":"multimarker","x":625.2088623046875,"y":-3967.9667205810547},"174":{"node_type":"midmarker","x":625.2088623046875,"y":-3947.9667205810547},"175":{"node_type":"multimarker","x":625.2088623046875,"y":-3927.9667205810547},"176":{"node_type":"metabolite","x":705.2088623046875,"y":-4052.9667205810547,"bigg_id":"cpd00067","name":"H+","label_x":720.2088623046875,"label_y":-4052.9667205810547,"node_is_primary":false},"177":{"node_type":"metabolite","x":623.7872924804688,"y":-4122.115646362305,"bigg_id":"cpd00102","name":"Glyceraldehyde3-phosphate","label_x":501.49713134765625,"label_y":-4145.54899597168,"node_is_primary":true},"178":{"node_type":"metabolite","x":545.2088623046875,"y":-3842.9667205810547,"bigg_id":"cpd00011","name":"CO2","label_x":473.2088623046875,"label_y":-3812.9667205810547,"node_is_primary":false},"179":{"node_type":"metabolite","x":625.2088623046875,"y":-3772.9667205810547,"bigg_id":"cpd08289","name":"1-deoxy-D-xylulose5-phosphate","label_x":650.2088623046875,"label_y":-3772.9667205810547,"node_is_primary":true},"180":{"node_type":"metabolite","x":-280.41017150878906,"y":-3452.2592163085938,"bigg_id":"cpd00022","name":"Acetyl-CoA","label_x":-323.6101715087891,"label_y":-3412.2592163085938,"node_is_primary":true},"181":{"node_type":"multimarker","x":-125.41017150878906,"y":-3452.2592163085938},"182":{"node_type":"midmarker","x":-105.41017150878906,"y":-3452.2592163085938},"183":{"node_type":"multimarker","x":-85.41017150878906,"y":-3452.2592163085938},"184":{"node_type":"metabolite","x":14.001922607421875,"y":-3512.0564575195312,"bigg_id":"cpd00010","name":"CoA","label_x":-6.138735961914051,"label_y":-3536.9108276367188,"node_is_primary":false},"185":{"node_type":"metabolite","x":69.58982849121094,"y":-3452.2592163085938,"bigg_id":"cpd00279","name":"Acetoacetyl-CoA","label_x":27.8310516357422,"label_y":-3477.1135864257812,"node_is_primary":true},"186":{"node_type":"multimarker","x":69.58982849121094,"y":-3257.2592163085938},"187":{"node_type":"midmarker","x":69.58982849121094,"y":-3277.2592163085938},"188":{"node_type":"multimarker","x":69.58982849121094,"y":-3297.2592163085938},"189":{"node_type":"metabolite","x":149.58982849121094,"y":-3172.2592163085938,"bigg_id":"cpd00010","name":"CoA","label_x":164.58982849121094,"label_y":-3172.2592163085938,"node_is_primary":false},"190":{"node_type":"metabolite","x":-10.410171508789062,"y":-3172.2592163085938,"bigg_id":"cpd00067","name":"H+","label_x":-82.41017150878906,"label_y":-3142.2592163085938,"node_is_primary":false},"191":{"node_type":"metabolite","x":69.58982849121094,"y":-3102.2592163085938,"bigg_id":"cpd00292","name":"HMG-CoA","label_x":94.58982849121094,"label_y":-3102.2592163085938,"node_is_primary":true},"192":{"node_type":"metabolite","x":149.58982849121094,"y":-3382.2592163085938,"bigg_id":"cpd00001","name":"H2O","label_x":164.58982849121094,"label_y":-3382.2592163085938,"node_is_primary":false},"202":{"node_type":"multimarker","x":69.58982849121094,"y":-2907.2592163085938},"203":{"node_type":"midmarker","x":69.58982849121094,"y":-2927.2592163085938},"204":{"node_type":"multimarker","x":69.58982849121094,"y":-2947.2592163085938},"205":{"node_type":"metabolite","x":259.06092834472656,"y":-2841.8739013671875,"bigg_id":"cpd00006","name":"NADP","label_x":284.06092834472656,"label_y":-2841.8739013671875,"node_is_primary":false},"206":{"node_type":"metabolite","x":149.58982849121094,"y":-2822.2592163085938,"bigg_id":"cpd00010","name":"CoA","label_x":164.58982849121094,"label_y":-2822.2592163085938,"node_is_primary":false},"207":{"node_type":"metabolite","x":71.5233154296875,"y":-2753.1278686523438,"bigg_id":"cpd00332","name":"Mevalonic acid","label_x":-0.4766845703125,"label_y":-2723.1278686523438,"node_is_primary":true},"208":{"node_type":"metabolite","x":149.58982849121094,"y":-3032.2592163085938,"bigg_id":"cpd00005","name":"NADPH","label_x":164.58982849121094,"label_y":-3032.2592163085938,"node_is_primary":false},"209":{"node_type":"metabolite","x":-10.410171508789062,"y":-3032.2592163085938,"bigg_id":"cpd00067","name":"H+","label_x":-82.41017150878906,"label_y":-3002.2592163085938,"node_is_primary":false},"210":{"node_type":"multimarker","x":71.5233154296875,"y":-2598.1278686523438},"211":{"node_type":"midmarker","x":71.5233154296875,"y":-2578.1278686523438},"212":{"node_type":"multimarker","x":71.5233154296875,"y":-2558.1278686523438},"213":{"node_type":"metabolite","x":-8.4766845703125,"y":-2683.1278686523438,"bigg_id":"cpd00002","name":"ATP","label_x":-80.4766845703125,"label_y":-2668.4902954101562,"node_is_primary":false},"214":{"node_type":"metabolite","x":-23.212234497070312,"y":-2469.6987915039062,"bigg_id":"cpd00008","name":"ADP","label_x":-90.38736391067505,"label_y":-2482.5009155273438,"node_is_primary":false},"215":{"node_type":"metabolite","x":151.5233154296875,"y":-2473.1278686523438,"bigg_id":"cpd00067","name":"H+","label_x":166.5233154296875,"label_y":-2473.1278686523438,"node_is_primary":false},"216":{"node_type":"metabolite","x":73.45676803588867,"y":-2393.7549438476562,"bigg_id":"cpd00812","name":"5-phosphomevalonate","label_x":1.4567680358886719,"label_y":-2363.7549438476562,"node_is_primary":true},"217":{"node_type":"multimarker","x":73.45676803588867,"y":-2238.7549438476562},"218":{"node_type":"midmarker","x":73.45676803588867,"y":-2218.7549438476562},"219":{"node_type":"multimarker","x":73.45676803588867,"y":-2198.7549438476562},"220":{"node_type":"metabolite","x":153.45676803588867,"y":-2323.7549438476562,"bigg_id":"cpd00002","name":"ATP","label_x":168.45676803588867,"label_y":-2323.7549438476562,"node_is_primary":false},"221":{"node_type":"metabolite","x":-6.543231964111328,"y":-2323.7549438476562,"bigg_id":"cpd00067","name":"H+","label_x":-78.54323196411133,"label_y":-2293.7549438476562,"node_is_primary":false},"222":{"node_type":"metabolite","x":173.31315231323242,"y":-2123.1279296875,"bigg_id":"cpd00008","name":"ADP","label_x":198.31315231323242,"label_y":-2123.1279296875,"node_is_primary":false},"223":{"node_type":"metabolite","x":77.95062637329102,"y":-2052.3048706054688,"bigg_id":"cpd00841","name":"5-diphosphomevalonate","label_x":5.950626373291016,"label_y":-2022.3048706054688,"node_is_primary":true},"224":{"node_type":"multimarker","x":77.95062637329102,"y":-1897.3048706054688},"225":{"node_type":"midmarker","x":77.95062637329102,"y":-1877.3048706054688},"226":{"node_type":"multimarker","x":77.95062637329102,"y":-1857.3048706054688},"227":{"node_type":"metabolite","x":-2.0493736267089844,"y":-1982.3048706054688,"bigg_id":"cpd00002","name":"ATP","label_x":-61.24727439880371,"label_y":-1959.986083984375,"node_is_primary":false},"228":{"node_type":"metabolite","x":-44.94955062866211,"y":-1812.4029541015625,"bigg_id":"cpd00008","name":"ADP","label_x":-101.88299560546875,"label_y":-1832.8863220214844,"node_is_primary":false},"229":{"node_type":"metabolite","x":157.95062637329102,"y":-1772.3048706054688,"bigg_id":"cpd00009","name":"Phosphate","label_x":172.95062637329102,"label_y":-1772.3048706054688,"node_is_primary":false},"230":{"node_type":"metabolite","x":-2.0493736267089844,"y":-1772.3048706054688,"bigg_id":"cpd00011","name":"CO2","label_x":-74.04937362670898,"label_y":-1742.3048706054688,"node_is_primary":false},"232":{"node_type":"multimarker","x":231.696674823761,"y":-1705.2506103515625},"233":{"node_type":"midmarker","x":251.696674823761,"y":-1705.2506103515625},"234":{"node_type":"multimarker","x":271.696674823761,"y":-1705.2506103515625},"235":{"node_type":"metabolite","x":426.696674823761,"y":-1705.2506103515625,"bigg_id":"cpd00202","name":"DMAPP","label_x":383.496674823761,"label_y":-1665.2506103515625,"node_is_primary":true},"243":{"node_type":"multimarker","x":426.696674823761,"y":-1550.2506103515625},"244":{"node_type":"midmarker","x":426.696674823761,"y":-1530.2506103515625},"245":{"node_type":"multimarker","x":426.696674823761,"y":-1510.2506103515625},"247":{"node_type":"metabolite","x":506.696674823761,"y":-1425.2506103515625,"bigg_id":"cpd00012","name":"PPi","label_x":521.696674823761,"label_y":-1425.2506103515625,"node_is_primary":false},"248":{"node_type":"metabolite","x":357.03111696243286,"y":-1429.3843994140625,"bigg_id":"cpd00067","name":"H+","label_x":309.12364625930786,"label_y":-1428.29541015625,"node_is_primary":false},"249":{"node_type":"metabolite","x":426.696674823761,"y":-1355.2506103515625,"bigg_id":"cpd00283","name":"Geranyldiphosphate","label_x":451.696674823761,"label_y":-1355.2506103515625,"node_is_primary":true},"250":{"node_type":"multimarker","x":242.73442888259888,"y":-1355.25048828125},"251":{"node_type":"midmarker","x":222.73442888259888,"y":-1355.25048828125},"252":{"node_type":"multimarker","x":202.73442888259888,"y":-1355.25048828125},"254":{"node_type":"metabolite","x":102.0187611579895,"y":-1435.5504150390625,"bigg_id":"cpd00012","name":"PPi","label_x":52.53247575759883,"label_y":-1445.8406982421875,"node_is_primary":false},"255":{"node_type":"metabolite","x":124.0207142829895,"y":-1488.683837890625,"bigg_id":"cpd00067","name":"H+","label_x":93.39325456619258,"label_y":-1502.3975830078125,"node_is_primary":false},"256":{"node_type":"metabolite","x":-373.8847613334656,"y":-1355.2506103515625,"bigg_id":"cpd00350","name":"Farnesyldiphosphate","label_x":-405.5005938529969,"label_y":-1382.620849609375,"node_is_primary":true},"264":{"node_type":"multimarker","x":625.2088623046875,"y":-3577.9667205810547},"265":{"node_type":"midmarker","x":625.2088623046875,"y":-3597.9667205810547},"266":{"node_type":"multimarker","x":625.2088623046875,"y":-3617.9667205810547},"267":{"node_type":"metabolite","x":725.7891845703125,"y":-3504.6881561279297,"bigg_id":"cpd00006","name":"NADP","label_x":750.7891845703125,"label_y":-3504.6881561279297,"node_is_primary":false},"268":{"node_type":"metabolite","x":626.930419921875,"y":-3452.1058807373047,"bigg_id":"cpd08286","name":"2-C-methyl-D-erythritol4-phosphate","label_x":554.930419921875,"label_y":-3422.1058807373047,"node_is_primary":true},"269":{"node_type":"metabolite","x":705.2088623046875,"y":-3702.9667205810547,"bigg_id":"cpd00005","name":"NADPH","label_x":720.2088623046875,"label_y":-3702.9667205810547,"node_is_primary":false},"270":{"node_type":"metabolite","x":545.2088623046875,"y":-3702.9667205810547,"bigg_id":"cpd00067","name":"H+","label_x":473.2088623046875,"label_y":-3672.9667205810547,"node_is_primary":false},"271":{"node_type":"multimarker","x":626.930419921875,"y":-3297.1058807373047},"272":{"node_type":"midmarker","x":626.930419921875,"y":-3277.1058807373047},"273":{"node_type":"multimarker","x":626.930419921875,"y":-3257.1058807373047},"274":{"node_type":"metabolite","x":546.930419921875,"y":-3382.1058807373047,"bigg_id":"cpd00052","name":"CTP","label_x":474.930419921875,"label_y":-3352.1058807373047,"node_is_primary":false},"275":{"node_type":"metabolite","x":546.930419921875,"y":-3172.1058807373047,"bigg_id":"cpd00012","name":"PPi","label_x":474.930419921875,"label_y":-3142.1058807373047,"node_is_primary":false},"276":{"node_type":"metabolite","x":626.930419921875,"y":-3102.1058807373047,"bigg_id":"cpd08287","name":"4--cytidine5-diphospho-2-C-methyl-D-erythritol","label_x":651.930419921875,"label_y":-3102.1058807373047,"node_is_primary":true},"277":{"node_type":"multimarker","x":626.930419921875,"y":-2947.1058807373047},"278":{"node_type":"midmarker","x":626.930419921875,"y":-2927.1058807373047},"279":{"node_type":"multimarker","x":626.930419921875,"y":-2907.1058807373047},"280":{"node_type":"metabolite","x":546.930419921875,"y":-3032.1058807373047,"bigg_id":"cpd00002","name":"ATP","label_x":474.930419921875,"label_y":-3002.1058807373047,"node_is_primary":false},"281":{"node_type":"metabolite","x":706.930419921875,"y":-2822.1058807373047,"bigg_id":"cpd00008","name":"ADP","label_x":721.930419921875,"label_y":-2822.1058807373047,"node_is_primary":false},"282":{"node_type":"metabolite","x":546.930419921875,"y":-2822.1058807373047,"bigg_id":"cpd00067","name":"H+","label_x":474.930419921875,"label_y":-2792.1058807373047,"node_is_primary":false},"283":{"node_type":"metabolite","x":626.930419921875,"y":-2752.1058807373047,"bigg_id":"cpd08288","name":"2-phospho-4--cytidine5-diphospho-2-C-methyl-D-erythritol","label_x":651.930419921875,"label_y":-2752.1058807373047,"node_is_primary":true},"284":{"node_type":"multimarker","x":626.930419921875,"y":-2597.1058807373047},"285":{"node_type":"midmarker","x":626.930419921875,"y":-2577.1058807373047},"286":{"node_type":"multimarker","x":626.930419921875,"y":-2557.1058807373047},"287":{"node_type":"metabolite","x":520.0638427734375,"y":-2461.8256072998047,"bigg_id":"cpd00046","name":"CMP","label_x":482.20111083984375,"label_y":-2486.9706268310547,"node_is_primary":false},"288":{"node_type":"metabolite","x":625.5088500976562,"y":-2402.9569549560547,"bigg_id":"cpd08301","name":"2-C-methyl-D-erythritol2-4-cyclodiphosphate","label_x":553.5088500976562,"label_y":-2372.9569549560547,"node_is_primary":true},"289":{"node_type":"multimarker","x":625.5088500976562,"y":-2247.9569549560547},"290":{"node_type":"midmarker","x":625.5088500976562,"y":-2227.9569549560547},"291":{"node_type":"multimarker","x":625.5088500976562,"y":-2207.9569549560547},"292":{"node_type":"metabolite","x":705.5088500976562,"y":-2332.9569549560547,"bigg_id":"cpd00004","name":"NADH","label_x":720.5088500976562,"label_y":-2332.9569549560547,"node_is_primary":false},"293":{"node_type":"metabolite","x":545.5088500976562,"y":-2332.9569549560547,"bigg_id":"cpd00067","name":"H+","label_x":473.50885009765625,"label_y":-2302.9569549560547,"node_is_primary":false},"294":{"node_type":"metabolite","x":705.5088500976562,"y":-2122.9569549560547,"bigg_id":"cpd00001","name":"H2O","label_x":720.5088500976562,"label_y":-2122.9569549560547,"node_is_primary":false},"295":{"node_type":"metabolite","x":765.6273193359375,"y":-2159.4469451904297,"bigg_id":"cpd00003","name":"NAD","label_x":790.6273193359375,"label_y":-2159.4469451904297,"node_is_primary":false},"296":{"node_type":"metabolite","x":625.8434448242188,"y":-2068.7777557373047,"bigg_id":"cpd08615","name":"1-Hydroxy-2-methyl-2-butenyl 4-diphosphate","label_x":553.8434448242188,"label_y":-2038.7777557373047,"node_is_primary":true},"297":{"node_type":"multimarker","x":625.8434448242188,"y":-1913.7777557373047},"298":{"node_type":"midmarker","x":625.8434448242188,"y":-1893.7777557373047},"299":{"node_type":"multimarker","x":625.8434448242188,"y":-1873.7777557373047},"300":{"node_type":"metabolite","x":705.8434448242188,"y":-1998.7777557373047,"bigg_id":"cpd00005","name":"NADPH","label_x":720.8434448242188,"label_y":-1998.7777557373047,"node_is_primary":false},"301":{"node_type":"metabolite","x":545.8434448242188,"y":-1998.7777557373047,"bigg_id":"cpd00067","name":"H+","label_x":473.84344482421875,"label_y":-1968.7777557373047,"node_is_primary":false},"302":{"node_type":"metabolite","x":705.8434448242188,"y":-1788.7777557373047,"bigg_id":"cpd00001","name":"H2O","label_x":720.8434448242188,"label_y":-1788.7777557373047,"node_is_primary":false},"303":{"node_type":"metabolite","x":794.780029296875,"y":-1823.5612030029297,"bigg_id":"cpd00006","name":"NADP","label_x":819.780029296875,"label_y":-1823.5612030029297,"node_is_primary":false},"313":{"node_type":"multimarker","x":-363.85172775556026,"y":-800.0331962857117},"314":{"node_type":"midmarker","x":-363.85172775556026,"y":-780.0331962857117},"315":{"node_type":"multimarker","x":-363.85172775556026,"y":-760.0331962857117},"317":{"node_type":"metabolite","x":-516.999540598883,"y":-691.819878414618,"bigg_id":"cpd00012","name":"PPi","label_x":-492.673628123297,"label_y":-714.2020805630555,"node_is_primary":false},"318":{"node_type":"metabolite","x":-443.85172775556026,"y":-675.0331962857117,"bigg_id":"cpd00067","name":"H+","label_x":-515.8517277555602,"label_y":-645.0331962857117,"node_is_primary":false},"319":{"node_type":"metabolite","x":-363.85172775556026,"y":-605.0331962857117,"bigg_id":"cpd02591","name":"pendp","label_x":-445.1671307401794,"label_y":-593.842095211493,"node_is_primary":true},"320":{"node_type":"multimarker","x":-363.85172775556026,"y":-450.0331962857117},"321":{"node_type":"midmarker","x":-363.85172775556026,"y":-430.0331962857117},"322":{"node_type":"multimarker","x":-363.85172775556026,"y":-410.0331962857117},"324":{"node_type":"metabolite","x":-524.7769558744567,"y":-346.71645434235234,"bigg_id":"cpd00012","name":"PPi","label_x":-533.8694851713317,"label_y":-368.3997429165711,"node_is_primary":false},"325":{"node_type":"metabolite","x":-443.85172775556026,"y":-325.0331962857117,"bigg_id":"cpd00067","name":"H+","label_x":-515.8517277555602,"label_y":-295.0331962857117,"node_is_primary":false},"326":{"node_type":"metabolite","x":-363.85172775556026,"y":-255.0331962857117,"bigg_id":"cpd00906","name":"all-trans-Hexaprenyl diphosphate","label_x":-710.0230458097594,"label_y":-245.7072685513367,"node_is_primary":true},"327":{"node_type":"multimarker","x":-363.85172775556026,"y":-100.03319628571171},"328":{"node_type":"midmarker","x":-363.85172775556026,"y":-80.03319628571171},"329":{"node_type":"multimarker","x":-363.85172775556026,"y":-60.03319628571171},"331":{"node_type":"metabolite","x":-544.0510075407165,"y":3.2835311141143393,"bigg_id":"cpd00012","name":"PPi","label_x":-577.2360050993102,"label_y":-8.762730673300211,"node_is_primary":false},"332":{"node_type":"metabolite","x":-443.85172775556026,"y":24.96680371428829,"bigg_id":"cpd00067","name":"H+","label_x":-515.8517277555602,"label_y":54.96680371428829,"node_is_primary":false},"333":{"node_type":"metabolite","x":-363.85172775556026,"y":94.96680371428829,"bigg_id":"cpd02590","name":"all-trans-Heptaprenyl diphosphate","label_x":-719.5136387663024,"label_y":102.1945640292297,"node_is_primary":true},"334":{"node_type":"multimarker","x":-363.85172775556026,"y":289.9668037142883},"335":{"node_type":"midmarker","x":-363.85172775556026,"y":269.9668037142883},"336":{"node_type":"multimarker","x":-363.85172775556026,"y":249.9668037142883},"337":{"node_type":"metabolite","x":-283.85172775556026,"y":374.9668037142883,"bigg_id":"cpd00012","name":"PPi","label_x":-268.85172775556026,"label_y":374.9668037142883,"node_is_primary":false},"338":{"node_type":"metabolite","x":-443.85172775556026,"y":374.9668037142883,"bigg_id":"cpd00067","name":"H+","label_x":-515.8517277555602,"label_y":404.9668037142883,"node_is_primary":false},"339":{"node_type":"metabolite","x":-363.85172775556026,"y":444.9668037142883,"bigg_id":"cpd02557","name":"Farnesylfarnesylgeraniol","label_x":-618.3250248747008,"label_y":473.8778449740539,"node_is_primary":true},"341":{"node_type":"multimarker","x":-208.85172775556026,"y":444.9668037142883},"342":{"node_type":"midmarker","x":-188.85172775556026,"y":444.9668037142883},"343":{"node_type":"multimarker","x":-168.85172775556026,"y":444.9668037142883},"345":{"node_type":"metabolite","x":-83.85172775556026,"y":364.9668037142883,"bigg_id":"cpd00012","name":"PPi","label_x":-127.05172775556025,"label_y":344.9668037142883,"node_is_primary":false},"346":{"node_type":"metabolite","x":-83.85172775556026,"y":524.9668037142883,"bigg_id":"cpd00067","name":"H+","label_x":-127.05172775556025,"label_y":564.9668037142883,"node_is_primary":false},"347":{"node_type":"metabolite","x":-13.851727755560262,"y":444.9668037142883,"bigg_id":"cpd02172","name":"Solanesyl diphosphate","label_x":-57.05172775556026,"label_y":484.9668037142883,"node_is_primary":true},"348":{"node_type":"multimarker","x":-528.8847613334656,"y":-1355.2506103515625},"349":{"node_type":"midmarker","x":-548.8847613334656,"y":-1355.2506103515625},"350":{"node_type":"multimarker","x":-568.8847613334656,"y":-1355.2506103515625},"352":{"node_type":"metabolite","x":-653.8847613334656,"y":-1275.2506103515625,"bigg_id":"cpd00012","name":"PPi","label_x":-697.0847613334656,"label_y":-1235.2506103515625,"node_is_primary":false},"353":{"node_type":"metabolite","x":-653.8847613334656,"y":-1435.2506103515625,"bigg_id":"cpd00067","name":"H+","label_x":-697.0847613334656,"label_y":-1455.2506103515625,"node_is_primary":false},"354":{"node_type":"metabolite","x":-723.8847613334656,"y":-1355.2506103515625,"bigg_id":"cpd02229","name":"Bactoprenyl diphosphate","label_x":-880.3196246147156,"label_y":-1312.8414306640625,"node_is_primary":true},"355":{"node_type":"multimarker","x":-373.8847613334656,"y":-1510.2506103515625},"356":{"node_type":"midmarker","x":-373.8847613334656,"y":-1530.2506103515625},"357":{"node_type":"multimarker","x":-373.8847613334656,"y":-1550.2506103515625},"359":{"node_type":"metabolite","x":-453.8847613334656,"y":-1635.2506103515625,"bigg_id":"cpd00012","name":"PPi","label_x":-525.8847613334656,"label_y":-1605.2506103515625,"node_is_primary":false},"360":{"node_type":"metabolite","x":-293.8847613334656,"y":-1635.2506103515625,"bigg_id":"cpd00067","name":"H+","label_x":-278.8847613334656,"label_y":-1635.2506103515625,"node_is_primary":false},"361":{"node_type":"metabolite","x":-373.8847613334656,"y":-1705.2506103515625,"bigg_id":"cpd08211","name":"trans,trans,cis-Geranylgeranyl diphosphate","label_x":-569.8467059135437,"label_y":-1736.2265625,"node_is_primary":true}},"text_labels":{"0":{"x":-313.6402235329151,"y":-3870.527587890625,"text":"Isoprenoid Biosynthesis"}},"canvas":{"x":-1262.8045043945312,"y":-4404.8798828125,"width":2546.2316284179688,"height":5109.748840332031}}]