[{"map_name":"new_map","map_id":"wtANzTkWeTzt","map_description":"\nLast Modified Fri Jun 21 2019 09:46:10 GMT-0500 (Central Daylight Time)","homepage":"https://escher.github.io","schema":"https://escher.github.io/escher/jsonschema/1-0-0#"},{"reactions":{"0":{"name":"rxn02331","bigg_id":"rxn02331","reversibility":false,"label_x":1043.7618565722992,"label_y":819.566787007471,"gene_reaction_rule":"","genes":[],"metabolites":[{"bigg_id":"cpd00009","coefficient":-1},{"bigg_id":"cpd02730","coefficient":-1},{"bigg_id":"cpd00001","coefficient":1},{"bigg_id":"cpd00061","coefficient":1},{"bigg_id":"cpd00817","coefficient":1}],"segments":{"0":{"from_node_id":"1","to_node_id":"2","b1":null,"b2":null},"1":{"from_node_id":"3","to_node_id":"2","b1":null,"b2":null},"2":{"from_node_id":"1","to_node_id":"0","b1":{"x":1027.7891638230392,"y":747.5744175672282},"b2":{"x":975.8384246271114,"y":725.0590790287386}},"3":{"from_node_id":"1","to_node_id":"4","b1":{"x":1027.7264094521202,"y":743.5749098614067},"b2":{"x":1024.4482126203607,"y":723.6334564968708}},"4":{"from_node_id":"3","to_node_id":"5","b1":{"x":1029.79730369248,"y":875.5586641535363},"b2":{"x":1047.8774534805107,"y":880.5256233482878}},"5":{"from_node_id":"3","to_node_id":"6","b1":{"x":1029.79730369248,"y":875.5586641535363},"b2":{"x":1011.8818841281122,"y":881.0904126865678}},"6":{"from_node_id":"3","to_node_id":"7","b1":{"x":1029.734549321559,"y":871.5591564477133},"b2":{"x":1030.5856554771608,"y":925.8024797079263}}}},"3":{"name":"rxn06729","bigg_id":"rxn06729","reversibility":false,"label_x":-307.52786414885315,"label_y":128.23640801331248,"gene_reaction_rule":"","genes":[],"metabolites":[{"bigg_id":"cpd00037","coefficient":-1},{"bigg_id":"cpd11484","coefficient":-1},{"bigg_id":"cpd02886","coefficient":1},{"bigg_id":"cpd11493","coefficient":1}],"segments":{"21":{"from_node_id":"25","to_node_id":"26","b1":null,"b2":null},"22":{"from_node_id":"27","to_node_id":"26","b1":null,"b2":null},"23":{"from_node_id":"25","to_node_id":"24","b1":{"x":-322.16854432711375,"y":180.2353667889708},"b2":{"x":-321.8541394830918,"y":234.4844557176711}},"24":{"from_node_id":"25","to_node_id":"28","b1":{"x":-322.14536240313043,"y":184.23529961320645},"b2":{"x":-304.11523841884116,"y":189.38089278709162}},"25":{"from_node_id":"27","to_node_id":"29","b1":{"x":-322.88718397059336,"y":56.237449237655426},"b2":{"x":-323.201588814616,"y":1.9883603089548387}},"26":{"from_node_id":"27","to_node_id":"30","b1":{"x":-322.9103658945771,"y":52.23751641341869},"b2":{"x":-304.9410944607429,"y":46.883285923684866}}}},"4":{"name":"rxn02404","bigg_id":"rxn02404","reversibility":false,"label_x":1038.3339604377782,"label_y":443.64789457374843,"gene_reaction_rule":"","genes":[],"metabolites":[{"bigg_id":"cpd00001","coefficient":-1},{"bigg_id":"cpd02730","coefficient":-1},{"bigg_id":"cpd00009","coefficient":1},{"bigg_id":"cpd00875","coefficient":1}],"segments":{"27":{"from_node_id":"32","to_node_id":"33","b1":null,"b2":null},"28":{"from_node_id":"34","to_node_id":"33","b1":null,"b2":null},"29":{"from_node_id":"32","to_node_id":"31","b1":{"x":1023.6932802595177,"y":495.646853349406},"b2":{"x":1086.6488219344121,"y":511.48384553186554}},"30":{"from_node_id":"32","to_node_id":"4","b1":{"x":1023.7164621835013,"y":499.6467861736419},"b2":{"x":1027.3457117652792,"y":577.5979801991198}},"31":{"from_node_id":"34","to_node_id":"36","b1":{"x":1022.9514586920541,"y":367.6490029738543},"b2":{"x":1040.9207301258882,"y":362.2947724841197}},"32":{"from_node_id":"34","to_node_id":"37","b1":{"x":1022.9746406160382,"y":371.64893579809086},"b2":{"x":1023.9132049797213,"y":322.1237837995599}}}},"5":{"name":"rxn03130","bigg_id":"rxn03130","reversibility":false,"label_x":676.5319005439494,"label_y":-714.0208311479648,"gene_reaction_rule":"","genes":[],"metabolites":[{"bigg_id":"cpd00001","coefficient":-1},{"bigg_id":"cpd02835","coefficient":-1},{"bigg_id":"cpd00067","coefficient":2},{"bigg_id":"cpd00091","coefficient":1},{"bigg_id":"cpd02930","coefficient":1}],"segments":{"33":{"from_node_id":"39","to_node_id":"40","b1":null,"b2":null},"34":{"from_node_id":"41","to_node_id":"40","b1":null,"b2":null},"35":{"from_node_id":"39","to_node_id":"38","b1":{"x":661.232192474728,"y":-786.0201067491623},"b2":{"x":679.4044326059927,"y":-786.0161455490415}},"36":{"from_node_id":"39","to_node_id":"60","b1":{"x":661.2128564702626,"y":-790.0200600137543},"b2":{"x":428.4383876822048,"y":-771.1400138223148}},"37":{"from_node_id":"41","to_node_id":"43","b1":{"x":661.8509446176374,"y":-658.0216022821753},"b2":{"x":679.876112814168,"y":-652.8586756424934}},"38":{"from_node_id":"41","to_node_id":"44","b1":{"x":661.8509446176374,"y":-658.0216022821753},"b2":{"x":643.8765334328268,"y":-652.6846516023006}},"39":{"from_node_id":"41","to_node_id":"45","b1":{"x":661.8316086131708,"y":-662.0215555467689},"b2":{"x":662.0938531737385,"y":-607.7721893957212}}}},"6":{"name":"rxn06865","bigg_id":"rxn06865","reversibility":false,"label_x":321.3689753156053,"label_y":818.3269238895484,"gene_reaction_rule":"","genes":[],"metabolites":[{"bigg_id":"cpd03736","coefficient":-1},{"bigg_id":"cpd11493","coefficient":-1},{"bigg_id":"cpd03586","coefficient":1},{"bigg_id":"cpd11468","coefficient":1}],"segments":{"40":{"from_node_id":"47","to_node_id":"48","b1":null,"b2":null},"41":{"from_node_id":"49","to_node_id":"48","b1":null,"b2":null},"42":{"from_node_id":"47","to_node_id":"46","b1":{"x":306.7282951373453,"y":870.3258826652061},"b2":{"x":307.0426999813683,"y":924.5749715939069}},"43":{"from_node_id":"47","to_node_id":"50","b1":{"x":306.7514770613286,"y":874.3258154894436},"b2":{"x":324.7816010456189,"y":879.4714086633267}},"44":{"from_node_id":"49","to_node_id":"51","b1":{"x":306.009655493865,"y":746.3279651138914},"b2":{"x":305.69525064984265,"y":692.0788761851902}},"45":{"from_node_id":"49","to_node_id":"52","b1":{"x":305.9864735698822,"y":742.3280322896555},"b2":{"x":323.95574500371595,"y":736.9738017999198}}}},"7":{"name":"rxn06848","bigg_id":"rxn06848","reversibility":false,"label_x":320.61830856469885,"label_y":1168.7737365907942,"gene_reaction_rule":"","genes":[],"metabolites":[{"bigg_id":"cpd03587","coefficient":-1},{"bigg_id":"cpd11493","coefficient":-1},{"bigg_id":"cpd03736","coefficient":1},{"bigg_id":"cpd11466","coefficient":1}],"segments":{"46":{"from_node_id":"54","to_node_id":"55","b1":null,"b2":null},"47":{"from_node_id":"56","to_node_id":"55","b1":null,"b2":null},"48":{"from_node_id":"54","to_node_id":"53","b1":{"x":305.9776283864394,"y":1220.7726953664528},"b2":{"x":306.2920332304624,"y":1275.0217842951524}},"49":{"from_node_id":"54","to_node_id":"57","b1":{"x":306.00081031042265,"y":1224.7726281906896},"b2":{"x":324.0309342947127,"y":1229.9182213645722}},"50":{"from_node_id":"56","to_node_id":"46","b1":{"x":305.2589887429588,"y":1096.7747778151402},"b2":{"x":304.9557335851385,"y":1044.4495152198483}},"51":{"from_node_id":"56","to_node_id":"59","b1":{"x":305.23580681897596,"y":1092.7748449909034},"b2":{"x":323.20507825280987,"y":1087.4206145011697}}}},"8":{"name":"rxn03159","bigg_id":"rxn03159","reversibility":false,"label_x":164.94586552260552,"label_y":-593.3695467853652,"gene_reaction_rule":"","genes":[],"metabolites":[{"bigg_id":"cpd02835","coefficient":-1},{"bigg_id":"cpd02930","coefficient":-1},{"bigg_id":"cpd00014","coefficient":1},{"bigg_id":"cpd03002","coefficient":1}],"segments":{"52":{"from_node_id":"61","to_node_id":"62","b1":null,"b2":null},"53":{"from_node_id":"63","to_node_id":"62","b1":null,"b2":null},"54":{"from_node_id":"61","to_node_id":"60","b1":{"x":303.87736819017914,"y":-654.119047529995},"b2":{"x":304.79136719788943,"y":-708.3613474979534}},"55":{"from_node_id":"61","to_node_id":"45","b1":{"x":303.94475982208377,"y":-658.1184797856972},"b2":{"x":668.3352981311552,"y":-351.56813277799534}},"56":{"from_node_id":"63","to_node_id":"65","b1":{"x":301.7208359692209,"y":-526.1372153475329},"b2":{"x":283.63493930168687,"y":-521.1912228554957}},"57":{"from_node_id":"63","to_node_id":"108","b1":{"x":301.78822760112627,"y":-530.136647603234},"b2":{"x":300.87422859341575,"y":-475.89434763527703}}}},"9":{"name":"rxn03146","bigg_id":"rxn03146","reversibility":false,"label_x":-308.5009036752931,"label_y":-240.91414614371604,"gene_reaction_rule":"","genes":[],"metabolites":[{"bigg_id":"cpd00001","coefficient":-1},{"bigg_id":"cpd02886","coefficient":-1},{"bigg_id":"cpd00029","coefficient":1},{"bigg_id":"cpd03584","coefficient":1}],"segments":{"58":{"from_node_id":"68","to_node_id":"69","b1":null,"b2":null},"59":{"from_node_id":"70","to_node_id":"69","b1":null,"b2":null},"60":{"from_node_id":"68","to_node_id":"67","b1":{"x":-323.14158385355324,"y":-188.9151873680584},"b2":{"x":-310.75914303857564,"y":-193.2278056857475}},"61":{"from_node_id":"68","to_node_id":"29","b1":{"x":-323.11840192957084,"y":-184.91525454382236},"b2":{"x":-322.9861116368927,"y":-160.26723082739994}},"62":{"from_node_id":"70","to_node_id":"72","b1":{"x":-323.8834054210163,"y":-316.9130377436102},"b2":{"x":-305.91413398718294,"y":-322.2672682333443}},"63":{"from_node_id":"70","to_node_id":"73","b1":{"x":-323.8602234970342,"y":-312.913104919374},"b2":{"x":-315.40492215223503,"y":-383.1653136362684}}}},"10":{"name":"rxn06723","bigg_id":"rxn06723","reversibility":false,"label_x":-195.28617735606582,"label_y":-674.3580495734975,"gene_reaction_rule":"","genes":[],"metabolites":[{"bigg_id":"cpd00067","coefficient":-1},{"bigg_id":"cpd02835","coefficient":-1},{"bigg_id":"cpd11493","coefficient":-1},{"bigg_id":"cpd03584","coefficient":1},{"bigg_id":"cpd11484","coefficient":1}],"segments":{"64":{"from_node_id":"75","to_node_id":"76","b1":null,"b2":null},"65":{"from_node_id":"77","to_node_id":"76","b1":null,"b2":null},"66":{"from_node_id":"75","to_node_id":"74","b1":{"x":-27.402952444672707,"y":-683.1895258869272},"b2":{"x":20.889467432010036,"y":-717.3961635437256}},"67":{"from_node_id":"75","to_node_id":"60","b1":{"x":-24.10208306011137,"y":-685.4487871170784},"b2":{"x":184.97615276390138,"y":-771.1810591091423}},"68":{"from_node_id":"75","to_node_id":"79","b1":{"x":-24.10208306011137,"y":-685.4487871170784},"b2":{"x":-29.936367528552722,"y":-703.2679797121787}},"69":{"from_node_id":"77","to_node_id":"73","b1":{"x":-129.72990336608927,"y":-613.1524277522522},"b2":{"x":-233.8174258233148,"y":-537.1376406887343}},"70":{"from_node_id":"77","to_node_id":"81","b1":{"x":-133.03077275065164,"y":-610.8931665221023},"b2":{"x":-147.52983935356747,"y":-622.7817983880575}}}},"11":{"name":"rxn02405","bigg_id":"rxn02405","reversibility":false,"label_x":754.4301357843456,"label_y":-14.516303143041114,"gene_reaction_rule":"","genes":[],"metabolites":[{"bigg_id":"cpd00052","coefficient":-1},{"bigg_id":"cpd00875","coefficient":-1},{"bigg_id":"cpd00012","coefficient":1},{"bigg_id":"cpd00067","coefficient":1},{"bigg_id":"cpd02546","coefficient":1}],"segments":{"71":{"from_node_id":"83","to_node_id":"84","b1":null,"b2":null},"72":{"from_node_id":"85","to_node_id":"84","b1":null,"b2":null},"73":{"from_node_id":"83","to_node_id":"82","b1":{"x":843.8876239176358,"y":41.690183363900644},"b2":{"x":880.5316506108851,"y":45.81308858353941}},"74":{"from_node_id":"83","to_node_id":"37","b1":{"x":921.5553682441899,"y":102.236135969045},"b2":{"x":1024.3372797634606,"y":193.91043264037967}},"75":{"from_node_id":"85","to_node_id":"87","b1":{"x":723.8614948128189,"y":-2.7814742633337346},"b2":{"x":712.6847212574245,"y":12.273167309664359}},"76":{"from_node_id":"85","to_node_id":"88","b1":{"x":723.8614948128189,"y":-2.7814742633337346},"b2":{"x":716.9786373919824,"y":-11.51075226818648}},"77":{"from_node_id":"85","to_node_id":"100","b1":{"x":604.9484057339242,"y":-43.69284053480561},"b2":{"x":431.08782029269,"y":-31.292420983749963}}}},"12":{"name":"rxn03439","bigg_id":"rxn03439","reversibility":false,"label_x":319.3405569670726,"label_y":468.3328017688975,"gene_reaction_rule":"","genes":[],"metabolites":[{"bigg_id":"cpd02546","coefficient":-1},{"bigg_id":"cpd03585","coefficient":-1},{"bigg_id":"cpd00046","coefficient":1},{"bigg_id":"cpd00067","coefficient":1},{"bigg_id":"cpd03586","coefficient":1}],"segments":{"78":{"from_node_id":"90","to_node_id":"91","b1":null,"b2":null},"79":{"from_node_id":"92","to_node_id":"91","b1":null,"b2":null},"80":{"from_node_id":"90","to_node_id":"93","b1":{"x":303.9580552213494,"y":392.33391016900464},"b2":{"x":321.9273266551834,"y":386.97967967926957}},"81":{"from_node_id":"90","to_node_id":"94","b1":{"x":303.98123714533267,"y":396.33384299323984},"b2":{"x":303.66683230130997,"y":342.08475406453954}},"82":{"from_node_id":"92","to_node_id":"95","b1":{"x":304.7230587127961,"y":524.3316933687918},"b2":{"x":286.7537872789619,"y":529.6859238585264}},"83":{"from_node_id":"92","to_node_id":"96","b1":{"x":304.7230587127961,"y":524.3316933687918},"b2":{"x":322.7531826970858,"y":529.477286542676}},"84":{"from_node_id":"92","to_node_id":"51","b1":{"x":304.69987678881256,"y":520.331760544555},"b2":{"x":305.0142816328356,"y":574.5808494732569}}}},"13":{"name":"rxn03182","bigg_id":"rxn03182","reversibility":false,"label_x":317.31213861853996,"label_y":118.33867964824907,"gene_reaction_rule":"","genes":[],"metabolites":[{"bigg_id":"cpd02546","coefficient":-1},{"bigg_id":"cpd02993","coefficient":-1},{"bigg_id":"cpd00046","coefficient":1},{"bigg_id":"cpd00067","coefficient":1},{"bigg_id":"cpd03585","coefficient":1}],"segments":{"85":{"from_node_id":"97","to_node_id":"98","b1":null,"b2":null},"86":{"from_node_id":"99","to_node_id":"98","b1":null,"b2":null},"87":{"from_node_id":"97","to_node_id":"100","b1":{"x":301.9296368728166,"y":42.339788048355445},"b2":{"x":319.89890830665047,"y":36.98555755862105}},"88":{"from_node_id":"97","to_node_id":"101","b1":{"x":301.95281879679976,"y":46.33972087259144},"b2":{"x":301.6384139527771,"y":-7.909368056108974}},"89":{"from_node_id":"99","to_node_id":"102","b1":{"x":302.69464036426325,"y":174.33757124814304},"b2":{"x":284.7253689304293,"y":179.69180173787709}},"90":{"from_node_id":"99","to_node_id":"103","b1":{"x":302.69464036426325,"y":174.33757124814304},"b2":{"x":320.7247643485533,"y":179.48316442202832}},"91":{"from_node_id":"99","to_node_id":"94","b1":{"x":302.67145844028005,"y":170.3376384239067},"b2":{"x":302.9858632843028,"y":224.58672735260723}}}},"14":{"name":"rxn03181","bigg_id":"rxn03181","reversibility":false,"label_x":315.2837202700068,"label_y":-231.65544247239876,"gene_reaction_rule":"","genes":[],"metabolites":[{"bigg_id":"cpd00002","coefficient":-1},{"bigg_id":"cpd03002","coefficient":-1},{"bigg_id":"cpd00008","coefficient":1},{"bigg_id":"cpd00067","coefficient":1},{"bigg_id":"cpd02993","coefficient":1}],"segments":{"92":{"from_node_id":"104","to_node_id":"105","b1":null,"b2":null},"93":{"from_node_id":"106","to_node_id":"105","b1":null,"b2":null},"94":{"from_node_id":"104","to_node_id":"107","b1":{"x":299.90121852428365,"y":-307.6543340722928},"b2":{"x":317.87048995811756,"y":-313.0085645620271}},"95":{"from_node_id":"104","to_node_id":"108","b1":{"x":299.92440044826685,"y":-303.6544012480565},"b2":{"x":299.60999560424455,"y":-357.90349017675726}},"96":{"from_node_id":"106","to_node_id":"109","b1":{"x":300.6662220157305,"y":-175.65655087250525},"b2":{"x":282.69695058189615,"y":-170.3023203827712}},"97":{"from_node_id":"106","to_node_id":"110","b1":{"x":300.6662220157305,"y":-175.65655087250525},"b2":{"x":318.6963460000203,"y":-170.5109576986203}},"98":{"from_node_id":"106","to_node_id":"101","b1":{"x":300.64304009174714,"y":-179.6564836967413},"b2":{"x":300.95744493576973,"y":-125.40739476804117}}}}},"nodes":{"0":{"node_type":"metabolite","x":948.7554840641027,"y":719.4057688088737,"bigg_id":"cpd00009","name":"Phosphate","label_x":845.6002106266028,"label_y":699.170722422155,"node_is_primary":false},"1":{"node_type":"multimarker","x":1028.4480847176997,"y":789.5692484783601},"2":{"node_type":"midmarker","x":1028.7618565722992,"y":809.566787007471},"3":{"node_type":"multimarker","x":1029.075628426899,"y":829.5643255365815},"4":{"node_type":"metabolite","x":1026.2121105305232,"y":650.7843347882733,"bigg_id":"cpd02730","name":"3-Deoxy-D-manno-octulosonate8-phosphate","label_x":954.2121105305232,"label_y":680.7843347882733,"node_is_primary":true},"5":{"node_type":"metabolite","x":1110.3993129253909,"y":913.2987768669016,"bigg_id":"cpd00001","name":"H2O","label_x":1125.3993129253909,"label_y":913.2987768669016,"node_is_primary":false},"6":{"node_type":"metabolite","x":950.4190046925067,"y":915.8089517037008,"bigg_id":"cpd00061","name":"Phosphoenolpyruvate","label_x":763.753782524538,"label_y":898.5938638130758,"node_is_primary":false},"7":{"node_type":"metabolite","x":1031.507360300048,"y":984.5452491371886,"bigg_id":"cpd00817","name":"D-Arabinose5-phosphate","label_x":1056.507360300048,"label_y":984.5452491371886,"node_is_primary":true},"24":{"node_type":"metabolite","x":-321.5136549745863,"y":293.23346907363725,"bigg_id":"cpd00037","name":"UDP-N-acetylglucosamine","label_x":-296.5136549745863,"label_y":293.23346907363725,"node_is_primary":true},"25":{"node_type":"multimarker","x":-322.4119545289386,"y":138.2360721344926},"26":{"node_type":"midmarker","x":-322.52786414885315,"y":118.23640801331248},"27":{"node_type":"multimarker","x":-322.64377376876985,"y":98.23674389213267},"28":{"node_type":"metabolite","x":-241.92068215957443,"y":222.7710061698429,"bigg_id":"cpd11484","name":"HMA","label_x":-219.4905216371135,"label_y":246.0259957938663,"node_is_primary":false},"29":{"node_type":"metabolite","x":-323.5420733231206,"y":-56.760653047011346,"bigg_id":"cpd02886","name":"UDP-3-O-(beta-hydroxymyristoyl)-N-acetylglucosamine","label_x":-578.2007036942143,"label_y":-50.102144746230096,"node_is_primary":true},"30":{"node_type":"metabolite","x":-243.13773316869367,"y":12.774532897453582,"bigg_id":"cpd11493","name":"ACP","label_x":-222.95590943822492,"label_y":24.7878337931445,"node_is_primary":false},"31":{"node_type":"metabolite","x":1124.720716406955,"y":515.4220344288826,"bigg_id":"cpd00001","name":"H2O","label_x":1149.720716406955,"label_y":515.4220344288826,"node_is_primary":false},"32":{"node_type":"multimarker","x":1023.4498700576937,"y":453.6475586949282},"33":{"node_type":"midmarker","x":1023.3339604377782,"y":433.64789457374843},"34":{"node_type":"multimarker","x":1023.2180508178617,"y":413.648230452568},"36":{"node_type":"metabolite","x":1102.7240914179374,"y":328.1860194578883,"bigg_id":"cpd00009","name":"Phosphate","label_x":1129.65097130075,"label_y":328.9576259032008,"node_is_primary":false},"37":{"node_type":"metabolite","x":1023.5727204712182,"y":263.3747704435941,"bigg_id":"cpd00875","name":"KDO","label_x":1048.5727204712182,"label_y":263.3747704435941,"node_is_primary":true},"38":{"node_type":"metabolite","x":740.9365729752685,"y":-808.8836088245891,"bigg_id":"cpd00001","name":"H2O","label_x":765.9365729752685,"label_y":-808.8836088245891,"node_is_primary":false},"39":{"node_type":"multimarker","x":661.4352205216203,"y":-744.0205974709331},"40":{"node_type":"midmarker","x":661.5319005439494,"y":-724.0208311479648},"41":{"node_type":"multimarker","x":661.6285805662789,"y":-704.021064824999},"43":{"node_type":"metabolite","x":742.0385359530451,"y":-619.4087780417067,"bigg_id":"cpd00067","name":"H+","label_x":757.0385359530451,"label_y":-619.4087780417067,"node_is_primary":false},"44":{"node_type":"metabolite","x":582.040405369309,"y":-618.6353378630708,"bigg_id":"cpd00091","name":"UMP","label_x":561.3230744366915,"label_y":-583.672447238071,"node_is_primary":false},"45":{"node_type":"metabolite","x":662.3778507393316,"y":-549.022875822006,"bigg_id":"cpd02930","name":"Lipid X","label_x":687.3778507393316,"label_y":-549.022875822006,"node_is_primary":true},"46":{"node_type":"metabolite","x":307.3831844898721,"y":983.323984949873,"bigg_id":"cpd03736","name":"Lauroyl-KDO2-lipid IV(A)","label_x":332.3831844898721,"label_y":983.323984949873,"node_is_primary":true},"47":{"node_type":"multimarker","x":306.4848849355215,"y":828.3265880107281},"48":{"node_type":"midmarker","x":306.3689753156053,"y":808.3269238895484},"49":{"node_type":"multimarker","x":306.253065695689,"y":788.3272597683695},"50":{"node_type":"metabolite","x":386.9761573048851,"y":912.8615220460786,"bigg_id":"cpd11493","name":"ACP","label_x":384.67461311543195,"label_y":893.3981431398286,"node_is_primary":false},"51":{"node_type":"metabolite","x":305.3547661413392,"y":633.3298628292227,"bigg_id":"cpd03586","name":"kdo2-lipid iva","label_x":330.35476614133916,"label_y":633.3298628292227,"node_is_primary":true},"52":{"node_type":"metabolite","x":385.7591062957654,"y":702.8650487736907,"bigg_id":"cpd11468","name":"Dodecanoyl-ACP","label_x":329.49747909849975,"label_y":685.6498998479094,"node_is_primary":false},"53":{"node_type":"metabolite","x":306.63251773896565,"y":1333.7707976511183,"bigg_id":"cpd03587","name":"kdo2-lipid a","label_x":331.63251773896565,"label_y":1333.7707976511183,"node_is_primary":true},"54":{"node_type":"multimarker","x":305.73421818461475,"y":1178.7734007119752},"55":{"node_type":"midmarker","x":305.61830856469885,"y":1158.7737365907942},"56":{"node_type":"multimarker","x":305.5023989447827,"y":1138.7740724696173},"57":{"node_type":"metabolite","x":386.22549055397883,"y":1263.3083347473248,"bigg_id":"cpd11493","name":"ACP","label_x":377.1789512473382,"label_y":1241.5965427551373,"node_is_primary":false},"59":{"node_type":"metabolite","x":385.00843954485913,"y":1053.311861474938,"bigg_id":"cpd11466","name":"Myristoyl-ACP","label_x":328.7467818300154,"label_y":1031.6000694827505,"node_is_primary":false},"60":{"node_type":"metabolite","x":305.78118179149277,"y":-767.1030087535748,"bigg_id":"cpd02835","name":"UDP-2,3-bis(3-hydroxytetradecanoyl)glucosamine","label_x":74.99002883739124,"label_y":-801.4835629527936,"node_is_primary":true},"61":{"node_type":"multimarker","x":303.16975605517763,"y":-612.1250088451252},"62":{"node_type":"midmarker","x":302.8327978956524,"y":-592.1278475666152},"63":{"node_type":"multimarker","x":302.4958397361282,"y":-572.1306862881052},"65":{"node_type":"metabolite","x":221.07512244410867,"y":-488.49058349253716,"bigg_id":"cpd00014","name":"UDP","label_x":159.00081214137427,"label_y":-491.57615478159966,"node_is_primary":false},"67":{"node_type":"metabolite","x":-238.0062739734675,"y":-179.2104874466641,"bigg_id":"cpd00001","name":"H2O","label_x":-213.0062739734675,"label_y":-179.2104874466641,"node_is_primary":false},"68":{"node_type":"multimarker","x":-323.38499405537755,"y":-230.91448202253605},"69":{"node_type":"midmarker","x":-323.5009036752931,"y":-250.91414614371604},"70":{"node_type":"multimarker","x":-323.6168132952092,"y":-270.91381026489665},"72":{"node_type":"metabolite","x":-244.1107726951343,"y":-356.37602125957574,"bigg_id":"cpd00029","name":"Acetate","label_x":-219.4322601218921,"label_y":-344.36271559551324,"node_is_primary":false},"73":{"node_type":"metabolite","x":-315.7454066607378,"y":-441.9143269922344,"bigg_id":"cpd03584","name":"UDP-3-O-(beta-hydroxymyristoyl)-D-glucosamine","label_x":-530.452743086519,"label_y":-431.9265340234844,"node_is_primary":true},"74":{"node_type":"metabolite","x":35.60252770748431,"y":-766.3356493826434,"bigg_id":"cpd00067","name":"H+","label_x":60.6025277074842,"label_y":-766.3356493826434,"node_is_primary":false},"75":{"node_type":"multimarker","x":-62.06208098257238,"y":-659.467282970345},"76":{"node_type":"midmarker","x":-78.56642790538226,"y":-648.1709768195913},"77":{"node_type":"multimarker","x":-95.0707748281894,"y":-636.8746706688357},"79":{"node_type":"metabolite","x":-37.10383116364969,"y":-773.4939718022852,"bigg_id":"cpd11493","name":"ACP","label_x":-109.10383116364972,"label_y":-743.4939718022852,"node_is_primary":false},"81":{"node_type":"metabolite","x":-210.39947385314633,"y":-654.8827572193688,"bigg_id":"cpd11484","name":"HMA","label_x":-282.39947385314633,"label_y":-624.8827572193688,"node_is_primary":false},"82":{"node_type":"metabolite","x":916.0514411252485,"y":-7.331022146067653,"bigg_id":"cpd00052","name":"CTP","label_x":941.0514411252485,"label_y":-7.331022146067653,"node_is_primary":false},"83":{"node_type":"multimarker","x":804.5040503051179,"y":27.097920704964224},"84":{"node_type":"midmarker","x":785.7499676324901,"y":20.149224200709227},"85":{"node_type":"multimarker","x":766.9958849598626,"y":13.200527696453946},"87":{"node_type":"metabolite","x":659.4962475841735,"y":58.68489824387848,"bigg_id":"cpd00012","name":"PPi","label_x":674.4962475841735,"label_y":58.68489824387848,"node_is_primary":false},"88":{"node_type":"metabolite","x":706.8720820451146,"y":-81.37433390426344,"bigg_id":"cpd00067","name":"H+","label_x":634.8720820451144,"label_y":-51.374333904263324,"node_is_primary":false},"90":{"node_type":"multimarker","x":304.2246473471565,"y":438.3331376477179},"91":{"node_type":"midmarker","x":304.3405569670726,"y":458.3328017688975},"92":{"node_type":"multimarker","x":304.45646658698837,"y":478.33246589007786},"93":{"node_type":"metabolite","x":383.7306879472325,"y":352.8709266530384,"bigg_id":"cpd02546","name":"CMP-KDO","label_x":331.9657343339513,"label_y":333.40751722921027,"node_is_primary":false},"94":{"node_type":"metabolite","x":303.3263477928065,"y":283.33574070857287,"bigg_id":"cpd03585","name":"KDO-lipid IV(A)","label_x":328.3263477928065,"label_y":283.33574070857287,"node_is_primary":true},"95":{"node_type":"metabolite","x":224.9504259869127,"y":563.7946768847564,"bigg_id":"cpd00046","name":"CMP","label_x":190.48700130429552,"label_y":550.3046256152252,"node_is_primary":false},"96":{"node_type":"metabolite","x":384.94773895635194,"y":562.8673999254272,"bigg_id":"cpd00067","name":"H+","label_x":312.94773895635194,"label_y":592.8673999254272,"node_is_primary":false},"97":{"node_type":"multimarker","x":302.1962289986237,"y":88.33901552706936},"98":{"node_type":"midmarker","x":302.31213861853996,"y":108.33867964824907},"99":{"node_type":"multimarker","x":302.4280482384561,"y":128.33834376942906},"100":{"node_type":"metabolite","x":381.7022695986997,"y":2.8768045323902243,"bigg_id":"cpd02546","name":"CMP-KDO","label_x":360.14344696686373,"label_y":37.33642977653085,"node_is_primary":true},"101":{"node_type":"metabolite","x":301.2979294442735,"y":-66.65838141207482,"bigg_id":"cpd02993","name":"Lipid IV(A)","label_x":326.29792944427345,"label_y":-66.65838141207482,"node_is_primary":true},"102":{"node_type":"metabolite","x":222.92200763838025,"y":213.80055476410809,"bigg_id":"cpd00046","name":"CMP","label_x":172.7202406706068,"label_y":186.82049800141277,"node_is_primary":false},"103":{"node_type":"metabolite","x":382.9193206078193,"y":212.8732778047792,"bigg_id":"cpd00067","name":"H+","label_x":310.9193206078193,"label_y":242.87327780477904,"node_is_primary":false},"104":{"node_type":"multimarker","x":300.16781065009104,"y":-261.65510659357926},"105":{"node_type":"midmarker","x":300.2837202700068,"y":-241.65544247239876},"106":{"node_type":"multimarker","x":300.399629889923,"y":-221.65577835121917},"107":{"node_type":"metabolite","x":379.6738512501668,"y":-347.1173175882581,"bigg_id":"cpd00002","name":"ATP","label_x":352.6405870900106,"label_y":-362.08405342810187,"node_is_primary":false},"108":{"node_type":"metabolite","x":299.26951109574037,"y":-416.6525035327226,"bigg_id":"cpd03002","name":"Lipid A disaccharide","label_x":324.26951109574037,"label_y":-416.6525035327226,"node_is_primary":true},"109":{"node_type":"metabolite","x":220.89358928984734,"y":-136.1935673565398,"bigg_id":"cpd00008","name":"ADP","label_x":181.93350628203484,"label_y":-151.93194015927418,"node_is_primary":false},"110":{"node_type":"metabolite","x":380.89090225928663,"y":-137.12084431586914,"bigg_id":"cpd00067","name":"H+","label_x":308.89090225928663,"label_y":-107.12084431586914,"node_is_primary":false}},"text_labels":{"0":{"x":-14.624813079833984,"y":-953.4171752929688,"text":"KDO2-Lipid A Biosynthesis"}},"canvas":{"x":-801.5874633789062,"y":-1162.5126953125,"width":2356.3467407226562,"height":2856.5126953125}}]