[{"map_name":"new_map","map_id":"wX52O8ZvBOLd","map_description":"\nLast Modified Fri Jun 21 2019 09:12:01 GMT-0500 (Central Daylight Time)","homepage":"https://escher.github.io","schema":"https://escher.github.io/escher/jsonschema/1-0-0#"},{"reactions":{"1":{"name":"rxn02318","bigg_id":"rxn02318","reversibility":false,"label_x":249.59739685058594,"label_y":-359.84307861328125,"gene_reaction_rule":"","genes":[],"metabolites":[{"bigg_id":"cpd00818","coefficient":-1},{"bigg_id":"cpd00805","coefficient":1}],"segments":{"4":{"from_node_id":"6","to_node_id":"7","b1":null,"b2":null},"5":{"from_node_id":"8","to_node_id":"7","b1":null,"b2":null},"6":{"from_node_id":"6","to_node_id":"5","b1":{"x":234.59739685058594,"y":-431.84307861328125},"b2":{"x":234.59739685058594,"y":-486.09307861328125}},"7":{"from_node_id":"8","to_node_id":"9","b1":{"x":234.59739685058594,"y":-307.84307861328125},"b2":{"x":234.59739685058594,"y":-253.59307861328125}}}},"3":{"name":"rxn06349","bigg_id":"rxn06349","reversibility":false,"label_x":250.01067352294922,"label_y":-708.6522827148438,"gene_reaction_rule":"","genes":[],"metabolites":[{"bigg_id":"cpd00001","coefficient":-1},{"bigg_id":"cpd12403","coefficient":-1},{"bigg_id":"cpd00057","coefficient":1},{"bigg_id":"cpd00818","coefficient":1}],"segments":{"13":{"from_node_id":"17","to_node_id":"18","b1":null,"b2":null},"14":{"from_node_id":"19","to_node_id":"18","b1":null,"b2":null},"15":{"from_node_id":"17","to_node_id":"16","b1":{"x":235.01067352294922,"y":-780.6522827148438},"b2":{"x":210.67182143145155,"y":-792.1211346486975}},"16":{"from_node_id":"17","to_node_id":"20","b1":{"x":235.01067352294922,"y":-784.6522827148438},"b2":{"x":232.51324987963423,"y":-820.8415086465089}},"17":{"from_node_id":"19","to_node_id":"21","b1":{"x":235.01067352294922,"y":-652.6522827148438},"b2":{"x":217.01067352294922,"y":-647.4022827148438}},"18":{"from_node_id":"19","to_node_id":"5","b1":{"x":235.01067352294922,"y":-656.6522827148438},"b2":{"x":235.01067352294922,"y":-602.4022827148438}}}},"4":{"name":"rxn02332","bigg_id":"rxn02332","reversibility":false,"label_x":615.9382019042969,"label_y":-709.6223907470703,"gene_reaction_rule":"","genes":[],"metabolites":[{"bigg_id":"cpd00001","coefficient":-1},{"bigg_id":"cpd03194","coefficient":-1},{"bigg_id":"cpd00190","coefficient":1},{"bigg_id":"cpd00818","coefficient":1}],"segments":{"19":{"from_node_id":"24","to_node_id":"25","b1":null,"b2":null},"20":{"from_node_id":"26","to_node_id":"25","b1":null,"b2":null},"21":{"from_node_id":"24","to_node_id":"23","b1":{"x":600.9382019042969,"y":-781.6223907470703},"b2":{"x":570.0734047139813,"y":-804.3433937489765}},"22":{"from_node_id":"24","to_node_id":"125","b1":{"x":600.9382019042969,"y":-785.6223907470703},"b2":{"x":600.6272200979272,"y":-814.7073425576041}},"23":{"from_node_id":"26","to_node_id":"28","b1":{"x":600.9382019042969,"y":-657.6223907470703},"b2":{"x":600.9382019042969,"y":-603.3723907470703}},"24":{"from_node_id":"26","to_node_id":"5","b1":{"x":600.9382019042969,"y":-653.6223907470703},"b2":{"x":311.054320274433,"y":-569.264608860892}}}},"6":{"name":"rxn35560","bigg_id":"rxn35560","reversibility":false,"label_x":973.5888977050781,"label_y":-1285.9035034179688,"gene_reaction_rule":"","genes":[],"metabolites":[{"bigg_id":"cpd00001","coefficient":-1},{"bigg_id":"cpd01354","coefficient":-1},{"bigg_id":"cpd00709","coefficient":1},{"bigg_id":"cpd19001","coefficient":1}],"segments":{"35":{"from_node_id":"42","to_node_id":"43","b1":null,"b2":null},"36":{"from_node_id":"44","to_node_id":"43","b1":null,"b2":null},"37":{"from_node_id":"42","to_node_id":"41","b1":{"x":958.5888977050781,"y":-1357.9035034179688},"b2":{"x":971.0402666629913,"y":-1398.5812385639872}},"38":{"from_node_id":"42","to_node_id":"45","b1":{"x":958.5888977050781,"y":-1361.9035034179688},"b2":{"x":961.4886497586684,"y":-1411.2866048780468}},"39":{"from_node_id":"44","to_node_id":"143","b1":{"x":958.5888977050781,"y":-1233.9035034179688},"b2":{"x":871.8598937988281,"y":-1231.6908569335938}},"40":{"from_node_id":"44","to_node_id":"144","b1":{"x":958.5888977050781,"y":-1229.9035034179688},"b2":{"x":1051.29486033073,"y":-1261.4903082743701}}}},"8":{"name":"rxn00355","bigg_id":"rxn00355","reversibility":false,"label_x":1318.2839660644531,"label_y":-10.726760864257812,"gene_reaction_rule":"","genes":[],"metabolites":[{"bigg_id":"cpd00062","coefficient":-1},{"bigg_id":"cpd00348","coefficient":-1},{"bigg_id":"cpd00012","coefficient":1},{"bigg_id":"cpd00043","coefficient":1}],"segments":{"48":{"from_node_id":"57","to_node_id":"58","b1":null,"b2":null},"49":{"from_node_id":"59","to_node_id":"58","b1":null,"b2":null},"50":{"from_node_id":"57","to_node_id":"56","b1":{"x":1303.2839660644531,"y":-82.72676086425781},"b2":{"x":1273.4847284436432,"y":-106.24064205026843}},"51":{"from_node_id":"57","to_node_id":"60","b1":{"x":1303.2839660644531,"y":-86.72676086425781},"b2":{"x":1303.8063377429353,"y":-123.62575636315637}},"52":{"from_node_id":"59","to_node_id":"61","b1":{"x":1303.2839660644531,"y":45.27323913574219},"b2":{"x":1285.2839660644531,"y":50.52323913574219}},"53":{"from_node_id":"59","to_node_id":"62","b1":{"x":1303.2839660644531,"y":41.27323913574219},"b2":{"x":1303.2839660644531,"y":95.52323913574219}}}},"11":{"name":"rxn02314","bigg_id":"rxn02314","reversibility":false,"label_x":249.59739685058594,"label_y":-9.84307861328125,"gene_reaction_rule":"","genes":[],"metabolites":[{"bigg_id":"cpd00002","coefficient":-1},{"bigg_id":"cpd00805","coefficient":-1},{"bigg_id":"cpd00008","coefficient":1},{"bigg_id":"cpd00067","coefficient":1},{"bigg_id":"cpd02371","coefficient":1}],"segments":{"65":{"from_node_id":"76","to_node_id":"77","b1":null,"b2":null},"66":{"from_node_id":"78","to_node_id":"77","b1":null,"b2":null},"67":{"from_node_id":"76","to_node_id":"79","b1":{"x":234.59739685058594,"y":-85.84307861328125},"b2":{"x":216.59739685058594,"y":-91.09307861328125}},"68":{"from_node_id":"76","to_node_id":"9","b1":{"x":234.59739685058594,"y":-81.84307861328125},"b2":{"x":234.59739685058594,"y":-136.09307861328125}},"69":{"from_node_id":"78","to_node_id":"80","b1":{"x":234.59739685058594,"y":42.15692138671875},"b2":{"x":208.27252156846274,"y":49.44056878241324}},"70":{"from_node_id":"78","to_node_id":"81","b1":{"x":234.59739685058594,"y":46.15692138671875},"b2":{"x":252.59739685058594,"y":51.40692138671875}},"71":{"from_node_id":"78","to_node_id":"82","b1":{"x":234.59739685058594,"y":46.15692138671875},"b2":{"x":234.88145839270965,"y":84.60881339748386}}}},"12":{"name":"rxn00787","bigg_id":"rxn00787","reversibility":false,"label_x":248.97249794006348,"label_y":340.1937713623047,"gene_reaction_rule":"","genes":[],"metabolites":[{"bigg_id":"cpd02371","coefficient":-1},{"bigg_id":"cpd00095","coefficient":1},{"bigg_id":"cpd00102","coefficient":1}],"segments":{"72":{"from_node_id":"83","to_node_id":"84","b1":null,"b2":null},"73":{"from_node_id":"85","to_node_id":"84","b1":null,"b2":null},"74":{"from_node_id":"83","to_node_id":"82","b1":{"x":233.97249794006348,"y":268.1937713623047},"b2":{"x":233.97249794006348,"y":213.9437713623047}},"75":{"from_node_id":"85","to_node_id":"86","b1":{"x":233.97249794006348,"y":392.1937713623047},"b2":{"x":233.97249794006348,"y":446.4437713623047}},"76":{"from_node_id":"85","to_node_id":"87","b1":{"x":233.97249794006348,"y":396.1937713623047},"b2":{"x":215.97249794006348,"y":401.4437713623047}}}},"13":{"name":"rxn01171","bigg_id":"rxn01171","reversibility":false,"label_x":615.9382019042969,"label_y":-359.6223907470703,"gene_reaction_rule":"","genes":[],"metabolites":[{"bigg_id":"cpd00027","coefficient":-1},{"bigg_id":"cpd00190","coefficient":1}],"segments":{"77":{"from_node_id":"88","to_node_id":"89","b1":null,"b2":null},"78":{"from_node_id":"90","to_node_id":"89","b1":null,"b2":null},"79":{"from_node_id":"88","to_node_id":"91","b1":{"x":600.9382019042969,"y":-307.6223907470703},"b2":{"x":600.9382019042969,"y":-253.3723907470703}},"80":{"from_node_id":"90","to_node_id":"28","b1":{"x":600.9382019042969,"y":-431.6223907470703},"b2":{"x":600.9382019042969,"y":-485.8723907470703}}}},"14":{"name":"rxn00214","bigg_id":"rxn00214","reversibility":false,"label_x":1318.2839660644531,"label_y":339.2732391357422,"gene_reaction_rule":"","genes":[],"metabolites":[{"bigg_id":"cpd00026","coefficient":-1},{"bigg_id":"cpd00043","coefficient":1}],"segments":{"81":{"from_node_id":"92","to_node_id":"93","b1":null,"b2":null},"82":{"from_node_id":"94","to_node_id":"93","b1":null,"b2":null},"83":{"from_node_id":"92","to_node_id":"95","b1":{"x":1303.2839660644531,"y":391.2732391357422},"b2":{"x":1303.2839660644531,"y":445.5232391357422}},"84":{"from_node_id":"94","to_node_id":"62","b1":{"x":1303.2839660644531,"y":267.2732391357422},"b2":{"x":1303.2839660644531,"y":213.0232391357422}}}},"15":{"name":"rxn15121","bigg_id":"rxn15121","reversibility":false,"label_x":1317.6590881347656,"label_y":-359.2072434425354,"gene_reaction_rule":"","genes":[],"metabolites":[{"bigg_id":"cpd00002","coefficient":-1},{"bigg_id":"cpd00724","coefficient":-1},{"bigg_id":"cpd00008","coefficient":1},{"bigg_id":"cpd00067","coefficient":1},{"bigg_id":"cpd00348","coefficient":1}],"segments":{"85":{"from_node_id":"96","to_node_id":"97","b1":null,"b2":null},"86":{"from_node_id":"98","to_node_id":"97","b1":null,"b2":null},"87":{"from_node_id":"96","to_node_id":"99","b1":{"x":1302.6590881347656,"y":-431.2072434425354},"b2":{"x":1280.516802263122,"y":-435.88756714072235}},"88":{"from_node_id":"96","to_node_id":"100","b1":{"x":1302.6590881347656,"y":-435.2072434425354},"b2":{"x":1300.7785034415251,"y":-472.37769207811795}},"89":{"from_node_id":"98","to_node_id":"101","b1":{"x":1302.6590881347656,"y":-303.2072434425354},"b2":{"x":1284.6590881347656,"y":-297.9572434425354}},"90":{"from_node_id":"98","to_node_id":"102","b1":{"x":1302.6590881347656,"y":-303.2072434425354},"b2":{"x":1320.6590881347656,"y":-297.9572434425354}},"91":{"from_node_id":"98","to_node_id":"60","b1":{"x":1302.6590881347656,"y":-307.2072434425354},"b2":{"x":1302.6590881347656,"y":-252.9572434425354}}}},"17":{"name":"rxn30604","bigg_id":"rxn30604","reversibility":false,"label_x":1316.7716369628906,"label_y":-707.9615159034729,"gene_reaction_rule":"","genes":[],"metabolites":[{"bigg_id":"cpd01112","coefficient":-1},{"bigg_id":"cpd00724","coefficient":1}],"segments":{"99":{"from_node_id":"111","to_node_id":"112","b1":null,"b2":null},"100":{"from_node_id":"113","to_node_id":"112","b1":null,"b2":null},"101":{"from_node_id":"111","to_node_id":"114","b1":{"x":1301.7716369628906,"y":-779.9615159034729},"b2":{"x":1302.6511535644531,"y":-835.5437302589417}},"102":{"from_node_id":"113","to_node_id":"100","b1":{"x":1301.7716369628906,"y":-655.9615159034729},"b2":{"x":1301.7716369628906,"y":-601.7115159034729}}}},"18":{"name":"rxn30623","bigg_id":"rxn30623","reversibility":false,"label_x":1076.7716369628906,"label_y":-932.9615159034729,"gene_reaction_rule":"","genes":[],"metabolites":[{"bigg_id":"cpd00001","coefficient":-1},{"bigg_id":"cpd00208","coefficient":-1},{"bigg_id":"cpd00190","coefficient":1},{"bigg_id":"cpd01112","coefficient":1}],"segments":{"103":{"from_node_id":"115","to_node_id":"116","b1":null,"b2":null},"104":{"from_node_id":"117","to_node_id":"116","b1":null,"b2":null},"105":{"from_node_id":"115","to_node_id":"118","b1":{"x":1060.7716369628906,"y":-892.9615159034729},"b2":{"x":1060.6939717078542,"y":-898.6239398436317}},"106":{"from_node_id":"115","to_node_id":"119","b1":{"x":1064.7716369628906,"y":-892.9615159034729},"b2":{"x":1010.5216369628906,"y":-892.9615159034729}},"107":{"from_node_id":"117","to_node_id":"28","b1":{"x":1192.7716369628906,"y":-892.9615159034729},"b2":{"x":687.6007518689916,"y":-546.7475308719306}},"108":{"from_node_id":"117","to_node_id":"114","b1":{"x":1188.7716369628906,"y":-892.9615159034729},"b2":{"x":1243.9011535644531,"y":-894.2937302589417}}}},"19":{"name":"rxn01228","bigg_id":"rxn01228","reversibility":false,"label_x":726.7716369628906,"label_y":-932.9615159034729,"gene_reaction_rule":"","genes":[],"metabolites":[{"bigg_id":"cpd00001","coefficient":-1},{"bigg_id":"cpd03194","coefficient":-1},{"bigg_id":"cpd00009","coefficient":1},{"bigg_id":"cpd00208","coefficient":1}],"segments":{"109":{"from_node_id":"121","to_node_id":"122","b1":null,"b2":null},"110":{"from_node_id":"123","to_node_id":"122","b1":null,"b2":null},"111":{"from_node_id":"121","to_node_id":"124","b1":{"x":710.7716369628906,"y":-892.9615159034729},"b2":{"x":705.5216369628906,"y":-910.9615159034729}},"112":{"from_node_id":"121","to_node_id":"125","b1":{"x":714.7716369628906,"y":-892.9615159034729},"b2":{"x":660.5216369628906,"y":-892.9615159034729}},"113":{"from_node_id":"123","to_node_id":"126","b1":{"x":842.7716369628906,"y":-892.9615159034729},"b2":{"x":848.0216369628906,"y":-910.9615159034729}},"114":{"from_node_id":"123","to_node_id":"119","b1":{"x":838.7716369628906,"y":-892.9615159034729},"b2":{"x":893.0216369628906,"y":-892.9615159034729}}}},"22":{"name":"rxn15582","bigg_id":"rxn15582","reversibility":false,"label_x":966.7716369628906,"label_y":-1057.961515903473,"gene_reaction_rule":"","genes":[],"metabolites":[{"bigg_id":"cpd00001","coefficient":-1},{"bigg_id":"cpd00208","coefficient":-1},{"bigg_id":"cpd00709","coefficient":1},{"bigg_id":"cpd19001","coefficient":1}],"segments":{"127":{"from_node_id":"139","to_node_id":"140","b1":null,"b2":null},"128":{"from_node_id":"141","to_node_id":"140","b1":null,"b2":null},"129":{"from_node_id":"139","to_node_id":"142","b1":{"x":951.7716369628906,"y":-1001.9615159034729},"b2":{"x":1016.0270080566406,"y":-1042.9669480323792}},"130":{"from_node_id":"139","to_node_id":"119","b1":{"x":951.7716369628906,"y":-1005.9615159034729},"b2":{"x":951.7716369628906,"y":-951.7115159034729}},"131":{"from_node_id":"141","to_node_id":"143","b1":{"x":951.7716369628906,"y":-1129.961515903473},"b2":{"x":870.8246154785156,"y":-1120.6103196144104}},"132":{"from_node_id":"141","to_node_id":"144","b1":{"x":951.7716369628906,"y":-1133.961515903473},"b2":{"x":1050.067281265636,"y":-1116.831929909618}}}}},"nodes":{"5":{"node_type":"metabolite","x":234.59739685058594,"y":-544.8430786132812,"bigg_id":"cpd00818","name":"6-Phospho-D-galactose","label_x":259.59739685058594,"label_y":-528.9652099609375,"node_is_primary":true},"6":{"node_type":"multimarker","x":234.59739685058594,"y":-389.84307861328125},"7":{"node_type":"midmarker","x":234.59739685058594,"y":-369.84307861328125},"8":{"node_type":"multimarker","x":234.59739685058594,"y":-349.84307861328125},"9":{"node_type":"metabolite","x":234.59739685058594,"y":-194.84307861328125,"bigg_id":"cpd00805","name":"D-Tagatose 6-phosphate","label_x":259.59739685058594,"label_y":-194.84307861328125,"node_is_primary":true},"16":{"node_type":"metabolite","x":155.40897369384766,"y":-812.060546875,"bigg_id":"cpd00001","name":"H2O","label_x":180.40897369384766,"label_y":-812.060546875,"node_is_primary":false},"17":{"node_type":"multimarker","x":235.01067352294922,"y":-738.6522827148438},"18":{"node_type":"midmarker","x":235.01067352294922,"y":-718.6522827148438},"19":{"node_type":"multimarker","x":235.01067352294922,"y":-698.6522827148438},"20":{"node_type":"metabolite","x":236.60240936279297,"y":-891.3137817382812,"bigg_id":"cpd12403","name":"6-Phospho-beta-D-galactoside","label_x":102.91109466552734,"label_y":-921.0150756835938,"node_is_primary":true},"21":{"node_type":"metabolite","x":155.01067352294922,"y":-613.6522827148438,"bigg_id":"cpd00057","name":"Alcohol","label_x":83.01067352294922,"label_y":-583.6522827148438,"node_is_primary":false},"23":{"node_type":"metabolite","x":513.9841918945312,"y":-821.8237457275391,"bigg_id":"cpd00001","name":"H2O","label_x":445.963623046875,"label_y":-819.8015899658203,"node_is_primary":false},"24":{"node_type":"multimarker","x":600.9382019042969,"y":-739.6223907470703},"25":{"node_type":"midmarker","x":600.9382019042969,"y":-719.6223907470703},"26":{"node_type":"multimarker","x":600.9382019042969,"y":-699.6223907470703},"28":{"node_type":"metabolite","x":600.9382019042969,"y":-544.6223907470703,"bigg_id":"cpd00190","name":"beta-D-Glucose","label_x":621.8938293457031,"label_y":-512.2674102783203,"node_is_primary":true},"41":{"node_type":"metabolite","x":1027.9720153808594,"y":-1413.0842895507812,"bigg_id":"cpd00001","name":"H2O","label_x":1052.9720153808594,"label_y":-1413.0842895507812,"node_is_primary":false},"42":{"node_type":"multimarker","x":958.5888977050781,"y":-1315.9035034179688},"43":{"node_type":"midmarker","x":958.5888977050781,"y":-1295.9035034179688},"44":{"node_type":"multimarker","x":958.5888977050781,"y":-1275.9035034179688},"45":{"node_type":"metabolite","x":959.5359802246094,"y":-1481.8504028320312,"bigg_id":"cpd01354","name":"beta-Lactose","label_x":884.6449890136719,"label_y":-1503.8877563476562,"node_is_primary":true},"56":{"node_type":"metabolite","x":1219.23974609375,"y":-128.80265414714813,"bigg_id":"cpd00062","name":"UTP","label_x":1144.6317749023438,"label_y":-116.35165393352509,"node_is_primary":false},"57":{"node_type":"multimarker","x":1303.2839660644531,"y":-40.72676086425781},"58":{"node_type":"midmarker","x":1303.2839660644531,"y":-20.726760864257812},"59":{"node_type":"multimarker","x":1303.2839660644531,"y":-0.7267608642578125},"60":{"node_type":"metabolite","x":1302.6590881347656,"y":-194.2072434425354,"bigg_id":"cpd00348","name":"D-Galactose 1-phosphate","label_x":1230.6590881347656,"label_y":-164.2072434425354,"node_is_primary":true},"61":{"node_type":"metabolite","x":1223.2839660644531,"y":84.27323913574219,"bigg_id":"cpd00012","name":"PPi","label_x":1151.2839660644531,"label_y":114.27323913574219,"node_is_primary":false},"62":{"node_type":"metabolite","x":1303.2839660644531,"y":154.2732391357422,"bigg_id":"cpd00043","name":"UDP-galactose","label_x":1328.2839660644531,"label_y":154.2732391357422,"node_is_primary":true},"76":{"node_type":"multimarker","x":234.59739685058594,"y":-39.84307861328125},"77":{"node_type":"midmarker","x":234.59739685058594,"y":-19.84307861328125},"78":{"node_type":"multimarker","x":234.59739685058594,"y":0.15692138671875},"79":{"node_type":"metabolite","x":154.59739685058594,"y":-124.84307861328125,"bigg_id":"cpd00002","name":"ATP","label_x":82.59739685058594,"label_y":-94.84307861328125,"node_is_primary":false},"80":{"node_type":"metabolite","x":153.66591787338257,"y":71.11270141601562,"bigg_id":"cpd00008","name":"ADP","label_x":74.38881826400757,"label_y":100.68382263183594,"node_is_primary":false},"81":{"node_type":"metabolite","x":314.59739685058594,"y":85.15692138671875,"bigg_id":"cpd00067","name":"H+","label_x":329.59739685058594,"label_y":85.15692138671875,"node_is_primary":false},"82":{"node_type":"metabolite","x":233.97249794006348,"y":155.1937713623047,"bigg_id":"cpd02371","name":"D-Tagatose 1,6-biphosphate","label_x":161.97249794006348,"label_y":185.1937713623047,"node_is_primary":true},"83":{"node_type":"multimarker","x":233.97249794006348,"y":310.1937713623047},"84":{"node_type":"midmarker","x":233.97249794006348,"y":330.1937713623047},"85":{"node_type":"multimarker","x":233.97249794006348,"y":350.1937713623047},"86":{"node_type":"metabolite","x":233.97249794006348,"y":505.1937713623047,"bigg_id":"cpd00095","name":"Glycerone-phosphate","label_x":258.9724979400635,"label_y":505.1937713623047,"node_is_primary":true},"87":{"node_type":"metabolite","x":153.97249794006348,"y":435.1937713623047,"bigg_id":"cpd00102","name":"Glyceraldehyde3-phosphate","label_x":81.97249794006348,"label_y":465.1937713623047,"node_is_primary":false},"88":{"node_type":"multimarker","x":600.9382019042969,"y":-349.6223907470703},"89":{"node_type":"midmarker","x":600.9382019042969,"y":-369.6223907470703},"90":{"node_type":"multimarker","x":600.9382019042969,"y":-389.6223907470703},"91":{"node_type":"metabolite","x":600.9382019042969,"y":-194.6223907470703,"bigg_id":"cpd00027","name":"D-Glucose","label_x":625.9382019042969,"label_y":-194.6223907470703,"node_is_primary":true},"92":{"node_type":"multimarker","x":1303.2839660644531,"y":349.2732391357422},"93":{"node_type":"midmarker","x":1303.2839660644531,"y":329.2732391357422},"94":{"node_type":"multimarker","x":1303.2839660644531,"y":309.2732391357422},"95":{"node_type":"metabolite","x":1303.2839660644531,"y":504.2732391357422,"bigg_id":"cpd00026","name":"UDP-glucose","label_x":1328.2839660644531,"label_y":504.2732391357422,"node_is_primary":true},"96":{"node_type":"multimarker","x":1302.6590881347656,"y":-389.2072434425354},"97":{"node_type":"midmarker","x":1302.6590881347656,"y":-369.2072434425354},"98":{"node_type":"multimarker","x":1302.6590881347656,"y":-349.2072434425354},"99":{"node_type":"metabolite","x":1223.7937927246094,"y":-451.18667459487915,"bigg_id":"cpd00002","name":"ATP","label_x":1151.7288513183594,"label_y":-447.1423020362854,"node_is_primary":false},"100":{"node_type":"metabolite","x":1301.7716369628906,"y":-542.9615159034729,"bigg_id":"cpd00724","name":"alpha-D-Galactose","label_x":1326.8825378417969,"label_y":-512.6286911964417,"node_is_primary":true},"101":{"node_type":"metabolite","x":1222.6590881347656,"y":-264.2072434425354,"bigg_id":"cpd00008","name":"ADP","label_x":1150.6590881347656,"label_y":-234.2072434425354,"node_is_primary":false},"102":{"node_type":"metabolite","x":1382.6590881347656,"y":-264.2072434425354,"bigg_id":"cpd00067","name":"H+","label_x":1397.6590881347656,"label_y":-264.2072434425354,"node_is_primary":false},"111":{"node_type":"multimarker","x":1301.7716369628906,"y":-737.9615159034729},"112":{"node_type":"midmarker","x":1301.7716369628906,"y":-717.9615159034729},"113":{"node_type":"multimarker","x":1301.7716369628906,"y":-697.9615159034729},"114":{"node_type":"metabolite","x":1302.6511535644531,"y":-894.2937302589417,"bigg_id":"cpd01112","name":"Galactose","label_x":1327.6511535644531,"label_y":-894.2937302589417,"node_is_primary":true},"115":{"node_type":"multimarker","x":1106.7716369628906,"y":-892.9615159034729},"116":{"node_type":"midmarker","x":1126.7716369628906,"y":-892.9615159034729},"117":{"node_type":"multimarker","x":1146.7716369628906,"y":-892.9615159034729},"118":{"node_type":"metabolite","x":1030.9606850704504,"y":-962.647327490163,"bigg_id":"cpd00001","name":"H2O","label_x":1019.5613442501376,"label_y":-985.5383187011005,"node_is_primary":false},"119":{"node_type":"metabolite","x":951.7716369628906,"y":-892.9615159034729,"bigg_id":"cpd00208","name":"LACT","label_x":908.5716369628906,"label_y":-852.9615159034729,"node_is_primary":true},"121":{"node_type":"multimarker","x":756.7716369628906,"y":-892.9615159034729},"122":{"node_type":"midmarker","x":776.7716369628906,"y":-892.9615159034729},"123":{"node_type":"multimarker","x":796.7716369628906,"y":-892.9615159034729},"124":{"node_type":"metabolite","x":671.7716369628906,"y":-972.9615159034729,"bigg_id":"cpd00001","name":"H2O","label_x":628.5716369628906,"label_y":-992.9615159034729,"node_is_primary":false},"125":{"node_type":"metabolite","x":601.7716369628906,"y":-892.9615159034729,"bigg_id":"cpd03194","name":"Lactose-6-phosphate","label_x":469.5954406738281,"label_y":-919.6936936378479,"node_is_primary":true},"126":{"node_type":"metabolite","x":881.7716369628906,"y":-972.9615159034729,"bigg_id":"cpd00009","name":"Phosphate","label_x":838.5716369628906,"label_y":-992.9615159034729,"node_is_primary":false},"139":{"node_type":"multimarker","x":951.7716369628906,"y":-1047.961515903473},"140":{"node_type":"midmarker","x":951.7716369628906,"y":-1067.961515903473},"141":{"node_type":"multimarker","x":951.7716369628906,"y":-1087.961515903473},"142":{"node_type":"metabolite","x":1078.0270080566406,"y":-1009.2169480323792,"bigg_id":"cpd00001","name":"H2O","label_x":1093.0270080566406,"label_y":-1009.2169480323792,"node_is_primary":false},"143":{"node_type":"metabolite","x":870.8246154785156,"y":-1179.3603196144104,"bigg_id":"cpd00709","name":"beta D-Galactose","label_x":670.4518127441406,"label_y":-1170.2345871925354,"node_is_primary":true},"144":{"node_type":"metabolite","x":1049.1174621582031,"y":-1187.416349887848,"bigg_id":"cpd19001","name":"alpha-D-Glucose","label_x":1078.0477600097656,"label_y":-1177.466154575348,"node_is_primary":true}},"text_labels":{"0":{"x":200.04812622070312,"y":-1574.5380859375,"text":"Lactose and Galactose Uptake and Utilization"}},"canvas":{"x":-261.2044982910156,"y":-1759.2398071289062,"width":2082.5611877441406,"height":2621.4671020507812}}]