[{"map_name":"new_map","map_id":"nb4yfAzhMF7k","map_description":"\nLast Modified Thu Jun 06 2019 10:30:06 GMT-0500 (Central Daylight Time)","homepage":"https://escher.github.io","schema":"https://escher.github.io/escher/jsonschema/1-0-0#"},{"reactions":{"3":{"name":"rxn01643","bigg_id":"rxn01643","reversibility":false,"label_x":1194.777499057586,"label_y":-37.66689251092541,"gene_reaction_rule":"","genes":[],"metabolites":[{"bigg_id":"cpd00006","coefficient":-1},{"bigg_id":"cpd00009","coefficient":-1},{"bigg_id":"cpd00346","coefficient":-1},{"bigg_id":"cpd00005","coefficient":1},{"bigg_id":"cpd00067","coefficient":1},{"bigg_id":"cpd01977","coefficient":1}],"segments":{"22":{"from_node_id":"24","to_node_id":"25","b1":null,"b2":null},"23":{"from_node_id":"26","to_node_id":"25","b1":null,"b2":null},"24":{"from_node_id":"24","to_node_id":"23","b1":{"x":1180.673213804908,"y":14.32663695055507},"b2":{"x":1205.6157236610632,"y":26.784819442654282}},"25":{"from_node_id":"24","to_node_id":"27","b1":{"x":1180.7310018531232,"y":18.326219496457057},"b2":{"x":1162.8087272098446,"y":23.835717804917635}},"26":{"from_node_id":"24","to_node_id":"28","b1":{"x":1180.7310018531232,"y":18.326219496457057},"b2":{"x":1181.484145627743,"y":36.87505948854083}},"27":{"from_node_id":"26","to_node_id":"29","b1":{"x":1178.8817843102638,"y":-109.66042197240589},"b2":{"x":1216.4296708854029,"y":-117.06255121123407}},"28":{"from_node_id":"26","to_node_id":"30","b1":{"x":1178.8239962620491,"y":-113.66000451830703},"b2":{"x":1160.75002799221,"y":-118.64941039284007}},"29":{"from_node_id":"26","to_node_id":"31","b1":{"x":1178.8239962620491,"y":-113.66000451830703},"b2":{"x":1177.9626414403963,"y":-126.7309605213157}}}},"4":{"name":"rxn00337","bigg_id":"rxn00337","reversibility":false,"label_x":1192.7538983704085,"label_y":-362.32146219350153,"gene_reaction_rule":"","genes":[],"metabolites":[{"bigg_id":"cpd00002","coefficient":-1},{"bigg_id":"cpd00041","coefficient":-1},{"bigg_id":"cpd00008","coefficient":1},{"bigg_id":"cpd01977","coefficient":1}],"segments":{"30":{"from_node_id":"32","to_node_id":"33","b1":null,"b2":null},"31":{"from_node_id":"34","to_node_id":"33","b1":null,"b2":null},"32":{"from_node_id":"32","to_node_id":"35","b1":{"x":1177.7538983704085,"y":-434.32146219350153},"b2":{"x":1206.8549342052927,"y":-443.3582434940505}},"33":{"from_node_id":"32","to_node_id":"36","b1":{"x":1177.7538983704085,"y":-438.32146219350153},"b2":{"x":1175.775150863789,"y":-446.01629514472273}},"34":{"from_node_id":"34","to_node_id":"37","b1":{"x":1177.7538983704085,"y":-306.32146219350153},"b2":{"x":1195.7538983704085,"y":-301.07146219350153}},"35":{"from_node_id":"34","to_node_id":"31","b1":{"x":1177.7538983704085,"y":-310.32146219350153},"b2":{"x":1177.7538983704085,"y":-256.07146219350153}}}},"5":{"name":"rxn03087","bigg_id":"rxn03087","reversibility":false,"label_x":465.88133239875765,"label_y":1426.506900073578,"gene_reaction_rule":"","genes":[],"metabolites":[{"bigg_id":"cpd00024","coefficient":-1},{"bigg_id":"cpd02698","coefficient":-1},{"bigg_id":"cpd00023","coefficient":1},{"bigg_id":"cpd02724","coefficient":1}],"segments":{"36":{"from_node_id":"39","to_node_id":"40","b1":null,"b2":null},"37":{"from_node_id":"41","to_node_id":"40","b1":null,"b2":null},"38":{"from_node_id":"39","to_node_id":"38","b1":{"x":451.0768269183394,"y":1478.5065918622695},"b2":{"x":470.70985558370853,"y":1475.2160701217904}},"39":{"from_node_id":"39","to_node_id":"42","b1":{"x":451.0894394679899,"y":1482.5065719776692},"b2":{"x":452.03573775343784,"y":1486.1386520546394}},"40":{"from_node_id":"41","to_node_id":"43","b1":{"x":450.67322532952517,"y":1350.5072281694863},"b2":{"x":468.6565818774068,"y":1345.2004977945976}},"41":{"from_node_id":"41","to_node_id":"44","b1":{"x":450.6858378791758,"y":1354.507208284886},"b2":{"x":452.70710195188553,"y":1295.8728344150932}}}},"8":{"name":"rxn40037","bigg_id":"rxn40037","reversibility":false,"label_x":1194.4497646970183,"label_y":292.4365489443959,"gene_reaction_rule":"","genes":[],"metabolites":[{"bigg_id":"cpd00020","coefficient":-1},{"bigg_id":"cpd00346","coefficient":-1},{"bigg_id":"cpd00001","coefficient":1},{"bigg_id":"cpd00067","coefficient":1},{"bigg_id":"cpd21488","coefficient":1}],"segments":{"56":{"from_node_id":"59","to_node_id":"60","b1":null,"b2":null},"57":{"from_node_id":"61","to_node_id":"60","b1":null,"b2":null},"58":{"from_node_id":"59","to_node_id":"62","b1":{"x":1179.4497646970183,"y":216.4365489443959},"b2":{"x":1161.4497646970183,"y":211.1865489443959}},"59":{"from_node_id":"59","to_node_id":"28","b1":{"x":1179.4497646970183,"y":220.4365489443959},"b2":{"x":1179.4497646970183,"y":166.1865489443959}},"60":{"from_node_id":"61","to_node_id":"63","b1":{"x":1179.4497646970183,"y":348.4365489443959},"b2":{"x":1197.4497646970183,"y":353.6865489443959}},"61":{"from_node_id":"61","to_node_id":"64","b1":{"x":1179.4497646970183,"y":348.4365489443959},"b2":{"x":1161.4497646970183,"y":353.6865489443959}},"62":{"from_node_id":"61","to_node_id":"65","b1":{"x":1179.4497646970183,"y":344.4365489443959},"b2":{"x":1179.4497646970183,"y":398.6865489443959}}}},"9":{"name":"rxn39452","bigg_id":"rxn39452","reversibility":false,"label_x":1053.7251553220183,"label_y":637.1758067568959,"gene_reaction_rule":"","genes":[],"metabolites":[{"bigg_id":"cpd00001","coefficient":-1},{"bigg_id":"cpd00006","coefficient":-1},{"bigg_id":"cpd02465","coefficient":-1},{"bigg_id":"cpd00005","coefficient":1},{"bigg_id":"cpd00067","coefficient":1},{"bigg_id":"cpd21488","coefficient":1}],"segments":{"63":{"from_node_id":"66","to_node_id":"67","b1":null,"b2":null},"64":{"from_node_id":"68","to_node_id":"67","b1":null,"b2":null},"65":{"from_node_id":"66","to_node_id":"69","b1":{"x":1038.7251553220183,"y":693.1758067568959},"b2":{"x":977.4146014186421,"y":680.9242207974834}},"66":{"from_node_id":"66","to_node_id":"70","b1":{"x":1038.7251553220183,"y":689.1758067568959},"b2":{"x":972.1731396412105,"y":696.1852996878964}},"67":{"from_node_id":"66","to_node_id":"71","b1":{"x":1038.7251553220183,"y":693.1758067568959},"b2":{"x":1179.937080396693,"y":707.6340313290902}},"68":{"from_node_id":"68","to_node_id":"72","b1":{"x":1038.7251553220183,"y":561.1758067568959},"b2":{"x":979.312532064272,"y":562.2986871351405}},"69":{"from_node_id":"68","to_node_id":"73","b1":{"x":1038.7251553220183,"y":561.1758067568959},"b2":{"x":1020.7251553220183,"y":555.9258067568959}},"70":{"from_node_id":"68","to_node_id":"65","b1":{"x":1038.7251553220183,"y":565.1758067568959},"b2":{"x":1179.4497646970183,"y":516.1865489443959}}}},"10":{"name":"rxn39451","bigg_id":"rxn39451","reversibility":false,"label_x":1331.2288174313933,"label_y":627.9695079287709,"gene_reaction_rule":"","genes":[],"metabolites":[{"bigg_id":"cpd00001","coefficient":-1},{"bigg_id":"cpd00003","coefficient":-1},{"bigg_id":"cpd02465","coefficient":-1},{"bigg_id":"cpd00004","coefficient":1},{"bigg_id":"cpd00067","coefficient":1},{"bigg_id":"cpd21488","coefficient":1}],"segments":{"71":{"from_node_id":"74","to_node_id":"75","b1":null,"b2":null},"72":{"from_node_id":"76","to_node_id":"75","b1":null,"b2":null},"73":{"from_node_id":"74","to_node_id":"77","b1":{"x":1316.2288174313933,"y":683.9695079287709},"b2":{"x":1334.2288174313933,"y":689.2195079287709}},"74":{"from_node_id":"74","to_node_id":"78","b1":{"x":1316.2288174313933,"y":679.9695079287709},"b2":{"x":1425.348292670938,"y":697.5759509122947}},"75":{"from_node_id":"74","to_node_id":"71","b1":{"x":1316.2288174313933,"y":683.9695079287709},"b2":{"x":1179.9070826128545,"y":710.3445873342166}},"76":{"from_node_id":"76","to_node_id":"80","b1":{"x":1316.2288174313933,"y":551.9695079287709},"b2":{"x":1334.2288174313933,"y":546.7195079287709}},"77":{"from_node_id":"76","to_node_id":"81","b1":{"x":1316.2288174313933,"y":551.9695079287709},"b2":{"x":1370.8094101953789,"y":551.7412426768346}},"78":{"from_node_id":"76","to_node_id":"65","b1":{"x":1316.2288174313933,"y":555.9695079287709},"b2":{"x":1179.4497646970183,"y":516.1865489443959}}}},"11":{"name":"rxn07441","bigg_id":"rxn07441","reversibility":false,"label_x":1195.7457852048308,"label_y":1730.507410760802,"gene_reaction_rule":"","genes":[],"metabolites":[{"bigg_id":"cpd00024","coefficient":-1},{"bigg_id":"cpd00504","coefficient":-1},{"bigg_id":"cpd00001","coefficient":1},{"bigg_id":"cpd00023","coefficient":1},{"bigg_id":"cpd00067","coefficient":1},{"bigg_id":"cpd02465","coefficient":1}],"segments":{"79":{"from_node_id":"82","to_node_id":"83","b1":null,"b2":null},"80":{"from_node_id":"84","to_node_id":"83","b1":null,"b2":null},"81":{"from_node_id":"82","to_node_id":"85","b1":{"x":1180.7457852048308,"y":1786.507410760802},"b2":{"x":1189.8043314189931,"y":1783.3394740408255}},"82":{"from_node_id":"82","to_node_id":"121","b1":{"x":1180.7457852048308,"y":1782.507410760802},"b2":{"x":875.237057177487,"y":2084.485682245177}},"83":{"from_node_id":"84","to_node_id":"87","b1":{"x":1180.7457852048308,"y":1654.507410760802},"b2":{"x":1198.7457852048308,"y":1649.257410760802}},"84":{"from_node_id":"84","to_node_id":"88","b1":{"x":1180.7457852048308,"y":1654.507410760802},"b2":{"x":1162.7457852048308,"y":1649.257410760802}},"85":{"from_node_id":"84","to_node_id":"89","b1":{"x":1180.7457852048308,"y":1654.507410760802},"b2":{"x":1144.7457852048308,"y":1664.257410760802}},"86":{"from_node_id":"84","to_node_id":"71","b1":{"x":1180.7457852048308,"y":1658.507410760802},"b2":{"x":1178.3607754392058,"y":836.9572398623646}}}},"12":{"name":"rxn03030","bigg_id":"rxn03030","reversibility":false,"label_x":884.2485928220183,"label_y":1099.128992792052,"gene_reaction_rule":"","genes":[],"metabolites":[{"bigg_id":"cpd00001","coefficient":-1},{"bigg_id":"cpd00022","coefficient":-1},{"bigg_id":"cpd02465","coefficient":-1},{"bigg_id":"cpd00010","coefficient":1},{"bigg_id":"cpd03289","coefficient":1}],"segments":{"87":{"from_node_id":"90","to_node_id":"91","b1":null,"b2":null},"88":{"from_node_id":"92","to_node_id":"91","b1":null,"b2":null},"89":{"from_node_id":"90","to_node_id":"93","b1":{"x":869.2485928220183,"y":1023.128992792052},"b2":{"x":944.248043505612,"y":1063.9170176943958}},"90":{"from_node_id":"90","to_node_id":"94","b1":{"x":869.2485928220183,"y":1023.128992792052},"b2":{"x":851.2485928220183,"y":1017.878992792052}},"91":{"from_node_id":"90","to_node_id":"71","b1":{"x":869.2485928220183,"y":1027.128992792052},"b2":{"x":1178.3607754392058,"y":836.9572398623646}},"92":{"from_node_id":"92","to_node_id":"95","b1":{"x":869.2485928220183,"y":1151.128992792052},"b2":{"x":906.1928621594343,"y":1167.0996837038379}},"93":{"from_node_id":"92","to_node_id":"96","b1":{"x":869.2485928220183,"y":1155.128992792052},"b2":{"x":871.2037663734029,"y":1169.5890891879617}}}},"13":{"name":"rxn03086","bigg_id":"rxn03086","reversibility":false,"label_x":887.5554775876433,"label_y":1425.1669566592395,"gene_reaction_rule":"","genes":[],"metabolites":[{"bigg_id":"cpd00024","coefficient":-1},{"bigg_id":"cpd02685","coefficient":-1},{"bigg_id":"cpd00023","coefficient":1},{"bigg_id":"cpd03289","coefficient":1}],"segments":{"94":{"from_node_id":"97","to_node_id":"98","b1":null,"b2":null},"95":{"from_node_id":"99","to_node_id":"98","b1":null,"b2":null},"96":{"from_node_id":"97","to_node_id":"100","b1":{"x":872.5554775876433,"y":1481.1669566592395},"b2":{"x":854.5554775876433,"y":1486.4169566592395}},"97":{"from_node_id":"97","to_node_id":"101","b1":{"x":872.5554775876433,"y":1477.1669566592395},"b2":{"x":872.5554775876433,"y":1531.4169566592395}},"98":{"from_node_id":"99","to_node_id":"102","b1":{"x":872.5554775876433,"y":1349.1669566592395},"b2":{"x":854.5554775876433,"y":1343.9169566592395}},"99":{"from_node_id":"99","to_node_id":"96","b1":{"x":872.5554775876433,"y":1353.1669566592395},"b2":{"x":872.5554775876433,"y":1298.9169566592395}}}},"14":{"name":"rxn01972","bigg_id":"rxn01972","reversibility":false,"label_x":887.5554775876433,"label_y":1775.1669566592395,"gene_reaction_rule":"","genes":[],"metabolites":[{"bigg_id":"cpd00001","coefficient":-1},{"bigg_id":"cpd02685","coefficient":-1},{"bigg_id":"cpd00029","coefficient":1},{"bigg_id":"cpd00504","coefficient":1}],"segments":{"100":{"from_node_id":"103","to_node_id":"104","b1":null,"b2":null},"101":{"from_node_id":"105","to_node_id":"104","b1":null,"b2":null},"102":{"from_node_id":"103","to_node_id":"106","b1":{"x":872.5554775876433,"y":1699.1669566592395},"b2":{"x":854.5554775876433,"y":1693.9169566592395}},"103":{"from_node_id":"103","to_node_id":"101","b1":{"x":872.5554775876433,"y":1703.1669566592395},"b2":{"x":872.5554775876433,"y":1648.9169566592395}},"104":{"from_node_id":"105","to_node_id":"107","b1":{"x":872.5554775876433,"y":1831.1669566592395},"b2":{"x":854.5554775876433,"y":1836.4169566592395}},"105":{"from_node_id":"105","to_node_id":"121","b1":{"x":872.5554775876433,"y":1827.1669566592395},"b2":{"x":874.1594814938933,"y":2080.9150035342395}}}},"15":{"name":"rxn03031","bigg_id":"rxn03031","reversibility":false,"label_x":469.9064297360808,"label_y":1064.0524547061145,"gene_reaction_rule":"","genes":[],"metabolites":[{"bigg_id":"cpd00001","coefficient":-1},{"bigg_id":"cpd00078","coefficient":-1},{"bigg_id":"cpd02465","coefficient":-1},{"bigg_id":"cpd00010","coefficient":1},{"bigg_id":"cpd02724","coefficient":1}],"segments":{"106":{"from_node_id":"109","to_node_id":"110","b1":null,"b2":null},"107":{"from_node_id":"111","to_node_id":"110","b1":null,"b2":null},"108":{"from_node_id":"109","to_node_id":"112","b1":{"x":454.9064297360808,"y":988.0524547061145},"b2":{"x":472.9064297360808,"y":982.8024547061145}},"109":{"from_node_id":"109","to_node_id":"113","b1":{"x":454.9064297360808,"y":988.0524547061145},"b2":{"x":436.9064297360808,"y":982.8024547061145}},"110":{"from_node_id":"109","to_node_id":"71","b1":{"x":454.9064297360808,"y":992.0524547061145},"b2":{"x":1178.3607754392058,"y":836.9572398623646}},"111":{"from_node_id":"111","to_node_id":"114","b1":{"x":454.9064297360808,"y":1116.0524547061145},"b2":{"x":414.22065706794206,"y":1115.826744521598}},"112":{"from_node_id":"111","to_node_id":"44","b1":{"x":454.9064297360808,"y":1120.0524547061145},"b2":{"x":451.3662096974019,"y":1171.8885308847896}}}},"16":{"name":"rxn01973","bigg_id":"rxn01973","reversibility":false,"label_x":465.1084970684243,"label_y":1741.7031491005473,"gene_reaction_rule":"","genes":[],"metabolites":[{"bigg_id":"cpd00001","coefficient":-1},{"bigg_id":"cpd02698","coefficient":-1},{"bigg_id":"cpd00036","coefficient":1},{"bigg_id":"cpd00504","coefficient":1}],"segments":{"113":{"from_node_id":"116","to_node_id":"117","b1":null,"b2":null},"114":{"from_node_id":"118","to_node_id":"117","b1":null,"b2":null},"115":{"from_node_id":"116","to_node_id":"119","b1":{"x":450.1084970684243,"y":1665.7031491005473},"b2":{"x":432.1084970684243,"y":1660.4531491005473}},"116":{"from_node_id":"116","to_node_id":"42","b1":{"x":450.1084970684243,"y":1669.7031491005473},"b2":{"x":450.1084970684243,"y":1615.4531491005473}},"117":{"from_node_id":"118","to_node_id":"120","b1":{"x":450.1084970684243,"y":1797.7031491005473},"b2":{"x":432.1084970684243,"y":1802.9531491005473}},"118":{"from_node_id":"118","to_node_id":"121","b1":{"x":450.1084970684243,"y":1793.7031491005473},"b2":{"x":874.8236459942054,"y":2091.296777030235}}}},"17":{"name":"rxn01974","bigg_id":"rxn01974","reversibility":false,"label_x":1000.2070627370683,"label_y":2280.6753594223405,"gene_reaction_rule":"","genes":[],"metabolites":[{"bigg_id":"cpd00504","coefficient":-1},{"bigg_id":"cpd00516","coefficient":1}],"segments":{"119":{"from_node_id":"122","to_node_id":"123","b1":null,"b2":null},"120":{"from_node_id":"124","to_node_id":"123","b1":null,"b2":null},"121":{"from_node_id":"122","to_node_id":"121","b1":{"x":956.7260440355227,"y":2273.093449576579},"b2":{"x":874.8236459942054,"y":2208.796777030235}},"122":{"from_node_id":"124","to_node_id":"125","b1":{"x":1054.340425188612,"y":2349.5619567681006},"b2":{"x":1097.0467169430874,"y":2383.0169286643895}}}},"18":{"name":"rxn00313","bigg_id":"rxn00313","reversibility":false,"label_x":1158.295466078119,"label_y":2604.2469673539217,"gene_reaction_rule":"","genes":[],"metabolites":[{"bigg_id":"cpd00067","coefficient":-1},{"bigg_id":"cpd00516","coefficient":-1},{"bigg_id":"cpd00011","coefficient":1},{"bigg_id":"cpd00039","coefficient":1}],"segments":{"123":{"from_node_id":"126","to_node_id":"127","b1":null,"b2":null},"124":{"from_node_id":"128","to_node_id":"127","b1":null,"b2":null},"125":{"from_node_id":"126","to_node_id":"129","b1":{"x":1143.295466078119,"y":2528.2469673539217},"b2":{"x":1125.295466078119,"y":2522.9969673539217}},"126":{"from_node_id":"126","to_node_id":"125","b1":{"x":1143.295466078119,"y":2532.2469673539217},"b2":{"x":1143.295466078119,"y":2477.9969673539217}},"127":{"from_node_id":"128","to_node_id":"130","b1":{"x":1143.295466078119,"y":2660.2469673539217},"b2":{"x":1125.295466078119,"y":2665.4969673539217}},"128":{"from_node_id":"128","to_node_id":"131","b1":{"x":1143.295466078119,"y":2656.2469673539217},"b2":{"x":1143.295466078119,"y":2710.4969673539217}}}},"19":{"name":"rxn03012","bigg_id":"rxn03012","reversibility":false,"label_x":1660.8627285642058,"label_y":1608.563074823302,"gene_reaction_rule":"","genes":[],"metabolites":[{"bigg_id":"cpd02414","coefficient":-1},{"bigg_id":"cpd00001","coefficient":1},{"bigg_id":"cpd00067","coefficient":1},{"bigg_id":"cpd02465","coefficient":1}],"segments":{"129":{"from_node_id":"132","to_node_id":"133","b1":null,"b2":null},"130":{"from_node_id":"134","to_node_id":"133","b1":null,"b2":null},"131":{"from_node_id":"132","to_node_id":"135","b1":{"x":1645.8627285642058,"y":1660.563074823302},"b2":{"x":1645.8627285642058,"y":1714.813074823302}},"132":{"from_node_id":"134","to_node_id":"136","b1":{"x":1645.8627285642058,"y":1532.563074823302},"b2":{"x":1663.8627285642058,"y":1527.313074823302}},"133":{"from_node_id":"134","to_node_id":"137","b1":{"x":1645.8627285642058,"y":1532.563074823302},"b2":{"x":1675.9052069649194,"y":1533.497480178833}},"134":{"from_node_id":"134","to_node_id":"71","b1":{"x":1645.8627285642058,"y":1536.563074823302},"b2":{"x":1178.3607754392058,"y":836.9572398623646}}}},"20":{"name":"rxn01991","bigg_id":"rxn01991","reversibility":false,"label_x":1406.7855801267058,"label_y":1996.674647088927,"gene_reaction_rule":"","genes":[],"metabolites":[{"bigg_id":"cpd00001","coefficient":-1},{"bigg_id":"cpd00006","coefficient":-1},{"bigg_id":"cpd00516","coefficient":-1},{"bigg_id":"cpd00005","coefficient":1},{"bigg_id":"cpd00013","coefficient":1},{"bigg_id":"cpd00067","coefficient":1},{"bigg_id":"cpd02414","coefficient":1}],"segments":{"135":{"from_node_id":"138","to_node_id":"139","b1":null,"b2":null},"136":{"from_node_id":"140","to_node_id":"139","b1":null,"b2":null},"137":{"from_node_id":"138","to_node_id":"141","b1":{"x":1391.7855801267058,"y":2052.674647088927},"b2":{"x":1409.7855801267058,"y":2057.924647088927}},"138":{"from_node_id":"138","to_node_id":"142","b1":{"x":1391.7855801267058,"y":2048.674647088927},"b2":{"x":1292.7875378493807,"y":2070.206467057127}},"139":{"from_node_id":"138","to_node_id":"125","b1":{"x":1391.7855801267058,"y":2052.674647088927},"b2":{"x":1216.2578701657683,"y":2395.847254510802}},"140":{"from_node_id":"140","to_node_id":"144","b1":{"x":1391.7855801267058,"y":1920.674647088927},"b2":{"x":1409.7855801267058,"y":1915.424647088927}},"141":{"from_node_id":"140","to_node_id":"145","b1":{"x":1391.7855801267058,"y":1920.674647088927},"b2":{"x":1373.7855801267058,"y":1915.424647088927}},"142":{"from_node_id":"140","to_node_id":"146","b1":{"x":1391.7855801267058,"y":1920.674647088927},"b2":{"x":1355.7855801267058,"y":1930.424647088927}},"143":{"from_node_id":"140","to_node_id":"135","b1":{"x":1391.7855801267058,"y":1924.674647088927},"b2":{"x":1645.8627285642058,"y":1832.313074823302}}}},"21":{"name":"rxn41913","bigg_id":"rxn41913","reversibility":false,"label_x":1698.9743008298308,"label_y":2080.520106073302,"gene_reaction_rule":"","genes":[],"metabolites":[{"bigg_id":"cpd00001","coefficient":-1},{"bigg_id":"cpd00006","coefficient":-1},{"bigg_id":"cpd00516","coefficient":-1},{"bigg_id":"cpd00005","coefficient":1},{"bigg_id":"cpd00067","coefficient":1},{"bigg_id":"cpd02414","coefficient":1},{"bigg_id":"cpd19013","coefficient":1}],"segments":{"144":{"from_node_id":"147","to_node_id":"148","b1":null,"b2":null},"145":{"from_node_id":"149","to_node_id":"148","b1":null,"b2":null},"146":{"from_node_id":"147","to_node_id":"150","b1":{"x":1683.9743008298308,"y":2136.520106073302},"b2":{"x":1701.9743008298308,"y":2141.770106073302}},"147":{"from_node_id":"147","to_node_id":"151","b1":{"x":1683.9743008298308,"y":2132.520106073302},"b2":{"x":1676.3519863767058,"y":2148.658533807677}},"148":{"from_node_id":"147","to_node_id":"125","b1":{"x":1683.9743008298308,"y":2136.520106073302},"b2":{"x":1203.5540127438933,"y":2393.306483026427}},"149":{"from_node_id":"149","to_node_id":"153","b1":{"x":1683.9743008298308,"y":2004.520106073302},"b2":{"x":1701.9743008298308,"y":1999.270106073302}},"150":{"from_node_id":"149","to_node_id":"154","b1":{"x":1683.9743008298308,"y":2004.520106073302},"b2":{"x":1665.9743008298308,"y":1999.270106073302}},"151":{"from_node_id":"149","to_node_id":"135","b1":{"x":1683.9743008298308,"y":2008.520106073302},"b2":{"x":1645.8627285642058,"y":1832.313074823302}},"152":{"from_node_id":"149","to_node_id":"155","b1":{"x":1683.9743008298308,"y":2004.520106073302},"b2":{"x":1755.9460494628981,"y":1999.0013462001525}}}}},"nodes":{"23":{"node_type":"metabolite","x":1262.2996102562736,"y":42.228248480970805,"bigg_id":"cpd00006","name":"NADP","label_x":1287.2996102562736,"label_y":42.228248480970805,"node_is_primary":false},"24":{"node_type":"multimarker","x":1180.0664392986582,"y":-27.668979781415654},"25":{"node_type":"midmarker","x":1179.777499057586,"y":-47.66689251092541},"26":{"node_type":"multimarker","x":1179.4885588165148,"y":-67.66480524043499},"27":{"node_type":"metabolite","x":1101.3027844051728,"y":58.477910283287926,"bigg_id":"cpd00009","name":"Phosphate","label_x":1006.6627697567353,"label_y":42.234929326256676,"node_is_primary":false},"28":{"node_type":"metabolite","x":1179.4497646970183,"y":107.43654894439588,"bigg_id":"cpd00346","name":"L-Aspartate4-semialdehyde","label_x":1107.4497646970183,"label_y":137.4365489443959,"node_is_primary":true},"29":{"node_type":"metabolite","x":1263.5524331267907,"y":-152.14827165048942,"bigg_id":"cpd00005","name":"NADPH","label_x":1288.5524331267907,"label_y":-152.14827165048942,"node_is_primary":false},"30":{"node_type":"metabolite","x":1098.268911873921,"y":-151.50017337656521,"bigg_id":"cpd00067","name":"H+","label_x":1113.268911873921,"label_y":-151.50017337656521,"node_is_primary":false},"31":{"node_type":"metabolite","x":1177.7538983704085,"y":-197.32146219350153,"bigg_id":"cpd01977","name":"4-Phospho-L-aspartate","label_x":1197.7973554016585,"label_y":-195.74667886830622,"node_is_primary":true},"32":{"node_type":"multimarker","x":1177.7538983704085,"y":-392.32146219350153},"33":{"node_type":"midmarker","x":1177.7538983704085,"y":-372.32146219350153},"34":{"node_type":"multimarker","x":1177.7538983704085,"y":-352.32146219350153},"35":{"node_type":"metabolite","x":1264.3830487610335,"y":-455.2779136095171,"bigg_id":"cpd00002","name":"ATP","label_x":1289.3830487610335,"label_y":-455.2779136095171,"node_is_primary":false},"36":{"node_type":"metabolite","x":1177.892692315721,"y":-516.5753379259233,"bigg_id":"cpd00041","name":"L-Aspartate","label_x":1192.892692315721,"label_y":-516.5753379259233,"node_is_primary":true},"37":{"node_type":"metabolite","x":1257.7538983704085,"y":-267.32146219350153,"bigg_id":"cpd00008","name":"ADP","label_x":1272.7538983704085,"label_y":-267.32146219350153,"node_is_primary":false},"38":{"node_type":"metabolite","x":528.2582500093813,"y":1487.037440559568,"bigg_id":"cpd00024","name":"2-Oxoglutarate","label_x":505.00218464072896,"label_y":1455.9632828447243,"node_is_primary":false},"39":{"node_type":"multimarker","x":450.9443951470099,"y":1436.506800650575},"40":{"node_type":"midmarker","x":450.88133239875765,"y":1416.506900073578},"41":{"node_type":"multimarker","x":450.8182696505055,"y":1396.5069994965806},"42":{"node_type":"metabolite","x":450.1084970684243,"y":1556.7031491005473,"bigg_id":"cpd02698","name":"N-Succinyl-L-2,6-diaminopimelate","label_x":258.3389353008462,"label_y":1558.660119315391,"node_is_primary":true},"43":{"node_type":"metabolite","x":530.5498552784234,"y":1311.2551710513321,"bigg_id":"cpd00023","name":"L-Glutamate","label_x":524.3184099659233,"label_y":1290.8325636294571,"node_is_primary":false},"44":{"node_type":"metabolite","x":452.52185512889446,"y":1237.1231264701623,"bigg_id":"cpd02724","name":"N-Succinyl-L-2-amino-6-oxopimelate","label_x":231.98584438670696,"label_y":1239.3153872123498,"node_is_primary":true},"59":{"node_type":"multimarker","x":1179.4497646970183,"y":262.4365489443959},"60":{"node_type":"midmarker","x":1179.4497646970183,"y":282.4365489443959},"61":{"node_type":"multimarker","x":1179.4497646970183,"y":302.4365489443959},"62":{"node_type":"metabolite","x":1099.4497646970183,"y":177.4365489443959,"bigg_id":"cpd00020","name":"Pyruvate","label_x":1027.4497646970183,"label_y":207.4365489443959,"node_is_primary":false},"63":{"node_type":"metabolite","x":1259.4497646970183,"y":387.4365489443959,"bigg_id":"cpd00001","name":"H2O","label_x":1274.4497646970183,"label_y":387.4365489443959,"node_is_primary":false},"64":{"node_type":"metabolite","x":1099.4497646970183,"y":387.4365489443959,"bigg_id":"cpd00067","name":"H+","label_x":1027.4497646970183,"label_y":417.4365489443959,"node_is_primary":false},"65":{"node_type":"metabolite","x":1179.4497646970183,"y":457.4365489443959,"bigg_id":"cpd21488","name":"(2S,4S)-4-Hydroxy-2,3,4,5-tetrahydrodipicolinate","label_x":1204.4497646970183,"label_y":457.4365489443959,"node_is_primary":true},"66":{"node_type":"multimarker","x":1038.7251553220183,"y":647.1758067568959},"67":{"node_type":"midmarker","x":1038.7251553220183,"y":627.1758067568959},"68":{"node_type":"multimarker","x":1038.7251553220183,"y":607.1758067568959},"69":{"node_type":"metabolite","x":910.9261440915495,"y":657.2103526553334,"bigg_id":"cpd00001","name":"H2O","label_x":849.645504443112,"label_y":659.8407237490834,"node_is_primary":false},"70":{"node_type":"metabolite","x":915.097897021237,"y":710.1129405459584,"bigg_id":"cpd00006","name":"NADP","label_x":832.2528652829558,"label_y":732.4710338076771,"node_is_primary":false},"71":{"node_type":"metabolite","x":1178.3607754392058,"y":778.2072398623646,"bigg_id":"cpd02465","name":"tetrahydrodipicolinate","label_x":1195.7931484860808,"label_y":781.9035899600209,"node_is_primary":true},"72":{"node_type":"metabolite","x":909.6109585446745,"y":573.4679820498646,"bigg_id":"cpd00005","name":"NADPH","label_x":816.7659268063933,"label_y":586.6197764834584,"node_is_primary":false},"73":{"node_type":"metabolite","x":958.7251553220183,"y":522.1758067568959,"bigg_id":"cpd00067","name":"H+","label_x":914.343990771237,"label_y":516.6658580264271,"node_is_primary":false},"74":{"node_type":"multimarker","x":1316.2288174313933,"y":637.9695079287709},"75":{"node_type":"midmarker","x":1316.2288174313933,"y":617.9695079287709},"76":{"node_type":"multimarker","x":1316.2288174313933,"y":597.9695079287709},"77":{"node_type":"metabolite","x":1396.2288174313933,"y":722.9695079287709,"bigg_id":"cpd00001","name":"H2O","label_x":1411.2288174313933,"label_y":722.9695079287709,"node_is_primary":false},"78":{"node_type":"metabolite","x":1483.2570156735808,"y":707.4826304873646,"bigg_id":"cpd00003","name":"NAD","label_x":1508.2570156735808,"label_y":707.4826304873646,"node_is_primary":false},"80":{"node_type":"metabolite","x":1396.2288174313933,"y":512.9695079287709,"bigg_id":"cpd00004","name":"NADH","label_x":1411.2288174313933,"label_y":512.9695079287709,"node_is_primary":false},"81":{"node_type":"metabolite","x":1441.3973965329558,"y":551.1098277529896,"bigg_id":"cpd00067","name":"H+","label_x":1450.9387783688933,"label_y":550.8606212100209,"node_is_primary":false},"82":{"node_type":"multimarker","x":1180.7457852048308,"y":1740.507410760802},"83":{"node_type":"midmarker","x":1180.7457852048308,"y":1720.507410760802},"84":{"node_type":"multimarker","x":1180.7457852048308,"y":1700.507410760802},"85":{"node_type":"metabolite","x":1258.5902676267058,"y":1799.200037713927,"bigg_id":"cpd00024","name":"2-Oxoglutarate","label_x":1186.5902676267058,"label_y":1829.200037713927,"node_is_primary":false},"87":{"node_type":"metabolite","x":1260.745785204831,"y":1615.507410760802,"bigg_id":"cpd00001","name":"H2O","label_x":1275.745785204831,"label_y":1615.507410760802,"node_is_primary":false},"88":{"node_type":"metabolite","x":1100.7457852048308,"y":1615.507410760802,"bigg_id":"cpd00023","name":"L-Glutamate","label_x":1006.8229336423308,"label_y":1676.1994273623645,"node_is_primary":false},"89":{"node_type":"metabolite","x":1020.7457852048308,"y":1635.507410760802,"bigg_id":"cpd00067","name":"H+","label_x":1062.7446865720183,"label_y":1608.5080211123645,"node_is_primary":false},"90":{"node_type":"multimarker","x":869.2485928220183,"y":1069.128992792052},"91":{"node_type":"midmarker","x":869.2485928220183,"y":1089.128992792052},"92":{"node_type":"multimarker","x":869.2485928220183,"y":1109.128992792052},"93":{"node_type":"metabolite","x":1006.248043505612,"y":1030.1670176943958,"bigg_id":"cpd00001","name":"H2O","label_x":1021.248043505612,"label_y":1030.1670176943958,"node_is_primary":false},"94":{"node_type":"metabolite","x":789.2485928220183,"y":984.128992792052,"bigg_id":"cpd00022","name":"Acetyl-CoA","label_x":717.2485928220183,"label_y":1014.128992792052,"node_is_primary":false},"95":{"node_type":"metabolite","x":961.3245205563933,"y":1187.399012323302,"bigg_id":"cpd00010","name":"CoA","label_x":986.3245205563933,"label_y":1187.399012323302,"node_is_primary":false},"96":{"node_type":"metabolite","x":872.5554775876433,"y":1240.1669566592395,"bigg_id":"cpd03289","name":"L-2-Acetamido-6-oxopimelate","label_x":728.2100186032683,"label_y":1246.051844354552,"node_is_primary":true},"97":{"node_type":"multimarker","x":872.5554775876433,"y":1435.1669566592395},"98":{"node_type":"midmarker","x":872.5554775876433,"y":1415.1669566592395},"99":{"node_type":"multimarker","x":872.5554775876433,"y":1395.1669566592395},"100":{"node_type":"metabolite","x":792.5554775876433,"y":1520.1669566592395,"bigg_id":"cpd00024","name":"2-Oxoglutarate","label_x":720.5554775876433,"label_y":1550.1669566592395,"node_is_primary":false},"101":{"node_type":"metabolite","x":872.5554775876433,"y":1590.1669566592395,"bigg_id":"cpd02685","name":"N-acetyl-LL-2,6-diaminopimelate","label_x":693.6729092282683,"label_y":1601.1283824404895,"node_is_primary":true},"102":{"node_type":"metabolite","x":792.5554775876433,"y":1310.1669566592395,"bigg_id":"cpd00023","name":"L-Glutamate","label_x":720.5554775876433,"label_y":1340.1669566592395,"node_is_primary":false},"103":{"node_type":"multimarker","x":872.5554775876433,"y":1745.1669566592395},"104":{"node_type":"midmarker","x":872.5554775876433,"y":1765.1669566592395},"105":{"node_type":"multimarker","x":872.5554775876433,"y":1785.1669566592395},"106":{"node_type":"metabolite","x":792.5554775876433,"y":1660.1669566592395,"bigg_id":"cpd00001","name":"H2O","label_x":720.5554775876433,"label_y":1690.1669566592395,"node_is_primary":false},"107":{"node_type":"metabolite","x":792.5554775876433,"y":1870.1669566592395,"bigg_id":"cpd00029","name":"Acetate","label_x":720.5554775876433,"label_y":1900.1669566592395,"node_is_primary":false},"109":{"node_type":"multimarker","x":454.9064297360808,"y":1034.0524547061145},"110":{"node_type":"midmarker","x":454.9064297360808,"y":1054.0524547061145},"111":{"node_type":"multimarker","x":454.9064297360808,"y":1074.0524547061145},"112":{"node_type":"metabolite","x":534.9064297360808,"y":949.0524547061146,"bigg_id":"cpd00001","name":"H2O","label_x":549.9064297360808,"label_y":949.0524547061146,"node_is_primary":false},"113":{"node_type":"metabolite","x":374.9064297360808,"y":949.0524547061146,"bigg_id":"cpd00078","name":"Succinyl-CoA","label_x":280.9835781735808,"label_y":992.206141229552,"node_is_primary":false},"114":{"node_type":"metabolite","x":365.0227627438933,"y":1147.9379527529895,"bigg_id":"cpd00010","name":"CoA","label_x":289.17760893529953,"label_y":1128.207361932677,"node_is_primary":false},"116":{"node_type":"multimarker","x":450.1084970684243,"y":1711.7031491005473},"117":{"node_type":"midmarker","x":450.1084970684243,"y":1731.7031491005473},"118":{"node_type":"multimarker","x":450.1084970684243,"y":1751.7031491005473},"119":{"node_type":"metabolite","x":370.1084970684243,"y":1626.7031491005473,"bigg_id":"cpd00001","name":"H2O","label_x":298.1084970684243,"label_y":1656.7031491005473,"node_is_primary":false},"120":{"node_type":"metabolite","x":370.1084970684243,"y":1836.7031491005473,"bigg_id":"cpd00036","name":"Succinate","label_x":298.1084970684243,"label_y":1866.7031491005473,"node_is_primary":false},"121":{"node_type":"metabolite","x":874.8236459942054,"y":2150.046777030235,"bigg_id":"cpd00504","name":"LL-2,6-Diaminopimelate","label_x":899.8236459942054,"label_y":2150.046777030235,"node_is_primary":true},"122":{"node_type":"multimarker","x":989.7889795873758,"y":2298.994072980159},"123":{"node_type":"midmarker","x":1005.5332346120683,"y":2311.3277031723405},"124":{"node_type":"multimarker","x":1021.277489636759,"y":2323.6613333645196},"125":{"node_type":"metabolite","x":1143.295466078119,"y":2419.2469673539217,"bigg_id":"cpd00516","name":"meso-2,6-Diaminopimelate","label_x":1173.377009046869,"label_y":2439.5731392289217,"node_is_primary":true},"126":{"node_type":"multimarker","x":1143.295466078119,"y":2574.2469673539217},"127":{"node_type":"midmarker","x":1143.295466078119,"y":2594.2469673539217},"128":{"node_type":"multimarker","x":1143.295466078119,"y":2614.2469673539217},"129":{"node_type":"metabolite","x":1063.295466078119,"y":2489.2469673539217,"bigg_id":"cpd00067","name":"H+","label_x":991.295466078119,"label_y":2519.2469673539217,"node_is_primary":false},"130":{"node_type":"metabolite","x":1063.295466078119,"y":2699.2469673539217,"bigg_id":"cpd00011","name":"CO2","label_x":991.295466078119,"label_y":2729.2469673539217,"node_is_primary":false},"131":{"node_type":"metabolite","x":1143.295466078119,"y":2769.2469673539217,"bigg_id":"cpd00039","name":"L-Lysine","label_x":1168.295466078119,"label_y":2769.2469673539217,"node_is_primary":true},"132":{"node_type":"multimarker","x":1645.8627285642058,"y":1618.563074823302},"133":{"node_type":"midmarker","x":1645.8627285642058,"y":1598.563074823302},"134":{"node_type":"multimarker","x":1645.8627285642058,"y":1578.563074823302},"135":{"node_type":"metabolite","x":1645.8627285642058,"y":1773.563074823302,"bigg_id":"cpd02414","name":"L-2-Amino-6-oxopimelate","label_x":1670.8627285642058,"label_y":1773.563074823302,"node_is_primary":true},"136":{"node_type":"metabolite","x":1725.8627285642058,"y":1493.563074823302,"bigg_id":"cpd00001","name":"H2O","label_x":1740.8627285642058,"label_y":1493.563074823302,"node_is_primary":false},"137":{"node_type":"metabolite","x":1746.2573818845183,"y":1539.296961542052,"bigg_id":"cpd00067","name":"H+","label_x":1765.7250332517058,"label_y":1551.511561151427,"node_is_primary":false},"138":{"node_type":"multimarker","x":1391.7855801267058,"y":2006.674647088927},"139":{"node_type":"midmarker","x":1391.7855801267058,"y":1986.674647088927},"140":{"node_type":"multimarker","x":1391.7855801267058,"y":1966.674647088927},"141":{"node_type":"metabolite","x":1471.7855801267058,"y":2091.674647088927,"bigg_id":"cpd00001","name":"H2O","label_x":1486.7855801267058,"label_y":2091.674647088927,"node_is_primary":false},"142":{"node_type":"metabolite","x":1234.2577480954558,"y":2075.288416620177,"bigg_id":"cpd00006","name":"NADP","label_x":1193.1976895017058,"label_y":2049.880701776427,"node_is_primary":false},"144":{"node_type":"metabolite","x":1471.7855801267058,"y":1881.674647088927,"bigg_id":"cpd00005","name":"NADPH","label_x":1448.6740078610808,"label_y":1861.348475213927,"node_is_primary":false},"145":{"node_type":"metabolite","x":1311.7855801267058,"y":1881.674647088927,"bigg_id":"cpd00013","name":"NH3","label_x":1257.5709805173308,"label_y":1873.5631968936145,"node_is_primary":false},"146":{"node_type":"metabolite","x":1231.7855801267058,"y":1901.674647088927,"bigg_id":"cpd00067","name":"H+","label_x":1200.4379238767058,"label_y":1931.674647088927,"node_is_primary":false},"147":{"node_type":"multimarker","x":1683.9743008298308,"y":2090.520106073302},"148":{"node_type":"midmarker","x":1683.9743008298308,"y":2070.520106073302},"149":{"node_type":"multimarker","x":1683.9743008298308,"y":2050.520106073302},"150":{"node_type":"metabolite","x":1763.9743008298308,"y":2175.520106073302,"bigg_id":"cpd00001","name":"H2O","label_x":1778.9743008298308,"label_y":2175.520106073302,"node_is_primary":false},"151":{"node_type":"metabolite","x":1676.3519863767058,"y":2207.408533807677,"bigg_id":"cpd00006","name":"NADP","label_x":1701.3519863767058,"label_y":2207.408533807677,"node_is_primary":false},"153":{"node_type":"metabolite","x":1763.9743008298308,"y":1965.520106073302,"bigg_id":"cpd00005","name":"NADPH","label_x":1778.9743008298308,"label_y":1965.520106073302,"node_is_primary":false},"154":{"node_type":"metabolite","x":1603.9743008298308,"y":1965.520106073302,"bigg_id":"cpd00067","name":"H+","label_x":1567.5451016110808,"label_y":1952.326990838927,"node_is_primary":false},"155":{"node_type":"metabolite","x":1882.2229580563933,"y":1982.979334588927,"bigg_id":"cpd19013","name":"NH4+","label_x":1850.8753018063933,"label_y":2015.520106073302,"node_is_primary":false}},"text_labels":{"0":{"x":752.5963134765625,"y":-792.06689453125,"text":"L-Lysine Biosynthesis (DAP Pathway)"},"2":{"x":640.8024291992188,"y":937.3511352539062,"text":"I"},"4":{"x":963.4803466796875,"y":950.054931640625,"text":"II"},"7":{"x":1352.21826171875,"y":1069.47119140625,"text":"III"},"9":{"x":1189.60888671875,"y":1120.28662109375,"text":"VI"}},"canvas":{"x":-233.1165313720703,"y":-1057.1585693359375,"width":2800.3501739501953,"height":4264.4500732421875}}]