[{"map_name":"new_map","map_id":"zmVr0PmqTAW1","map_description":"\nLast Modified Fri Jun 21 2019 09:39:59 GMT-0500 (Central Daylight Time)","homepage":"https://escher.github.io","schema":"https://escher.github.io/escher/jsonschema/1-0-0#"},{"reactions":{"2":{"name":"rxn11968","bigg_id":"rxn11968","reversibility":false,"label_x":1616.6217041015625,"label_y":-111.9673957824707,"gene_reaction_rule":"","genes":[],"metabolites":[{"bigg_id":"cpd00549","coefficient":-1},{"bigg_id":"cpd11625","coefficient":-1},{"bigg_id":"cpd02074","coefficient":1},{"bigg_id":"cpd11673","coefficient":1}],"segments":{"16":{"from_node_id":"19","to_node_id":"20","b1":null,"b2":null},"17":{"from_node_id":"21","to_node_id":"20","b1":null,"b2":null},"18":{"from_node_id":"19","to_node_id":"18","b1":{"x":1601.6217041015625,"y":-183.9673957824707},"b2":{"x":1601.6217041015625,"y":-238.2173957824707}},"19":{"from_node_id":"19","to_node_id":"22","b1":{"x":1601.6217041015625,"y":-187.9673957824707},"b2":{"x":1583.6217041015625,"y":-193.2173957824707}},"20":{"from_node_id":"21","to_node_id":"23","b1":{"x":1601.6217041015625,"y":-59.9673957824707},"b2":{"x":1601.6217041015625,"y":-5.717395782470703}},"21":{"from_node_id":"21","to_node_id":"24","b1":{"x":1601.6217041015625,"y":-55.9673957824707},"b2":{"x":1583.6217041015625,"y":-50.7173957824707}}}},"3":{"name":"rxn00321","bigg_id":"rxn00321","reversibility":false,"label_x":1829.8616943359375,"label_y":-458.0538024902344,"gene_reaction_rule":"","genes":[],"metabolites":[{"bigg_id":"cpd00039","coefficient":-1},{"bigg_id":"cpd00840","coefficient":1}],"segments":{"22":{"from_node_id":"26","to_node_id":"27","b1":null,"b2":null},"23":{"from_node_id":"28","to_node_id":"27","b1":null,"b2":null},"24":{"from_node_id":"26","to_node_id":"25","b1":{"x":1971.898193359375,"y":-530.0538024902344},"b2":{"x":1971.898193359375,"y":-584.3038024902344}},"25":{"from_node_id":"28","to_node_id":"29","b1":{"x":1971.898193359375,"y":-406.0538024902344},"b2":{"x":1971.898193359375,"y":-351.8038024902344}}}},"19":{"name":"rxn00510","bigg_id":"rxn00510","reversibility":false,"label_x":2164.019775390625,"label_y":-651.5475769042969,"gene_reaction_rule":"","genes":[],"metabolites":[{"bigg_id":"cpd00001","coefficient":-1},{"bigg_id":"cpd00003","coefficient":-1},{"bigg_id":"cpd00351","coefficient":-1},{"bigg_id":"cpd00004","coefficient":1},{"bigg_id":"cpd00024","coefficient":1},{"bigg_id":"cpd00039","coefficient":1},{"bigg_id":"cpd00067","coefficient":1}],"segments":{"132":{"from_node_id":"151","to_node_id":"152","b1":null,"b2":null},"133":{"from_node_id":"153","to_node_id":"152","b1":null,"b2":null},"134":{"from_node_id":"151","to_node_id":"154","b1":{"x":2299.197509765625,"y":-686.8885803222656},"b2":{"x":2326.59375,"y":-654.5563659667969}},"135":{"from_node_id":"151","to_node_id":"155","b1":{"x":2295.197509765625,"y":-686.8885803222656},"b2":{"x":2325.467903280971,"y":-763.664627529641}},"136":{"from_node_id":"151","to_node_id":"165","b1":{"x":2299.197509765625,"y":-686.8885803222656},"b2":{"x":2400.4835827211446,"y":-637.7871828798851}},"137":{"from_node_id":"153","to_node_id":"157","b1":{"x":2167.197509765625,"y":-686.8885803222656},"b2":{"x":2154.9939042126866,"y":-754.4296865508173}},"138":{"from_node_id":"153","to_node_id":"158","b1":{"x":2167.197509765625,"y":-686.8885803222656},"b2":{"x":2107.9646512751233,"y":-655.7161804979339}},"139":{"from_node_id":"153","to_node_id":"25","b1":{"x":2171.197509765625,"y":-686.8885803222656},"b2":{"x":2030.648193359375,"y":-643.0538024902344}},"140":{"from_node_id":"153","to_node_id":"159","b1":{"x":2167.197509765625,"y":-686.8885803222656},"b2":{"x":2150.57928893088,"y":-673.4223459075927}}}},"20":{"name":"rxn00511","bigg_id":"rxn00511","reversibility":false,"label_x":2164.02001953125,"label_y":-622.781005859375,"gene_reaction_rule":"","genes":[],"metabolites":[{"bigg_id":"cpd00001","coefficient":-1},{"bigg_id":"cpd00006","coefficient":-1},{"bigg_id":"cpd00351","coefficient":-1},{"bigg_id":"cpd00005","coefficient":1},{"bigg_id":"cpd00024","coefficient":1},{"bigg_id":"cpd00039","coefficient":1},{"bigg_id":"cpd00067","coefficient":1}],"segments":{"141":{"from_node_id":"160","to_node_id":"161","b1":null,"b2":null},"142":{"from_node_id":"162","to_node_id":"161","b1":null,"b2":null},"143":{"from_node_id":"160","to_node_id":"163","b1":{"x":2290.978759765625,"y":-614.2872314453125},"b2":{"x":2302.1578042161273,"y":-631.4584628223441}},"144":{"from_node_id":"160","to_node_id":"164","b1":{"x":2286.978759765625,"y":-614.2872314453125},"b2":{"x":2321.7985225955276,"y":-550.1891115524652}},"145":{"from_node_id":"160","to_node_id":"165","b1":{"x":2290.978759765625,"y":-614.2872314453125},"b2":{"x":2400.51798713651,"y":-637.4863600045551}},"146":{"from_node_id":"162","to_node_id":"166","b1":{"x":2158.978759765625,"y":-614.2872314453125},"b2":{"x":2161.300985665135,"y":-540.5965589848495}},"147":{"from_node_id":"162","to_node_id":"167","b1":{"x":2158.978759765625,"y":-614.2872314453125},"b2":{"x":2133.595947265625,"y":-634.5397338867188}},"148":{"from_node_id":"162","to_node_id":"25","b1":{"x":2162.978759765625,"y":-614.2872314453125},"b2":{"x":2030.648193359375,"y":-643.0538024902344}},"149":{"from_node_id":"162","to_node_id":"168","b1":{"x":2158.978759765625,"y":-614.2872314453125},"b2":{"x":2154.6357421875,"y":-640.6991577148438}}}},"21":{"name":"rxn00312","bigg_id":"rxn00312","reversibility":false,"label_x":1827.848388671875,"label_y":-806.0405578613281,"gene_reaction_rule":"","genes":[],"metabolites":[{"bigg_id":"cpd00007","coefficient":-1},{"bigg_id":"cpd00039","coefficient":-1},{"bigg_id":"cpd00001","coefficient":1},{"bigg_id":"cpd00011","coefficient":1},{"bigg_id":"cpd00729","coefficient":1}],"segments":{"150":{"from_node_id":"169","to_node_id":"170","b1":null,"b2":null},"151":{"from_node_id":"171","to_node_id":"170","b1":null,"b2":null},"152":{"from_node_id":"169","to_node_id":"172","b1":{"x":1971.898193359375,"y":-752.0538024902344},"b2":{"x":1950.3817584672292,"y":-721.9770095283588}},"153":{"from_node_id":"169","to_node_id":"25","b1":{"x":1971.898193359375,"y":-756.0538024902344},"b2":{"x":1971.898193359375,"y":-701.8038024902344}},"154":{"from_node_id":"171","to_node_id":"173","b1":{"x":1971.898193359375,"y":-884.0538024902344},"b2":{"x":1953.898193359375,"y":-889.3038024902344}},"155":{"from_node_id":"171","to_node_id":"174","b1":{"x":1971.898193359375,"y":-884.0538024902344},"b2":{"x":1979.831787109375,"y":-891.3171081542969}},"156":{"from_node_id":"171","to_node_id":"175","b1":{"x":1971.898193359375,"y":-880.0538024902344},"b2":{"x":1971.898193359375,"y":-934.3038024902344}}}},"22":{"name":"rxn01630","bigg_id":"rxn01630","reversibility":false,"label_x":2096.898193359375,"label_y":-1033.0538024902344,"gene_reaction_rule":"","genes":[],"metabolites":[{"bigg_id":"cpd00001","coefficient":-1},{"bigg_id":"cpd00729","coefficient":-1},{"bigg_id":"cpd00013","coefficient":1},{"bigg_id":"cpd00339","coefficient":1}],"segments":{"157":{"from_node_id":"176","to_node_id":"177","b1":null,"b2":null},"158":{"from_node_id":"178","to_node_id":"177","b1":null,"b2":null},"159":{"from_node_id":"176","to_node_id":"179","b1":{"x":2080.898193359375,"y":-993.0538024902344},"b2":{"x":2080.6085186460714,"y":-1001.4033657247123}},"160":{"from_node_id":"176","to_node_id":"175","b1":{"x":2084.898193359375,"y":-993.0538024902344},"b2":{"x":2030.648193359375,"y":-993.0538024902344}},"161":{"from_node_id":"178","to_node_id":"180","b1":{"x":2212.898193359375,"y":-993.0538024902344},"b2":{"x":2218.148193359375,"y":-975.0538024902344}},"162":{"from_node_id":"178","to_node_id":"181","b1":{"x":2208.898193359375,"y":-993.0538024902344},"b2":{"x":2263.148193359375,"y":-993.0538024902344}}}},"23":{"name":"rxn00322","bigg_id":"rxn00322","reversibility":false,"label_x":1632.5994873046875,"label_y":-661.7248840332031,"gene_reaction_rule":"","genes":[],"metabolites":[{"bigg_id":"cpd00039","coefficient":-1},{"bigg_id":"cpd00067","coefficient":-1},{"bigg_id":"cpd00011","coefficient":1},{"bigg_id":"cpd01155","coefficient":1}],"segments":{"163":{"from_node_id":"182","to_node_id":"183","b1":null,"b2":null},"164":{"from_node_id":"184","to_node_id":"183","b1":null,"b2":null},"165":{"from_node_id":"182","to_node_id":"25","b1":{"x":1746.61279296875,"y":-637.8312072753906},"b2":{"x":1913.148193359375,"y":-643.0538024902344}},"166":{"from_node_id":"182","to_node_id":"185","b1":{"x":1750.61279296875,"y":-637.8312072753906},"b2":{"x":1778.749339579009,"y":-647.9168275827755}},"167":{"from_node_id":"184","to_node_id":"186","b1":{"x":1618.61279296875,"y":-637.8312072753906},"b2":{"x":1613.36279296875,"y":-655.8312072753906}},"168":{"from_node_id":"184","to_node_id":"187","b1":{"x":1622.61279296875,"y":-637.8312072753906},"b2":{"x":1568.36279296875,"y":-637.8312072753906}}}},"24":{"name":"rxn01662","bigg_id":"rxn01662","reversibility":false,"label_x":2610.1650390625,"label_y":-649.5653991699219,"gene_reaction_rule":"","genes":[],"metabolites":[{"bigg_id":"cpd00001","coefficient":-1},{"bigg_id":"cpd00003","coefficient":-1},{"bigg_id":"cpd00351","coefficient":-1},{"bigg_id":"cpd00004","coefficient":1},{"bigg_id":"cpd00023","coefficient":1},{"bigg_id":"cpd00067","coefficient":1},{"bigg_id":"cpd02522","coefficient":1}],"segments":{"169":{"from_node_id":"188","to_node_id":"189","b1":null,"b2":null},"170":{"from_node_id":"190","to_node_id":"189","b1":null,"b2":null},"171":{"from_node_id":"188","to_node_id":"191","b1":{"x":2608.25830078125,"y":-690.0968933105469},"b2":{"x":2603.00830078125,"y":-708.0968933105469}},"172":{"from_node_id":"188","to_node_id":"192","b1":{"x":2608.25830078125,"y":-690.0968933105469},"b2":{"x":2602.4102225473966,"y":-757.0168393488731}},"173":{"from_node_id":"188","to_node_id":"165","b1":{"x":2612.25830078125,"y":-690.0968933105469},"b2":{"x":2529.822021484375,"y":-639.7646789550781}},"174":{"from_node_id":"190","to_node_id":"193","b1":{"x":2736.25830078125,"y":-690.0968933105469},"b2":{"x":2793.258904575205,"y":-752.0724682712843}},"175":{"from_node_id":"190","to_node_id":"194","b1":{"x":2740.25830078125,"y":-690.0968933105469},"b2":{"x":2781.74755859375,"y":-679.9108581542969}},"176":{"from_node_id":"190","to_node_id":"195","b1":{"x":2740.25830078125,"y":-690.0968933105469},"b2":{"x":2757.751538129182,"y":-779.2942516931975}},"177":{"from_node_id":"190","to_node_id":"275","b1":{"x":2740.25830078125,"y":-690.0968933105469},"b2":{"x":2814.792131919794,"y":-651.7149928412797}}}},"25":{"name":"rxn01663","bigg_id":"rxn01663","reversibility":false,"label_x":2608.151611328125,"label_y":-625.4059600830078,"gene_reaction_rule":"","genes":[],"metabolites":[{"bigg_id":"cpd00001","coefficient":-1},{"bigg_id":"cpd00006","coefficient":-1},{"bigg_id":"cpd00351","coefficient":-1},{"bigg_id":"cpd00005","coefficient":1},{"bigg_id":"cpd00023","coefficient":1},{"bigg_id":"cpd00067","coefficient":1},{"bigg_id":"cpd02522","coefficient":1}],"segments":{"178":{"from_node_id":"197","to_node_id":"198","b1":null,"b2":null},"179":{"from_node_id":"199","to_node_id":"198","b1":null,"b2":null},"180":{"from_node_id":"197","to_node_id":"200","b1":{"x":2616.31103515625,"y":-611.5786895751953},"b2":{"x":2604.6996325331284,"y":-565.2006072622413}},"181":{"from_node_id":"197","to_node_id":"201","b1":{"x":2616.31103515625,"y":-611.5786895751953},"b2":{"x":2607.034423828125,"y":-617.7381134033203}},"182":{"from_node_id":"197","to_node_id":"165","b1":{"x":2620.31103515625,"y":-611.5786895751953},"b2":{"x":2529.822021484375,"y":-639.7646789550781}},"183":{"from_node_id":"199","to_node_id":"202","b1":{"x":2744.31103515625,"y":-611.5786895751953},"b2":{"x":2767.6904286725485,"y":-576.0252694187747}},"184":{"from_node_id":"199","to_node_id":"203","b1":{"x":2748.31103515625,"y":-611.5786895751953},"b2":{"x":2746.1556161169033,"y":-526.4434063498605}},"185":{"from_node_id":"199","to_node_id":"204","b1":{"x":2748.31103515625,"y":-611.5786895751953},"b2":{"x":2767.654052734375,"y":-641.8975982666016}},"186":{"from_node_id":"199","to_node_id":"275","b1":{"x":2748.31103515625,"y":-611.5786895751953},"b2":{"x":2814.773781859013,"y":-653.3760608850166}}}},"26":{"name":"rxn01631","bigg_id":"rxn01631","reversibility":false,"label_x":2446.898193359375,"label_y":-1033.0538024902344,"gene_reaction_rule":"","genes":[],"metabolites":[{"bigg_id":"cpd00024","coefficient":-1},{"bigg_id":"cpd00339","coefficient":-1},{"bigg_id":"cpd00023","coefficient":1},{"bigg_id":"cpd02089","coefficient":1}],"segments":{"187":{"from_node_id":"206","to_node_id":"207","b1":null,"b2":null},"188":{"from_node_id":"208","to_node_id":"207","b1":null,"b2":null},"189":{"from_node_id":"206","to_node_id":"209","b1":{"x":2430.898193359375,"y":-993.0538024902344},"b2":{"x":2425.648193359375,"y":-975.0538024902344}},"190":{"from_node_id":"206","to_node_id":"181","b1":{"x":2434.898193359375,"y":-993.0538024902344},"b2":{"x":2380.648193359375,"y":-993.0538024902344}},"191":{"from_node_id":"208","to_node_id":"210","b1":{"x":2558.898193359375,"y":-993.0538024902344},"b2":{"x":2576.38291513255,"y":-966.0882179159132}},"192":{"from_node_id":"208","to_node_id":"211","b1":{"x":2562.898193359375,"y":-993.0538024902344},"b2":{"x":2600.44899375553,"y":-994.2531064210227}}}},"27":{"name":"rxn01729","bigg_id":"rxn01729","reversibility":false,"label_x":2796.03466796875,"label_y":-1033.4015808105469,"gene_reaction_rule":"","genes":[],"metabolites":[{"bigg_id":"cpd00001","coefficient":-1},{"bigg_id":"cpd00003","coefficient":-1},{"bigg_id":"cpd02089","coefficient":-1},{"bigg_id":"cpd00004","coefficient":1},{"bigg_id":"cpd00067","coefficient":2},{"bigg_id":"cpd00379","coefficient":1}],"segments":{"193":{"from_node_id":"212","to_node_id":"213","b1":null,"b2":null},"194":{"from_node_id":"214","to_node_id":"213","b1":null,"b2":null},"195":{"from_node_id":"212","to_node_id":"215","b1":{"x":2780.03466796875,"y":-993.4015808105469},"b2":{"x":2774.78466796875,"y":-1011.4015808105469}},"196":{"from_node_id":"212","to_node_id":"216","b1":{"x":2780.03466796875,"y":-993.4015808105469},"b2":{"x":2774.78466796875,"y":-975.4015808105469}},"197":{"from_node_id":"212","to_node_id":"211","b1":{"x":2784.03466796875,"y":-993.4015808105469},"b2":{"x":2729.78466796875,"y":-993.4015808105469}},"198":{"from_node_id":"214","to_node_id":"217","b1":{"x":2908.03466796875,"y":-993.4015808105469},"b2":{"x":2921.1048434998397,"y":-966.9569840469603}},"199":{"from_node_id":"214","to_node_id":"218","b1":{"x":2912.03466796875,"y":-993.4015808105469},"b2":{"x":2917.28466796875,"y":-1011.4015808105469}},"200":{"from_node_id":"214","to_node_id":"219","b1":{"x":2912.03466796875,"y":-993.4015808105469},"b2":{"x":2953.589375489645,"y":-993.7826138804298}}}},"28":{"name":"rxn02226","bigg_id":"rxn02226","reversibility":false,"label_x":3126.3642578125,"label_y":-655.2641448974609,"gene_reaction_rule":"","genes":[],"metabolites":[{"bigg_id":"cpd00001","coefficient":-1},{"bigg_id":"cpd00003","coefficient":-1},{"bigg_id":"cpd02522","coefficient":-1},{"bigg_id":"cpd00004","coefficient":1},{"bigg_id":"cpd00067","coefficient":2},{"bigg_id":"cpd00705","coefficient":1}],"segments":{"201":{"from_node_id":"220","to_node_id":"221","b1":null,"b2":null},"202":{"from_node_id":"222","to_node_id":"221","b1":null,"b2":null},"203":{"from_node_id":"220","to_node_id":"223","b1":{"x":3124.794921875,"y":-694.6317596435547},"b2":{"x":3119.544921875,"y":-712.6317596435547}},"204":{"from_node_id":"220","to_node_id":"224","b1":{"x":3124.794921875,"y":-694.6317596435547},"b2":{"x":3122.1743950171945,"y":-751.2793234276553}},"205":{"from_node_id":"220","to_node_id":"275","b1":{"x":3128.794921875,"y":-694.6317596435547},"b2":{"x":3000.811767578125,"y":-653.9515838623047}},"206":{"from_node_id":"222","to_node_id":"225","b1":{"x":3252.794921875,"y":-694.6317596435547},"b2":{"x":3273.0605662233384,"y":-766.2335163405901}},"207":{"from_node_id":"222","to_node_id":"226","b1":{"x":3256.794921875,"y":-694.6317596435547},"b2":{"x":3278.880615234375,"y":-715.0368499755859}},"208":{"from_node_id":"222","to_node_id":"235","b1":{"x":3256.794921875,"y":-694.6317596435547},"b2":{"x":3412.8003887427826,"y":-643.6025799633585}}}},"29":{"name":"rxn02227","bigg_id":"rxn02227","reversibility":false,"label_x":3123.95947265625,"label_y":-631.2132720947266,"gene_reaction_rule":"","genes":[],"metabolites":[{"bigg_id":"cpd00001","coefficient":-1},{"bigg_id":"cpd00006","coefficient":-1},{"bigg_id":"cpd02522","coefficient":-1},{"bigg_id":"cpd00005","coefficient":1},{"bigg_id":"cpd00067","coefficient":2},{"bigg_id":"cpd00705","coefficient":1}],"segments":{"209":{"from_node_id":"228","to_node_id":"229","b1":null,"b2":null},"210":{"from_node_id":"230","to_node_id":"229","b1":null,"b2":null},"211":{"from_node_id":"228","to_node_id":"231","b1":{"x":3119.98486328125,"y":-617.6691436767578},"b2":{"x":3127.997038817479,"y":-540.4037547490819}},"212":{"from_node_id":"228","to_node_id":"232","b1":{"x":3119.98486328125,"y":-617.6691436767578},"b2":{"x":3129.16552734375,"y":-604.4792633056641}},"213":{"from_node_id":"228","to_node_id":"275","b1":{"x":3123.98486328125,"y":-617.6691436767578},"b2":{"x":3000.811767578125,"y":-653.9515838623047}},"214":{"from_node_id":"230","to_node_id":"233","b1":{"x":3247.98486328125,"y":-617.6691436767578},"b2":{"x":3260.183451151878,"y":-595.3886909828835}},"215":{"from_node_id":"230","to_node_id":"234","b1":{"x":3251.98486328125,"y":-617.6691436767578},"b2":{"x":3243.778477958759,"y":-536.8310484544435}},"216":{"from_node_id":"230","to_node_id":"235","b1":{"x":3251.98486328125,"y":-617.6691436767578},"b2":{"x":3408.0853062131314,"y":-649.5599223404188}}}},"30":{"name":"rxn00320","bigg_id":"rxn00320","reversibility":false,"label_x":1576.3124336109668,"label_y":-430.4165155070698,"gene_reaction_rule":"","genes":[],"metabolites":[{"bigg_id":"cpd00039","coefficient":-1},{"bigg_id":"cpd00549","coefficient":1}],"segments":{"217":{"from_node_id":"236","to_node_id":"237","b1":null,"b2":null},"218":{"from_node_id":"238","to_node_id":"237","b1":null,"b2":null},"219":{"from_node_id":"236","to_node_id":"25","b1":{"x":1765.2194635516591,"y":-469.70198971076},"b2":{"x":1913.148193359375,"y":-643.0538024902344}},"220":{"from_node_id":"238","to_node_id":"18","b1":{"x":1680.6405110921494,"y":-379.0245349557229},"b2":{"x":1643.637219391113,"y":-339.35314850039424}}}},"31":{"name":"rxn02344","bigg_id":"rxn02344","reversibility":false,"label_x":2096.898193359375,"label_y":-333.0538024902344,"gene_reaction_rule":"","genes":[],"metabolites":[{"bigg_id":"cpd00840","coefficient":-1},{"bigg_id":"cpd00874","coefficient":1}],"segments":{"221":{"from_node_id":"240","to_node_id":"241","b1":null,"b2":null},"222":{"from_node_id":"242","to_node_id":"241","b1":null,"b2":null},"223":{"from_node_id":"240","to_node_id":"29","b1":{"x":2084.898193359375,"y":-293.0538024902344},"b2":{"x":2030.648193359375,"y":-293.0538024902344}},"224":{"from_node_id":"242","to_node_id":"243","b1":{"x":2208.898193359375,"y":-293.0538024902344},"b2":{"x":2263.148193359375,"y":-293.0538024902344}}}},"32":{"name":"rxn02916","bigg_id":"rxn02916","reversibility":false,"label_x":1687.452392578125,"label_y":36.5341911315918,"gene_reaction_rule":"","genes":[],"metabolites":[{"bigg_id":"cpd02074","coefficient":-1},{"bigg_id":"cpd00001","coefficient":1},{"bigg_id":"cpd00922","coefficient":1}],"segments":{"225":{"from_node_id":"244","to_node_id":"245","b1":null,"b2":null},"226":{"from_node_id":"246","to_node_id":"245","b1":null,"b2":null},"227":{"from_node_id":"244","to_node_id":"23","b1":{"x":1714.6217041015625,"y":53.0326042175293},"b2":{"x":1660.3717041015625,"y":53.0326042175293}},"228":{"from_node_id":"246","to_node_id":"247","b1":{"x":1842.6217041015625,"y":53.0326042175293},"b2":{"x":1847.8717041015625,"y":71.0326042175293}},"229":{"from_node_id":"246","to_node_id":"248","b1":{"x":1838.6217041015625,"y":53.0326042175293},"b2":{"x":1892.8717041015625,"y":53.0326042175293}}}},"33":{"name":"rxn01578","bigg_id":"rxn01578","reversibility":false,"label_x":2186.2957763671875,"label_y":49.59062576293945,"gene_reaction_rule":"","genes":[],"metabolites":[{"bigg_id":"cpd00003","coefficient":-1},{"bigg_id":"cpd00323","coefficient":-1},{"bigg_id":"cpd00004","coefficient":1},{"bigg_id":"cpd00067","coefficient":1},{"bigg_id":"cpd00922","coefficient":1}],"segments":{"230":{"from_node_id":"249","to_node_id":"250","b1":null,"b2":null},"231":{"from_node_id":"251","to_node_id":"250","b1":null,"b2":null},"232":{"from_node_id":"249","to_node_id":"252","b1":{"x":2308.7410888671875,"y":8.64072036743164},"b2":{"x":2326.4813902396104,"y":5.2976504585035045}},"233":{"from_node_id":"249","to_node_id":"253","b1":{"x":2312.7410888671875,"y":8.64072036743164},"b2":{"x":2466.9184260286283,"y":69.71451665483984}},"234":{"from_node_id":"251","to_node_id":"254","b1":{"x":2180.7410888671875,"y":8.64072036743164},"b2":{"x":2175.4910888671875,"y":-9.35927963256836}},"235":{"from_node_id":"251","to_node_id":"255","b1":{"x":2180.7410888671875,"y":8.64072036743164},"b2":{"x":2171.617330958102,"y":-61.07576113686119}},"236":{"from_node_id":"251","to_node_id":"248","b1":{"x":2184.7410888671875,"y":8.64072036743164},"b2":{"x":2010.3717041015625,"y":53.0326042175293}}}},"34":{"name":"rxn01579","bigg_id":"rxn01579","reversibility":false,"label_x":2181.0728759765625,"label_y":91.37120819091797,"gene_reaction_rule":"","genes":[],"metabolites":[{"bigg_id":"cpd00006","coefficient":-1},{"bigg_id":"cpd00323","coefficient":-1},{"bigg_id":"cpd00005","coefficient":1},{"bigg_id":"cpd00067","coefficient":1},{"bigg_id":"cpd00922","coefficient":1}],"segments":{"237":{"from_node_id":"256","to_node_id":"257","b1":null,"b2":null},"238":{"from_node_id":"258","to_node_id":"257","b1":null,"b2":null},"239":{"from_node_id":"256","to_node_id":"259","b1":{"x":2306.1295166015625,"y":102.64704895019531},"b2":{"x":2339.022215810237,"y":142.32955053145753}},"240":{"from_node_id":"256","to_node_id":"253","b1":{"x":2310.1295166015625,"y":102.64704895019531},"b2":{"x":2461.9122134153613,"y":56.08374436219873}},"241":{"from_node_id":"258","to_node_id":"261","b1":{"x":2178.1295166015625,"y":102.64704895019531},"b2":{"x":2132.672627223388,"y":139.54638505449233}},"242":{"from_node_id":"258","to_node_id":"262","b1":{"x":2178.1295166015625,"y":102.64704895019531},"b2":{"x":2138.9329833984375,"y":86.70030212402344}},"243":{"from_node_id":"258","to_node_id":"248","b1":{"x":2182.1295166015625,"y":102.64704895019531},"b2":{"x":2010.3717041015625,"y":53.0326042175293}}}},"35":{"name":"rxn01580","bigg_id":"rxn01580","reversibility":false,"label_x":2662.1424560546875,"label_y":22.527854919433594,"gene_reaction_rule":"","genes":[],"metabolites":[{"bigg_id":"cpd00007","coefficient":-1},{"bigg_id":"cpd00323","coefficient":-1},{"bigg_id":"cpd00025","coefficient":1},{"bigg_id":"cpd00067","coefficient":1},{"bigg_id":"cpd00352","coefficient":1}],"segments":{"244":{"from_node_id":"263","to_node_id":"264","b1":null,"b2":null},"245":{"from_node_id":"265","to_node_id":"264","b1":null,"b2":null},"246":{"from_node_id":"263","to_node_id":"266","b1":{"x":2646.1424560546875,"y":62.527854919433594},"b2":{"x":2640.8924560546875,"y":80.5278549194336}},"247":{"from_node_id":"263","to_node_id":"253","b1":{"x":2650.1424560546875,"y":62.527854919433594},"b2":{"x":2595.8924560546875,"y":62.527854919433594}},"248":{"from_node_id":"265","to_node_id":"267","b1":{"x":2778.1424560546875,"y":62.527854919433594},"b2":{"x":2801.6712646484375,"y":49.7504301071167}},"249":{"from_node_id":"265","to_node_id":"268","b1":{"x":2778.1424560546875,"y":62.527854919433594},"b2":{"x":2783.3924560546875,"y":80.5278549194336}},"250":{"from_node_id":"265","to_node_id":"269","b1":{"x":2774.1424560546875,"y":62.527854919433594},"b2":{"x":2828.3924560546875,"y":62.527854919433594}}}},"36":{"name":"rxn01664","bigg_id":"rxn01664","reversibility":false,"label_x":2956.9793701171875,"label_y":-389.71378326416016,"gene_reaction_rule":"","genes":[],"metabolites":[{"bigg_id":"cpd00001","coefficient":-1},{"bigg_id":"cpd00067","coefficient":-1},{"bigg_id":"cpd00352","coefficient":-1},{"bigg_id":"cpd02522","coefficient":1}],"segments":{"251":{"from_node_id":"270","to_node_id":"271","b1":null,"b2":null},"252":{"from_node_id":"272","to_node_id":"271","b1":null,"b2":null},"253":{"from_node_id":"270","to_node_id":"273","b1":{"x":2941.9793701171875,"y":-333.71378326416016},"b2":{"x":2916.1456298828125,"y":-333.6863479614258}},"254":{"from_node_id":"270","to_node_id":"274","b1":{"x":2941.9793701171875,"y":-333.71378326416016},"b2":{"x":2946.9229736328125,"y":-336.2976303100586}},"255":{"from_node_id":"270","to_node_id":"269","b1":{"x":2941.9793701171875,"y":-337.71378326416016},"b2":{"x":2887.1424560546875,"y":3.7778549194335938}},"256":{"from_node_id":"272","to_node_id":"275","b1":{"x":2941.9793701171875,"y":-461.71378326416016},"b2":{"x":2944.5904541015625,"y":-594.3024520874023}}}},"38":{"name":"rxn01730","bigg_id":"rxn01730","reversibility":false,"label_x":3149.150634765625,"label_y":-1031.7402648925781,"gene_reaction_rule":"","genes":[],"metabolites":[{"bigg_id":"cpd00002","coefficient":-1},{"bigg_id":"cpd00010","coefficient":-1},{"bigg_id":"cpd00379","coefficient":-1},{"bigg_id":"cpd00008","coefficient":1},{"bigg_id":"cpd00009","coefficient":1},{"bigg_id":"cpd00413","coefficient":1}],"segments":{"265":{"from_node_id":"284","to_node_id":"285","b1":null,"b2":null},"266":{"from_node_id":"286","to_node_id":"285","b1":null,"b2":null},"267":{"from_node_id":"284","to_node_id":"287","b1":{"x":3133.150634765625,"y":-991.7402648925781},"b2":{"x":3127.900634765625,"y":-1009.7402648925781}},"268":{"from_node_id":"284","to_node_id":"288","b1":{"x":3133.150634765625,"y":-991.7402648925781},"b2":{"x":3127.900634765625,"y":-973.7402648925781}},"269":{"from_node_id":"284","to_node_id":"219","b1":{"x":3137.150634765625,"y":-991.7402648925781},"b2":{"x":3082.900634765625,"y":-991.7402648925781}},"270":{"from_node_id":"286","to_node_id":"289","b1":{"x":3265.150634765625,"y":-991.7402648925781},"b2":{"x":3270.400634765625,"y":-1009.7402648925781}},"271":{"from_node_id":"286","to_node_id":"290","b1":{"x":3265.150634765625,"y":-991.7402648925781},"b2":{"x":3270.400634765625,"y":-973.7402648925781}},"272":{"from_node_id":"286","to_node_id":"291","b1":{"x":3261.150634765625,"y":-991.7402648925781},"b2":{"x":3315.400634765625,"y":-991.7402648925781}}}},"39":{"name":"rxn01418","bigg_id":"rxn01418","reversibility":false,"label_x":3499.150634765625,"label_y":-1031.7402648925781,"gene_reaction_rule":"","genes":[],"metabolites":[{"bigg_id":"cpd00003","coefficient":-1},{"bigg_id":"cpd00010","coefficient":-1},{"bigg_id":"cpd00269","coefficient":-1},{"bigg_id":"cpd00004","coefficient":1},{"bigg_id":"cpd00011","coefficient":1},{"bigg_id":"cpd00413","coefficient":1}],"segments":{"273":{"from_node_id":"292","to_node_id":"293","b1":null,"b2":null},"274":{"from_node_id":"294","to_node_id":"293","b1":null,"b2":null},"275":{"from_node_id":"292","to_node_id":"295","b1":{"x":3611.150634765625,"y":-991.7402648925781},"b2":{"x":3665.400634765625,"y":-991.7402648925781}},"276":{"from_node_id":"292","to_node_id":"296","b1":{"x":3615.150634765625,"y":-991.7402648925781},"b2":{"x":3620.400634765625,"y":-1009.7402648925781}},"277":{"from_node_id":"292","to_node_id":"305","b1":{"x":3615.150634765625,"y":-991.7402648925781},"b2":{"x":3797.96826171875,"y":-710.0002136230469}},"278":{"from_node_id":"294","to_node_id":"298","b1":{"x":3483.150634765625,"y":-991.7402648925781},"b2":{"x":3477.900634765625,"y":-1009.7402648925781}},"279":{"from_node_id":"294","to_node_id":"299","b1":{"x":3483.150634765625,"y":-991.7402648925781},"b2":{"x":3477.900634765625,"y":-973.7402648925781}},"280":{"from_node_id":"294","to_node_id":"291","b1":{"x":3487.150634765625,"y":-991.7402648925781},"b2":{"x":3432.900634765625,"y":-991.7402648925781}}}},"40":{"name":"rxn01423","bigg_id":"rxn01423","reversibility":false,"label_x":3603.5810546875,"label_y":-685.8976898193359,"gene_reaction_rule":"","genes":[],"metabolites":[{"bigg_id":"cpd00024","coefficient":-1},{"bigg_id":"cpd00705","coefficient":-1},{"bigg_id":"cpd00023","coefficient":1},{"bigg_id":"cpd00269","coefficient":1}],"segments":{"281":{"from_node_id":"300","to_node_id":"301","b1":null,"b2":null},"282":{"from_node_id":"302","to_node_id":"301","b1":null,"b2":null},"283":{"from_node_id":"300","to_node_id":"303","b1":{"x":3587.5810546875,"y":-645.8976898193359},"b2":{"x":3582.3310546875,"y":-627.8976898193359}},"284":{"from_node_id":"300","to_node_id":"235","b1":{"x":3591.5810546875,"y":-645.8976898193359},"b2":{"x":3537.3310546875,"y":-645.8976898193359}},"285":{"from_node_id":"302","to_node_id":"304","b1":{"x":3719.5810546875,"y":-645.8976898193359},"b2":{"x":3724.8310546875,"y":-627.8976898193359}},"286":{"from_node_id":"302","to_node_id":"305","b1":{"x":3715.5810546875,"y":-645.8976898193359},"b2":{"x":3769.8310546875,"y":-645.8976898193359}}}}},"nodes":{"18":{"node_type":"metabolite","x":1601.6217041015625,"y":-296.9673957824707,"bigg_id":"cpd00549","name":"D-Lysine","label_x":1626.6217041015625,"label_y":-296.9673957824707,"node_is_primary":true},"19":{"node_type":"multimarker","x":1601.6217041015625,"y":-141.9673957824707},"20":{"node_type":"midmarker","x":1601.6217041015625,"y":-121.9673957824707},"21":{"node_type":"multimarker","x":1601.6217041015625,"y":-101.9673957824707},"22":{"node_type":"metabolite","x":1521.6217041015625,"y":-226.9673957824707,"bigg_id":"cpd11625","name":"2-Oxo acid","label_x":1449.6217041015625,"label_y":-196.9673957824707,"node_is_primary":false},"23":{"node_type":"metabolite","x":1601.6217041015625,"y":53.0326042175293,"bigg_id":"cpd02074","name":"2-Oxo-6-aminocaproate","label_x":1503.8912353515625,"label_y":102.64706420898438,"node_is_primary":true},"24":{"node_type":"metabolite","x":1521.6217041015625,"y":-16.967395782470703,"bigg_id":"cpd11673","name":"D-Amino acid","label_x":1449.6217041015625,"label_y":13.032604217529297,"node_is_primary":false},"25":{"node_type":"metabolite","x":1971.898193359375,"y":-643.0538024902344,"bigg_id":"cpd00039","name":"L-Lysine","label_x":1930.8892822265625,"label_y":-665.0995178222656,"node_is_primary":true},"26":{"node_type":"multimarker","x":1971.898193359375,"y":-488.0538024902344},"27":{"node_type":"midmarker","x":1971.898193359375,"y":-468.0538024902344},"28":{"node_type":"multimarker","x":1971.898193359375,"y":-448.0538024902344},"29":{"node_type":"metabolite","x":1971.898193359375,"y":-293.0538024902344,"bigg_id":"cpd00840","name":"L-beta-Lysine","label_x":1921.1708984375,"label_y":-235.60548400878906,"node_is_primary":true},"151":{"node_type":"multimarker","x":2253.197509765625,"y":-686.8885803222656},"152":{"node_type":"midmarker","x":2233.197509765625,"y":-686.8885803222656},"153":{"node_type":"multimarker","x":2213.197509765625,"y":-686.8885803222656},"154":{"node_type":"metabolite","x":2360.34375,"y":-716.5563659667969,"bigg_id":"cpd00001","name":"H2O","label_x":2317.14375,"label_y":-736.5563659667969,"node_is_primary":false},"155":{"node_type":"metabolite","x":2344.989501953125,"y":-819.0764465332031,"bigg_id":"cpd00003","name":"NAD","label_x":2352.12177734375,"label_y":-843.5016784667969,"node_is_primary":false},"157":{"node_type":"metabolite","x":2132.22412109375,"y":-821.2473449707031,"bigg_id":"cpd00004","name":"NADH","label_x":2089.02412109375,"label_y":-841.2473449707031,"node_is_primary":false},"158":{"node_type":"metabolite","x":2080.0244140625,"y":-720.5421447753906,"bigg_id":"cpd00024","name":"2-Oxoglutarate","label_x":1986.4921386718752,"label_y":-738.9275207519531,"node_is_primary":false},"159":{"node_type":"metabolite","x":2105.52392578125,"y":-792.4709777832031,"bigg_id":"cpd00067","name":"H+","label_x":2060.310498046875,"label_y":-778.6437072753906,"node_is_primary":false},"160":{"node_type":"multimarker","x":2244.978759765625,"y":-614.2872314453125},"161":{"node_type":"midmarker","x":2224.978759765625,"y":-614.2872314453125},"162":{"node_type":"multimarker","x":2204.978759765625,"y":-614.2872314453125},"163":{"node_type":"metabolite","x":2356.27734375,"y":-586.1358642578125,"bigg_id":"cpd00001","name":"H2O","label_x":2335.223583984375,"label_y":-553.7903442382812,"node_is_primary":false},"164":{"node_type":"metabolite","x":2352.478515625,"y":-500.0862121582031,"bigg_id":"cpd00006","name":"NADP","label_x":2313.305126953125,"label_y":-458.07293701171875,"node_is_primary":false},"165":{"node_type":"metabolite","x":2471.072021484375,"y":-639.7646789550781,"bigg_id":"cpd00351","name":"Saccharopine","label_x":2427.872021484375,"label_y":-599.7646789550781,"node_is_primary":true},"166":{"node_type":"metabolite","x":2148.410888671875,"y":-471.19261169433594,"bigg_id":"cpd00005","name":"NADPH","label_x":2121.317333984375,"label_y":-434.82054138183594,"node_is_primary":false},"167":{"node_type":"metabolite","x":2099.845947265625,"y":-572.5397338867188,"bigg_id":"cpd00024","name":"2-Oxoglutarate","label_x":2018.3935058593752,"label_y":-548.64599609375,"node_is_primary":false},"168":{"node_type":"metabolite","x":2125.8857421875,"y":-516.6991577148438,"bigg_id":"cpd00067","name":"H+","label_x":2082.6857421875,"label_y":-496.83203125,"node_is_primary":false},"169":{"node_type":"multimarker","x":1971.898193359375,"y":-798.0538024902344},"170":{"node_type":"midmarker","x":1971.898193359375,"y":-818.0538024902344},"171":{"node_type":"multimarker","x":1971.898193359375,"y":-838.0538024902344},"172":{"node_type":"metabolite","x":1880.6092529296875,"y":-711.2597351074219,"bigg_id":"cpd00007","name":"O2","label_x":1827.157470703125,"label_y":-713.2730407714844,"node_is_primary":false},"173":{"node_type":"metabolite","x":1891.898193359375,"y":-923.0538024902344,"bigg_id":"cpd00001","name":"H2O","label_x":1836.0045166015625,"label_y":-897.0804138183594,"node_is_primary":false},"174":{"node_type":"metabolite","x":2041.831787109375,"y":-925.0671081542969,"bigg_id":"cpd00011","name":"CO2","label_x":2056.831787109375,"label_y":-925.0671081542969,"node_is_primary":false},"175":{"node_type":"metabolite","x":1971.898193359375,"y":-993.0538024902344,"bigg_id":"cpd00729","name":"5-Aminopentanamide","label_x":1743.223876953125,"label_y":-982.9873962402344,"node_is_primary":true},"176":{"node_type":"multimarker","x":2126.898193359375,"y":-993.0538024902344},"177":{"node_type":"midmarker","x":2146.898193359375,"y":-993.0538024902344},"178":{"node_type":"multimarker","x":2166.898193359375,"y":-993.0538024902344},"179":{"node_type":"metabolite","x":2035.8583984375,"y":-1055.9972229003906,"bigg_id":"cpd00001","name":"H2O","label_x":2004.7381103515627,"label_y":-1072.3692932128906,"node_is_primary":false},"180":{"node_type":"metabolite","x":2251.898193359375,"y":-913.0538024902344,"bigg_id":"cpd00013","name":"NH3","label_x":2208.698193359375,"label_y":-873.0538024902344,"node_is_primary":false},"181":{"node_type":"metabolite","x":2321.898193359375,"y":-993.0538024902344,"bigg_id":"cpd00339","name":"5-Aminopentanoate","label_x":2278.698193359375,"label_y":-953.0538024902344,"node_is_primary":true},"182":{"node_type":"multimarker","x":1704.61279296875,"y":-637.8312072753906},"183":{"node_type":"midmarker","x":1684.61279296875,"y":-637.8312072753906},"184":{"node_type":"multimarker","x":1664.61279296875,"y":-637.8312072753906},"185":{"node_type":"metabolite","x":1793.6392822265625,"y":-578.9142761230469,"bigg_id":"cpd00067","name":"H+","label_x":1750.4392822265625,"label_y":-598.9142761230469,"node_is_primary":false},"186":{"node_type":"metabolite","x":1579.61279296875,"y":-717.8312072753906,"bigg_id":"cpd00011","name":"CO2","label_x":1536.4127929687502,"label_y":-737.8312072753906,"node_is_primary":false},"187":{"node_type":"metabolite","x":1509.61279296875,"y":-637.8312072753906,"bigg_id":"cpd01155","name":"Cadaverine","label_x":1466.4127929687502,"label_y":-597.8312072753906,"node_is_primary":true},"188":{"node_type":"multimarker","x":2654.25830078125,"y":-690.0968933105469},"189":{"node_type":"midmarker","x":2674.25830078125,"y":-690.0968933105469},"190":{"node_type":"multimarker","x":2694.25830078125,"y":-690.0968933105469},"191":{"node_type":"metabolite","x":2569.25830078125,"y":-770.0968933105469,"bigg_id":"cpd00001","name":"H2O","label_x":2526.05830078125,"label_y":-790.0968933105469,"node_is_primary":false},"192":{"node_type":"metabolite","x":2585.364501953125,"y":-825.5187072753906,"bigg_id":"cpd00003","name":"NAD","label_x":2550.217724609375,"label_y":-853.9705505371094,"node_is_primary":false},"193":{"node_type":"metabolite","x":2819.058837890625,"y":-804.8543395996094,"bigg_id":"cpd00004","name":"NADH","label_x":2836.25751953125,"label_y":-835.3194274902344,"node_is_primary":false},"194":{"node_type":"metabolite","x":2815.49755859375,"y":-741.9108581542969,"bigg_id":"cpd00023","name":"L-Glutamate","label_x":2828.669384765625,"label_y":-739.7646789550781,"node_is_primary":false},"195":{"node_type":"metabolite","x":2763.15185546875,"y":-849.6781921386719,"bigg_id":"cpd00067","name":"H+","label_x":2770.284130859375,"label_y":-866.0502014160156,"node_is_primary":false},"197":{"node_type":"multimarker","x":2662.31103515625,"y":-611.5786895751953},"198":{"node_type":"midmarker","x":2682.31103515625,"y":-611.5786895751953},"199":{"node_type":"multimarker","x":2702.31103515625,"y":-611.5786895751953},"200":{"node_type":"metabolite","x":2589.390869140625,"y":-496.2897644042969,"bigg_id":"cpd00001","name":"H2O","label_x":2550.21748046875,"label_y":-459.91766357421875,"node_is_primary":false},"201":{"node_type":"metabolite","x":2573.284423828125,"y":-555.7381134033203,"bigg_id":"cpd00006","name":"NADP","label_x":2530.084423828125,"label_y":-515.7381134033203,"node_is_primary":false},"202":{"node_type":"metabolite","x":2802.951904296875,"y":-529.033878326416,"bigg_id":"cpd00005","name":"NADPH","label_x":2759.751904296875,"label_y":-489.033878326416,"node_is_primary":false},"203":{"node_type":"metabolite","x":2751.071533203125,"y":-456.02397537231445,"bigg_id":"cpd00023","name":"L-Glutamate","label_x":2689.751904296875,"label_y":-421.66521072387695,"node_is_primary":false},"204":{"node_type":"metabolite","x":2801.404052734375,"y":-579.8975982666016,"bigg_id":"cpd00067","name":"H+","label_x":2830.682568359375,"label_y":-551.9773101806641,"node_is_primary":false},"206":{"node_type":"multimarker","x":2476.898193359375,"y":-993.0538024902344},"207":{"node_type":"midmarker","x":2496.898193359375,"y":-993.0538024902344},"208":{"node_type":"multimarker","x":2516.898193359375,"y":-993.0538024902344},"209":{"node_type":"metabolite","x":2391.898193359375,"y":-913.0538024902344,"bigg_id":"cpd00024","name":"2-Oxoglutarate","label_x":2348.698193359375,"label_y":-873.0538024902344,"node_is_primary":false},"210":{"node_type":"metabolite","x":2604.630126953125,"y":-914.5745544433594,"bigg_id":"cpd00023","name":"L-Glutamate","label_x":2561.430126953125,"label_y":-874.5745544433594,"node_is_primary":false},"211":{"node_type":"metabolite","x":2671.03466796875,"y":-993.4015808105469,"bigg_id":"cpd02089","name":"5-Oxopentanoate","label_x":2627.83466796875,"label_y":-953.4015808105469,"node_is_primary":true},"212":{"node_type":"multimarker","x":2826.03466796875,"y":-993.4015808105469},"213":{"node_type":"midmarker","x":2846.03466796875,"y":-993.4015808105469},"214":{"node_type":"multimarker","x":2866.03466796875,"y":-993.4015808105469},"215":{"node_type":"metabolite","x":2741.03466796875,"y":-1073.4015808105469,"bigg_id":"cpd00001","name":"H2O","label_x":2697.83466796875,"label_y":-1093.4015808105469,"node_is_primary":false},"216":{"node_type":"metabolite","x":2741.03466796875,"y":-913.4015808105469,"bigg_id":"cpd00003","name":"NAD","label_x":2697.83466796875,"label_y":-873.4015808105469,"node_is_primary":false},"217":{"node_type":"metabolite","x":2934.862060546875,"y":-909.8404235839844,"bigg_id":"cpd00004","name":"NADH","label_x":2891.662060546875,"label_y":-869.8404235839844,"node_is_primary":false},"218":{"node_type":"metabolite","x":2951.03466796875,"y":-1073.4015808105469,"bigg_id":"cpd00067","name":"H+","label_x":2907.83466796875,"label_y":-1093.4015808105469,"node_is_primary":false},"219":{"node_type":"metabolite","x":3024.150634765625,"y":-991.7402648925781,"bigg_id":"cpd00379","name":"Glutarate","label_x":2980.53828125,"label_y":-950.0905456542969,"node_is_primary":true},"220":{"node_type":"multimarker","x":3170.794921875,"y":-694.6317596435547},"221":{"node_type":"midmarker","x":3190.794921875,"y":-694.6317596435547},"222":{"node_type":"multimarker","x":3210.794921875,"y":-694.6317596435547},"223":{"node_type":"metabolite","x":3085.794921875,"y":-774.6317596435547,"bigg_id":"cpd00001","name":"H2O","label_x":3042.594921875,"label_y":-794.6317596435547,"node_is_primary":false},"224":{"node_type":"metabolite","x":3114.656005859375,"y":-821.4686126708984,"bigg_id":"cpd00003","name":"NAD","label_x":3102.722119140625,"label_y":-841.5956268310547,"node_is_primary":false},"225":{"node_type":"metabolite","x":3291.2373046875,"y":-822.1009368896484,"bigg_id":"cpd00004","name":"NADH","label_x":3272.0880859375,"label_y":-854.2532806396484,"node_is_primary":false},"226":{"node_type":"metabolite","x":3312.630615234375,"y":-777.0368499755859,"bigg_id":"cpd00067","name":"H+","label_x":3327.1525390625,"label_y":-782.6063690185547,"node_is_primary":false},"228":{"node_type":"multimarker","x":3165.98486328125,"y":-617.6691436767578},"229":{"node_type":"midmarker","x":3185.98486328125,"y":-617.6691436767578},"230":{"node_type":"multimarker","x":3205.98486328125,"y":-617.6691436767578},"231":{"node_type":"metabolite","x":3112.25048828125,"y":-471.5916290283203,"bigg_id":"cpd00001","name":"H2O","label_x":3054.620068359375,"label_y":-462.7306671142578,"node_is_primary":false},"232":{"node_type":"metabolite","x":3095.41552734375,"y":-542.4792633056641,"bigg_id":"cpd00006","name":"NADP","label_x":3028.16474609375,"label_y":-509.69447326660156,"node_is_primary":false},"233":{"node_type":"metabolite","x":3291.237548828125,"y":-545.5167999267578,"bigg_id":"cpd00005","name":"NADPH","label_x":3298.544140625,"label_y":-505.5167999267578,"node_is_primary":false},"234":{"node_type":"metabolite","x":3252.50341796875,"y":-466.78150939941406,"bigg_id":"cpd00067","name":"H+","label_x":3262.2150390625,"label_y":-441.0850067138672,"node_is_primary":false},"235":{"node_type":"metabolite","x":3478.5810546875,"y":-645.8976898193359,"bigg_id":"cpd00705","name":"L-2-Aminoadipate","label_x":3435.3810546875,"label_y":-605.8976898193359,"node_is_primary":true},"236":{"node_type":"multimarker","x":1736.571753847631,"y":-438.9886582614736},"237":{"node_type":"midmarker","x":1722.9299873219043,"y":-424.3632623332418},"238":{"node_type":"multimarker","x":1709.2882207961763,"y":-409.73786640500964},"240":{"node_type":"multimarker","x":2126.898193359375,"y":-293.0538024902344},"241":{"node_type":"midmarker","x":2146.898193359375,"y":-293.0538024902344},"242":{"node_type":"multimarker","x":2166.898193359375,"y":-293.0538024902344},"243":{"node_type":"metabolite","x":2321.898193359375,"y":-293.0538024902344,"bigg_id":"cpd00874","name":"(3S,5S)-3,5-Diaminocaproate","label_x":2278.698193359375,"label_y":-253.05380249023438,"node_is_primary":true},"244":{"node_type":"multimarker","x":1756.6217041015625,"y":53.0326042175293},"245":{"node_type":"midmarker","x":1776.6217041015625,"y":53.0326042175293},"246":{"node_type":"multimarker","x":1796.6217041015625,"y":53.0326042175293},"247":{"node_type":"metabolite","x":1881.6217041015625,"y":133.0326042175293,"bigg_id":"cpd00001","name":"H2O","label_x":1838.4217041015625,"label_y":173.0326042175293,"node_is_primary":false},"248":{"node_type":"metabolite","x":1951.6217041015625,"y":53.0326042175293,"bigg_id":"cpd00922","name":"delta1-Piperideine-2-carboxylate","label_x":1824.8604248046875,"label_y":1.6375391483306885,"node_is_primary":true},"249":{"node_type":"multimarker","x":2266.7410888671875,"y":8.64072036743164},"250":{"node_type":"midmarker","x":2246.7410888671875,"y":8.64072036743164},"251":{"node_type":"multimarker","x":2226.7410888671875,"y":8.64072036743164},"252":{"node_type":"metabolite","x":2359.0704345703125,"y":-43.58503246307373,"bigg_id":"cpd00003","name":"NAD","label_x":2347.2058837890627,"label_y":-74.08979320526123,"node_is_primary":false},"253":{"node_type":"metabolite","x":2537.1424560546875,"y":62.527854919433594,"bigg_id":"cpd00323","name":"L-Pipecolate","label_x":2493.9424560546877,"label_y":102.5278549194336,"node_is_primary":true},"254":{"node_type":"metabolite","x":2141.7410888671875,"y":-71.35927963256836,"bigg_id":"cpd00004","name":"NADH","label_x":2072.4282958984377,"label_y":-80.91412734985352,"node_is_primary":false},"255":{"node_type":"metabolite","x":2160.0201416015625,"y":-130.70741844177246,"bigg_id":"cpd00067","name":"H+","label_x":2116.8201416015627,"label_y":-129.87672996520996,"node_is_primary":false},"256":{"node_type":"multimarker","x":2264.1295166015625,"y":102.64704895019531},"257":{"node_type":"midmarker","x":2244.1295166015625,"y":102.64704895019531},"258":{"node_type":"multimarker","x":2224.1295166015625,"y":102.64704895019531},"259":{"node_type":"metabolite","x":2366.9036865234375,"y":194.04208374023438,"bigg_id":"cpd00006","name":"NADP","label_x":2323.7036865234377,"label_y":234.04208374023438,"node_is_primary":false},"261":{"node_type":"metabolite","x":2115.6278076171875,"y":208.04847717285156,"bigg_id":"cpd00005","name":"NADPH","label_x":2046.3150146484377,"label_y":248.1080780029297,"node_is_primary":false},"262":{"node_type":"metabolite","x":2105.1829833984375,"y":148.70030212402344,"bigg_id":"cpd00067","name":"H+","label_x":2061.9829833984377,"label_y":188.70030212402344,"node_is_primary":false},"263":{"node_type":"multimarker","x":2692.1424560546875,"y":62.527854919433594},"264":{"node_type":"midmarker","x":2712.1424560546875,"y":62.527854919433594},"265":{"node_type":"multimarker","x":2732.1424560546875,"y":62.527854919433594},"266":{"node_type":"metabolite","x":2607.1424560546875,"y":142.5278549194336,"bigg_id":"cpd00007","name":"O2","label_x":2563.9424560546877,"label_y":182.5278549194336,"node_is_primary":false},"267":{"node_type":"metabolite","x":2835.4212646484375,"y":-12.2495698928833,"bigg_id":"cpd00025","name":"H2O2","label_x":2792.2212646484377,"label_y":-32.2495698928833,"node_is_primary":false},"268":{"node_type":"metabolite","x":2817.1424560546875,"y":142.5278549194336,"bigg_id":"cpd00067","name":"H+","label_x":2773.9424560546877,"label_y":182.5278549194336,"node_is_primary":false},"269":{"node_type":"metabolite","x":2887.1424560546875,"y":62.527854919433594,"bigg_id":"cpd00352","name":"delta1-Piperideine-6-L-carboxylate","label_x":2843.9424560546877,"label_y":102.5278549194336,"node_is_primary":true},"270":{"node_type":"multimarker","x":2941.9793701171875,"y":-379.71378326416016},"271":{"node_type":"midmarker","x":2941.9793701171875,"y":-399.71378326416016},"272":{"node_type":"multimarker","x":2941.9793701171875,"y":-419.71378326416016},"273":{"node_type":"metabolite","x":2854.1456298828125,"y":-299.9363479614258,"bigg_id":"cpd00001","name":"H2O","label_x":2800.4246826171875,"label_y":-264.71375274658203,"node_is_primary":false},"274":{"node_type":"metabolite","x":3008.9229736328125,"y":-302.5476303100586,"bigg_id":"cpd00067","name":"H+","label_x":3023.9229736328125,"label_y":-302.5476303100586,"node_is_primary":false},"275":{"node_type":"metabolite","x":2944.5904541015625,"y":-653.0524520874023,"bigg_id":"cpd02522","name":"2-Aminoadipate 6-semialdehyde","label_x":2789.4117431640625,"label_y":-686.9991683959961,"node_is_primary":true},"284":{"node_type":"multimarker","x":3179.150634765625,"y":-991.7402648925781},"285":{"node_type":"midmarker","x":3199.150634765625,"y":-991.7402648925781},"286":{"node_type":"multimarker","x":3219.150634765625,"y":-991.7402648925781},"287":{"node_type":"metabolite","x":3094.150634765625,"y":-1071.7402648925781,"bigg_id":"cpd00002","name":"ATP","label_x":3050.950634765625,"label_y":-1091.7402648925781,"node_is_primary":false},"288":{"node_type":"metabolite","x":3094.150634765625,"y":-911.7402648925781,"bigg_id":"cpd00010","name":"CoA","label_x":3050.950634765625,"label_y":-871.7402648925781,"node_is_primary":false},"289":{"node_type":"metabolite","x":3304.150634765625,"y":-1071.7402648925781,"bigg_id":"cpd00008","name":"ADP","label_x":3260.950634765625,"label_y":-1091.7402648925781,"node_is_primary":false},"290":{"node_type":"metabolite","x":3304.150634765625,"y":-911.7402648925781,"bigg_id":"cpd00009","name":"Phosphate","label_x":3260.950634765625,"label_y":-871.7402648925781,"node_is_primary":false},"291":{"node_type":"metabolite","x":3374.150634765625,"y":-991.7402648925781,"bigg_id":"cpd00413","name":"Glutaryl-CoA","label_x":3330.950634765625,"label_y":-951.7402648925781,"node_is_primary":true},"292":{"node_type":"multimarker","x":3569.150634765625,"y":-991.7402648925781},"293":{"node_type":"midmarker","x":3549.150634765625,"y":-991.7402648925781},"294":{"node_type":"multimarker","x":3529.150634765625,"y":-991.7402648925781},"295":{"node_type":"metabolite","x":3724.150634765625,"y":-991.7402648925781,"bigg_id":"cpd00003","name":"NAD","label_x":3680.950634765625,"label_y":-951.7402648925781,"node_is_primary":false},"296":{"node_type":"metabolite","x":3654.150634765625,"y":-1071.7402648925781,"bigg_id":"cpd00010","name":"CoA","label_x":3610.950634765625,"label_y":-1091.7402648925781,"node_is_primary":false},"298":{"node_type":"metabolite","x":3444.150634765625,"y":-1071.7402648925781,"bigg_id":"cpd00004","name":"NADH","label_x":3400.950634765625,"label_y":-1091.7402648925781,"node_is_primary":false},"299":{"node_type":"metabolite","x":3444.150634765625,"y":-911.7402648925781,"bigg_id":"cpd00011","name":"CO2","label_x":3400.950634765625,"label_y":-871.7402648925781,"node_is_primary":false},"300":{"node_type":"multimarker","x":3633.5810546875,"y":-645.8976898193359},"301":{"node_type":"midmarker","x":3653.5810546875,"y":-645.8976898193359},"302":{"node_type":"multimarker","x":3673.5810546875,"y":-645.8976898193359},"303":{"node_type":"metabolite","x":3548.5810546875,"y":-565.8976898193359,"bigg_id":"cpd00024","name":"2-Oxoglutarate","label_x":3505.3810546875,"label_y":-525.8976898193359,"node_is_primary":false},"304":{"node_type":"metabolite","x":3758.5810546875,"y":-565.8976898193359,"bigg_id":"cpd00023","name":"L-Glutamate","label_x":3715.3810546875,"label_y":-525.8976898193359,"node_is_primary":false},"305":{"node_type":"metabolite","x":3828.5810546875,"y":-645.8976898193359,"bigg_id":"cpd00269","name":"2-Oxoadipate","label_x":3785.3810546875,"label_y":-605.8976898193359,"node_is_primary":true}},"text_labels":{"0":{"x":2462.393310546875,"y":-1190.177490234375,"text":"Lysine Degradation"}},"canvas":{"x":1346.0510864257812,"y":-1387.2088012695312,"width":2701.1354370117188,"height":1749.562744140625}}]