[{"map_name":"new_map","map_id":"oQSquOqYQocN","map_description":"\nLast Modified Mon Jun 03 2019 11:47:22 GMT-0500 (Central Daylight Time)","homepage":"https://escher.github.io","schema":"https://escher.github.io/escher/jsonschema/1-0-0#"},{"reactions":{"6":{"name":"(2S,3R)-3-Hydroxybutane-1,2,3-tricarboxylate hydro-lyase","bigg_id":"rxn03061","reversibility":false,"label_x":779.8465439743514,"label_y":-175.66040864142118,"gene_reaction_rule":"","genes":[],"metabolites":[{"bigg_id":"cpd02799","coefficient":-1},{"bigg_id":"cpd02597","coefficient":1},{"bigg_id":"cpd00001","coefficient":1}],"segments":{"36":{"from_node_id":"41","to_node_id":"42","b1":null,"b2":null},"37":{"from_node_id":"43","to_node_id":"42","b1":null,"b2":null},"38":{"from_node_id":"41","to_node_id":"44","b1":{"x":891.8465439743514,"y":-135.66040864142118},"b2":{"x":946.0965439743514,"y":-135.66040864142118}},"39":{"from_node_id":"43","to_node_id":"39","b1":{"x":767.8465439743514,"y":-135.66040864142118},"b2":{"x":713.5965439743514,"y":-135.66040864142118}},"40":{"from_node_id":"43","to_node_id":"45","b1":{"x":763.8465439743514,"y":-135.66040864142118},"b2":{"x":758.5965439743514,"y":-117.66040864142118}}}},"7":{"name":"(2S,3R)-3-hydroxybutane-1,2,3-tricarboxylate pyruvate-lyase (succinate-forming)","bigg_id":"rxn00289","reversibility":false,"label_x":1129.8465439743513,"label_y":-175.66040864142118,"gene_reaction_rule":"","genes":[],"metabolites":[{"bigg_id":"cpd02799","coefficient":-1},{"bigg_id":"cpd00036","coefficient":1},{"bigg_id":"cpd00020","coefficient":1}],"segments":{"41":{"from_node_id":"46","to_node_id":"47","b1":null,"b2":null},"42":{"from_node_id":"48","to_node_id":"47","b1":null,"b2":null},"43":{"from_node_id":"46","to_node_id":"44","b1":{"x":1117.8465439743513,"y":-135.66040864142118},"b2":{"x":1063.5965439743513,"y":-135.66040864142118}},"44":{"from_node_id":"48","to_node_id":"49","b1":{"x":1241.8465439743513,"y":-135.66040864142118},"b2":{"x":1299.7507187790388,"y":-206.91671815069853}},"45":{"from_node_id":"48","to_node_id":"50","b1":{"x":1245.8465439743513,"y":-135.66040864142118},"b2":{"x":1287.3449111366963,"y":-85.78935081215876}}}},"12":{"name":"2-methylaconitate isomerase","bigg_id":"rxn25278","reversibility":false,"label_x":649.3937237522277,"label_y":75.98740162044743,"gene_reaction_rule":"","genes":[],"metabolites":[{"bigg_id":"cpd02597","coefficient":1},{"bigg_id":"cpd25681","coefficient":-1}],"segments":{"65":{"from_node_id":"71","to_node_id":"72","b1":null,"b2":null},"66":{"from_node_id":"73","to_node_id":"72","b1":null,"b2":null},"67":{"from_node_id":"73","to_node_id":"39","b1":{"x":658.2161754220964,"y":8.746762242146339},"b2":{"x":651.1069170908631,"y":-79.07514024045693}},"68":{"from_node_id":"71","to_node_id":"70","b1":{"x":610.5712720823598,"y":123.22804099874952},"b2":{"x":512.9396515257436,"y":164.06028934715403}}}},"13":{"name":"2-methylcitrate dehydratase (2-methyl-trans-aconitate forming)","bigg_id":"rxn25279","reversibility":false,"label_x":319.3589027157975,"label_y":39.686235000554746,"gene_reaction_rule":"","genes":[],"metabolites":[{"bigg_id":"cpd24620","coefficient":-1},{"bigg_id":"cpd00001","coefficient":1},{"bigg_id":"cpd25681","coefficient":1}],"segments":{"69":{"from_node_id":"75","to_node_id":"76","b1":null,"b2":null},"70":{"from_node_id":"77","to_node_id":"76","b1":null,"b2":null},"71":{"from_node_id":"75","to_node_id":"83","b1":{"x":304.3749756589292,"y":-32.313762916062274},"b2":{"x":305.699006525185,"y":-80.01408992000677}},"72":{"from_node_id":"77","to_node_id":"79","b1":{"x":304.3417928085934,"y":95.6862327827597},"b2":{"x":310.6789766235062,"y":120.22380594678054}},"73":{"from_node_id":"77","to_node_id":"70","b1":{"x":304.3428297726665,"y":91.68623291717148},"b2":{"x":429.96632666229925,"y":157.7367672697361}}}},"14":{"name":"2-hydroxybutane-1,2,3-tricarboxylate hydro-lyase","bigg_id":"rxn17391","reversibility":false,"label_x":429.84654397435145,"label_y":-175.66040864142116,"gene_reaction_rule":"","genes":[],"metabolites":[{"bigg_id":"cpd24620","coefficient":-1},{"bigg_id":"cpd02597","coefficient":1},{"bigg_id":"cpd00001","coefficient":1}],"segments":{"74":{"from_node_id":"80","to_node_id":"81","b1":null,"b2":null},"75":{"from_node_id":"82","to_node_id":"81","b1":null,"b2":null},"76":{"from_node_id":"80","to_node_id":"83","b1":{"x":417.84654397435145,"y":-135.66040864142116},"b2":{"x":363.59654397435145,"y":-135.66040864142116}},"77":{"from_node_id":"82","to_node_id":"39","b1":{"x":541.8465439743514,"y":-135.66040864142118},"b2":{"x":596.0965439743514,"y":-135.66040864142118}},"78":{"from_node_id":"82","to_node_id":"84","b1":{"x":545.8465439743514,"y":-135.66040864142118},"b2":{"x":551.0965439743514,"y":-153.66040864142116}}}},"20":{"name":"2-methylcitrate synthase","bigg_id":"rxn17392","reversibility":false,"label_x":75.36099404759364,"label_y":-174.16523041876485,"gene_reaction_rule":"","genes":[],"metabolites":[{"bigg_id":"cpd24620","coefficient":1},{"bigg_id":"cpd00032","coefficient":-1},{"bigg_id":"cpd00010","coefficient":1},{"bigg_id":"cpd00067","coefficient":1},{"bigg_id":"cpd00001","coefficient":-1},{"bigg_id":"cpd00086","coefficient":-1}],"segments":{"117":{"from_node_id":"125","to_node_id":"126","b1":null,"b2":null},"118":{"from_node_id":"127","to_node_id":"126","b1":null,"b2":null},"119":{"from_node_id":"127","to_node_id":"83","b1":{"x":187.36099404759364,"y":-134.16523041876488},"b2":{"x":246.09654397435145,"y":-135.66040864142113}},"120":{"from_node_id":"125","to_node_id":"128","b1":{"x":63.360994047593636,"y":-134.16523041876485},"b2":{"x":32.07007814608379,"y":-162.5346035138718}},"121":{"from_node_id":"127","to_node_id":"129","b1":{"x":191.36099404759364,"y":-134.16523041876488},"b2":{"x":201.09654397435145,"y":-117.66040864142111}},"122":{"from_node_id":"127","to_node_id":"130","b1":{"x":191.36099404759364,"y":-134.16523041876488},"b2":{"x":201.09654397435145,"y":-153.6604086414211}},"123":{"from_node_id":"125","to_node_id":"131","b1":{"x":59.360994047593636,"y":-134.16523041876485},"b2":{"x":54.110994047593636,"y":-116.16523041876485}},"124":{"from_node_id":"125","to_node_id":"116","b1":{"x":59.360994047593636,"y":-134.16523041876485},"b2":{"x":36.600002893137074,"y":-133.2523162959035}}}},"23":{"name":"Propanoate:CoA ligase (AMP-forming)","bigg_id":"rxn00674","reversibility":false,"label_x":-269.7348098332703,"label_y":-172.2656978250811,"gene_reaction_rule":"","genes":[],"metabolites":[{"bigg_id":"cpd00010","coefficient":-1},{"bigg_id":"cpd00002","coefficient":-1},{"bigg_id":"cpd00012","coefficient":1},{"bigg_id":"cpd00067","coefficient":1},{"bigg_id":"cpd00141","coefficient":-1},{"bigg_id":"cpd00086","coefficient":1},{"bigg_id":"cpd00018","coefficient":1}],"segments":{"143":{"from_node_id":"150","to_node_id":"151","b1":null,"b2":null},"144":{"from_node_id":"152","to_node_id":"151","b1":null,"b2":null},"145":{"from_node_id":"150","to_node_id":"153","b1":{"x":-281.7348098332703,"y":-132.2656978250811},"b2":{"x":-329.24875817435475,"y":-194.08568583327354}},"146":{"from_node_id":"150","to_node_id":"154","b1":{"x":-285.7348098332703,"y":-132.2656978250811},"b2":{"x":-290.9848098332703,"y":-114.2656978250811}},"147":{"from_node_id":"152","to_node_id":"155","b1":{"x":-153.73480983327028,"y":-132.26569782508113},"b2":{"x":-148.48480983327028,"y":-114.26569782508112}},"148":{"from_node_id":"152","to_node_id":"156","b1":{"x":-153.73480983327028,"y":-132.26569782508113},"b2":{"x":-148.48480983327028,"y":-150.26569782508113}},"149":{"from_node_id":"150","to_node_id":"157","b1":{"x":-285.7348098332703,"y":-132.2656978250811},"b2":{"x":-331.5125267818286,"y":-130.4029508439229}},"150":{"from_node_id":"152","to_node_id":"116","b1":{"x":-157.73480983327028,"y":-132.26569782508113},"b2":{"x":-103.48480983327026,"y":-132.26569782508113}},"151":{"from_node_id":"152","to_node_id":"158","b1":{"x":-153.73480983327028,"y":-132.26569782508113},"b2":{"x":-163.48480983327028,"y":-168.26569782508113}}}}},"nodes":{"39":{"node_type":"metabolite","x":654.8465439743514,"y":-135.66040864142118,"bigg_id":"cpd02597","name":"cis-2-Methylaconitate","label_x":604.7405991501327,"label_y":-163.33876862677275,"node_is_primary":true},"41":{"node_type":"multimarker","x":849.8465439743514,"y":-135.66040864142118},"42":{"node_type":"midmarker","x":829.8465439743514,"y":-135.66040864142118},"43":{"node_type":"multimarker","x":809.8465439743514,"y":-135.66040864142118},"44":{"node_type":"metabolite","x":1004.8465439743514,"y":-135.66040864142118,"bigg_id":"cpd02799","name":"Methylisocitrate","label_x":961.6465439743514,"label_y":-95.66040864142118,"node_is_primary":true},"45":{"node_type":"metabolite","x":724.8465439743514,"y":-55.660408641421185,"bigg_id":"cpd00001","name":"H2O","label_x":681.6465439743514,"label_y":-15.660408641421185,"node_is_primary":false},"46":{"node_type":"multimarker","x":1159.8465439743513,"y":-135.66040864142118},"47":{"node_type":"midmarker","x":1179.8465439743513,"y":-135.66040864142118},"48":{"node_type":"multimarker","x":1199.8465439743513,"y":-135.66040864142118},"49":{"node_type":"metabolite","x":1358.5007187790388,"y":-206.91671815069853,"bigg_id":"cpd00036","name":"Succinate","label_x":1315.3007187790388,"label_y":-166.91671815069853,"node_is_primary":true},"50":{"node_type":"metabolite","x":1357.9300400681013,"y":-84.89376511725126,"bigg_id":"cpd00020","name":"Pyruvate","label_x":1314.7300400681013,"label_y":-44.89376511725126,"node_is_primary":true},"70":{"node_type":"metabolite","x":474.60494789112016,"y":119.54048479630774,"bigg_id":"cpd25681","name":"2-methyl-trans-aconitate","label_x":499.60494789112016,"label_y":119.54048479630774,"node_is_primary":true},"71":{"node_type":"multimarker","x":626.7090619232384,"y":84.4521240005451},"72":{"node_type":"midmarker","x":634.3937237522277,"y":65.98740162044743},"73":{"node_type":"multimarker","x":642.0783855812175,"y":47.5226792403502},"75":{"node_type":"multimarker","x":304.36408753616246,"y":9.686235672613918},"76":{"node_type":"midmarker","x":304.3589027157975,"y":29.686235000554746},"77":{"node_type":"multimarker","x":304.35371789543296,"y":49.686234328495914},"79":{"node_type":"metabolite","x":244.1687311122471,"y":143.87649590018918,"bigg_id":"cpd00001","name":"H2O","label_x":172.1687311122471,"label_y":173.87649590018884,"node_is_primary":false},"80":{"node_type":"multimarker","x":459.84654397435145,"y":-135.66040864142116},"81":{"node_type":"midmarker","x":479.84654397435145,"y":-135.66040864142116},"82":{"node_type":"multimarker","x":499.84654397435145,"y":-135.66040864142116},"83":{"node_type":"metabolite","x":304.84654397435145,"y":-135.66040864142113,"bigg_id":"cpd24620","name":"(2S,3S)-2-hydroxybutane-1,2,3-tricarboxylate","label_x":254.74059915013265,"label_y":-163.33877625616722,"node_is_primary":true},"84":{"node_type":"metabolite","x":584.8465439743514,"y":-215.66040864142116,"bigg_id":"cpd00001","name":"H2O","label_x":541.6465439743514,"label_y":-235.66040864142116,"node_is_primary":false},"116":{"node_type":"metabolite","x":-44.73480983327026,"y":-132.26569782508113,"bigg_id":"cpd00086","name":"Propionyl-CoA","label_x":-92.95456209729313,"label_y":-159.11936603797142,"node_is_primary":true},"125":{"node_type":"multimarker","x":105.36099404759364,"y":-134.16523041876485},"126":{"node_type":"midmarker","x":125.36099404759364,"y":-134.16523041876485},"127":{"node_type":"multimarker","x":145.36099404759364,"y":-134.16523041876485},"128":{"node_type":"metabolite","x":7.778646177720589,"y":-216.02748932989763,"bigg_id":"cpd00032","name":"Oxaloacetate","label_x":-24.371823792982582,"label_y":-236.79990449103045,"node_is_primary":false},"129":{"node_type":"metabolite","x":234.84654397435145,"y":-55.66040864142113,"bigg_id":"cpd00010","name":"CoA","label_x":191.64654397435146,"label_y":-15.660408641421128,"node_is_primary":false},"130":{"node_type":"metabolite","x":234.84654397435145,"y":-215.6604086414211,"bigg_id":"cpd00067","name":"H+","label_x":191.64654397435146,"label_y":-235.6604086414211,"node_is_primary":false},"131":{"node_type":"metabolite","x":20.360994047593636,"y":-54.16523041876485,"bigg_id":"cpd00001","name":"H2O","label_x":-22.83900595240641,"label_y":-14.16523041876485,"node_is_primary":false},"150":{"node_type":"multimarker","x":-239.73480983327028,"y":-132.2656978250811},"151":{"node_type":"midmarker","x":-219.73480983327028,"y":-132.2656978250811},"152":{"node_type":"multimarker","x":-199.73480983327028,"y":-132.2656978250811},"153":{"node_type":"metabolite","x":-343.630744891864,"y":-251.04813801062795,"bigg_id":"cpd00010","name":"CoA","label_x":-402.023860126239,"label_y":-264.9145778299639,"node_is_primary":false},"154":{"node_type":"metabolite","x":-324.7348098332703,"y":-52.265697825081105,"bigg_id":"cpd00002","name":"ATP","label_x":-367.93480983327026,"label_y":-12.265697825081105,"node_is_primary":false},"155":{"node_type":"metabolite","x":-114.73480983327026,"y":-52.26569782508113,"bigg_id":"cpd00012","name":"PPi","label_x":-157.93480983327026,"label_y":-12.265697825081133,"node_is_primary":false},"156":{"node_type":"metabolite","x":-114.73480983327026,"y":-212.26569782508113,"bigg_id":"cpd00067","name":"H+","label_x":-141.36051478932495,"label_y":-232.26569782508113,"node_is_primary":false},"157":{"node_type":"metabolite","x":-402.0815505559265,"y":-132.15662800086236,"bigg_id":"cpd00141","name":"Propionate","label_x":-456.3310805852234,"label_y":-161.82496296179986,"node_is_primary":true},"158":{"node_type":"metabolite","x":-134.73480983327028,"y":-292.26569782508113,"bigg_id":"cpd00018","name":"AMP","label_x":-177.93480983327026,"label_y":-312.26569782508113,"node_is_primary":false}},"text_labels":{"1":{"x":412.43096923828125,"y":-83.81828308105469,"text":"I"},"5":{"x":317.1287536621094,"y":-0.94683837890625,"text":"II"},"7":{"x":201.10872650146484,"y":-376.6308288574219,"text":"The Methylcitrate Cycle"}},"canvas":{"x":-595.1448974609375,"y":-536.9093627929688,"width":2295.9560546875,"height":879.2229614257812}}]