[{"map_name":"new_map","map_id":"2R83xRyPE7zW","map_description":"","homepage":"https://escher.github.io","schema":"https://escher.github.io/escher/jsonschema/1-0-0#"},{"reactions":{"0":{"name":"rxn01300","bigg_id":"rxn01300","reversibility":false,"label_x":2209.3608850699434,"label_y":-845.2689036281869,"gene_reaction_rule":"","genes":[],"metabolites":[{"bigg_id":"cpd00002","coefficient":-1},{"bigg_id":"cpd00227","coefficient":-1},{"bigg_id":"cpd00008","coefficient":1},{"bigg_id":"cpd00067","coefficient":1},{"bigg_id":"cpd00809","coefficient":1}],"segments":{"0":{"from_node_id":"1","to_node_id":"2","b1":null,"b2":null},"1":{"from_node_id":"3","to_node_id":"2","b1":null,"b2":null},"2":{"from_node_id":"1","to_node_id":"0","b1":{"x":2195.5404922810803,"y":-793.2801262017249},"b2":{"x":2217.8634200752003,"y":-774.5242599184124}},"3":{"from_node_id":"1","to_node_id":"12","b1":{"x":2191.8136174564993,"y":-697.8426178168534},"b2":{"x":1907.1861242907275,"y":-651.2966304282273}},"4":{"from_node_id":"3","to_node_id":"5","b1":{"x":2193.1812778588096,"y":-917.2576810546498},"b2":{"x":2214.859082486566,"y":-923.2392553457722}},"5":{"from_node_id":"3","to_node_id":"6","b1":{"x":2193.105174167767,"y":-921.2569570176465},"b2":{"x":2175.008546239788,"y":-926.163540109395}},"6":{"from_node_id":"3","to_node_id":"7","b1":{"x":2193.105174167767,"y":-921.2569570176465},"b2":{"x":2195.388748656766,"y":-966.5907828990776}}}},"1":{"name":"rxn01304","bigg_id":"rxn01304","reversibility":false,"label_x":1706.9066467285156,"label_y":-446.78163146972656,"gene_reaction_rule":"","genes":[],"metabolites":[{"bigg_id":"cpd00078","coefficient":-1},{"bigg_id":"cpd00227","coefficient":-1},{"bigg_id":"cpd00010","coefficient":1},{"bigg_id":"cpd00822","coefficient":1}],"segments":{"7":{"from_node_id":"9","to_node_id":"10","b1":null,"b2":null},"8":{"from_node_id":"11","to_node_id":"10","b1":null,"b2":null},"9":{"from_node_id":"9","to_node_id":"8","b1":{"x":1691.9066467285156,"y":-518.7816314697266},"b2":{"x":1655.9222717285156,"y":-546.4344024658203}},"10":{"from_node_id":"9","to_node_id":"12","b1":{"x":1691.9066467285156,"y":-522.7816314697266},"b2":{"x":1686.4230041503906,"y":-556.1933746337891}},"11":{"from_node_id":"11","to_node_id":"13","b1":{"x":1691.9066467285156,"y":-394.78163146972656},"b2":{"x":1691.9066467285156,"y":-342.0961456298828}},"12":{"from_node_id":"11","to_node_id":"87","b1":{"x":1691.9066467285156,"y":-390.78163146972656},"b2":{"x":1606.7540588378906,"y":-329.5347442626953}}}},"2":{"name":"rxn00566","bigg_id":"rxn00566","reversibility":false,"label_x":1814.5194658997077,"label_y":-122.58589021932673,"gene_reaction_rule":"","genes":[],"metabolites":[{"bigg_id":"cpd00001","coefficient":-1},{"bigg_id":"cpd00084","coefficient":-1},{"bigg_id":"cpd00013","coefficient":1},{"bigg_id":"cpd00020","coefficient":1},{"bigg_id":"cpd00067","coefficient":1},{"bigg_id":"cpd00239","coefficient":1}],"segments":{"13":{"from_node_id":"16","to_node_id":"17","b1":null,"b2":null},"14":{"from_node_id":"18","to_node_id":"17","b1":null,"b2":null},"15":{"from_node_id":"16","to_node_id":"15","b1":{"x":1913.007464590807,"y":-198.4050899149915},"b2":{"x":1898.8559264582148,"y":-216.6235051729907}},"16":{"from_node_id":"16","to_node_id":"39","b1":{"x":1910.2436721046488,"y":-201.2967072986458},"b2":{"x":1874.578353881836,"y":-212.14878845214844}},"17":{"from_node_id":"18","to_node_id":"20","b1":{"x":2001.4488241478916,"y":-105.87333363805357},"b2":{"x":2032.0880917311688,"y":-105.18220523237858}},"18":{"from_node_id":"18","to_node_id":"21","b1":{"x":1998.6850316617322,"y":-108.76495102170799},"b2":{"x":2038.5023412786989,"y":-127.8783095216433}},"19":{"from_node_id":"18","to_node_id":"22","b1":{"x":2001.4488241478916,"y":-105.87333363805357},"b2":{"x":1971.064878051717,"y":-89.64101963429215}},"20":{"from_node_id":"18","to_node_id":"23","b1":{"x":2001.4488241478916,"y":-105.87333363805357},"b2":{"x":2024.5713958740234,"y":-91.64845657348633}}}},"3":{"name":"rxn15166","bigg_id":"rxn15166","reversibility":false,"label_x":1527.7783203125,"label_y":364.63453674316406,"gene_reaction_rule":"","genes":[],"metabolites":[{"bigg_id":"cpd00001","coefficient":-1},{"bigg_id":"cpd19019","coefficient":-1},{"bigg_id":"cpd00013","coefficient":1},{"bigg_id":"cpd00020","coefficient":1},{"bigg_id":"cpd00135","coefficient":1}],"segments":{"21":{"from_node_id":"25","to_node_id":"26","b1":null,"b2":null},"22":{"from_node_id":"27","to_node_id":"26","b1":null,"b2":null},"23":{"from_node_id":"25","to_node_id":"24","b1":{"x":1683.1044921875,"y":285.6348114013672},"b2":{"x":1662.7654418945312,"y":268.93378019332886}},"24":{"from_node_id":"25","to_node_id":"28","b1":{"x":1683.1044921875,"y":281.6348114013672},"b2":{"x":1680.7498779296875,"y":215.36772918701172}},"25":{"from_node_id":"27","to_node_id":"29","b1":{"x":1683.1044921875,"y":413.6348114013672},"b2":{"x":1701.1044921875,"y":418.8848114013672}},"26":{"from_node_id":"27","to_node_id":"30","b1":{"x":1683.1044921875,"y":413.6348114013672},"b2":{"x":1665.1044921875,"y":418.8848114013672}},"27":{"from_node_id":"27","to_node_id":"54","b1":{"x":1683.1044921875,"y":409.6348114013672},"b2":{"x":1670.8646240234375,"y":534.7623138427734}}}},"4":{"name":"rxn01303","bigg_id":"rxn01303","reversibility":false,"label_x":2197.6363830566406,"label_y":-273.47607421875,"gene_reaction_rule":"","genes":[],"metabolites":[{"bigg_id":"cpd00022","coefficient":-1},{"bigg_id":"cpd00227","coefficient":-1},{"bigg_id":"cpd00010","coefficient":1},{"bigg_id":"cpd00790","coefficient":1}],"segments":{"28":{"from_node_id":"33","to_node_id":"34","b1":null,"b2":null},"29":{"from_node_id":"35","to_node_id":"34","b1":null,"b2":null},"30":{"from_node_id":"33","to_node_id":"32","b1":{"x":2182.6363830566406,"y":-345.47607421875},"b2":{"x":2200.9586486816406,"y":-382.8131103515625}},"31":{"from_node_id":"33","to_node_id":"12","b1":{"x":2186.8646545410156,"y":-470.6855163574219},"b2":{"x":2015.2388000488281,"y":-621.1049194335938}},"32":{"from_node_id":"35","to_node_id":"37","b1":{"x":2182.6363830566406,"y":-221.47607421875},"b2":{"x":2196.7308654785156,"y":-161.58843231201172}},"33":{"from_node_id":"35","to_node_id":"51","b1":{"x":2182.6363830566406,"y":-217.47607421875},"b2":{"x":2174.5021057128906,"y":-20.54606819152832}}}},"5":{"name":"rxn15395","bigg_id":"rxn15395","reversibility":false,"label_x":1528.5748748779297,"label_y":-18.073652267456055,"gene_reaction_rule":"","genes":[],"metabolites":[{"bigg_id":"cpd00084","coefficient":-1},{"bigg_id":"cpd00822","coefficient":-1},{"bigg_id":"cpd00036","coefficient":1},{"bigg_id":"cpd00067","coefficient":1},{"bigg_id":"cpd19019","coefficient":1}],"segments":{"34":{"from_node_id":"40","to_node_id":"41","b1":null,"b2":null},"35":{"from_node_id":"42","to_node_id":"41","b1":null,"b2":null},"36":{"from_node_id":"40","to_node_id":"39","b1":{"x":1679.2346649169922,"y":-148.40457153320312},"b2":{"x":1684.8599090576172,"y":-213.47061157226562}},"37":{"from_node_id":"40","to_node_id":"87","b1":{"x":1679.2346649169922,"y":-96.40689086914062},"b2":{"x":1651.6709442138672,"y":-194.0465850830078}},"38":{"from_node_id":"42","to_node_id":"44","b1":{"x":1679.2346649169922,"y":44.926055908203125},"b2":{"x":1636.2311248779297,"y":111.17980194091797}},"39":{"from_node_id":"42","to_node_id":"45","b1":{"x":1679.2346649169922,"y":44.926055908203125},"b2":{"x":1694.9473114013672,"y":82.28329360485077}},"40":{"from_node_id":"42","to_node_id":"28","b1":{"x":1679.2346649169922,"y":40.926055908203125},"b2":{"x":1679.2346649169922,"y":95.17605590820312}}}},"6":{"name":"rxn00952","bigg_id":"rxn00952","reversibility":false,"label_x":2192.9474487304688,"label_y":346.580810546875,"gene_reaction_rule":"","genes":[],"metabolites":[{"bigg_id":"cpd00239","coefficient":-1},{"bigg_id":"cpd00790","coefficient":-1},{"bigg_id":"cpd00029","coefficient":1},{"bigg_id":"cpd00135","coefficient":1}],"segments":{"41":{"from_node_id":"48","to_node_id":"49","b1":null,"b2":null},"42":{"from_node_id":"50","to_node_id":"49","b1":null,"b2":null},"43":{"from_node_id":"48","to_node_id":"23","b1":{"x":2177.9474487304688,"y":274.580810546875},"b2":{"x":2028.3236694335938,"y":172.93165588378906}},"44":{"from_node_id":"48","to_node_id":"51","b1":{"x":2177.9474487304688,"y":270.580810546875},"b2":{"x":2172.6320190429688,"y":192.04140090942383}},"45":{"from_node_id":"50","to_node_id":"52","b1":{"x":2177.9474487304688,"y":402.580810546875},"b2":{"x":2183.9589233398438,"y":422.6325378417969}},"46":{"from_node_id":"50","to_node_id":"54","b1":{"x":2177.9474487304688,"y":398.580810546875},"b2":{"x":2173.7138061523438,"y":526.9250183105469}}}},"7":{"name":"rxn00693","bigg_id":"rxn00693","reversibility":false,"label_x":1689.5283813476562,"label_y":912.8843841552734,"gene_reaction_rule":"","genes":[],"metabolites":[{"bigg_id":"cpd00135","coefficient":-1},{"bigg_id":"cpd00345","coefficient":-1},{"bigg_id":"cpd00060","coefficient":1},{"bigg_id":"cpd00087","coefficient":1}],"segments":{"47":{"from_node_id":"55","to_node_id":"56","b1":null,"b2":null},"48":{"from_node_id":"57","to_node_id":"56","b1":null,"b2":null},"49":{"from_node_id":"55","to_node_id":"54","b1":{"x":1668.2702026367188,"y":656.2685699462891},"b2":{"x":1818.4660034179688,"y":600.4540557861328}},"50":{"from_node_id":"55","to_node_id":"58","b1":{"x":1665.1411743164062,"y":850.9652557373047},"b2":{"x":1656.5283813476562,"y":831.6343841552734}},"51":{"from_node_id":"57","to_node_id":"73","b1":{"x":1674.5283813476562,"y":1123.7738494873047},"b2":{"x":1805.15966796875,"y":1193.1700286865234}},"52":{"from_node_id":"57","to_node_id":"60","b1":{"x":1677.657470703125,"y":963.3198089599609},"b2":{"x":1654.1893920898438,"y":975.3272552490234}}}},"8":{"name":"rxn03052","bigg_id":"rxn03052","reversibility":false,"label_x":1949.800537109375,"label_y":890.4489059448242,"gene_reaction_rule":"","genes":[],"metabolites":[{"bigg_id":"cpd00135","coefficient":-1},{"bigg_id":"cpd02738","coefficient":-1},{"bigg_id":"cpd00060","coefficient":1},{"bigg_id":"cpd02555","coefficient":1}],"segments":{"53":{"from_node_id":"62","to_node_id":"63","b1":null,"b2":null},"54":{"from_node_id":"64","to_node_id":"63","b1":null,"b2":null},"55":{"from_node_id":"62","to_node_id":"54","b1":{"x":1934.800537109375,"y":818.4489059448242},"b2":{"x":1934.800537109375,"y":632.7775192260742}},"56":{"from_node_id":"62","to_node_id":"65","b1":{"x":1934.800537109375,"y":814.4489059448242},"b2":{"x":1916.800537109375,"y":809.1989059448242}},"57":{"from_node_id":"64","to_node_id":"73","b1":{"x":1934.800537109375,"y":946.4489059448242},"b2":{"x":1935.574951171875,"y":1119.1047286987305}},"58":{"from_node_id":"64","to_node_id":"67","b1":{"x":1934.800537109375,"y":942.4489059448242},"b2":{"x":1914.4614868164062,"y":949.7626266479492}}}},"9":{"name":"rxn02028","bigg_id":"rxn02028","reversibility":false,"label_x":2199.5083618164062,"label_y":870.3525390625,"gene_reaction_rule":"","genes":[],"metabolites":[{"bigg_id":"cpd00135","coefficient":-1},{"bigg_id":"cpd00540","coefficient":-1},{"bigg_id":"cpd00060","coefficient":1},{"bigg_id":"cpd00756","coefficient":1}],"segments":{"59":{"from_node_id":"69","to_node_id":"70","b1":null,"b2":null},"60":{"from_node_id":"71","to_node_id":"70","b1":null,"b2":null},"61":{"from_node_id":"69","to_node_id":"54","b1":{"x":2184.5083618164062,"y":657.5438842773438},"b2":{"x":2070.296875,"y":598.6002807617188}},"62":{"from_node_id":"69","to_node_id":"72","b1":{"x":2187.6375122070312,"y":799.046142578125},"b2":{"x":2204.0574340820312,"y":785.9734191894531}},"63":{"from_node_id":"71","to_node_id":"73","b1":{"x":2187.6375122070312,"y":1124.1782836914062},"b2":{"x":2092.200439453125,"y":1198.767333984375}},"64":{"from_node_id":"71","to_node_id":"74","b1":{"x":2184.5083618164062,"y":926.3525390625},"b2":{"x":2205.6220092773438,"y":937.8606567382812}}}},"11":{"name":"rxn00740","bigg_id":"rxn00740","reversibility":false,"label_x":1233.171401977539,"label_y":-39.38309860229492,"gene_reaction_rule":"","genes":[],"metabolites":[{"bigg_id":"cpd00001","coefficient":-1},{"bigg_id":"cpd00822","coefficient":-1},{"bigg_id":"cpd00013","coefficient":1},{"bigg_id":"cpd00036","coefficient":1},{"bigg_id":"cpd00067","coefficient":1},{"bigg_id":"cpd00094","coefficient":1}],"segments":{"72":{"from_node_id":"84","to_node_id":"85","b1":null,"b2":null},"73":{"from_node_id":"86","to_node_id":"85","b1":null,"b2":null},"74":{"from_node_id":"84","to_node_id":"83","b1":{"x":1369.075454711914,"y":-119.409912109375},"b2":{"x":1340.1788482666016,"y":-133.52587890625}},"75":{"from_node_id":"84","to_node_id":"87","b1":{"x":1381.9183502197266,"y":-195.65118408203125},"b2":{"x":1477.899185180664,"y":-205.71729278564453}},"76":{"from_node_id":"86","to_node_id":"88","b1":{"x":1370.6808013916016,"y":5.379364013671875},"b2":{"x":1388.6808013916016,"y":10.629364013671875}},"77":{"from_node_id":"86","to_node_id":"44","b1":{"x":1370.6808013916016,"y":1.379364013671875},"b2":{"x":1353.021743774414,"y":98.97412872314453}},"78":{"from_node_id":"86","to_node_id":"90","b1":{"x":1370.6808013916016,"y":5.379364013671875},"b2":{"x":1352.6808013916016,"y":10.629364013671875}},"79":{"from_node_id":"86","to_node_id":"91","b1":{"x":1370.6808013916016,"y":5.379364013671875},"b2":{"x":1334.6808013916016,"y":-4.370635986328125}}}},"12":{"name":"rxn01302","bigg_id":"rxn01302","reversibility":false,"label_x":1704.2396927254626,"label_y":-845.2816345151027,"gene_reaction_rule":"","genes":[],"metabolites":[{"bigg_id":"cpd00006","coefficient":-1},{"bigg_id":"cpd00227","coefficient":-1},{"bigg_id":"cpd00005","coefficient":1},{"bigg_id":"cpd00067","coefficient":1},{"bigg_id":"cpd00346","coefficient":1}],"segments":{"80":{"from_node_id":"93","to_node_id":"94","b1":null,"b2":null},"81":{"from_node_id":"95","to_node_id":"94","b1":null,"b2":null},"82":{"from_node_id":"93","to_node_id":"92","b1":{"x":1689.663892988466,"y":-793.2830857084014},"b2":{"x":1711.9386326717186,"y":-779.7123340181629}},"83":{"from_node_id":"93","to_node_id":"12","b1":{"x":1689.6912607473687,"y":-789.2831793337746},"b2":{"x":1688.9522845190904,"y":-755.994530862614}},"84":{"from_node_id":"95","to_node_id":"97","b1":{"x":1688.815492462459,"y":-917.2801833218027},"b2":{"x":1705.65427816983,"y":-930.8508129417282}},"85":{"from_node_id":"95","to_node_id":"98","b1":{"x":1688.7881247035548,"y":-921.2800896964288},"b2":{"x":1670.752625834178,"y":-926.4068118980599}},"86":{"from_node_id":"95","to_node_id":"99","b1":{"x":1688.7881247035548,"y":-921.2800896964288},"b2":{"x":1687.977369143311,"y":-965.7666471188156}}}},"13":{"name":"rxn28338","bigg_id":"rxn28338","reversibility":false,"label_x":1819.5270054803268,"label_y":271.7629503120089,"gene_reaction_rule":"","genes":[],"metabolites":[{"bigg_id":"cpd00084","coefficient":-1},{"bigg_id":"cpd00790","coefficient":-1},{"bigg_id":"cpd00029","coefficient":1},{"bigg_id":"cpd00067","coefficient":1},{"bigg_id":"cpd19019","coefficient":1}],"segments":{"87":{"from_node_id":"100","to_node_id":"101","b1":null,"b2":null},"88":{"from_node_id":"102","to_node_id":"101","b1":null,"b2":null},"89":{"from_node_id":"100","to_node_id":"39","b1":{"x":2042.8555114644364,"y":202.31622353083785},"b2":{"x":1779.8420806618788,"y":39.672792293789826}},"90":{"from_node_id":"100","to_node_id":"51","b1":{"x":2101.852847216819,"y":223.30230028932647},"b2":{"x":2125.9623413085938,"y":160.44733047485352}},"91":{"from_node_id":"102","to_node_id":"104","b1":{"x":1817.5267465665302,"y":229.88429867521268},"b2":{"x":1812.218033814399,"y":247.86707012222234}},"92":{"from_node_id":"102","to_node_id":"105","b1":{"x":1817.5267465665302,"y":229.88429867521268},"b2":{"x":1821.6684009714045,"y":188.53489487219102}},"93":{"from_node_id":"102","to_node_id":"28","b1":{"x":1821.526725267272,"y":229.8973521657464},"b2":{"x":1743.9446166775306,"y":157.38997667595223}}}}},"nodes":{"0":{"node_type":"metabolite","x":2274.336661787367,"y":-759.7853214579816,"bigg_id":"cpd00002","name":"ATP","label_x":2299.336661787367,"label_y":-759.7853214579816,"node_is_primary":false},"1":{"node_type":"multimarker","x":2194.741403525151,"y":-835.2725238131995},"2":{"node_type":"midmarker","x":2194.3608850699434,"y":-855.2689036281869},"3":{"node_type":"multimarker","x":2193.9803666147404,"y":-875.2652834431749},"5":{"node_type":"metabolite","x":2277.6131356962755,"y":-959.268660114798,"bigg_id":"cpd00008","name":"ADP","label_x":2302.6131356962755,"label_y":-959.268660114798,"node_is_primary":false},"6":{"node_type":"metabolite","x":2112.377643920169,"y":-958.7278238360504,"bigg_id":"cpd00067","name":"H+","label_x":2127.377643920169,"label_y":-958.7278238360504,"node_is_primary":false},"7":{"node_type":"metabolite","x":2192.8638191588184,"y":-1042.6760852472248,"bigg_id":"cpd00809","name":"O-Phospho-L-homoserine","label_x":2071.0564461119434,"label_y":-1076.1372668878498,"node_is_primary":true},"8":{"node_type":"metabolite","x":1593.3406066894531,"y":-572.3290557861328,"bigg_id":"cpd00078","name":"Succinyl-CoA","label_x":1618.3406066894531,"label_y":-572.3290557861328,"node_is_primary":false},"9":{"node_type":"multimarker","x":1691.9066467285156,"y":-476.78163146972656},"10":{"node_type":"midmarker","x":1691.9066467285156,"y":-456.78163146972656},"11":{"node_type":"multimarker","x":1691.9066467285156,"y":-436.78163146972656},"12":{"node_type":"metabolite","x":1688.5691833496094,"y":-649.3958892822266,"bigg_id":"cpd00227","name":"L-Homoserine","label_x":1524.7592468261719,"label_y":-641.7480010986328,"node_is_primary":true},"13":{"node_type":"metabolite","x":1691.9066467285156,"y":-283.3461456298828,"bigg_id":"cpd00010","name":"CoA","label_x":1716.9066467285156,"label_y":-283.3461456298828,"node_is_primary":false},"15":{"node_type":"metabolite","x":1902.594267286507,"y":-287.092975827445,"bigg_id":"cpd00001","name":"H2O","label_x":1927.594267286507,"label_y":-287.092975827445,"node_is_primary":false},"16":{"node_type":"multimarker","x":1942.0272856954746,"y":-168.04310738662105},"17":{"node_type":"midmarker","x":1955.8462481262702,"y":-153.58502046835017},"18":{"node_type":"multimarker","x":1969.6652105570652,"y":-139.12693355007863},"20":{"node_type":"metabolite","x":2100.227660279776,"y":-139.95562395360895,"bigg_id":"cpd00013","name":"NH3","label_x":2115.2276602797765,"label_y":-139.95562395360895,"node_is_primary":false},"21":{"node_type":"metabolite","x":2076.7624135363453,"y":-218.40217077636933,"bigg_id":"cpd00020","name":"Pyruvate","label_x":2027.0988393175958,"label_y":-251.06746923828337,"node_is_primary":false},"22":{"node_type":"metabolite","x":1935.564918058604,"y":-43.40334467327037,"bigg_id":"cpd00067","name":"H+","label_x":1891.5638194257915,"label_y":-36.73571257030406,"node_is_primary":false},"23":{"node_type":"metabolite","x":2021.899642944336,"y":44.43042755126953,"bigg_id":"cpd00239","name":"H2S","label_x":1959.2325286865234,"label_y":53.431297302246094,"node_is_primary":true},"24":{"node_type":"metabolite","x":1595.490234375,"y":244.60367393493652,"bigg_id":"cpd00001","name":"H2O","label_x":1539.1340942382812,"label_y":272.76540184020996,"node_is_primary":false},"25":{"node_type":"multimarker","x":1683.1044921875,"y":327.6348114013672},"26":{"node_type":"midmarker","x":1683.1044921875,"y":347.6348114013672},"27":{"node_type":"multimarker","x":1683.1044921875,"y":367.6348114013672},"28":{"node_type":"metabolite","x":1679.7669677734375,"y":155.0205421447754,"bigg_id":"cpd19019","name":"L-Cystathionine","label_x":1490.906494140625,"label_y":173.3543586730957,"node_is_primary":true},"29":{"node_type":"metabolite","x":1763.1044921875,"y":452.6348114013672,"bigg_id":"cpd00013","name":"NH3","label_x":1778.1044921875,"label_y":452.6348114013672,"node_is_primary":false},"30":{"node_type":"metabolite","x":1603.1044921875,"y":452.6348114013672,"bigg_id":"cpd00020","name":"Pyruvate","label_x":1531.1044921875,"label_y":482.6348114013672,"node_is_primary":false},"32":{"node_type":"metabolite","x":2243.2411193847656,"y":-399.28076171875,"bigg_id":"cpd00022","name":"Acetyl-CoA","label_x":2268.2411193847656,"label_y":-399.28076171875,"node_is_primary":false},"33":{"node_type":"multimarker","x":2182.6363830566406,"y":-303.47607421875},"34":{"node_type":"midmarker","x":2182.6363830566406,"y":-283.47607421875},"35":{"node_type":"multimarker","x":2182.6363830566406,"y":-263.47607421875},"37":{"node_type":"metabolite","x":2255.9261779785156,"y":-145.12078094482422,"bigg_id":"cpd00010","name":"CoA","label_x":2280.9261779785156,"label_y":-145.12078094482422,"node_is_primary":false},"39":{"node_type":"metabolite","x":1779.3109588623047,"y":-212.27085876464844,"bigg_id":"cpd00084","name":"L-Cysteine","label_x":1729.6473846435547,"label_y":-249.60264587402344,"node_is_primary":true},"40":{"node_type":"multimarker","x":1679.2346649169922,"y":-41.073944091796875},"41":{"node_type":"midmarker","x":1679.2346649169922,"y":-21.073944091796875},"42":{"node_type":"multimarker","x":1679.2346649169922,"y":-1.073944091796875},"44":{"node_type":"metabolite","x":1489.5339813232422,"y":127.27082061767578,"bigg_id":"cpd00036","name":"Succinate","label_x":1441.5366668701172,"label_y":155.26966094970703,"node_is_primary":true},"45":{"node_type":"metabolite","x":1772.6138153076172,"y":85.53141784667969,"bigg_id":"cpd00067","name":"H+","label_x":1728.6127166748047,"label_y":108.53170776367188,"node_is_primary":false},"48":{"node_type":"multimarker","x":2177.9474487304688,"y":316.580810546875},"49":{"node_type":"midmarker","x":2177.9474487304688,"y":336.580810546875},"50":{"node_type":"multimarker","x":2177.9474487304688,"y":356.580810546875},"51":{"node_type":"metabolite","x":2176.8744506835938,"y":62.45138931274414,"bigg_id":"cpd00790","name":"O-Acetyl-L-homoserine","label_x":2205.9620971679688,"label_y":53.816986083984375,"node_is_primary":true},"52":{"node_type":"metabolite","x":2276.4984741210938,"y":443.6806640625,"bigg_id":"cpd00029","name":"Acetate","label_x":2204.4984741210938,"label_y":473.6806640625,"node_is_primary":false},"54":{"node_type":"metabolite","x":1934.2420043945312,"y":571.4303436279297,"bigg_id":"cpd00135","name":"Homocysteine","label_x":1732.7254028320312,"label_y":582.0152435302734,"node_is_primary":true},"55":{"node_type":"multimarker","x":1674.5283813476562,"y":882.8843841552734},"56":{"node_type":"midmarker","x":1674.5283813476562,"y":902.8843841552734},"57":{"node_type":"multimarker","x":1674.5283813476562,"y":922.8843841552734},"58":{"node_type":"metabolite","x":1594.5283813476562,"y":797.8843841552734,"bigg_id":"cpd00345","name":"5-Methyltetrahydrofolate","label_x":1497.4957275390625,"label_y":774.6899871826172,"node_is_primary":false},"60":{"node_type":"metabolite","x":1599.430419921875,"y":1015.3027801513672,"bigg_id":"cpd00087","name":"Tetrahydrofolate","label_x":1525.8643188476562,"label_y":1048.158187866211,"node_is_primary":false},"62":{"node_type":"multimarker","x":1934.800537109375,"y":860.4489059448242},"63":{"node_type":"midmarker","x":1934.800537109375,"y":880.4489059448242},"64":{"node_type":"multimarker","x":1934.800537109375,"y":900.4489059448242},"65":{"node_type":"metabolite","x":1854.800537109375,"y":775.4489059448242,"bigg_id":"cpd02738","name":"5-Methyltetrahydropteroyltri-L-glutamate","label_x":1764.0260620117188,"label_y":758.5126876831055,"node_is_primary":false},"67":{"node_type":"metabolite","x":1848.7507934570312,"y":985.044548034668,"bigg_id":"cpd02555","name":"Tetrahydropteroyltri-L-glutamate","label_x":1768.926513671875,"label_y":1014.7708053588867,"node_is_primary":false},"69":{"node_type":"multimarker","x":2184.5083618164062,"y":840.3525390625},"70":{"node_type":"midmarker","x":2184.5083618164062,"y":860.3525390625},"71":{"node_type":"multimarker","x":2184.5083618164062,"y":880.3525390625},"72":{"node_type":"metabolite","x":2270.3496704101562,"y":753.7879943847656,"bigg_id":"cpd00540","name":"BET","label_x":2256.2376098632812,"label_y":735.2872009277344,"node_is_primary":false},"73":{"node_type":"metabolite","x":1937.31103515625,"y":1213.7101440429688,"bigg_id":"cpd00060","name":"L-Methionine","label_x":1868.4385986328125,"label_y":1266.904541015625,"node_is_primary":true},"74":{"node_type":"metabolite","x":2268.7852172851562,"y":970.046142578125,"bigg_id":"cpd00756","name":"Dimethylglycine","label_x":2196.7852172851562,"label_y":1000.046142578125,"node_is_primary":false},"83":{"node_type":"metabolite","x":1290.412612915039,"y":-163.37935638427734,"bigg_id":"cpd00001","name":"H2O","label_x":1315.412612915039,"label_y":-163.37935638427734,"node_is_primary":false},"84":{"node_type":"multimarker","x":1370.6808013916016,"y":-80.62063598632812},"85":{"node_type":"midmarker","x":1370.6808013916016,"y":-60.620635986328125},"86":{"node_type":"multimarker","x":1370.6808013916016,"y":-40.620635986328125},"87":{"node_type":"metabolite","x":1597.304946899414,"y":-221.80831146240234,"bigg_id":"cpd00822","name":"O-Succinyl-L-homoserine","label_x":1345.504409790039,"label_y":-257.62813568115234,"node_is_primary":true},"88":{"node_type":"metabolite","x":1450.6808013916016,"y":44.379364013671875,"bigg_id":"cpd00013","name":"NH3","label_x":1439.994888305664,"label_y":23.509662628173828,"node_is_primary":false},"90":{"node_type":"metabolite","x":1290.6808013916016,"y":44.379364013671875,"bigg_id":"cpd00067","name":"H+","label_x":1218.6808013916016,"label_y":74.37936401367188,"node_is_primary":false},"91":{"node_type":"metabolite","x":1210.6808013916016,"y":24.379364013671875,"bigg_id":"cpd00094","name":"2-Oxobutyrate","label_x":1138.6808013916016,"label_y":54.379364013671875,"node_is_primary":false},"92":{"node_type":"metabolite","x":1768.6640219235824,"y":-758.5127814064692,"bigg_id":"cpd00006","name":"NADP","label_x":1793.6640219235824,"label_y":-758.5127814064692,"node_is_primary":false},"93":{"node_type":"multimarker","x":1689.376531519979,"y":-835.2821026419729},"94":{"node_type":"midmarker","x":1689.2396927254626,"y":-855.2816345151027},"95":{"node_type":"multimarker","x":1689.102853930945,"y":-875.2811663882308},"97":{"node_type":"metabolite","x":1780.3502146015603,"y":-956.7440911393578,"bigg_id":"cpd00005","name":"NADPH","label_x":1805.3502146015603,"label_y":-956.7440911393578,"node_is_primary":false},"98":{"node_type":"metabolite","x":1608.52316156173,"y":-959.7318216709616,"bigg_id":"cpd00067","name":"H+","label_x":1623.52316156173,"label_y":-959.7318216709616,"node_is_primary":false},"99":{"node_type":"metabolite","x":1688.7279126405138,"y":-1043.7471863239743,"bigg_id":"cpd00346","name":"L-Aspartate4-semialdehyde","label_x":1560.404487347545,"label_y":-1074.7642761677243,"node_is_primary":true},"100":{"node_type":"multimarker","x":1903.526288632474,"y":230.16494872171563},"101":{"node_type":"midmarker","x":1883.5263951287643,"y":230.09968126904016},"102":{"node_type":"multimarker","x":1863.5265016250582,"y":230.0344138163653},"104":{"node_type":"metabolite","x":1778.265884423602,"y":309.756601157324,"bigg_id":"cpd00029","name":"Acetate","label_x":1737.3991363767273,"label_y":345.7542818213865,"node_is_primary":false},"105":{"node_type":"metabolite","x":1799.787169552816,"y":133.42479626731665,"bigg_id":"cpd00067","name":"H+","label_x":1819.5846060762537,"label_y":129.09329907493375,"node_is_primary":false}},"text_labels":{"0":{"x":1570.48095703125,"y":-1336.0880126953125,"text":"Methionine Biosynthesis"}},"canvas":{"x":993.508056640625,"y":-1595.9156494140625,"width":1778.8857421875,"height":3059.2698974609375}}]