[{"map_name":"new_map","map_id":"w4NKOuZU9REO","map_description":"\nLast Modified Mon Jun 03 2019 16:40:25 GMT-0500 (Central Daylight Time)","homepage":"https://escher.github.io","schema":"https://escher.github.io/escher/jsonschema/1-0-0#"},{"reactions":{"0":{"name":"2-hydroxy-5-(methylthio)-3-oxopent-1-enyl phosphate phosphohydrolase","bigg_id":"rxn05106","reversibility":false,"label_x":1002.1204383784565,"label_y":42.614013064009,"gene_reaction_rule":"","genes":[],"metabolites":[{"bigg_id":"cpd11296","coefficient":-1},{"bigg_id":"cpd11255","coefficient":1},{"bigg_id":"cpd00001","coefficient":-1},{"bigg_id":"cpd00009","coefficient":1}],"segments":{"0":{"from_node_id":"1","to_node_id":"2","b1":null,"b2":null},"1":{"from_node_id":"3","to_node_id":"2","b1":null,"b2":null},"2":{"from_node_id":"1","to_node_id":"0","b1":{"x":974.0426197415443,"y":93.21905130095395},"b2":{"x":933.6544164285934,"y":147.97580634459868}},"3":{"from_node_id":"3","to_node_id":"4","b1":{"x":1000.1982570153614,"y":-27.99102517291422},"b2":{"x":1043.9379473682245,"y":-85.19576004366478}},"4":{"from_node_id":"1","to_node_id":"5","b1":{"x":973.1988895069073,"y":97.12905376785226},"b2":{"x":989.6865046749855,"y":106.05771806153095}},"5":{"from_node_id":"3","to_node_id":"6","b1":{"x":1001.0419872499991,"y":-31.901027639816007},"b2":{"x":1019.7443942840099,"y":-33.23611982174057}}}},"1":{"name":"ATP:S5-methyl-5-thio-D-ribose 1-phosphotransferase","bigg_id":"rxn02894","reversibility":false,"label_x":-225.01060485839844,"label_y":312.4285583496094,"gene_reaction_rule":"","genes":[],"metabolites":[{"bigg_id":"cpd01981","coefficient":-1},{"bigg_id":"cpd00002","coefficient":-1},{"bigg_id":"cpd02574","coefficient":1},{"bigg_id":"cpd00067","coefficient":1},{"bigg_id":"cpd00008","coefficient":1}],"segments":{"6":{"from_node_id":"8","to_node_id":"9","b1":null,"b2":null},"7":{"from_node_id":"10","to_node_id":"9","b1":null,"b2":null},"8":{"from_node_id":"8","to_node_id":"64","b1":{"x":-142.8056182861328,"y":221.73529052734375},"b2":{"x":-142.8056182861328,"y":180.0701026916504}},"9":{"from_node_id":"8","to_node_id":"11","b1":{"x":-142.8056182861328,"y":217.73529052734375},"b2":{"x":-160.8056182861328,"y":212.48529052734375}},"10":{"from_node_id":"10","to_node_id":"12","b1":{"x":-142.8056182861328,"y":345.73529052734375},"b2":{"x":-110.73689603134841,"y":427.33630007971226}},"11":{"from_node_id":"10","to_node_id":"13","b1":{"x":-142.8056182861328,"y":349.73529052734375},"b2":{"x":-136.8056182861328,"y":348.98529052734375}},"12":{"from_node_id":"10","to_node_id":"14","b1":{"x":-142.8056182861328,"y":349.73529052734375},"b2":{"x":-160.8056182861328,"y":354.98529052734375}}}},"2":{"name":"1,2-dihydroxy-5-(methylthio)pent-1-en-3-one:oxygen oxidoreductase (formate-forming)","bigg_id":"rxn05092","reversibility":false,"label_x":1009.2458386299363,"label_y":-323.0208129119038,"gene_reaction_rule":"","genes":[],"metabolites":[{"bigg_id":"cpd00047","coefficient":1},{"bigg_id":"cpd00067","coefficient":2},{"bigg_id":"cpd11255","coefficient":-1},{"bigg_id":"cpd00869","coefficient":1},{"bigg_id":"cpd00007","coefficient":-1}],"segments":{"13":{"from_node_id":"16","to_node_id":"17","b1":null,"b2":null},"14":{"from_node_id":"18","to_node_id":"17","b1":null,"b2":null},"15":{"from_node_id":"18","to_node_id":"19","b1":{"x":982.538057616875,"y":-393.905358272367},"b2":{"x":1038.5949908798207,"y":-422.10648522943677}},"16":{"from_node_id":"18","to_node_id":"20","b1":{"x":981.7827169063556,"y":-397.83339345690956},"b2":{"x":956.2248535663466,"y":-392.92209571592804}},"17":{"from_node_id":"16","to_node_id":"4","b1":{"x":1005.9536196430049,"y":-272.1362675514451},"b2":{"x":1019.2192908715195,"y":-203.1501496228576}},"18":{"from_node_id":"18","to_node_id":"21","b1":{"x":981.7827169063556,"y":-397.83339345690956},"b2":{"x":982.757754512973,"y":-452.0118542490555}},"19":{"from_node_id":"16","to_node_id":"22","b1":{"x":1006.7089603535278,"y":-268.2082323668974},"b2":{"x":1025.3765033665447,"y":-266.4517193845262}}}},"3":{"name":"5-Methylthio-5-deoxy-D-ribose-1-phosphate ketol-isomerase","bigg_id":"rxn03057","reversibility":false,"label_x":85.79236377077876,"label_y":489.40571614828355,"gene_reaction_rule":"","genes":[],"metabolites":[{"bigg_id":"cpd02574","coefficient":-1},{"bigg_id":"cpd02791","coefficient":1}],"segments":{"20":{"from_node_id":"24","to_node_id":"25","b1":null,"b2":null},"21":{"from_node_id":"26","to_node_id":"25","b1":null,"b2":null},"22":{"from_node_id":"24","to_node_id":"12","b1":{"x":65.8477426674483,"y":506.0116810931063},"b2":{"x":-16.517149637333887,"y":505.623428241614}},"23":{"from_node_id":"26","to_node_id":"27","b1":{"x":189.84678712020278,"y":506.4984816722112},"b2":{"x":286.91734051297544,"y":500.72628754283187}}}},"4":{"name":"2,3-diketo-5-methylthiopentyl-1-phosphate keto---enol-isomerase","bigg_id":"rxn05105","reversibility":false,"label_x":843.5165148380398,"label_y":342.74719726366504,"gene_reaction_rule":"","genes":[],"metabolites":[{"bigg_id":"cpd11296","coefficient":1},{"bigg_id":"cpd11295","coefficient":-1}],"segments":{"24":{"from_node_id":"29","to_node_id":"30","b1":null,"b2":null},"25":{"from_node_id":"31","to_node_id":"30","b1":null,"b2":null},"26":{"from_node_id":"31","to_node_id":"0","b1":{"x":858.670768277187,"y":278.57413200492334},"b2":{"x":867.1758826341015,"y":259.18223705152434}},"27":{"from_node_id":"29","to_node_id":"28","b1":{"x":798.3622613988964,"y":386.9202625224038},"b2":{"x":783.1744686229949,"y":414.62923067009774}}}},"5":{"name":"R07396","bigg_id":"rxn05108","reversibility":false,"label_x":732.2058321196747,"label_y":-590.0836886604741,"gene_reaction_rule":"","genes":[],"metabolites":[{"bigg_id":"cpd00024","coefficient":1},{"bigg_id":"cpd00023","coefficient":-1},{"bigg_id":"cpd00869","coefficient":-1},{"bigg_id":"cpd00060","coefficient":1}],"segments":{"28":{"from_node_id":"34","to_node_id":"35","b1":null,"b2":null},"29":{"from_node_id":"36","to_node_id":"35","b1":null,"b2":null},"30":{"from_node_id":"36","to_node_id":"37","b1":{"x":655.5294938755557,"y":-586.8497689724813},"b2":{"x":635.719905342574,"y":-656.8743481974719}},"31":{"from_node_id":"34","to_node_id":"33","b1":{"x":778.8821703638095,"y":-574.196026317215},"b2":{"x":975.7081754637978,"y":-550.7470020422744}},"32":{"from_node_id":"34","to_node_id":"21","b1":{"x":782.8612889602022,"y":-573.7878410702702},"b2":{"x":856.5808457413368,"y":-533.6837036629381}},"33":{"from_node_id":"36","to_node_id":"39","b1":{"x":651.5503752791648,"y":-587.2579542194223},"b2":{"x":607.2941950102772,"y":-591.0588739273112}}}},"6":{"name":"S-methyl-5-thio-D-ribulose-1-phosphate hydro-lyase","bigg_id":"rxn05104","reversibility":false,"label_x":448.7555310481588,"label_y":547.0939243649251,"gene_reaction_rule":"","genes":[],"metabolites":[{"bigg_id":"cpd00001","coefficient":1},{"bigg_id":"cpd02791","coefficient":-1},{"bigg_id":"cpd11295","coefficient":1}],"segments":{"34":{"from_node_id":"41","to_node_id":"42","b1":null,"b2":null},"35":{"from_node_id":"43","to_node_id":"42","b1":null,"b2":null},"36":{"from_node_id":"43","to_node_id":"44","b1":{"x":588.6683644076089,"y":500.0789581570478},"b2":{"x":605.7980201153231,"y":467.1175022271656}},"37":{"from_node_id":"41","to_node_id":"27","b1":{"x":464.67021233714695,"y":500.75592426420843},"b2":{"x":408.43196941981387,"y":503.0629859389551}},"38":{"from_node_id":"43","to_node_id":"28","b1":{"x":592.6683047969807,"y":500.0571205406878},"b2":{"x":688.5086670564481,"y":511.45907741020096}}}},"9":{"name":"Methylthioadenosine methylthioribohydrolase","bigg_id":"rxn01021","reversibility":false,"label_x":-126.80567932128906,"label_y":-54.26469421386719,"gene_reaction_rule":"","genes":[],"metabolites":[{"bigg_id":"cpd00147","coefficient":-1},{"bigg_id":"cpd01981","coefficient":1},{"bigg_id":"cpd00001","coefficient":-1},{"bigg_id":"cpd00128","coefficient":1}],"segments":{"51":{"from_node_id":"61","to_node_id":"62","b1":null,"b2":null},"52":{"from_node_id":"63","to_node_id":"62","b1":null,"b2":null},"53":{"from_node_id":"61","to_node_id":"60","b1":{"x":-141.80567932128906,"y":-126.26469421386719},"b2":{"x":-139.9798812866211,"y":-136.9482421875}},"54":{"from_node_id":"63","to_node_id":"64","b1":{"x":-141.80567932128906,"y":-2.2646942138671875},"b2":{"x":-141.80567932128906,"y":58.57011795043945}},"55":{"from_node_id":"61","to_node_id":"65","b1":{"x":-141.80567932128906,"y":-130.2646942138672},"b2":{"x":-137.49644470214844,"y":-76.0234146118164}},"56":{"from_node_id":"63","to_node_id":"66","b1":{"x":-141.80567932128906,"y":1.7353057861328125},"b2":{"x":-159.80567932128906,"y":6.9853057861328125}}}},"11":{"name":"S-methyl-5'-thioadenosine:phosphate S-methyl-5-thio-alpha-D-ribosyl-transferase","bigg_id":"rxn01022","reversibility":false,"label_x":82.79392376909169,"label_y":97.86778874526436,"gene_reaction_rule":"","genes":[],"metabolites":[{"bigg_id":"cpd00147","coefficient":-1},{"bigg_id":"cpd02574","coefficient":1},{"bigg_id":"cpd00128","coefficient":1},{"bigg_id":"cpd00009","coefficient":-1}],"segments":{"63":{"from_node_id":"73","to_node_id":"74","b1":null,"b2":null},"64":{"from_node_id":"75","to_node_id":"74","b1":null,"b2":null},"65":{"from_node_id":"73","to_node_id":"60","b1":{"x":68.74956026992612,"y":33.86780461720235},"b2":{"x":-81.2298812866211,"y":-195.6982421875}},"66":{"from_node_id":"75","to_node_id":"12","b1":{"x":68.83828726825692,"y":157.86777287332637},"b2":{"x":-37.92326251164333,"y":408.4213264271207}},"67":{"from_node_id":"75","to_node_id":"77","b1":{"x":68.84114942949338,"y":161.8677718493302},"b2":{"x":67.21410195306038,"y":158.1945929907411}},"68":{"from_node_id":"73","to_node_id":"78","b1":{"x":68.74669810868954,"y":29.867805641198288},"b2":{"x":56.112563098390865,"y":-20.454320199835394}}}},"16":{"name":"ATP:L-methionine S-adenosyltransferase","bigg_id":"rxn00126","reversibility":false,"label_x":312.1507156328007,"label_y":-638.993280069072,"gene_reaction_rule":"","genes":[],"metabolites":[{"bigg_id":"cpd00017","coefficient":1},{"bigg_id":"cpd00002","coefficient":-1},{"bigg_id":"cpd00012","coefficient":1},{"bigg_id":"cpd00067","coefficient":1},{"bigg_id":"cpd00001","coefficient":-1},{"bigg_id":"cpd00060","coefficient":-1},{"bigg_id":"cpd00009","coefficient":1}],"segments":{"95":{"from_node_id":"108","to_node_id":"109","b1":null,"b2":null},"96":{"from_node_id":"110","to_node_id":"109","b1":null,"b2":null},"97":{"from_node_id":"110","to_node_id":"111","b1":{"x":300.1507156328007,"y":-598.993280069072},"b2":{"x":245.9007156328007,"y":-598.993280069072}},"98":{"from_node_id":"108","to_node_id":"112","b1":{"x":428.1507156328007,"y":-598.993280069072},"b2":{"x":433.4007156328007,"y":-580.993280069072}},"99":{"from_node_id":"110","to_node_id":"113","b1":{"x":296.1507156328007,"y":-598.993280069072},"b2":{"x":290.9007156328007,"y":-580.993280069072}},"100":{"from_node_id":"110","to_node_id":"114","b1":{"x":296.1507156328007,"y":-598.993280069072},"b2":{"x":290.9007156328007,"y":-616.993280069072}},"101":{"from_node_id":"108","to_node_id":"115","b1":{"x":428.1507156328007,"y":-598.993280069072},"b2":{"x":433.4007156328007,"y":-616.993280069072}},"102":{"from_node_id":"108","to_node_id":"39","b1":{"x":424.1507156328007,"y":-598.993280069072},"b2":{"x":478.4007156328007,"y":-598.993280069072}},"103":{"from_node_id":"110","to_node_id":"116","b1":{"x":296.1507156328007,"y":-598.993280069072},"b2":{"x":305.9007156328007,"y":-634.993280069072}}}},"17":{"name":"S-adenosyl-L-methionine carboxy-lyase [(5-deoxy-5-adenosyl)(3-aminopropyl)methylsulfonium-forming]","bigg_id":"rxn00127","reversibility":false,"label_x":-37.84928436719929,"label_y":-638.993280069072,"gene_reaction_rule":"","genes":[],"metabolites":[{"bigg_id":"cpd00017","coefficient":-1},{"bigg_id":"cpd00011","coefficient":1},{"bigg_id":"cpd00067","coefficient":-1},{"bigg_id":"cpd00837","coefficient":1}],"segments":{"104":{"from_node_id":"117","to_node_id":"118","b1":null,"b2":null},"105":{"from_node_id":"119","to_node_id":"118","b1":null,"b2":null},"106":{"from_node_id":"117","to_node_id":"111","b1":{"x":74.15071563280071,"y":-598.993280069072},"b2":{"x":128.4007156328007,"y":-598.993280069072}},"107":{"from_node_id":"119","to_node_id":"120","b1":{"x":-49.84928436719929,"y":-598.993280069072},"b2":{"x":-70.63142588179798,"y":-635.9650725979199}},"108":{"from_node_id":"117","to_node_id":"121","b1":{"x":78.15071563280071,"y":-598.993280069072},"b2":{"x":83.40071563280071,"y":-616.993280069072}},"109":{"from_node_id":"119","to_node_id":"122","b1":{"x":-53.84928436719929,"y":-598.993280069072},"b2":{"x":-77.36839388934061,"y":-563.0596580583774}}}},"18":{"name":"S-adenosylmethioninamine:putrescine 3-aminopropyltransferase","bigg_id":"rxn01406","reversibility":false,"label_x":-143.29461212598835,"label_y":-400.02050174875944,"gene_reaction_rule":"","genes":[],"metabolites":[{"bigg_id":"cpd00147","coefficient":1},{"bigg_id":"cpd00264","coefficient":1},{"bigg_id":"cpd00067","coefficient":1},{"bigg_id":"cpd00837","coefficient":-1},{"bigg_id":"cpd00118","coefficient":-1}],"segments":{"110":{"from_node_id":"123","to_node_id":"124","b1":null,"b2":null},"111":{"from_node_id":"125","to_node_id":"124","b1":null,"b2":null},"112":{"from_node_id":"125","to_node_id":"60","b1":{"x":-159.9726974531368,"y":-302.71215213938444},"b2":{"x":-143.1918441816524,"y":-256.8525940339157}},"113":{"from_node_id":"125","to_node_id":"127","b1":{"x":-159.9726974531368,"y":-298.71215213938444},"b2":{"x":-222.61574744641405,"y":-304.8619107522956}},"114":{"from_node_id":"125","to_node_id":"128","b1":{"x":-159.9726974531368,"y":-298.71215213938444},"b2":{"x":-179.6507522627071,"y":-293.46219791575163}},"115":{"from_node_id":"123","to_node_id":"122","b1":{"x":-156.6165267988399,"y":-435.1025940339157},"b2":{"x":-135.79534546673466,"y":-447.7050032914475}},"116":{"from_node_id":"123","to_node_id":"129","b1":{"x":-156.6165267988399,"y":-439.1025940339157},"b2":{"x":-159.51377411329304,"y":-437.64025272532194}}}},"19":{"name":"2-oxoglutaramate amidohydrolase","bigg_id":"rxn00200","reversibility":false,"label_x":660.4055507561687,"label_y":-879.8204505074848,"gene_reaction_rule":"","genes":[],"metabolites":[{"bigg_id":"cpd00695","coefficient":-1},{"bigg_id":"cpd00013","coefficient":1},{"bigg_id":"cpd00024","coefficient":1},{"bigg_id":"cpd00001","coefficient":-1}],"segments":{"117":{"from_node_id":"130","to_node_id":"131","b1":null,"b2":null},"118":{"from_node_id":"132","to_node_id":"131","b1":null,"b2":null},"119":{"from_node_id":"130","to_node_id":"133","b1":{"x":645.4055507561687,"y":-951.8204505074848},"b2":{"x":645.4055507561687,"y":-1006.0704505074848}},"120":{"from_node_id":"132","to_node_id":"134","b1":{"x":645.4055507561687,"y":-823.8204505074848},"b2":{"x":663.4055507561687,"y":-818.5704505074848}},"121":{"from_node_id":"132","to_node_id":"37","b1":{"x":645.4055507561687,"y":-827.8204505074848},"b2":{"x":645.4055507561687,"y":-773.5704505074848}},"122":{"from_node_id":"130","to_node_id":"135","b1":{"x":645.4055507561687,"y":-955.8204505074848},"b2":{"x":663.4055507561687,"y":-961.0704505074848}}}},"20":{"name":"5-(methylthio)-2,3-dioxopentyl-phosphate phosphohydrolase (isomerizing)","bigg_id":"rxn05107","reversibility":false,"label_x":573.8842787962349,"label_y":53.05127574535118,"gene_reaction_rule":"","genes":[],"metabolites":[{"bigg_id":"cpd11255","coefficient":1},{"bigg_id":"cpd00001","coefficient":-1},{"bigg_id":"cpd11295","coefficient":-1},{"bigg_id":"cpd00009","coefficient":1}],"segments":{"123":{"from_node_id":"136","to_node_id":"137","b1":null,"b2":null},"124":{"from_node_id":"138","to_node_id":"137","b1":null,"b2":null},"125":{"from_node_id":"138","to_node_id":"4","b1":{"x":754.2144803702482,"y":-5.200005709025561},"b2":{"x":995.4076731049321,"y":-86.94021036111177}},"126":{"from_node_id":"136","to_node_id":"140","b1":{"x":699.0846892174458,"y":110.31928327531898},"b2":{"x":704.4061325222788,"y":129.76985064093978}},"127":{"from_node_id":"136","to_node_id":"28","b1":{"x":700.8074951909706,"y":106.70930549455787},"b2":{"x":684.7951666731097,"y":458.00066051700145}},"128":{"from_node_id":"138","to_node_id":"141","b1":{"x":755.9372863437727,"y":-8.809983489786163},"b2":{"x":773.5263154474942,"y":7.789260854380373}}}},"21":{"name":"S-methyl-5'-thioadenosine amidohydrolase","bigg_id":"rxn16503","reversibility":false,"label_x":-420.4273052718785,"label_y":-137.3537817807739,"gene_reaction_rule":"","genes":[],"metabolites":[{"bigg_id":"cpd00147","coefficient":-1},{"bigg_id":"cpd21032","coefficient":1},{"bigg_id":"cpd00013","coefficient":1},{"bigg_id":"cpd00067","coefficient":-1},{"bigg_id":"cpd00001","coefficient":-1}],"segments":{"129":{"from_node_id":"142","to_node_id":"143","b1":null,"b2":null},"130":{"from_node_id":"144","to_node_id":"143","b1":null,"b2":null},"131":{"from_node_id":"142","to_node_id":"60","b1":{"x":-315.85725994756666,"y":-126.78353124118524},"b2":{"x":-198.7298812866211,"y":-195.6982421875}},"132":{"from_node_id":"144","to_node_id":"145","b1":{"x":-424.9973505961898,"y":-67.92403232036267},"b2":{"x":-447.8447419643081,"y":8.202201256186498}},"133":{"from_node_id":"144","to_node_id":"146","b1":{"x":-428.51799868162936,"y":-66.02533880678776},"b2":{"x":-441.68297010485577,"y":-79.37621995469814}},"134":{"from_node_id":"142","to_node_id":"147","b1":{"x":-312.33661186212726,"y":-128.6822247547601},"b2":{"x":-313.1195930291956,"y":-135.97220595235754}},"135":{"from_node_id":"142","to_node_id":"148","b1":{"x":-312.33661186212726,"y":-128.6822247547601},"b2":{"x":-343.2983412512276,"y":-160.5983074304249}}}},"22":{"name":"S-methyl-5'-thioinosine:phosphate S-methyl-5-thio-alpha-D-ribosyl-transferase","bigg_id":"rxn16511","reversibility":false,"label_x":-402.17575949261885,"label_y":299.8157448230661,"gene_reaction_rule":"","genes":[],"metabolites":[{"bigg_id":"cpd00226","coefficient":1},{"bigg_id":"cpd21032","coefficient":-1},{"bigg_id":"cpd02574","coefficient":1},{"bigg_id":"cpd00009","coefficient":-1}],"segments":{"136":{"from_node_id":"149","to_node_id":"150","b1":null,"b2":null},"137":{"from_node_id":"151","to_node_id":"150","b1":null,"b2":null},"138":{"from_node_id":"151","to_node_id":"152","b1":{"x":-378.7453356222627,"y":338.4686226531056},"b2":{"x":-390.37420126037273,"y":415.0891556871204}},"139":{"from_node_id":"149","to_node_id":"145","b1":{"x":-455.6061833629747,"y":241.16286699302628},"b2":{"x":-451.2627487182617,"y":125.6026891469956}},"140":{"from_node_id":"151","to_node_id":"12","b1":{"x":-376.26595343707857,"y":341.60751799697937},"b2":{"x":-121.76419190850345,"y":505.7872839837531}},"141":{"from_node_id":"149","to_node_id":"154","b1":{"x":-458.0855655481591,"y":238.0239716491527},"b2":{"x":-475.4647837136444,"y":245.06139134364787}}}}},"nodes":{"0":{"node_type":"metabolite","x":905.0808295003699,"y":199.3091544728411,"bigg_id":"cpd11296","name":"2-Hydroxy-3-keto-5-methylthiopentenyl-1-phosphate","label_x":930.0808295003686,"label_y":199.3091544728411,"node_is_primary":true},"1":{"node_type":"multimarker","x":982.9017872052585,"y":52.16402539850763},"2":{"node_type":"midmarker","x":987.1204383784566,"y":32.61401306400947},"3":{"node_type":"multimarker","x":991.3390895516469,"y":13.06400072952178},"4":{"node_type":"metabolite","x":1032.8438806824538,"y":-142.8887768166921,"bigg_id":"cpd11255","name":"1,2-dihydroxy-3-keto-5-methylthiopentene","label_x":1057.8438806824545,"label_y":-142.8887768166921,"node_is_primary":true},"5":{"node_type":"metabolite","x":1043.1725690571493,"y":152.12618251290445,"bigg_id":"cpd00001","name":"H2O","label_x":971.1725690571493,"label_y":182.12618251290485,"node_is_primary":false},"6":{"node_type":"metabolite","x":1087.4684063757095,"y":-53.14894699929448,"bigg_id":"cpd00009","name":"Phosphate","label_x":1015.4684063757095,"label_y":-23.148946999294083,"node_is_primary":false},"8":{"node_type":"multimarker","x":-142.8056182861328,"y":263.73529052734375},"9":{"node_type":"midmarker","x":-142.8056182861328,"y":283.73529052734375},"10":{"node_type":"multimarker","x":-142.8056182861328,"y":303.73529052734375},"11":{"node_type":"metabolite","x":-222.8056182861328,"y":178.73529052734375,"bigg_id":"cpd00002","name":"ATP","label_x":-294.8056182861328,"label_y":208.73529052734375,"node_is_primary":false},"12":{"node_type":"metabolite","x":-65.5498522872943,"y":464.8821863746575,"bigg_id":"cpd02574","name":"methylthioribose-1-phosphate","label_x":-40.54985228729433,"label_y":464.8821863746575,"node_is_primary":true},"13":{"node_type":"metabolite","x":-74.80561828613281,"y":382.73529052734375,"bigg_id":"cpd00067","name":"H+","label_x":-109.80561828613281,"label_y":350.73529052734375,"node_is_primary":false},"14":{"node_type":"metabolite","x":-222.8056182861328,"y":388.73529052734375,"bigg_id":"cpd00008","name":"ADP","label_x":-294.8056182861328,"label_y":418.73529052734375,"node_is_primary":false},"16":{"node_type":"multimarker","x":998.0225421825418,"y":-313.3806369891768},"17":{"node_type":"midmarker","x":994.2458386299367,"y":-333.0208129119037},"18":{"node_type":"multimarker","x":990.4691350773375,"y":-352.6609888346351},"19":{"node_type":"metabolite","x":1078.9024559245015,"y":-464.8483939569668,"bigg_id":"cpd00047","name":"Formate","label_x":1103.9024559245013,"label_y":-464.8483939569668,"node_is_primary":false},"20":{"node_type":"metabolite","x":885.9578977695235,"y":-386.16802856736376,"bigg_id":"cpd00067","name":"H+","label_x":900.9578977695237,"label_y":-386.16802856736376,"node_is_primary":false},"21":{"node_type":"metabolite","x":921.4932557731288,"y":-487.0792706659423,"bigg_id":"cpd00869","name":"4-methylthio 2-oxobutyrate","label_x":849.4932557731288,"label_y":-457.07927066594164,"node_is_primary":true},"22":{"node_type":"metabolite","x":1092.6342359720193,"y":-245.01670352797765,"bigg_id":"cpd00007","name":"O2","label_x":1020.6342359720193,"label_y":-215.01670352797692,"node_is_primary":false},"24":{"node_type":"multimarker","x":107.84741901434913,"y":506.1765651602228},"25":{"node_type":"midmarker","x":127.84726489382564,"y":506.25508138265855},"26":{"node_type":"multimarker","x":147.84711077330223,"y":506.3335976050952},"27":{"node_type":"metabolite","x":345.6664649818438,"y":500.4055475525447,"bigg_id":"cpd02791","name":"methylthioribulose-1-phosphate","label_x":370.66646498184383,"label_y":500.4055475525447,"node_is_primary":true},"28":{"node_type":"metabolite","x":743.5451666731097,"y":458.00066051700145,"bigg_id":"cpd11295","name":"2,3-diketo5-methylthio-1-phosphopentane","label_x":768.5451666731099,"label_y":458.00066051700145,"node_is_primary":true},"29":{"node_type":"multimarker","x":818.7893363092836,"y":350.2223796051928},"30":{"node_type":"midmarker","x":828.5165148380399,"y":332.74719726366453},"31":{"node_type":"multimarker","x":838.2436933667976,"y":315.27201492213334},"33":{"node_type":"metabolite","x":985.4078251305433,"y":-608.690761812791,"bigg_id":"cpd00023","name":"L-Glutamate","label_x":1010.4078251305427,"label_y":-608.690761812791,"node_is_primary":true},"34":{"node_type":"multimarker","x":737.1014251016567,"y":-578.4819714101291},"35":{"node_type":"midmarker","x":717.2058321196749,"y":-580.5228976448493},"36":{"node_type":"multimarker","x":697.310239137706,"y":-582.5638238795689},"37":{"node_type":"metabolite","x":645.4055507561687,"y":-714.8204505074848,"bigg_id":"cpd00024","name":"2-Oxoglutarate","label_x":670.4055507561692,"label_y":-714.8204505074848,"node_is_primary":true},"39":{"node_type":"metabolite","x":537.1507156328007,"y":-598.993280069072,"bigg_id":"cpd00060","name":"L-Methionine","label_x":465.1507156328007,"label_y":-568.9932800690723,"node_is_primary":true},"41":{"node_type":"multimarker","x":506.66958642552845,"y":500.5266292924271},"42":{"node_type":"midmarker","x":526.6692883723775,"y":500.41744121062794},"43":{"node_type":"multimarker","x":546.6689903192267,"y":500.3082531288286},"44":{"node_type":"metabolite","x":619.1765560571268,"y":409.91105786943683,"bigg_id":"cpd00001","name":"H2O","label_x":548.7455257836892,"label_y":391.47429029131183,"node_is_primary":false},"60":{"node_type":"metabolite","x":-139.9798812866211,"y":-195.6982421875,"bigg_id":"cpd00147","name":"5-Methylthioadenosine","label_x":-114.9798812866211,"label_y":-195.6982421875,"node_is_primary":true},"61":{"node_type":"multimarker","x":-141.80567932128906,"y":-84.26469421386719},"62":{"node_type":"midmarker","x":-141.80567932128906,"y":-64.26469421386719},"63":{"node_type":"multimarker","x":-141.80567932128906,"y":-44.26469421386719},"64":{"node_type":"metabolite","x":-141.80567932128906,"y":117.32011795043945,"bigg_id":"cpd01981","name":"5-Methylthio-D-ribose","label_x":-116.80567932128906,"label_y":117.32011795043945,"node_is_primary":true},"65":{"node_type":"metabolite","x":-199.49644470214844,"y":-109.7734146118164,"bigg_id":"cpd00001","name":"H2O","label_x":-271.49644470214844,"label_y":-79.7734146118164,"node_is_primary":false},"66":{"node_type":"metabolite","x":-221.80567932128906,"y":40.73530578613281,"bigg_id":"cpd00128","name":"Adenine","label_x":-293.80567932128906,"label_y":70.73530578613281,"node_is_primary":false},"73":{"node_type":"multimarker","x":68.77961296290908,"y":75.86779386524444},"74":{"node_type":"midmarker","x":68.79392376909169,"y":95.86778874526436},"75":{"node_type":"multimarker","x":68.80823457527401,"y":115.86778362528412},"77":{"node_type":"metabolite","x":124.86907598146922,"y":198.92500509009903,"bigg_id":"cpd00128","name":"Adenine","label_x":81.66907598146918,"label_y":238.92500509009903,"node_is_primary":false},"78":{"node_type":"metabolite","x":124.71881251655418,"y":-37.0749411501111,"bigg_id":"cpd00009","name":"Phosphate","label_x":81.51881251655414,"label_y":2.9250588498888987,"node_is_primary":false},"108":{"node_type":"multimarker","x":382.1507156328007,"y":-598.993280069072},"109":{"node_type":"midmarker","x":362.1507156328007,"y":-598.993280069072},"110":{"node_type":"multimarker","x":342.1507156328007,"y":-598.993280069072},"111":{"node_type":"metabolite","x":187.1507156328007,"y":-598.993280069072,"bigg_id":"cpd00017","name":"S-Adenosyl-L-methionine","label_x":143.95071563280067,"label_y":-558.993280069072,"node_is_primary":true},"112":{"node_type":"metabolite","x":467.1507156328007,"y":-518.993280069072,"bigg_id":"cpd00002","name":"ATP","label_x":423.95071563280067,"label_y":-478.99328006907194,"node_is_primary":false},"113":{"node_type":"metabolite","x":257.1507156328007,"y":-518.993280069072,"bigg_id":"cpd00012","name":"PPi","label_x":213.95071563280067,"label_y":-478.99328006907194,"node_is_primary":false},"114":{"node_type":"metabolite","x":257.1507156328007,"y":-678.993280069072,"bigg_id":"cpd00067","name":"H+","label_x":213.95071563280067,"label_y":-698.993280069072,"node_is_primary":false},"115":{"node_type":"metabolite","x":467.1507156328007,"y":-678.993280069072,"bigg_id":"cpd00001","name":"H2O","label_x":423.95071563280067,"label_y":-698.993280069072,"node_is_primary":false},"116":{"node_type":"metabolite","x":277.1507156328007,"y":-758.993280069072,"bigg_id":"cpd00009","name":"Phosphate","label_x":233.95071563280067,"label_y":-778.993280069072,"node_is_primary":false},"117":{"node_type":"multimarker","x":32.15071563280071,"y":-598.993280069072},"118":{"node_type":"midmarker","x":12.150715632800711,"y":-598.993280069072},"119":{"node_type":"multimarker","x":-7.849284367199289,"y":-598.993280069072},"120":{"node_type":"metabolite","x":-129.3420822187618,"y":-638.1148010651657,"bigg_id":"cpd00011","name":"CO2","label_x":-172.54208221876178,"label_y":-598.1148010651657,"node_is_primary":false},"121":{"node_type":"metabolite","x":117.15071563280071,"y":-678.993280069072,"bigg_id":"cpd00067","name":"H+","label_x":73.95071563280072,"label_y":-698.993280069072,"node_is_primary":false},"122":{"node_type":"metabolite","x":-107.95205612623249,"y":-499.43810428782194,"bigg_id":"cpd00837","name":"S-Adenosylmethioninamine","label_x":-151.15205612623248,"label_y":-519.438104287822,"node_is_primary":true},"123":{"node_type":"multimarker","x":-156.6165267988399,"y":-393.1025940339157},"124":{"node_type":"midmarker","x":-158.29461212598835,"y":-371.4245239655563},"125":{"node_type":"multimarker","x":-159.9726974531368,"y":-344.71215213938444},"127":{"node_type":"metabolite","x":-293.0311691328243,"y":-299.8888946930954,"bigg_id":"cpd00264","name":"Spermidine","label_x":-346.49395294630085,"label_y":-326.78498233957976,"node_is_primary":true},"128":{"node_type":"metabolite","x":-241.6507522627071,"y":-259.71219791575163,"bigg_id":"cpd00067","name":"H+","label_x":-313.6507522627071,"label_y":-229.71219791575163,"node_is_primary":false},"129":{"node_type":"metabolite","x":-221.51377411329304,"y":-471.39025272532194,"bigg_id":"cpd00118","name":"Putrescine","label_x":-293.51377411329304,"label_y":-441.39025272532194,"node_is_primary":true},"130":{"node_type":"multimarker","x":645.4055507561687,"y":-909.8204505074848},"131":{"node_type":"midmarker","x":645.4055507561687,"y":-889.8204505074848},"132":{"node_type":"multimarker","x":645.4055507561687,"y":-869.8204505074848},"133":{"node_type":"metabolite","x":645.4055507561687,"y":-1064.8204505074848,"bigg_id":"cpd00695","name":"2-Oxoglutaramate","label_x":670.4055507561687,"label_y":-1064.8204505074848,"node_is_primary":true},"134":{"node_type":"metabolite","x":725.4055507561687,"y":-784.8204505074848,"bigg_id":"cpd00013","name":"NH3","label_x":740.4055507561687,"label_y":-784.8204505074848,"node_is_primary":false},"135":{"node_type":"metabolite","x":725.4055507561687,"y":-994.8204505074848,"bigg_id":"cpd00001","name":"H2O","label_x":740.4055507561687,"label_y":-994.8204505074848,"node_is_primary":false},"136":{"node_type":"multimarker","x":718.8969579129841,"y":68.80453879656994},"137":{"node_type":"midmarker","x":727.5109877806099,"y":50.75464989276634},"138":{"node_type":"multimarker","x":736.1250176482349,"y":32.70476098896245},"140":{"node_type":"metabolite","x":634.6368232134841,"y":140.50791278333065,"bigg_id":"cpd00001","name":"H2O","label_x":591.4368232134841,"label_y":120.50791278333065,"node_is_primary":false},"141":{"node_type":"metabolite","x":741.3074301813269,"y":-55.02002135936277,"bigg_id":"cpd00009","name":"Phosphate","label_x":698.1074301813269,"label_y":-75.02002135936277,"node_is_primary":false},"142":{"node_type":"multimarker","x":-352.82406484468106,"y":-106.84724934864842},"143":{"node_type":"midmarker","x":-370.4273052718785,"y":-97.35378178077382},"144":{"node_type":"multimarker","x":-388.03054569907573,"y":-87.86031421289934},"145":{"node_type":"metabolite","x":-451.2627487182617,"y":66.8526891469956,"bigg_id":"cpd21032","name":"5'-S-Methyl-5'-thioinosine","label_x":-494.46274871826176,"label_y":106.8526891469956,"node_is_primary":true},"146":{"node_type":"metabolite","x":-500.81818778616275,"y":-117.92603875822132,"bigg_id":"cpd00013","name":"NH3","label_x":-544.0181877861628,"label_y":-137.92603875822135,"node_is_primary":false},"147":{"node_type":"metabolite","x":-253.98437534788906,"y":-97.42238714883436,"bigg_id":"cpd00067","name":"H+","label_x":-297.18437534788904,"label_y":-57.42238714883436,"node_is_primary":false},"148":{"node_type":"metabolite","x":-343.0226224907433,"y":-231.1885792755249,"bigg_id":"cpd00001","name":"H2O","label_x":-386.2226224907433,"label_y":-251.1885792755249,"node_is_primary":false},"149":{"node_type":"multimarker","x":-429.57267041854004,"y":274.12126810369824},"150":{"node_type":"midmarker","x":-417.17575949261885,"y":289.8157448230661},"151":{"node_type":"multimarker","x":-404.77884856669743,"y":305.5102215424337},"152":{"node_type":"metabolite","x":-353.95827541547914,"y":461.19168105026256,"bigg_id":"cpd00226","name":"HYXN","label_x":-328.95827541547914,"label_y":461.19168105026256,"node_is_primary":false},"154":{"node_type":"metabolite","x":-545.0374487311763,"y":257.007385750071,"bigg_id":"cpd00009","name":"Phosphate","label_x":-617.0374487311763,"label_y":287.0073857500711,"node_is_primary":false}},"text_labels":{"1":{"x":53.39581298828125,"y":-1074.1380615234375,"text":"Methionine Salvage "}},"canvas":{"x":-769.9400329589844,"y":-1215.1385498046875,"width":2116.130584716797,"height":1978.0850219726562}}]