[{"map_name":"new_map","map_id":"udwtFV2rJZnD","map_description":"\nLast Modified Thu Jun 06 2019 14:04:18 GMT-0500 (Central Daylight Time)","homepage":"https://escher.github.io","schema":"https://escher.github.io/escher/jsonschema/1-0-0#"},{"reactions":{"0":{"name":"rxn00478","bigg_id":"rxn00478","reversibility":false,"label_x":-792,"label_y":-236.99996948242188,"gene_reaction_rule":"","genes":[],"metabolites":[{"bigg_id":"cpd00007","coefficient":-1},{"bigg_id":"cpd00065","coefficient":-1},{"bigg_id":"cpd01749","coefficient":1}],"segments":{"0":{"from_node_id":"1","to_node_id":"2","b1":null,"b2":null},"1":{"from_node_id":"3","to_node_id":"2","b1":null,"b2":null},"2":{"from_node_id":"1","to_node_id":"0","b1":{"x":-807,"y":-308.9999694824219},"b2":{"x":-832.2587153162872,"y":-345.01188534205113}},"3":{"from_node_id":"1","to_node_id":"4","b1":{"x":-807,"y":-312.9999694824219},"b2":{"x":-806.4186929700902,"y":-353.41040087489466}},"4":{"from_node_id":"3","to_node_id":"5","b1":{"x":-807,"y":-184.99996948242188},"b2":{"x":-807,"y":-130.74996948242188}}}},"1":{"name":"rxn01437","bigg_id":"rxn01437","reversibility":false,"label_x":-792,"label_y":113.00003051757812,"gene_reaction_rule":"","genes":[],"metabolites":[{"bigg_id":"cpd00001","coefficient":-1},{"bigg_id":"cpd01749","coefficient":-1},{"bigg_id":"cpd00047","coefficient":1},{"bigg_id":"cpd00067","coefficient":1},{"bigg_id":"cpd00275","coefficient":1}],"segments":{"5":{"from_node_id":"6","to_node_id":"7","b1":null,"b2":null},"6":{"from_node_id":"8","to_node_id":"7","b1":null,"b2":null},"7":{"from_node_id":"6","to_node_id":"9","b1":{"x":-807,"y":37.000030517578125},"b2":{"x":-825,"y":31.750030517578125}},"8":{"from_node_id":"6","to_node_id":"5","b1":{"x":-807,"y":41.000030517578125},"b2":{"x":-807,"y":-13.249969482421875}},"9":{"from_node_id":"8","to_node_id":"10","b1":{"x":-807,"y":169.00003051757812},"b2":{"x":-789,"y":174.25003051757812}},"10":{"from_node_id":"8","to_node_id":"11","b1":{"x":-807,"y":169.00003051757812},"b2":{"x":-825,"y":174.25003051757812}},"11":{"from_node_id":"8","to_node_id":"12","b1":{"x":-807,"y":165.00003051757812},"b2":{"x":-807,"y":219.25003051757812}}}},"2":{"name":"rxn01438","bigg_id":"rxn01438","reversibility":false,"label_x":-792,"label_y":463.0000305175781,"gene_reaction_rule":"","genes":[],"metabolites":[{"bigg_id":"cpd00005","coefficient":-1},{"bigg_id":"cpd00007","coefficient":-1},{"bigg_id":"cpd00067","coefficient":-1},{"bigg_id":"cpd00275","coefficient":-1},{"bigg_id":"cpd00001","coefficient":1},{"bigg_id":"cpd00006","coefficient":1},{"bigg_id":"cpd02065","coefficient":1}],"segments":{"12":{"from_node_id":"13","to_node_id":"14","b1":null,"b2":null},"13":{"from_node_id":"15","to_node_id":"14","b1":null,"b2":null},"14":{"from_node_id":"13","to_node_id":"16","b1":{"x":-807,"y":387.0000305175781},"b2":{"x":-781.2687377929688,"y":397.2124938964844}},"15":{"from_node_id":"13","to_node_id":"17","b1":{"x":-807,"y":387.0000305175781},"b2":{"x":-825,"y":381.7500305175781}},"16":{"from_node_id":"13","to_node_id":"18","b1":{"x":-807,"y":387.0000305175781},"b2":{"x":-843,"y":396.7500305175781}},"17":{"from_node_id":"13","to_node_id":"12","b1":{"x":-807,"y":391.0000305175781},"b2":{"x":-807,"y":336.7500305175781}},"18":{"from_node_id":"15","to_node_id":"19","b1":{"x":-807,"y":519.0000305175781},"b2":{"x":-789,"y":524.2500305175781}},"19":{"from_node_id":"15","to_node_id":"20","b1":{"x":-807,"y":515.0000305175781},"b2":{"x":-847.6911225234395,"y":520.6232465060835}},"20":{"from_node_id":"15","to_node_id":"21","b1":{"x":-807,"y":519.0000305175781},"b2":{"x":-806.2200732641754,"y":544.6855535689676}}}},"3":{"name":"rxn01930","bigg_id":"rxn01930","reversibility":false,"label_x":-791.4557495117188,"label_y":800.2759704589844,"gene_reaction_rule":"","genes":[],"metabolites":[{"bigg_id":"cpd00001","coefficient":-1},{"bigg_id":"cpd02065","coefficient":-1},{"bigg_id":"cpd00035","coefficient":1},{"bigg_id":"cpd00067","coefficient":1},{"bigg_id":"cpd00483","coefficient":1}],"segments":{"21":{"from_node_id":"22","to_node_id":"23","b1":null,"b2":null},"22":{"from_node_id":"24","to_node_id":"23","b1":null,"b2":null},"23":{"from_node_id":"22","to_node_id":"25","b1":{"x":-806.4557495117188,"y":724.2759704589844},"b2":{"x":-824.4557495117188,"y":719.0259704589844}},"24":{"from_node_id":"22","to_node_id":"21","b1":{"x":-806.4557495117188,"y":728.2759704589844},"b2":{"x":-806.4557495117188,"y":674.0259704589844}},"25":{"from_node_id":"24","to_node_id":"26","b1":{"x":-806.4557495117188,"y":856.2759704589844},"b2":{"x":-788.4557495117188,"y":861.5259704589844}},"26":{"from_node_id":"24","to_node_id":"27","b1":{"x":-806.4557495117188,"y":856.2759704589844},"b2":{"x":-824.4557495117188,"y":861.5259704589844}},"27":{"from_node_id":"24","to_node_id":"28","b1":{"x":-806.4557495117188,"y":852.2759704589844},"b2":{"x":-806.4557495117188,"y":906.5259704589844}}}},"4":{"name":"rxn01927","bigg_id":"rxn01927","reversibility":false,"label_x":-791.4557495117188,"label_y":1150.2759704589844,"gene_reaction_rule":"","genes":[],"metabolites":[{"bigg_id":"cpd00007","coefficient":-1},{"bigg_id":"cpd00483","coefficient":-1},{"bigg_id":"cpd02692","coefficient":1}],"segments":{"28":{"from_node_id":"29","to_node_id":"30","b1":null,"b2":null},"29":{"from_node_id":"31","to_node_id":"30","b1":null,"b2":null},"30":{"from_node_id":"29","to_node_id":"32","b1":{"x":-806.4557495117188,"y":1074.2759704589844},"b2":{"x":-824.4557495117188,"y":1069.0259704589844}},"31":{"from_node_id":"29","to_node_id":"28","b1":{"x":-806.4557495117188,"y":1078.2759704589844},"b2":{"x":-806.4557495117188,"y":1024.0259704589844}},"32":{"from_node_id":"31","to_node_id":"33","b1":{"x":-806.4557495117188,"y":1202.2759704589844},"b2":{"x":-806.4557495117188,"y":1256.5259704589844}}}},"5":{"name":"rxn02989","bigg_id":"rxn02989","reversibility":false,"label_x":-791.4557495117188,"label_y":1500.2759704589844,"gene_reaction_rule":"","genes":[],"metabolites":[{"bigg_id":"cpd00001","coefficient":-1},{"bigg_id":"cpd00067","coefficient":-1},{"bigg_id":"cpd02333","coefficient":-1},{"bigg_id":"cpd02692","coefficient":1}],"segments":{"33":{"from_node_id":"34","to_node_id":"35","b1":null,"b2":null},"34":{"from_node_id":"36","to_node_id":"35","b1":null,"b2":null},"35":{"from_node_id":"34","to_node_id":"37","b1":{"x":-806.4557495117188,"y":1556.2759704589844},"b2":{"x":-799.1950073242188,"y":1554.3664245605469}},"36":{"from_node_id":"34","to_node_id":"38","b1":{"x":-806.4557495117188,"y":1556.2759704589844},"b2":{"x":-771.1221316000434,"y":1545.4663844111785}},"37":{"from_node_id":"34","to_node_id":"39","b1":{"x":-806.4557495117188,"y":1552.2759704589844},"b2":{"x":-806.4557495117188,"y":1606.5259704589844}},"38":{"from_node_id":"36","to_node_id":"33","b1":{"x":-806.4557495117188,"y":1428.2759704589844},"b2":{"x":-806.4557495117188,"y":1374.0259704589844}}}},"6":{"name":"rxn02402","bigg_id":"rxn02402","reversibility":false,"label_x":-681.4557495117188,"label_y":1625.2759704589844,"gene_reaction_rule":"","genes":[],"metabolites":[{"bigg_id":"cpd00011","coefficient":-1},{"bigg_id":"cpd00012","coefficient":-1},{"bigg_id":"cpd00873","coefficient":-1},{"bigg_id":"cpd00067","coefficient":1},{"bigg_id":"cpd00103","coefficient":1},{"bigg_id":"cpd02333","coefficient":1}],"segments":{"39":{"from_node_id":"40","to_node_id":"41","b1":null,"b2":null},"40":{"from_node_id":"42","to_node_id":"41","b1":null,"b2":null},"41":{"from_node_id":"40","to_node_id":"43","b1":{"x":-565.4557495117188,"y":1665.2759704589844},"b2":{"x":-560.2057495117188,"y":1647.2759704589844}},"42":{"from_node_id":"40","to_node_id":"44","b1":{"x":-565.4557495117188,"y":1665.2759704589844},"b2":{"x":-560.2057495117188,"y":1683.2759704589844}},"43":{"from_node_id":"40","to_node_id":"45","b1":{"x":-569.4557495117188,"y":1665.2759704589844},"b2":{"x":-515.2057495117188,"y":1665.2759704589844}},"44":{"from_node_id":"42","to_node_id":"46","b1":{"x":-697.4557495117188,"y":1665.2759704589844},"b2":{"x":-711.0572422129385,"y":1744.9366876401825}},"45":{"from_node_id":"42","to_node_id":"47","b1":{"x":-697.4557495117188,"y":1665.2759704589844},"b2":{"x":-702.7057495117188,"y":1683.2759704589844}},"46":{"from_node_id":"42","to_node_id":"39","b1":{"x":-693.4557495117188,"y":1665.2759704589844},"b2":{"x":-747.7057495117188,"y":1665.2759704589844}}}},"7":{"name":"rxn02155","bigg_id":"rxn02155","reversibility":false,"label_x":-441.45574951171875,"label_y":1500.2759704589844,"gene_reaction_rule":"","genes":[],"metabolites":[{"bigg_id":"cpd00002","coefficient":-1},{"bigg_id":"cpd00873","coefficient":-1},{"bigg_id":"cpd00012","coefficient":1},{"bigg_id":"cpd00638","coefficient":1}],"segments":{"47":{"from_node_id":"48","to_node_id":"49","b1":null,"b2":null},"48":{"from_node_id":"50","to_node_id":"49","b1":null,"b2":null},"49":{"from_node_id":"48","to_node_id":"51","b1":{"x":-456.45574951171875,"y":1556.2759704589844},"b2":{"x":-438.45574951171875,"y":1561.5259704589844}},"50":{"from_node_id":"48","to_node_id":"45","b1":{"x":-456.45574951171875,"y":1552.2759704589844},"b2":{"x":-456.45574951171875,"y":1606.5259704589844}},"51":{"from_node_id":"50","to_node_id":"52","b1":{"x":-456.45574951171875,"y":1424.2759704589844},"b2":{"x":-438.45574951171875,"y":1419.0259704589844}},"52":{"from_node_id":"50","to_node_id":"53","b1":{"x":-456.45574951171875,"y":1428.2759704589844},"b2":{"x":-454.6658935546875,"y":1374.0259704589844}}}},"8":{"name":"rxn00138","bigg_id":"rxn00138","reversibility":false,"label_x":-9.278594970703125,"label_y":997.8456726074219,"gene_reaction_rule":"","genes":[],"metabolites":[{"bigg_id":"cpd00002","coefficient":-1},{"bigg_id":"cpd00013","coefficient":-1},{"bigg_id":"cpd00638","coefficient":-1},{"bigg_id":"cpd00003","coefficient":1},{"bigg_id":"cpd00012","coefficient":1},{"bigg_id":"cpd00018","coefficient":1},{"bigg_id":"cpd00067","coefficient":2}],"segments":{"53":{"from_node_id":"54","to_node_id":"55","b1":null,"b2":null},"54":{"from_node_id":"56","to_node_id":"55","b1":null,"b2":null},"55":{"from_node_id":"54","to_node_id":"57","b1":{"x":-25.278594970703125,"y":1037.8456726074219},"b2":{"x":-30.528594970703125,"y":1019.8456726074219}},"56":{"from_node_id":"54","to_node_id":"58","b1":{"x":-25.278594970703125,"y":1037.8456726074219},"b2":{"x":-78.85516357421875,"y":1016.4684753417969}},"57":{"from_node_id":"54","to_node_id":"53","b1":{"x":-21.278594970703125,"y":1037.8456726074219},"b2":{"x":-395.9158935546875,"y":1315.2759704589844}},"58":{"from_node_id":"56","to_node_id":"69","b1":{"x":102.72140502929688,"y":1037.8456726074219},"b2":{"x":555.6360626220703,"y":1276.2571716308594}},"59":{"from_node_id":"56","to_node_id":"60","b1":{"x":106.72140502929688,"y":1037.8456726074219},"b2":{"x":111.97140502929688,"y":1019.8456726074219}},"60":{"from_node_id":"56","to_node_id":"61","b1":{"x":106.72140502929688,"y":1037.8456726074219},"b2":{"x":193.15569133733072,"y":1037.199102096933}},"61":{"from_node_id":"56","to_node_id":"62","b1":{"x":106.72140502929688,"y":1037.8456726074219},"b2":{"x":192.82350886225,"y":1020.8058049758249}}}},"9":{"name":"rxn00190","bigg_id":"rxn00190","reversibility":false,"label_x":-14.648235321044922,"label_y":1429.2050476074219,"gene_reaction_rule":"","genes":[],"metabolites":[{"bigg_id":"cpd00001","coefficient":-1},{"bigg_id":"cpd00002","coefficient":-1},{"bigg_id":"cpd00053","coefficient":-1},{"bigg_id":"cpd00638","coefficient":-1},{"bigg_id":"cpd00003","coefficient":1},{"bigg_id":"cpd00012","coefficient":1},{"bigg_id":"cpd00018","coefficient":1},{"bigg_id":"cpd00023","coefficient":1},{"bigg_id":"cpd00067","coefficient":2}],"segments":{"62":{"from_node_id":"63","to_node_id":"64","b1":null,"b2":null},"63":{"from_node_id":"65","to_node_id":"64","b1":null,"b2":null},"64":{"from_node_id":"63","to_node_id":"66","b1":{"x":-3.8001365661621094,"y":1453.0961608886719},"b2":{"x":-103.28594430818895,"y":1438.0233618637067}},"65":{"from_node_id":"63","to_node_id":"67","b1":{"x":-3.8001365661621094,"y":1453.0961608886719},"b2":{"x":-60.95647048950195,"y":1444.2481384277344}},"66":{"from_node_id":"63","to_node_id":"68","b1":{"x":-3.8001365661621094,"y":1453.0961608886719},"b2":{"x":-38.79695510864258,"y":1428.2404479980469}},"67":{"from_node_id":"63","to_node_id":"53","b1":{"x":0.19986343383789062,"y":1453.0961608886719},"b2":{"x":-395.9158935546875,"y":1315.2759704589844}},"68":{"from_node_id":"65","to_node_id":"69","b1":{"x":124.19986343383789,"y":1453.0961608886719},"b2":{"x":559.2157669067383,"y":1276.2571716308594}},"69":{"from_node_id":"65","to_node_id":"70","b1":{"x":128.1998634338379,"y":1453.0961608886719},"b2":{"x":175.06188058696046,"y":1462.8626857234965}},"70":{"from_node_id":"65","to_node_id":"71","b1":{"x":128.1998634338379,"y":1453.0961608886719},"b2":{"x":186.22872505329906,"y":1454.2768923961496}},"71":{"from_node_id":"65","to_node_id":"72","b1":{"x":128.1998634338379,"y":1453.0961608886719},"b2":{"x":151.34859085083008,"y":1471.0961608886719}},"72":{"from_node_id":"65","to_node_id":"73","b1":{"x":128.1998634338379,"y":1453.0961608886719},"b2":{"x":136.34859085083008,"y":1489.0961608886719}}}},"11":{"name":"rxn01265","bigg_id":"rxn01265","reversibility":false,"label_x":-441.45574951171875,"label_y":1850.2759704589844,"gene_reaction_rule":"","genes":[],"metabolites":[{"bigg_id":"cpd00012","coefficient":-1},{"bigg_id":"cpd00873","coefficient":-1},{"bigg_id":"cpd00103","coefficient":1},{"bigg_id":"cpd00218","coefficient":1}],"segments":{"80":{"from_node_id":"81","to_node_id":"82","b1":null,"b2":null},"81":{"from_node_id":"83","to_node_id":"82","b1":null,"b2":null},"82":{"from_node_id":"81","to_node_id":"84","b1":{"x":-456.45574951171875,"y":1774.2759704589844},"b2":{"x":-465.70814619726156,"y":1747.7069153474772}},"83":{"from_node_id":"81","to_node_id":"45","b1":{"x":-456.45574951171875,"y":1778.2759704589844},"b2":{"x":-456.45574951171875,"y":1724.0259704589844}},"84":{"from_node_id":"83","to_node_id":"85","b1":{"x":-456.45574951171875,"y":1906.2759704589844},"b2":{"x":-474.45574951171875,"y":1911.5259704589844}},"85":{"from_node_id":"83","to_node_id":"86","b1":{"x":-456.45574951171875,"y":1902.2759704589844},"b2":{"x":-456.45574951171875,"y":1956.5259704589844}}}},"12":{"name":"rxn00938","bigg_id":"rxn00938","reversibility":false,"label_x":-246.04871368408203,"label_y":1998.0000915527344,"gene_reaction_rule":"","genes":[],"metabolites":[{"bigg_id":"cpd00001","coefficient":-1},{"bigg_id":"cpd00133","coefficient":-1},{"bigg_id":"cpd00013","coefficient":1},{"bigg_id":"cpd00218","coefficient":1}],"segments":{"86":{"from_node_id":"87","to_node_id":"88","b1":null,"b2":null},"87":{"from_node_id":"89","to_node_id":"88","b1":null,"b2":null},"88":{"from_node_id":"87","to_node_id":"90","b1":{"x":-118.6866226196289,"y":2015.2758483886719},"b2":{"x":-113.4366226196289,"y":2033.2758483886719}},"89":{"from_node_id":"87","to_node_id":"91","b1":{"x":-122.6866226196289,"y":2015.2758483886719},"b2":{"x":18.655609130859375,"y":2015.2759704589844}},"90":{"from_node_id":"89","to_node_id":"92","b1":{"x":-250.6866226196289,"y":2015.2758483886719},"b2":{"x":-255.9366226196289,"y":2033.2758483886719}},"91":{"from_node_id":"89","to_node_id":"86","b1":{"x":-246.6866226196289,"y":2015.2758483886719},"b2":{"x":-397.70574951171875,"y":2015.2759704589844}}}},"13":{"name":"rxn00941","bigg_id":"rxn00941","reversibility":false,"label_x":296.75550842285156,"label_y":1975.2759704589844,"gene_reaction_rule":"","genes":[],"metabolites":[{"bigg_id":"cpd00012","coefficient":-1},{"bigg_id":"cpd00355","coefficient":-1},{"bigg_id":"cpd00103","coefficient":1},{"bigg_id":"cpd00133","coefficient":1}],"segments":{"92":{"from_node_id":"93","to_node_id":"94","b1":null,"b2":null},"93":{"from_node_id":"95","to_node_id":"94","b1":null,"b2":null},"94":{"from_node_id":"93","to_node_id":"96","b1":{"x":412.75550842285156,"y":2015.2759704589844},"b2":{"x":418.00550842285156,"y":2033.2759704589844}},"95":{"from_node_id":"93","to_node_id":"97","b1":{"x":408.75550842285156,"y":2015.2759704589844},"b2":{"x":562.1939086914062,"y":2017.6952819824219}},"96":{"from_node_id":"95","to_node_id":"98","b1":{"x":280.75550842285156,"y":2015.2759704589844},"b2":{"x":275.50550842285156,"y":2033.2759704589844}},"97":{"from_node_id":"95","to_node_id":"91","b1":{"x":284.75550842285156,"y":2015.2759704589844},"b2":{"x":136.15560913085938,"y":2015.2759704589844}}}},"14":{"name":"rxn00105","bigg_id":"rxn00105","reversibility":false,"label_x":633.5246734619141,"label_y":1714.7991638183594,"gene_reaction_rule":"","genes":[],"metabolites":[{"bigg_id":"cpd00002","coefficient":-1},{"bigg_id":"cpd00355","coefficient":-1},{"bigg_id":"cpd00003","coefficient":1},{"bigg_id":"cpd00012","coefficient":1}],"segments":{"98":{"from_node_id":"99","to_node_id":"100","b1":null,"b2":null},"99":{"from_node_id":"101","to_node_id":"100","b1":null,"b2":null},"100":{"from_node_id":"99","to_node_id":"102","b1":{"x":618.5246734619141,"y":1770.7991638183594},"b2":{"x":622.0091857910156,"y":1802.6607360839844}},"101":{"from_node_id":"99","to_node_id":"97","b1":{"x":618.5246734619141,"y":1766.7991638183594},"b2":{"x":620.9439086914062,"y":1958.9452819824219}},"102":{"from_node_id":"101","to_node_id":"69","b1":{"x":618.5246734619141,"y":1642.7991638183594},"b2":{"x":614.3696441650391,"y":1331.7419128417969}},"103":{"from_node_id":"101","to_node_id":"104","b1":{"x":618.5246734619141,"y":1638.7991638183594},"b2":{"x":636.5246734619141,"y":1633.5491638183594}}}},"17":{"name":"rxn02401","bigg_id":"rxn02401","reversibility":false,"label_x":-331.45574951171875,"label_y":1625.2759704589844,"gene_reaction_rule":"","genes":[],"metabolites":[{"bigg_id":"cpd00008","coefficient":-1},{"bigg_id":"cpd00067","coefficient":-1},{"bigg_id":"cpd00873","coefficient":-1},{"bigg_id":"cpd00002","coefficient":1},{"bigg_id":"cpd03471","coefficient":1}],"segments":{"119":{"from_node_id":"120","to_node_id":"121","b1":null,"b2":null},"120":{"from_node_id":"122","to_node_id":"121","b1":null,"b2":null},"121":{"from_node_id":"120","to_node_id":"123","b1":{"x":-347.45574951171875,"y":1665.2759704589844},"b2":{"x":-321.0484619140625,"y":1682.0989685058594}},"122":{"from_node_id":"120","to_node_id":"124","b1":{"x":-347.45574951171875,"y":1665.2759704589844},"b2":{"x":-324.21417236328125,"y":1664.2815856933594}},"123":{"from_node_id":"120","to_node_id":"45","b1":{"x":-343.45574951171875,"y":1665.2759704589844},"b2":{"x":-397.70574951171875,"y":1665.2759704589844}},"124":{"from_node_id":"122","to_node_id":"125","b1":{"x":-215.45574951171875,"y":1665.2759704589844},"b2":{"x":-201.68417358398438,"y":1660.5518493652344}},"125":{"from_node_id":"122","to_node_id":"126","b1":{"x":-219.45574951171875,"y":1665.2759704589844},"b2":{"x":-165.20574951171875,"y":1665.2759704589844}}}},"18":{"name":"rxn02988","bigg_id":"rxn02988","reversibility":false,"label_x":-1054.671142578125,"label_y":1629.6287536621094,"gene_reaction_rule":"","genes":[],"metabolites":[{"bigg_id":"cpd00001","coefficient":-2},{"bigg_id":"cpd00009","coefficient":-1},{"bigg_id":"cpd00067","coefficient":-1},{"bigg_id":"cpd02333","coefficient":-1},{"bigg_id":"cpd00095","coefficient":1},{"bigg_id":"cpd03470","coefficient":1}],"segments":{"126":{"from_node_id":"127","to_node_id":"128","b1":null,"b2":null},"127":{"from_node_id":"129","to_node_id":"128","b1":null,"b2":null},"128":{"from_node_id":"127","to_node_id":"130","b1":{"x":-915.4557495117188,"y":1665.2759704589844},"b2":{"x":-910.2057495117188,"y":1683.2759704589844}},"129":{"from_node_id":"127","to_node_id":"131","b1":{"x":-915.4557495117188,"y":1665.2759704589844},"b2":{"x":-933.6997975320527,"y":1699.5237281249965}},"130":{"from_node_id":"127","to_node_id":"132","b1":{"x":-915.4557495117188,"y":1665.2759704589844},"b2":{"x":-919.40185546875,"y":1637.9817810058594}},"131":{"from_node_id":"127","to_node_id":"39","b1":{"x":-919.4557495117188,"y":1665.2759704589844},"b2":{"x":-865.2057495117188,"y":1665.2759704589844}},"132":{"from_node_id":"129","to_node_id":"133","b1":{"x":-1047.4557495117188,"y":1665.2759704589844},"b2":{"x":-1052.7057495117188,"y":1647.2759704589844}},"133":{"from_node_id":"129","to_node_id":"134","b1":{"x":-1043.4557495117188,"y":1665.2759704589844},"b2":{"x":-1100.8827514648438,"y":1665.2759704589844}}}},"19":{"name":"rxn00338","bigg_id":"rxn00338","reversibility":false,"label_x":-1559.8402709960938,"label_y":1342.3716735839844,"gene_reaction_rule":"","genes":[],"metabolites":[{"bigg_id":"cpd00007","coefficient":-1},{"bigg_id":"cpd00041","coefficient":-1},{"bigg_id":"cpd00025","coefficient":1},{"bigg_id":"cpd03470","coefficient":1}],"segments":{"134":{"from_node_id":"135","to_node_id":"136","b1":null,"b2":null},"135":{"from_node_id":"137","to_node_id":"136","b1":null,"b2":null},"136":{"from_node_id":"135","to_node_id":"138","b1":{"x":-1567.8977661132812,"y":1374.4291687011719},"b2":{"x":-1573.1477661132812,"y":1356.4291687011719}},"137":{"from_node_id":"135","to_node_id":"139","b1":{"x":-1563.8977661132812,"y":1374.4291687011719},"b2":{"x":-1791.8344116210938,"y":1662.6989440917969}},"138":{"from_node_id":"137","to_node_id":"140","b1":{"x":-1435.8977661132812,"y":1374.4291687011719},"b2":{"x":-1430.6477661132812,"y":1356.4291687011719}},"139":{"from_node_id":"137","to_node_id":"134","b1":{"x":-1439.8977661132812,"y":1374.4291687011719},"b2":{"x":-1218.3827514648438,"y":1665.2759704589844}}}},"20":{"name":"rxn05117","bigg_id":"rxn05117","reversibility":false,"label_x":-1575.7252807617188,"label_y":1625.1243591308594,"gene_reaction_rule":"","genes":[],"metabolites":[{"bigg_id":"cpd00006","coefficient":-1},{"bigg_id":"cpd00041","coefficient":-1},{"bigg_id":"cpd00005","coefficient":1},{"bigg_id":"cpd00067","coefficient":1},{"bigg_id":"cpd03470","coefficient":1}],"segments":{"140":{"from_node_id":"141","to_node_id":"142","b1":null,"b2":null},"141":{"from_node_id":"143","to_node_id":"142","b1":null,"b2":null},"142":{"from_node_id":"141","to_node_id":"144","b1":{"x":-1570.2517700195312,"y":1666.7128601074219},"b2":{"x":-1601.1642361603697,"y":1676.7572786152523}},"143":{"from_node_id":"141","to_node_id":"139","b1":{"x":-1574.2517700195312,"y":1666.7128601074219},"b2":{"x":-1775.204050365832,"y":1668.2552681628001}},"144":{"from_node_id":"143","to_node_id":"146","b1":{"x":-1442.2517700195312,"y":1666.7128601074219},"b2":{"x":-1437.0017700195312,"y":1684.7128601074219}},"145":{"from_node_id":"143","to_node_id":"147","b1":{"x":-1442.2517700195312,"y":1666.7128601074219},"b2":{"x":-1436.5007796147981,"y":1688.9923864859836}},"146":{"from_node_id":"143","to_node_id":"134","b1":{"x":-1446.2517700195312,"y":1666.7128601074219},"b2":{"x":-1218.3827514648438,"y":1665.2759704589844}}}},"21":{"name":"rxn00728","bigg_id":"rxn00728","reversibility":false,"label_x":-682,"label_y":238.00003051757812,"gene_reaction_rule":"","genes":[],"metabolites":[{"bigg_id":"cpd00001","coefficient":-1},{"bigg_id":"cpd00275","coefficient":-1},{"bigg_id":"cpd00035","coefficient":1},{"bigg_id":"cpd00067","coefficient":1},{"bigg_id":"cpd00093","coefficient":1}],"segments":{"147":{"from_node_id":"148","to_node_id":"149","b1":null,"b2":null},"148":{"from_node_id":"150","to_node_id":"149","b1":null,"b2":null},"149":{"from_node_id":"148","to_node_id":"151","b1":{"x":-698,"y":278.0000305175781},"b2":{"x":-708.4041137695312,"y":277.9604797363281}},"150":{"from_node_id":"148","to_node_id":"12","b1":{"x":-694,"y":278.0000305175781},"b2":{"x":-748.25,"y":278.0000305175781}},"151":{"from_node_id":"150","to_node_id":"152","b1":{"x":-566,"y":278.0000305175781},"b2":{"x":-560.75,"y":260.0000305175781}},"152":{"from_node_id":"150","to_node_id":"153","b1":{"x":-566,"y":278.0000305175781},"b2":{"x":-560.75,"y":296.0000305175781}},"153":{"from_node_id":"150","to_node_id":"154","b1":{"x":-570,"y":278.0000305175781},"b2":{"x":-515.75,"y":278.0000305175781}}}},"22":{"name":"rxn05119","bigg_id":"rxn05119","reversibility":false,"label_x":-1562.4509887695312,"label_y":1898.4462585449219,"gene_reaction_rule":"","genes":[],"metabolites":[{"bigg_id":"cpd00003","coefficient":-1},{"bigg_id":"cpd00041","coefficient":-1},{"bigg_id":"cpd00004","coefficient":1},{"bigg_id":"cpd00067","coefficient":1},{"bigg_id":"cpd03470","coefficient":1}],"segments":{"154":{"from_node_id":"155","to_node_id":"156","b1":null,"b2":null},"155":{"from_node_id":"157","to_node_id":"156","b1":null,"b2":null},"156":{"from_node_id":"155","to_node_id":"158","b1":{"x":-1574.4509887695312,"y":1938.4462585449219},"b2":{"x":-1628.7009887695312,"y":1938.4462585449219}},"157":{"from_node_id":"155","to_node_id":"139","b1":{"x":-1578.4509887695312,"y":1938.4462585449219},"b2":{"x":-1783.9513916842059,"y":1660.0725962125584}},"158":{"from_node_id":"157","to_node_id":"160","b1":{"x":-1446.4509887695312,"y":1938.4462585449219},"b2":{"x":-1441.2009887695312,"y":1956.4462585449219}},"159":{"from_node_id":"157","to_node_id":"161","b1":{"x":-1446.4509887695312,"y":1938.4462585449219},"b2":{"x":-1351.0032348632812,"y":1946.2171325683594}},"160":{"from_node_id":"157","to_node_id":"134","b1":{"x":-1450.4509887695312,"y":1938.4462585449219},"b2":{"x":-1218.3827514648438,"y":1665.2759704589844}}}},"24":{"name":"rxn00077","bigg_id":"rxn00077","reversibility":false,"label_x":629.7529737880272,"label_y":1054.1896081394477,"gene_reaction_rule":"","genes":[],"metabolites":[{"bigg_id":"cpd00002","coefficient":-1},{"bigg_id":"cpd00003","coefficient":-1},{"bigg_id":"cpd00006","coefficient":1},{"bigg_id":"cpd00008","coefficient":1},{"bigg_id":"cpd00067","coefficient":1}],"segments":{"171":{"from_node_id":"174","to_node_id":"175","b1":null,"b2":null},"172":{"from_node_id":"176","to_node_id":"175","b1":null,"b2":null},"173":{"from_node_id":"174","to_node_id":"173","b1":{"x":617.6873872045735,"y":1117.075517950403},"b2":{"x":588.357315735205,"y":1131.108913073741}},"174":{"from_node_id":"174","to_node_id":"69","b1":{"x":617.7820091387057,"y":1121.07439862999},"b2":{"x":621.7648524383351,"y":1190.2206764057796}},"175":{"from_node_id":"176","to_node_id":"178","b1":{"x":614.7541072464796,"y":993.1102168831787},"b2":{"x":615.5211512687185,"y":938.8753976662678}},"176":{"from_node_id":"176","to_node_id":"179","b1":{"x":614.6594853123468,"y":989.1113362035904},"b2":{"x":596.5403309656529,"y":984.2886040152257}},"177":{"from_node_id":"176","to_node_id":"180","b1":{"x":614.6594853123468,"y":989.1113362035904},"b2":{"x":632.5302570819438,"y":983.4370066080369}}}},"25":{"name":"rxn10100","bigg_id":"rxn10100","reversibility":false,"label_x":629.1313916111542,"label_y":715.1418376848214,"gene_reaction_rule":"","genes":[],"metabolites":[{"bigg_id":"cpd00005","coefficient":-1},{"bigg_id":"cpd00067","coefficient":-2},{"bigg_id":"cpd11468","coefficient":-1},{"bigg_id":"cpd11492","coefficient":-1},{"bigg_id":"cpd00006","coefficient":1},{"bigg_id":"cpd00011","coefficient":1},{"bigg_id":"cpd11484","coefficient":1},{"bigg_id":"cpd11493","coefficient":1}],"segments":{"178":{"from_node_id":"181","to_node_id":"182","b1":null,"b2":null},"179":{"from_node_id":"183","to_node_id":"182","b1":null,"b2":null},"180":{"from_node_id":"181","to_node_id":"184","b1":{"x":614.1313916111542,"y":643.1418376848214},"b2":{"x":614.1313916111542,"y":588.8918376848214}},"181":{"from_node_id":"181","to_node_id":"185","b1":{"x":614.1313916111542,"y":639.1418376848214},"b2":{"x":596.1313916111542,"y":633.8918376848214}},"182":{"from_node_id":"181","to_node_id":"186","b1":{"x":614.1313916111542,"y":639.1418376848214},"b2":{"x":632.1313916111542,"y":633.8918376848214}},"183":{"from_node_id":"181","to_node_id":"187","b1":{"x":614.1313916111542,"y":639.1418376848214},"b2":{"x":650.1313916111542,"y":648.8918376848214}},"184":{"from_node_id":"183","to_node_id":"178","b1":{"x":614.1313916111542,"y":767.1418376848214},"b2":{"x":614.1313916111542,"y":821.3918376848214}},"185":{"from_node_id":"183","to_node_id":"188","b1":{"x":614.1313916111542,"y":771.1418376848214},"b2":{"x":596.1313916111542,"y":776.3918376848214}},"186":{"from_node_id":"183","to_node_id":"189","b1":{"x":614.1313916111542,"y":771.1418376848214},"b2":{"x":632.1313916111542,"y":776.3918376848214}},"187":{"from_node_id":"183","to_node_id":"190","b1":{"x":614.1313916111542,"y":771.1418376848214},"b2":{"x":650.1313916111542,"y":761.3918376848214}}}},"26":{"name":"rxn00942","bigg_id":"rxn00942","reversibility":false,"label_x":185.61793007814668,"label_y":2204.4165461998978,"gene_reaction_rule":"","genes":[],"metabolites":[{"bigg_id":"cpd00001","coefficient":-1},{"bigg_id":"cpd02016","coefficient":-1},{"bigg_id":"cpd00067","coefficient":1},{"bigg_id":"cpd00105","coefficient":1},{"bigg_id":"cpd00133","coefficient":1}],"segments":{"188":{"from_node_id":"191","to_node_id":"192","b1":null,"b2":null},"189":{"from_node_id":"193","to_node_id":"192","b1":null,"b2":null},"190":{"from_node_id":"191","to_node_id":"194","b1":{"x":234.31775356621478,"y":2277.402086228989},"b2":{"x":223.46635613726386,"y":2292.6929224990868}},"191":{"from_node_id":"191","to_node_id":"195","b1":{"x":231.83438043785253,"y":2274.2663474156743},"b2":{"x":276.48852650319355,"y":2337.6659491305645}},"192":{"from_node_id":"193","to_node_id":"196","b1":{"x":152.36644033031163,"y":2173.9227053895606},"b2":{"x":122.63260042750207,"y":2143.373731629363}},"193":{"from_node_id":"193","to_node_id":"197","b1":{"x":152.36644033031163,"y":2173.9227053895606},"b2":{"x":134.99618843941883,"y":2180.982227274706}},"194":{"from_node_id":"193","to_node_id":"91","b1":{"x":154.84981345867428,"y":2177.0584442028744},"b2":{"x":77.40560913085938,"y":2074.0259704589844}}}},"27":{"name":"rxn01671","bigg_id":"rxn01671","reversibility":false,"label_x":506.00337334816777,"label_y":2223.632277432717,"gene_reaction_rule":"","genes":[],"metabolites":[{"bigg_id":"cpd00002","coefficient":-1},{"bigg_id":"cpd02016","coefficient":-1},{"bigg_id":"cpd00008","coefficient":1},{"bigg_id":"cpd00067","coefficient":1},{"bigg_id":"cpd00355","coefficient":1}],"segments":{"195":{"from_node_id":"198","to_node_id":"199","b1":null,"b2":null},"196":{"from_node_id":"200","to_node_id":"199","b1":null,"b2":null},"197":{"from_node_id":"198","to_node_id":"201","b1":{"x":440.1947512087333,"y":2255.75690106655},"b2":{"x":424.66462254750553,"y":2245.2508264539406}},"198":{"from_node_id":"198","to_node_id":"195","b1":{"x":443.2740616414264,"y":2253.2038935735927},"b2":{"x":373.10570149568326,"y":2330.4369678531048}},"199":{"from_node_id":"200","to_node_id":"203","b1":{"x":541.8119954876034,"y":2171.5076537988825},"b2":{"x":557.3421241488312,"y":2182.013728411492}},"200":{"from_node_id":"200","to_node_id":"204","b1":{"x":541.8119954876034,"y":2171.5076537988825},"b2":{"x":534.3650567121952,"y":2154.2999345172543}},"201":{"from_node_id":"200","to_node_id":"97","b1":{"x":538.7326850549102,"y":2174.060661291843},"b2":{"x":620.9439086914062,"y":2076.445281982422}}}},"28":{"name":"rxn39982","bigg_id":"rxn39982","reversibility":false,"label_x":-88.61522769927979,"label_y":1836.0733337402344,"gene_reaction_rule":"","genes":[],"metabolites":[{"bigg_id":"cpd00001","coefficient":-1},{"bigg_id":"cpd03471","coefficient":-1},{"bigg_id":"cpd00067","coefficient":1},{"bigg_id":"cpd00105","coefficient":1},{"bigg_id":"cpd00218","coefficient":1}],"segments":{"202":{"from_node_id":"205","to_node_id":"206","b1":null,"b2":null},"203":{"from_node_id":"207","to_node_id":"206","b1":null,"b2":null},"204":{"from_node_id":"205","to_node_id":"208","b1":{"x":-106.45574951171875,"y":1774.2759704589844},"b2":{"x":-96.17787817195233,"y":1757.6060426722313}},"205":{"from_node_id":"205","to_node_id":"126","b1":{"x":-106.45574951171875,"y":1778.2759704589844},"b2":{"x":-106.45574951171875,"y":1724.0259704589844}},"206":{"from_node_id":"207","to_node_id":"209","b1":{"x":-106.45574951171875,"y":1906.2759704589844},"b2":{"x":-88.45574951171875,"y":1911.5259704589844}},"207":{"from_node_id":"207","to_node_id":"210","b1":{"x":-106.45574951171875,"y":1906.2759704589844},"b2":{"x":-90.36949157714844,"y":1888.8018493652344}},"208":{"from_node_id":"207","to_node_id":"86","b1":{"x":-106.45574951171875,"y":1902.2759704589844},"b2":{"x":-450.1588134765625,"y":1956.5259704589844}}}}},"nodes":{"0":{"node_type":"metabolite","x":-891,"y":-343.9999694824219,"bigg_id":"cpd00007","name":"O2","label_x":-947,"label_y":-340.9999694824219,"node_is_primary":false},"1":{"node_type":"multimarker","x":-807,"y":-266.9999694824219},"2":{"node_type":"midmarker","x":-807,"y":-246.99996948242188},"3":{"node_type":"multimarker","x":-807,"y":-226.99996948242188},"4":{"node_type":"metabolite","x":-806,"y":-423.9999694824219,"bigg_id":"cpd00065","name":"L-Tryptophan","label_x":-872,"label_y":-450.9999694824219,"node_is_primary":true},"5":{"node_type":"metabolite","x":-807,"y":-71.99996948242188,"bigg_id":"cpd01749","name":"N-Formylkynurenine","label_x":-782,"label_y":-71.99996948242188,"node_is_primary":true},"6":{"node_type":"multimarker","x":-807,"y":83.00003051757812},"7":{"node_type":"midmarker","x":-807,"y":103.00003051757812},"8":{"node_type":"multimarker","x":-807,"y":123.00003051757812},"9":{"node_type":"metabolite","x":-887,"y":-1.999969482421875,"bigg_id":"cpd00001","name":"H2O","label_x":-959,"label_y":28.000030517578125,"node_is_primary":false},"10":{"node_type":"metabolite","x":-727,"y":208.00003051757812,"bigg_id":"cpd00047","name":"Formate","label_x":-712,"label_y":208.00003051757812,"node_is_primary":false},"11":{"node_type":"metabolite","x":-887,"y":208.00003051757812,"bigg_id":"cpd00067","name":"H+","label_x":-959,"label_y":238.00003051757812,"node_is_primary":false},"12":{"node_type":"metabolite","x":-807,"y":278.0000305175781,"bigg_id":"cpd00275","name":"L-Kynurenine","label_x":-964.9725341796875,"label_y":283.1541748046875,"node_is_primary":true},"13":{"node_type":"multimarker","x":-807,"y":433.0000305175781},"14":{"node_type":"midmarker","x":-807,"y":453.0000305175781},"15":{"node_type":"multimarker","x":-807,"y":473.0000305175781},"16":{"node_type":"metabolite","x":-719.2687377929688,"y":363.4624938964844,"bigg_id":"cpd00005","name":"NADPH","label_x":-704.2687377929688,"label_y":363.4624938964844,"node_is_primary":false},"17":{"node_type":"metabolite","x":-887,"y":348.0000305175781,"bigg_id":"cpd00007","name":"O2","label_x":-919.622802734375,"label_y":345.7823181152344,"node_is_primary":false},"18":{"node_type":"metabolite","x":-967,"y":368.0000305175781,"bigg_id":"cpd00067","name":"H+","label_x":-1012.1519165039062,"label_y":378.3114318847656,"node_is_primary":false},"19":{"node_type":"metabolite","x":-727,"y":558.0000305175781,"bigg_id":"cpd00001","name":"H2O","label_x":-712,"label_y":558.0000305175781,"node_is_primary":false},"20":{"node_type":"metabolite","x":-903.6531982421875,"y":538.5064392089844,"bigg_id":"cpd00006","name":"NADP","label_x":-950.2481079101562,"label_y":515.2380981445312,"node_is_primary":false},"21":{"node_type":"metabolite","x":-806.4557495117188,"y":615.2759704589844,"bigg_id":"cpd02065","name":"3-Hydroxy-L-kynurenine","label_x":-788.9620971679688,"label_y":622.0075988769531,"node_is_primary":true},"22":{"node_type":"multimarker","x":-806.4557495117188,"y":770.2759704589844},"23":{"node_type":"midmarker","x":-806.4557495117188,"y":790.2759704589844},"24":{"node_type":"multimarker","x":-806.4557495117188,"y":810.2759704589844},"25":{"node_type":"metabolite","x":-886.4557495117188,"y":685.2759704589844,"bigg_id":"cpd00001","name":"H2O","label_x":-958.4557495117188,"label_y":715.2759704589844,"node_is_primary":false},"26":{"node_type":"metabolite","x":-726.4557495117188,"y":895.2759704589844,"bigg_id":"cpd00035","name":"L-Alanine","label_x":-711.4557495117188,"label_y":895.2759704589844,"node_is_primary":false},"27":{"node_type":"metabolite","x":-886.4557495117188,"y":895.2759704589844,"bigg_id":"cpd00067","name":"H+","label_x":-958.4557495117188,"label_y":925.2759704589844,"node_is_primary":false},"28":{"node_type":"metabolite","x":-806.4557495117188,"y":965.2759704589844,"bigg_id":"cpd00483","name":"3-Hydroxyanthranilate","label_x":-781.4557495117188,"label_y":965.2759704589844,"node_is_primary":true},"29":{"node_type":"multimarker","x":-806.4557495117188,"y":1120.2759704589844},"30":{"node_type":"midmarker","x":-806.4557495117188,"y":1140.2759704589844},"31":{"node_type":"multimarker","x":-806.4557495117188,"y":1160.2759704589844},"32":{"node_type":"metabolite","x":-886.4557495117188,"y":1035.2759704589844,"bigg_id":"cpd00007","name":"O2","label_x":-958.4557495117188,"label_y":1065.2759704589844,"node_is_primary":false},"33":{"node_type":"metabolite","x":-806.4557495117188,"y":1315.2759704589844,"bigg_id":"cpd02692","name":"2-Amino-3-carboxymuconate semialdehyde","label_x":-1243.2430419921875,"label_y":1326.0152282714844,"node_is_primary":true},"34":{"node_type":"multimarker","x":-806.4557495117188,"y":1510.2759704589844},"35":{"node_type":"midmarker","x":-806.4557495117188,"y":1490.2759704589844},"36":{"node_type":"multimarker","x":-806.4557495117188,"y":1470.2759704589844},"37":{"node_type":"metabolite","x":-737.1950073242188,"y":1588.1164245605469,"bigg_id":"cpd00001","name":"H2O","label_x":-722.1950073242188,"label_y":1588.1164245605469,"node_is_primary":false},"38":{"node_type":"metabolite","x":-700.7326049804688,"y":1540.1393737792969,"bigg_id":"cpd00067","name":"H+","label_x":-684.223876953125,"label_y":1538.2181091308594,"node_is_primary":false},"39":{"node_type":"metabolite","x":-806.4557495117188,"y":1665.2759704589844,"bigg_id":"cpd02333","name":"Quinolinate","label_x":-865.5903930664062,"label_y":1705.2356872558594,"node_is_primary":true},"40":{"node_type":"multimarker","x":-611.4557495117188,"y":1665.2759704589844},"41":{"node_type":"midmarker","x":-631.4557495117188,"y":1665.2759704589844},"42":{"node_type":"multimarker","x":-651.4557495117188,"y":1665.2759704589844},"43":{"node_type":"metabolite","x":-526.4557495117188,"y":1585.2759704589844,"bigg_id":"cpd00011","name":"CO2","label_x":-569.6557495117188,"label_y":1565.2759704589844,"node_is_primary":false},"44":{"node_type":"metabolite","x":-526.4557495117188,"y":1745.2759704589844,"bigg_id":"cpd00012","name":"PPi","label_x":-569.6557495117188,"label_y":1785.2759704589844,"node_is_primary":false},"45":{"node_type":"metabolite","x":-456.45574951171875,"y":1665.2759704589844,"bigg_id":"cpd00873","name":"Nicotinate ribonucleotide","label_x":-569.301806640625,"label_y":1692.6130065917969,"node_is_primary":true},"46":{"node_type":"metabolite","x":-736.4557495117188,"y":1810.8000183105469,"bigg_id":"cpd00067","name":"H+","label_x":-779.6557495117188,"label_y":1790.8000183105469,"node_is_primary":false},"47":{"node_type":"metabolite","x":-736.4557495117188,"y":1745.2759704589844,"bigg_id":"cpd00103","name":"PRPP","label_x":-779.6557495117188,"label_y":1785.2759704589844,"node_is_primary":false},"48":{"node_type":"multimarker","x":-456.45574951171875,"y":1510.2759704589844},"49":{"node_type":"midmarker","x":-456.45574951171875,"y":1490.2759704589844},"50":{"node_type":"multimarker","x":-456.45574951171875,"y":1470.2759704589844},"51":{"node_type":"metabolite","x":-376.45574951171875,"y":1595.2759704589844,"bigg_id":"cpd00002","name":"ATP","label_x":-361.45574951171875,"label_y":1595.2759704589844,"node_is_primary":false},"52":{"node_type":"metabolite","x":-376.45574951171875,"y":1385.2759704589844,"bigg_id":"cpd00012","name":"PPi","label_x":-361.45574951171875,"label_y":1385.2759704589844,"node_is_primary":false},"53":{"node_type":"metabolite","x":-454.6658935546875,"y":1315.2759704589844,"bigg_id":"cpd00638","name":"Deamido-NAD","label_x":-535.2684020996094,"label_y":1281.2684020996094,"node_is_primary":true},"54":{"node_type":"multimarker","x":20.721405029296875,"y":1037.8456726074219},"55":{"node_type":"midmarker","x":40.721405029296875,"y":1037.8456726074219},"56":{"node_type":"multimarker","x":60.721405029296875,"y":1037.8456726074219},"57":{"node_type":"metabolite","x":-64.27859497070312,"y":957.8456726074219,"bigg_id":"cpd00002","name":"ATP","label_x":-107.47859497070311,"label_y":937.8456726074219,"node_is_primary":false},"58":{"node_type":"metabolite","x":-112.60516357421875,"y":1078.4684753417969,"bigg_id":"cpd00013","name":"NH3","label_x":-171.91403503417968,"label_y":1086.2508239746094,"node_is_primary":false},"60":{"node_type":"metabolite","x":145.72140502929688,"y":957.8456726074219,"bigg_id":"cpd00012","name":"PPi","label_x":102.52140502929689,"label_y":937.8456726074219,"node_is_primary":false},"61":{"node_type":"metabolite","x":258.48340606689453,"y":1010.4530334472656,"bigg_id":"cpd00018","name":"AMP","label_x":281.5087173461914,"label_y":1012.8656311035156,"node_is_primary":false},"62":{"node_type":"metabolite","x":304.70874786376953,"y":1081.5038757324219,"bigg_id":"cpd00067","name":"H+","label_x":268.6682327270508,"label_y":1096.4456481933594,"node_is_primary":false},"63":{"node_type":"multimarker","x":42.19986343383789,"y":1453.0961608886719},"64":{"node_type":"midmarker","x":62.19986343383789,"y":1453.0961608886719},"65":{"node_type":"multimarker","x":82.19986343383789,"y":1453.0961608886719},"66":{"node_type":"metabolite","x":-173.46088027954102,"y":1430.3721618652344,"bigg_id":"cpd00001","name":"H2O","label_x":-216.660880279541,"label_y":1410.3721618652344,"node_is_primary":false},"67":{"node_type":"metabolite","x":-94.70647048950195,"y":1506.2481384277344,"bigg_id":"cpd00002","name":"ATP","label_x":-137.90647048950194,"label_y":1546.2481384277344,"node_is_primary":false},"68":{"node_type":"metabolite","x":-67.54695510864258,"y":1552.2404479980469,"bigg_id":"cpd00053","name":"L-Glutamine","label_x":-110.74695510864257,"label_y":1592.2404479980469,"node_is_primary":false},"69":{"node_type":"metabolite","x":617.9657669067383,"y":1276.2571716308594,"bigg_id":"cpd00003","name":"NAD","label_x":545.7350051879882,"label_y":1321.0956726074219,"node_is_primary":true},"70":{"node_type":"metabolite","x":288.5998420715332,"y":1520.4100036621094,"bigg_id":"cpd00012","name":"PPi","label_x":247.18971328735353,"label_y":1507.5695495605469,"node_is_primary":false},"71":{"node_type":"metabolite","x":256.6935157775879,"y":1450.0607604980469,"bigg_id":"cpd00018","name":"AMP","label_x":229.60237197875978,"label_y":1433.6405944824219,"node_is_primary":false},"72":{"node_type":"metabolite","x":185.09859085083008,"y":1533.0961608886719,"bigg_id":"cpd00023","name":"L-Glutamate","label_x":141.8985908508301,"label_y":1573.0961608886719,"node_is_primary":false},"73":{"node_type":"metabolite","x":165.09859085083008,"y":1613.0961608886719,"bigg_id":"cpd00067","name":"H+","label_x":121.89859085083009,"label_y":1653.0961608886719,"node_is_primary":false},"81":{"node_type":"multimarker","x":-456.45574951171875,"y":1820.2759704589844},"82":{"node_type":"midmarker","x":-456.45574951171875,"y":1840.2759704589844},"83":{"node_type":"multimarker","x":-456.45574951171875,"y":1860.2759704589844},"84":{"node_type":"metabolite","x":-397.84088134765625,"y":1728.2879333496094,"bigg_id":"cpd00012","name":"PPi","label_x":-435.9716796875,"label_y":1765.5456237792969,"node_is_primary":false},"85":{"node_type":"metabolite","x":-536.4557495117188,"y":1945.2759704589844,"bigg_id":"cpd00103","name":"PRPP","label_x":-608.4557495117188,"label_y":1975.2759704589844,"node_is_primary":false},"86":{"node_type":"metabolite","x":-456.45574951171875,"y":2015.2759704589844,"bigg_id":"cpd00218","name":"Niacin","label_x":-434.2962951660156,"label_y":2001.0734558105469,"node_is_primary":true},"87":{"node_type":"multimarker","x":-164.6866226196289,"y":2015.2758483886719},"88":{"node_type":"midmarker","x":-184.6866226196289,"y":2015.2758483886719},"89":{"node_type":"multimarker","x":-204.6866226196289,"y":2015.2758483886719},"90":{"node_type":"metabolite","x":-79.6866226196289,"y":2095.275848388672,"bigg_id":"cpd00001","name":"H2O","label_x":-122.8866226196289,"label_y":2135.275848388672,"node_is_primary":false},"91":{"node_type":"metabolite","x":77.40560913085938,"y":2015.2759704589844,"bigg_id":"cpd00133","name":"Nicotinamide","label_x":34.205609130859386,"label_y":2055.2759704589844,"node_is_primary":true},"92":{"node_type":"metabolite","x":-289.6866226196289,"y":2095.275848388672,"bigg_id":"cpd00013","name":"NH3","label_x":-332.8866226196289,"label_y":2135.275848388672,"node_is_primary":false},"93":{"node_type":"multimarker","x":366.75550842285156,"y":2015.2759704589844},"94":{"node_type":"midmarker","x":346.75550842285156,"y":2015.2759704589844},"95":{"node_type":"multimarker","x":326.75550842285156,"y":2015.2759704589844},"96":{"node_type":"metabolite","x":451.75550842285156,"y":2095.2759704589844,"bigg_id":"cpd00012","name":"PPi","label_x":419.9175689697266,"label_y":2121.0733337402344,"node_is_primary":false},"97":{"node_type":"metabolite","x":620.9439086914062,"y":2017.6952819824219,"bigg_id":"cpd00355","name":"Nicotinamide ribonucleotide","label_x":577.7439086914062,"label_y":2057.695281982422,"node_is_primary":true},"98":{"node_type":"metabolite","x":241.75550842285156,"y":2095.2759704589844,"bigg_id":"cpd00103","name":"PRPP","label_x":198.55550842285157,"label_y":2135.2759704589844,"node_is_primary":false},"99":{"node_type":"multimarker","x":618.5246734619141,"y":1724.7991638183594},"100":{"node_type":"midmarker","x":618.5246734619141,"y":1704.7991638183594},"101":{"node_type":"multimarker","x":618.5246734619141,"y":1684.7991638183594},"102":{"node_type":"metabolite","x":684.0091857910156,"y":1836.4107360839844,"bigg_id":"cpd00002","name":"ATP","label_x":699.0091857910156,"label_y":1836.4107360839844,"node_is_primary":false},"104":{"node_type":"metabolite","x":698.5246734619141,"y":1599.7991638183594,"bigg_id":"cpd00012","name":"PPi","label_x":713.5246734619141,"label_y":1599.7991638183594,"node_is_primary":false},"120":{"node_type":"multimarker","x":-301.45574951171875,"y":1665.2759704589844},"121":{"node_type":"midmarker","x":-281.45574951171875,"y":1665.2759704589844},"122":{"node_type":"multimarker","x":-261.45574951171875,"y":1665.2759704589844},"123":{"node_type":"metabolite","x":-354.7984619140625,"y":1620.0989685058594,"bigg_id":"cpd00008","name":"ADP","label_x":-415.4099914550781,"label_y":1630.1734313964844,"node_is_primary":false},"124":{"node_type":"metabolite","x":-357.96417236328125,"y":1726.2815856933594,"bigg_id":"cpd00067","name":"H+","label_x":-356.8439514160156,"label_y":1758.3671569824219,"node_is_primary":false},"125":{"node_type":"metabolite","x":-167.93417358398438,"y":1722.5518493652344,"bigg_id":"cpd00002","name":"ATP","label_x":-211.13417358398436,"label_y":1762.5518493652344,"node_is_primary":false},"126":{"node_type":"metabolite","x":-106.45574951171875,"y":1665.2759704589844,"bigg_id":"cpd03471","name":"Nicotinate D-ribonucleoside","label_x":-149.65574951171874,"label_y":1705.2759704589844,"node_is_primary":true},"127":{"node_type":"multimarker","x":-961.4557495117188,"y":1665.2759704589844},"128":{"node_type":"midmarker","x":-981.4557495117188,"y":1665.2759704589844},"129":{"node_type":"multimarker","x":-1001.4557495117188,"y":1665.2759704589844},"130":{"node_type":"metabolite","x":-876.4557495117188,"y":1745.2759704589844,"bigg_id":"cpd00001","name":"H2O","label_x":-906.5970947265625,"label_y":1772.2172546386719,"node_is_primary":false},"131":{"node_type":"metabolite","x":-950.4548950195312,"y":1768.0972595214844,"bigg_id":"cpd00009","name":"Phosphate","label_x":-1064.752001953125,"label_y":1777.1165466308594,"node_is_primary":false},"132":{"node_type":"metabolite","x":-890.65185546875,"y":1513.9817810058594,"bigg_id":"cpd00067","name":"H+","label_x":-933.85185546875,"label_y":1493.9817810058594,"node_is_primary":false},"133":{"node_type":"metabolite","x":-1086.4557495117188,"y":1585.2759704589844,"bigg_id":"cpd00095","name":"Glycerone-phosphate","label_x":-1208.0077392578125,"label_y":1559.4721374511719,"node_is_primary":false},"134":{"node_type":"metabolite","x":-1159.6327514648438,"y":1665.2759704589844,"bigg_id":"cpd03470","name":"Iminoaspartate","label_x":-1202.8327514648438,"label_y":1705.2759704589844,"node_is_primary":true},"135":{"node_type":"multimarker","x":-1521.8977661132812,"y":1374.4291687011719},"136":{"node_type":"midmarker","x":-1501.8977661132812,"y":1374.4291687011719},"137":{"node_type":"multimarker","x":-1481.8977661132812,"y":1374.4291687011719},"138":{"node_type":"metabolite","x":-1606.8977661132812,"y":1294.4291687011719,"bigg_id":"cpd00007","name":"O2","label_x":-1650.0977661132813,"label_y":1274.4291687011719,"node_is_primary":false},"139":{"node_type":"metabolite","x":-1850.5844116210938,"y":1662.6989440917969,"bigg_id":"cpd00041","name":"L-Aspartate","label_x":-1922.3773071289063,"label_y":1704.2874450683594,"node_is_primary":true},"140":{"node_type":"metabolite","x":-1396.8977661132812,"y":1294.4291687011719,"bigg_id":"cpd00025","name":"H2O2","label_x":-1440.0977661132813,"label_y":1274.4291687011719,"node_is_primary":false},"141":{"node_type":"multimarker","x":-1528.2517700195312,"y":1666.7128601074219},"142":{"node_type":"midmarker","x":-1508.2517700195312,"y":1666.7128601074219},"143":{"node_type":"multimarker","x":-1488.2517700195312,"y":1666.7128601074219},"144":{"node_type":"metabolite","x":-1633.0198364257812,"y":1726.1210632324219,"bigg_id":"cpd00006","name":"NADP","label_x":-1676.2198364257813,"label_y":1766.1210632324219,"node_is_primary":false},"146":{"node_type":"metabolite","x":-1403.2517700195312,"y":1746.7128601074219,"bigg_id":"cpd00005","name":"NADPH","label_x":-1446.4517700195313,"label_y":1786.7128601074219,"node_is_primary":false},"147":{"node_type":"metabolite","x":-1482.6766967773438,"y":1742.3857116699219,"bigg_id":"cpd00067","name":"H+","label_x":-1529.0536987304688,"label_y":1741.4477233886719,"node_is_primary":false},"148":{"node_type":"multimarker","x":-652,"y":278.0000305175781},"149":{"node_type":"midmarker","x":-632,"y":278.0000305175781},"150":{"node_type":"multimarker","x":-612,"y":278.0000305175781},"151":{"node_type":"metabolite","x":-742.1541137695312,"y":339.9604797363281,"bigg_id":"cpd00001","name":"H2O","label_x":-790.5082885742188,"label_y":364.4980163574219,"node_is_primary":false},"152":{"node_type":"metabolite","x":-527,"y":198.00003051757812,"bigg_id":"cpd00035","name":"L-Alanine","label_x":-570.2,"label_y":178.00003051757812,"node_is_primary":false},"153":{"node_type":"metabolite","x":-527,"y":358.0000305175781,"bigg_id":"cpd00067","name":"H+","label_x":-570.2,"label_y":398.0000305175781,"node_is_primary":false},"154":{"node_type":"metabolite","x":-457,"y":278.0000305175781,"bigg_id":"cpd00093","name":"Anthranilate","label_x":-500.2,"label_y":318.0000305175781,"node_is_primary":true},"155":{"node_type":"multimarker","x":-1532.4509887695312,"y":1938.4462585449219},"156":{"node_type":"midmarker","x":-1512.4509887695312,"y":1938.4462585449219},"157":{"node_type":"multimarker","x":-1492.4509887695312,"y":1938.4462585449219},"158":{"node_type":"metabolite","x":-1687.4509887695312,"y":1938.4462585449219,"bigg_id":"cpd00003","name":"NAD","label_x":-1730.6509887695313,"label_y":1978.4462585449219,"node_is_primary":false},"160":{"node_type":"metabolite","x":-1407.4509887695312,"y":2018.4462585449219,"bigg_id":"cpd00004","name":"NADH","label_x":-1450.6509887695313,"label_y":2058.446258544922,"node_is_primary":false},"161":{"node_type":"metabolite","x":-1317.2532348632812,"y":1884.2171325683594,"bigg_id":"cpd00067","name":"H+","label_x":-1360.4532348632813,"label_y":1864.2171325683594,"node_is_primary":false},"173":{"node_type":"metabolite","x":539.7234939531809,"y":1164.068189140947,"bigg_id":"cpd00002","name":"ATP","label_x":496.52349395318083,"label_y":1204.068189140947,"node_is_primary":false},"174":{"node_type":"multimarker","x":616.6938568961875,"y":1075.0872708147303},"175":{"node_type":"midmarker","x":616.2207472255272,"y":1055.0928674167915},"176":{"node_type":"multimarker","x":615.7476375548661,"y":1035.0984640188517},"178":{"node_type":"metabolite","x":614.1313916111542,"y":880.1418376848214,"bigg_id":"cpd00006","name":"NADP","label_x":524.5040234470916,"label_y":907.9241252824777,"node_is_primary":true},"179":{"node_type":"metabolite","x":533.7593078628015,"y":952.014688260251,"bigg_id":"cpd00008","name":"ADP","label_x":490.55930786280146,"label_y":992.014688260251,"node_is_primary":false},"180":{"node_type":"metabolite","x":693.7145350463156,"y":948.229810894967,"bigg_id":"cpd00067","name":"H+","label_x":650.5145350463156,"label_y":928.229810894967,"node_is_primary":false},"181":{"node_type":"multimarker","x":614.1313916111542,"y":685.1418376848214},"182":{"node_type":"midmarker","x":614.1313916111542,"y":705.1418376848214},"183":{"node_type":"multimarker","x":614.1313916111542,"y":725.1418376848214},"184":{"node_type":"metabolite","x":614.1313916111542,"y":530.1418376848214,"bigg_id":"cpd00005","name":"NADPH","label_x":639.1313916111542,"label_y":530.1418376848214,"node_is_primary":true},"185":{"node_type":"metabolite","x":534.1313916111542,"y":600.1418376848214,"bigg_id":"cpd00067","name":"H+","label_x":462.1313916111542,"label_y":630.1418376848214,"node_is_primary":false},"186":{"node_type":"metabolite","x":694.1313916111542,"y":600.1418376848214,"bigg_id":"cpd11468","name":"Dodecanoyl-ACP","label_x":709.1313916111542,"label_y":600.1418376848214,"node_is_primary":false},"187":{"node_type":"metabolite","x":774.1313916111542,"y":620.1418376848214,"bigg_id":"cpd11492","name":"Malonyl-acyl-carrierprotein-","label_x":789.1313916111542,"label_y":620.1418376848214,"node_is_primary":false},"188":{"node_type":"metabolite","x":534.1313916111542,"y":810.1418376848214,"bigg_id":"cpd00011","name":"CO2","label_x":462.1313916111542,"label_y":840.1418376848214,"node_is_primary":false},"189":{"node_type":"metabolite","x":694.1313916111542,"y":810.1418376848214,"bigg_id":"cpd11484","name":"HMA","label_x":709.1313916111542,"label_y":810.1418376848214,"node_is_primary":false},"190":{"node_type":"metabolite","x":774.1313916111542,"y":790.1418376848214,"bigg_id":"cpd11493","name":"ACP","label_x":789.1313916111542,"label_y":790.1418376848214,"node_is_primary":false},"191":{"node_type":"multimarker","x":205.75896259006527,"y":2241.341089875854},"192":{"node_type":"midmarker","x":193.34209694826387,"y":2225.6623958092728},"193":{"node_type":"multimarker","x":180.9252313064585,"y":2209.9837017426926},"194":{"node_type":"metabolite","x":195.81586530141124,"y":2357.6430022260274,"bigg_id":"cpd00001","name":"H2O","label_x":123.81586530141124,"label_y":2387.6430022260274,"node_is_primary":false},"195":{"node_type":"metabolite","x":328.11261227015973,"y":2365.7108465046826,"bigg_id":"cpd02016","name":"N-Ribosylnicotinamide","label_x":353.11261227015973,"label_y":2365.7108465046826,"node_is_primary":true},"196":{"node_type":"metabolite","x":150.28309126335574,"y":2078.423651902418,"bigg_id":"cpd00067","name":"H+","label_x":165.28309126335574,"label_y":2078.423651902418,"node_is_primary":false},"197":{"node_type":"metabolite","x":65.43877606247615,"y":2193.016714526942,"bigg_id":"cpd00105","name":"D-Ribose","label_x":-6.561223937523906,"label_y":2223.016714526942,"node_is_primary":false},"198":{"node_type":"multimarker","x":475.6068211847039,"y":2226.3973148975138},"199":{"node_type":"midmarker","x":491.00337334816777,"y":2213.632277432717},"200":{"node_type":"multimarker","x":506.399925511633,"y":2200.8672399679203},"201":{"node_type":"metabolite","x":359.11132463078434,"y":2219.062515469046,"bigg_id":"cpd00002","name":"ATP","label_x":287.11132463078434,"label_y":2249.062515469046,"node_is_primary":false},"203":{"node_type":"metabolite","x":622.8954220655521,"y":2208.202039396388,"bigg_id":"cpd00008","name":"ADP","label_x":637.8954220655521,"label_y":2208.202039396388,"node_is_primary":false},"204":{"node_type":"metabolite","x":520.7751223471687,"y":2085.0296220886653,"bigg_id":"cpd00067","name":"H+","label_x":485.7018801596687,"label_y":2083.7837724792903,"node_is_primary":false},"205":{"node_type":"multimarker","x":-106.45574951171875,"y":1820.2759704589844},"206":{"node_type":"midmarker","x":-106.45574951171875,"y":1840.2759704589844},"207":{"node_type":"multimarker","x":-106.45574951171875,"y":1860.2759704589844},"208":{"node_type":"metabolite","x":-30.22708511352539,"y":1732.4355163574219,"bigg_id":"cpd00001","name":"H2O","label_x":-19.85196876525879,"label_y":1751.0734558105469,"node_is_primary":false},"209":{"node_type":"metabolite","x":-26.45574951171875,"y":1945.2759704589844,"bigg_id":"cpd00067","name":"H+","label_x":-11.45574951171875,"label_y":1945.2759704589844,"node_is_primary":false},"210":{"node_type":"metabolite","x":-152.36949157714844,"y":1922.5518493652344,"bigg_id":"cpd00105","name":"D-Ribose","label_x":-252.7747039794922,"label_y":1941.1897888183594,"node_is_primary":false}},"text_labels":{"0":{"x":-1497.7158813476562,"y":-248.81781005859375,"text":"Tryptophan Metabolism"},"1":{"x":-1922.556884765625,"y":1206.2088623046875,"text":"Aspartate Metabolism"},"3":{"x":-312.361083984375,"y":-456.148193359375,"text":"NAD / NADP Biosynthesis"}},"canvas":{"x":-2453.0987548828125,"y":-898.6368408203125,"width":3944.019287109375,"height":3552.9903564453125}}]