[{"map_name":"new_map","map_id":"frRVMpdELajX","map_description":"","homepage":"https://escher.github.io","schema":"https://escher.github.io/escher/jsonschema/1-0-0#"},{"reactions":{"0":{"name":"rxn01187","bigg_id":"rxn01187","reversibility":false,"label_x":1209.92333984375,"label_y":-256.66236877441406,"gene_reaction_rule":"","genes":[],"metabolites":[{"bigg_id":"cpd00009","coefficient":-1},{"bigg_id":"cpd00198","coefficient":-1},{"bigg_id":"cpd00001","coefficient":1},{"bigg_id":"cpd00102","coefficient":1},{"bigg_id":"cpd00196","coefficient":1}],"segments":{"0":{"from_node_id":"1","to_node_id":"2","b1":null,"b2":null},"1":{"from_node_id":"3","to_node_id":"2","b1":null,"b2":null},"2":{"from_node_id":"1","to_node_id":"0","b1":{"x":1194.92333984375,"y":-328.66236877441406},"b2":{"x":1219.7330322265625,"y":-397.9591522216797}},"3":{"from_node_id":"1","to_node_id":"41","b1":{"x":1189.2359619140625,"y":-512.7624664306641},"b2":{"x":1409.5284423828125,"y":-648.3950958251953}},"4":{"from_node_id":"3","to_node_id":"5","b1":{"x":1194.92333984375,"y":-200.66236877441406},"b2":{"x":1181.0045166015625,"y":-168.1620330810547}},"5":{"from_node_id":"3","to_node_id":"6","b1":{"x":1202.506591796875,"y":11.457756996154785},"b2":{"x":1387.5377197265625,"y":117.78775072097778}},"6":{"from_node_id":"3","to_node_id":"7","b1":{"x":1193.027587890625,"y":-196.87078857421875},"b2":{"x":1233.24072265625,"y":-175.4287872314453}}}},"1":{"name":"rxn15072","bigg_id":"rxn15072","reversibility":false,"label_x":1451.4635009765625,"label_y":-1835.6553268432617,"gene_reaction_rule":"","genes":[],"metabolites":[{"bigg_id":"cpd00006","coefficient":-1},{"bigg_id":"cpd19006","coefficient":-1},{"bigg_id":"cpd00005","coefficient":1},{"bigg_id":"cpd00067","coefficient":1},{"bigg_id":"cpd00911","coefficient":1}],"segments":{"7":{"from_node_id":"9","to_node_id":"10","b1":null,"b2":null},"8":{"from_node_id":"11","to_node_id":"10","b1":null,"b2":null},"9":{"from_node_id":"9","to_node_id":"8","b1":{"x":1436.4635009765625,"y":-1907.6553268432617},"b2":{"x":1428.30810546875,"y":-1918.4095993041992}},"10":{"from_node_id":"9","to_node_id":"12","b1":{"x":1436.4635009765625,"y":-1911.6553268432617},"b2":{"x":1432.055908203125,"y":-1963.3680953979492}},"11":{"from_node_id":"11","to_node_id":"13","b1":{"x":1436.4635009765625,"y":-1783.6553268432617},"b2":{"x":1422.87109375,"y":-1781.0562057495117}},"12":{"from_node_id":"11","to_node_id":"14","b1":{"x":1436.4635009765625,"y":-1779.6553268432617},"b2":{"x":1454.4635009765625,"y":-1774.4053268432617}},"13":{"from_node_id":"11","to_node_id":"33","b1":{"x":1436.4635009765625,"y":-1779.6553268432617},"b2":{"x":1769.146728515625,"y":-1777.1238327026367}}}},"2":{"name":"rxn01975","bigg_id":"rxn01975","reversibility":false,"label_x":2119.3296699523926,"label_y":-1842.589958190918,"gene_reaction_rule":"","genes":[],"metabolites":[{"bigg_id":"cpd00006","coefficient":-1},{"bigg_id":"cpd00863","coefficient":-1},{"bigg_id":"cpd00005","coefficient":1},{"bigg_id":"cpd00067","coefficient":1},{"bigg_id":"cpd00911","coefficient":1}],"segments":{"14":{"from_node_id":"17","to_node_id":"18","b1":null,"b2":null},"15":{"from_node_id":"19","to_node_id":"18","b1":null,"b2":null},"16":{"from_node_id":"17","to_node_id":"16","b1":{"x":2104.3296699523926,"y":-1914.589958190918},"b2":{"x":2128.7959785461426,"y":-1933.4997482299805}},"17":{"from_node_id":"17","to_node_id":"20","b1":{"x":2104.3296699523926,"y":-1918.589958190918},"b2":{"x":2105.359088897705,"y":-1931.995475769043}},"18":{"from_node_id":"19","to_node_id":"21","b1":{"x":2104.3296699523926,"y":-1790.589958190918},"b2":{"x":2134.2329902648926,"y":-1787.991081237793}},"19":{"from_node_id":"19","to_node_id":"22","b1":{"x":2104.3296699523926,"y":-1786.589958190918},"b2":{"x":2108.7373847961426,"y":-1770.4660568237305}},"20":{"from_node_id":"19","to_node_id":"33","b1":{"x":2104.3296699523926,"y":-1786.589958190918},"b2":{"x":1770.98677444458,"y":-1784.0583419799805}}}},"3":{"name":"rxn15114","bigg_id":"rxn15114","reversibility":false,"label_x":1901.118408203125,"label_y":-792.6834106445312,"gene_reaction_rule":"","genes":[],"metabolites":[{"bigg_id":"cpd19028","coefficient":-1},{"bigg_id":"cpd00171","coefficient":1}],"segments":{"21":{"from_node_id":"25","to_node_id":"26","b1":null,"b2":null},"22":{"from_node_id":"27","to_node_id":"26","b1":null,"b2":null},"23":{"from_node_id":"25","to_node_id":"42","b1":{"x":2012.2339922827707,"y":-826.7360726630411},"b2":{"x":2063.095962092695,"y":-829.0764024175184}},"24":{"from_node_id":"27","to_node_id":"61","b1":{"x":1888.2347577172293,"y":-827.1717642510214},"b2":{"x":1836.8535007979299,"y":-826.0776503168566}}}},"4":{"name":"rxn01476","bigg_id":"rxn01476","reversibility":false,"label_x":1786.043228149414,"label_y":-1480.021842956543,"gene_reaction_rule":"","genes":[],"metabolites":[{"bigg_id":"cpd00001","coefficient":-1},{"bigg_id":"cpd00911","coefficient":-1},{"bigg_id":"cpd00067","coefficient":1},{"bigg_id":"cpd00284","coefficient":1}],"segments":{"25":{"from_node_id":"30","to_node_id":"31","b1":null,"b2":null},"26":{"from_node_id":"32","to_node_id":"31","b1":null,"b2":null},"27":{"from_node_id":"30","to_node_id":"29","b1":{"x":1771.043228149414,"y":-1552.021842956543},"b2":{"x":1753.9637603759766,"y":-1559.913200378418}},"28":{"from_node_id":"30","to_node_id":"33","b1":{"x":1771.043228149414,"y":-1556.021842956543},"b2":{"x":1773.398208618164,"y":-1617.6689376831055}},"29":{"from_node_id":"32","to_node_id":"34","b1":{"x":1771.043228149414,"y":-1424.021842956543},"b2":{"x":1753.043228149414,"y":-1418.771842956543}},"30":{"from_node_id":"32","to_node_id":"89","b1":{"x":1771.043228149414,"y":-1428.021842956543},"b2":{"x":1771.043228149414,"y":-1373.771842956543}}}},"5":{"name":"rxn15228","bigg_id":"rxn15228","reversibility":false,"label_x":1437.8371776306556,"label_y":-261.26804042740923,"gene_reaction_rule":"","genes":[],"metabolites":[{"bigg_id":"cpd00102","coefficient":-1},{"bigg_id":"cpd00238","coefficient":-1},{"bigg_id":"cpd00198","coefficient":1},{"bigg_id":"cpd19028","coefficient":1}],"segments":{"31":{"from_node_id":"37","to_node_id":"38","b1":null,"b2":null},"32":{"from_node_id":"39","to_node_id":"38","b1":null,"b2":null},"33":{"from_node_id":"37","to_node_id":"6","b1":{"x":1422.608902302753,"y":-209.26846066774738},"b2":{"x":1430.8367151139216,"y":97.84024925493088}},"34":{"from_node_id":"37","to_node_id":"40","b1":{"x":1422.5941748622429,"y":-205.26848778002756},"b2":{"x":1459.5327309038141,"y":-191.2594703415847}},"35":{"from_node_id":"39","to_node_id":"41","b1":{"x":1423.065452958561,"y":-333.2676201870713},"b2":{"x":1412.3483237532882,"y":-700.253519566619}},"36":{"from_node_id":"39","to_node_id":"42","b1":{"x":1413.5407516881319,"y":-612.0030667076037},"b2":{"x":2134.1435776126054,"y":-562.2796836658331}}}},"6":{"name":"rxn15271","bigg_id":"rxn15271","reversibility":false,"label_x":2159.660468442918,"label_y":-313.05257019152174,"gene_reaction_rule":"","genes":[],"metabolites":[{"bigg_id":"cpd00102","coefficient":-1},{"bigg_id":"cpd19035","coefficient":-1},{"bigg_id":"cpd00198","coefficient":1},{"bigg_id":"cpd00236","coefficient":1}],"segments":{"37":{"from_node_id":"44","to_node_id":"45","b1":null,"b2":null},"38":{"from_node_id":"46","to_node_id":"45","b1":null,"b2":null},"39":{"from_node_id":"44","to_node_id":"6","b1":{"x":2164.906725253001,"y":192.2687238219064},"b2":{"x":1523.075996348543,"y":108.15825070645946}},"40":{"from_node_id":"44","to_node_id":"47","b1":{"x":2143.694183794681,"y":-246.42119659173233},"b2":{"x":2099.1516909039797,"y":-200.29806416320315}},"41":{"from_node_id":"46","to_node_id":"41","b1":{"x":2135.055813195334,"y":-683.0069513631552},"b2":{"x":1414.73078038104,"y":-624.4478698492698}},"42":{"from_node_id":"46","to_node_id":"105","b1":{"x":2143.4985792630305,"y":-376.2724752854557},"b2":{"x":2070.509323846959,"y":-414.6450591194415}}}},"8":{"name":"rxn03643","bigg_id":"rxn03643","reversibility":false,"label_x":2247.8424321572807,"label_y":-584.9269581059754,"gene_reaction_rule":"","genes":[],"metabolites":[{"bigg_id":"cpd00055","coefficient":-1},{"bigg_id":"cpd00171","coefficient":-1},{"bigg_id":"cpd03583","coefficient":1}],"segments":{"49":{"from_node_id":"58","to_node_id":"59","b1":null,"b2":null},"50":{"from_node_id":"60","to_node_id":"59","b1":null,"b2":null},"51":{"from_node_id":"58","to_node_id":"57","b1":{"x":2236.980711921441,"y":-574.3147183254113},"b2":{"x":2139.004329133548,"y":-598.9147472172024}},"52":{"from_node_id":"58","to_node_id":"61","b1":{"x":2233.085871855823,"y":-575.2258828897172},"b2":{"x":1774.1527600704885,"y":-662.504499852218}},"53":{"from_node_id":"60","to_node_id":"62","b1":{"x":2371.3132832524957,"y":-521.6023692732622},"b2":{"x":2387.1124516035634,"y":-508.79385979913354}}}},"11":{"name":"rxn15108","bigg_id":"rxn15108","reversibility":false,"label_x":2137.9607949832603,"label_y":-1119.5121877537458,"gene_reaction_rule":"","genes":[],"metabolites":[{"bigg_id":"cpd00002","coefficient":-1},{"bigg_id":"cpd19028","coefficient":-1},{"bigg_id":"cpd00018","coefficient":1},{"bigg_id":"cpd00067","coefficient":1},{"bigg_id":"cpd00103","coefficient":1}],"segments":{"66":{"from_node_id":"78","to_node_id":"79","b1":null,"b2":null},"67":{"from_node_id":"80","to_node_id":"79","b1":null,"b2":null},"68":{"from_node_id":"78","to_node_id":"77","b1":{"x":2122.7179322475063,"y":-1067.512663419348},"b2":{"x":2162.2261304787207,"y":-1045.5361509158124}},"69":{"from_node_id":"78","to_node_id":"42","b1":{"x":2122.702263683909,"y":-1063.5126941074514},"b2":{"x":2120.820964894598,"y":-919.1697649119005}},"70":{"from_node_id":"80","to_node_id":"82","b1":{"x":2123.2036577190147,"y":-1191.5117120881437},"b2":{"x":2160.6544438628,"y":-1201.0755048651165}},"71":{"from_node_id":"80","to_node_id":"83","b1":{"x":2123.2193262826113,"y":-1195.5116814000403},"b2":{"x":2105.240029368798,"y":-1200.8321496580913}},"72":{"from_node_id":"80","to_node_id":"84","b1":{"x":2123.2193262826113,"y":-1195.5116814000403},"b2":{"x":2121.3791574727425,"y":-1240.411835710718}}}},"12":{"name":"rxn01115","bigg_id":"rxn01115","reversibility":false,"label_x":1785.6229820251465,"label_y":-1111.4348449707031,"gene_reaction_rule":"","genes":[],"metabolites":[{"bigg_id":"cpd00006","coefficient":-1},{"bigg_id":"cpd00284","coefficient":-1},{"bigg_id":"cpd00005","coefficient":1},{"bigg_id":"cpd00011","coefficient":1},{"bigg_id":"cpd00171","coefficient":1}],"segments":{"73":{"from_node_id":"86","to_node_id":"87","b1":null,"b2":null},"74":{"from_node_id":"88","to_node_id":"87","b1":null,"b2":null},"75":{"from_node_id":"86","to_node_id":"85","b1":{"x":1770.6229820251465,"y":-1183.4348449707031},"b2":{"x":1748.280086517334,"y":-1185.5514221191406}},"76":{"from_node_id":"86","to_node_id":"89","b1":{"x":1770.6229820251465,"y":-1187.4348449707031},"b2":{"x":1772.4833335876465,"y":-1239.8531799316406}},"77":{"from_node_id":"88","to_node_id":"90","b1":{"x":1770.6229820251465,"y":-1059.4348449707031},"b2":{"x":1755.7277183532715,"y":-1054.8357238769531}},"78":{"from_node_id":"88","to_node_id":"91","b1":{"x":1770.6229820251465,"y":-1055.4348449707031},"b2":{"x":1788.6229820251465,"y":-1050.1848449707031}},"79":{"from_node_id":"88","to_node_id":"61","b1":{"x":1770.6229820251465,"y":-1055.4348449707031},"b2":{"x":1774.9235191345215,"y":-923.5751647949219}}}},"13":{"name":"rxn01116","bigg_id":"rxn01116","reversibility":false,"label_x":1530.45947265625,"label_y":-790.5100860595703,"gene_reaction_rule":"","genes":[],"metabolites":[{"bigg_id":"cpd00171","coefficient":-1},{"bigg_id":"cpd00198","coefficient":1}],"segments":{"80":{"from_node_id":"94","to_node_id":"95","b1":null,"b2":null},"81":{"from_node_id":"96","to_node_id":"95","b1":null,"b2":null},"82":{"from_node_id":"94","to_node_id":"61","b1":{"x":1657.2788075905041,"y":-822.8616033720283},"b2":{"x":1713.9689922595394,"y":-822.851843984296}},"83":{"from_node_id":"96","to_node_id":"41","b1":{"x":1533.2788095969959,"y":-822.8839105439873},"b2":{"x":1479.0288104748363,"y":-822.8936699317196}}}},"14":{"name":"rxn15060","bigg_id":"rxn15060","reversibility":false,"label_x":1646.6254599621077,"label_y":15.05866378010569,"gene_reaction_rule":"","genes":[],"metabolites":[{"bigg_id":"cpd00009","coefficient":-1},{"bigg_id":"cpd19035","coefficient":-1},{"bigg_id":"cpd00001","coefficient":1},{"bigg_id":"cpd00196","coefficient":1},{"bigg_id":"cpd00236","coefficient":1}],"segments":{"84":{"from_node_id":"99","to_node_id":"100","b1":null,"b2":null},"85":{"from_node_id":"101","to_node_id":"100","b1":null,"b2":null},"86":{"from_node_id":"99","to_node_id":"98","b1":{"x":1766.2857627266703,"y":-21.24828018085025},"b2":{"x":1795.2064586624585,"y":-25.87200984444462}},"87":{"from_node_id":"99","to_node_id":"47","b1":{"x":1770.2852996489817,"y":-21.18741634039663},"b2":{"x":1943.7070718807888,"y":-59.161348804716255}},"88":{"from_node_id":"101","to_node_id":"103","b1":{"x":1645.5673048455462,"y":-21.37923453777057},"b2":{"x":1625.5105780873466,"y":-19.811402831044955}},"89":{"from_node_id":"101","to_node_id":"7","b1":{"x":1605.6001417596087,"y":-32.279365763356516},"b2":{"x":1429.3701248168945,"y":-54.80195617675781}},"90":{"from_node_id":"101","to_node_id":"105","b1":{"x":1455.1810995803569,"y":-393.7395571444607},"b2":{"x":1603.605354309082,"y":-409.4735412597656}}}},"16":{"name":"rxn29919","bigg_id":"rxn29919","reversibility":false,"label_x":1768.6133522603354,"label_y":-301.73593575758616,"gene_reaction_rule":"","genes":[],"metabolites":[{"bigg_id":"cpd00102","coefficient":-1},{"bigg_id":"cpd00238","coefficient":-1},{"bigg_id":"cpd00236","coefficient":1},{"bigg_id":"cpd19035","coefficient":1}],"segments":{"97":{"from_node_id":"113","to_node_id":"114","b1":null,"b2":null},"98":{"from_node_id":"115","to_node_id":"114","b1":null,"b2":null},"99":{"from_node_id":"113","to_node_id":"6","b1":{"x":1551.362297785246,"y":-273.29154654902806},"b2":{"x":1477.806101283773,"y":83.91600744920095}},"100":{"from_node_id":"113","to_node_id":"40","b1":{"x":1678.897170227391,"y":-275.12604902111076},"b2":{"x":1655.165476283773,"y":-293.4233289460627}},"101":{"from_node_id":"115","to_node_id":"105","b1":{"x":1910.447170407299,"y":-282.9628490750307},"b2":{"x":1924.549021205648,"y":-303.0516401032893}},"102":{"from_node_id":"115","to_node_id":"47","b1":{"x":1906.4472100745297,"y":-282.9450351405453},"b2":{"x":1940.7322487447104,"y":-275.38409859938304}}}},"18":{"name":"rxn16622","bigg_id":"rxn16622","reversibility":false,"label_x":2234.772891357937,"label_y":-91.02899941149076,"gene_reaction_rule":"","genes":[],"metabolites":[{"bigg_id":"cpd03583","coefficient":-1},{"bigg_id":"cpd19035","coefficient":1}],"segments":{"107":{"from_node_id":"123","to_node_id":"124","b1":null,"b2":null},"108":{"from_node_id":"125","to_node_id":"124","b1":null,"b2":null},"109":{"from_node_id":"123","to_node_id":"62","b1":{"x":2382.3352557718868,"y":-181.9379398954463},"b2":{"x":2390.148867920437,"y":-260.3515625828775}},"110":{"from_node_id":"125","to_node_id":"47","b1":{"x":2146.4336714752376,"y":-104.9763363933555},"b2":{"x":2135.9014313969997,"y":-197.82666023912748}}}}},"nodes":{"0":{"node_type":"metabolite","x":1304.3271484375,"y":-410.8020477294922,"bigg_id":"cpd00009","name":"Phosphate","label_x":1260.505859375,"label_y":-440.38230895996094,"node_is_primary":false},"1":{"node_type":"multimarker","x":1194.92333984375,"y":-286.66236877441406},"2":{"node_type":"midmarker","x":1194.92333984375,"y":-266.66236877441406},"3":{"node_type":"multimarker","x":1194.92333984375,"y":-246.66236877441406},"5":{"node_type":"metabolite","x":1085.1887817382812,"y":-152.82386779785156,"bigg_id":"cpd00001","name":"H2O","label_x":1060.73486328125,"label_y":-113.36993408203125,"node_is_primary":false},"6":{"node_type":"metabolite","x":1428.1312255859375,"y":247.5617070198059,"bigg_id":"cpd00102","name":"Glyceraldehyde3-phosphate","label_x":1450.08935546875,"label_y":247.5617070198059,"node_is_primary":true},"7":{"node_type":"metabolite","x":1298.408935546875,"y":-134.4120330810547,"bigg_id":"cpd00196","name":"Acetylphosphate","label_x":1226.408935546875,"label_y":-104.41203308105469,"node_is_primary":true},"8":{"node_type":"metabolite","x":1346.7537841796875,"y":-1944.5378952026367,"bigg_id":"cpd00006","name":"NADP","label_x":1263.0147705078125,"label_y":-1925.5085983276367,"node_is_primary":false},"9":{"node_type":"multimarker","x":1436.4635009765625,"y":-1865.6553268432617},"10":{"node_type":"midmarker","x":1436.4635009765625,"y":-1845.6553268432617},"11":{"node_type":"multimarker","x":1436.4635009765625,"y":-1825.6553268432617},"12":{"node_type":"metabolite","x":1432.580810546875,"y":-2043.3322067260742,"bigg_id":"cpd19006","name":"alpha-D-Glucose 6-phosphate","label_x":1273.589599609375,"label_y":-2075.8569869995117,"node_is_primary":true},"13":{"node_type":"metabolite","x":1354.9093017578125,"y":-1752.2095260620117,"bigg_id":"cpd00005","name":"NADPH","label_x":1282.044189453125,"label_y":-1763.0834274291992,"node_is_primary":false},"14":{"node_type":"metabolite","x":1516.4635009765625,"y":-1740.6553268432617,"bigg_id":"cpd00067","name":"H+","label_x":1531.4635009765625,"label_y":-1740.6553268432617,"node_is_primary":false},"16":{"node_type":"metabolite","x":2202.1949043273926,"y":-1967.7834396362305,"bigg_id":"cpd00006","name":"NADP","label_x":2227.1949043273926,"label_y":-1967.7834396362305,"node_is_primary":false},"17":{"node_type":"multimarker","x":2104.3296699523926,"y":-1872.589958190918},"18":{"node_type":"midmarker","x":2104.3296699523926,"y":-1852.589958190918},"19":{"node_type":"multimarker","x":2104.3296699523926,"y":-1832.589958190918},"20":{"node_type":"metabolite","x":2105.883991241455,"y":-2044.581169128418,"bigg_id":"cpd00863","name":"beta-D-Glucose 6-phosphate","label_x":1971.359088897705,"label_y":-2077.1059494018555,"node_is_primary":true},"21":{"node_type":"metabolite","x":2218.5056953430176,"y":-1770.018180847168,"bigg_id":"cpd00005","name":"NADPH","label_x":2243.5056953430176,"label_y":-1770.018180847168,"node_is_primary":false},"22":{"node_type":"metabolite","x":2170.7373847961426,"y":-1736.7160568237305,"bigg_id":"cpd00067","name":"H+","label_x":2185.7373847961426,"label_y":-1736.7160568237305,"node_is_primary":false},"25":{"node_type":"multimarker","x":1970.2342515428295,"y":-826.88364562026},"26":{"node_type":"midmarker","x":1950.234375,"y":-826.9539184570312},"27":{"node_type":"multimarker","x":1930.2344984571707,"y":-827.0241912938022},"29":{"node_type":"metabolite","x":1688.085708618164,"y":-1572.3046798706055,"bigg_id":"cpd00001","name":"H2O","label_x":1713.085708618164,"label_y":-1572.3046798706055,"node_is_primary":false},"30":{"node_type":"multimarker","x":1771.043228149414,"y":-1510.021842956543},"31":{"node_type":"midmarker","x":1771.043228149414,"y":-1490.021842956543},"32":{"node_type":"multimarker","x":1771.043228149414,"y":-1470.021842956543},"33":{"node_type":"metabolite","x":1769.9564361572266,"y":-1678.258171081543,"bigg_id":"cpd00911","name":"6-phospho-D-glucono-1-5-lactone","label_x":1615.979019165039,"label_y":-1713.0219650268555,"node_is_primary":true},"34":{"node_type":"metabolite","x":1691.043228149414,"y":-1385.021842956543,"bigg_id":"cpd00067","name":"H+","label_x":1619.043228149414,"label_y":-1355.021842956543,"node_is_primary":false},"37":{"node_type":"multimarker","x":1422.763540428107,"y":-251.2681759888082},"38":{"node_type":"midmarker","x":1422.8371776306556,"y":-271.26804042740923},"39":{"node_type":"multimarker","x":1422.9108148332057,"y":-291.2679048660104},"40":{"node_type":"metabolite","x":1521.4080478841734,"y":-173.5573789737374,"bigg_id":"cpd00238","name":"Sedoheptulose7-phosphate","label_x":1427.6755039388609,"label_y":-131.18280621983115,"node_is_primary":true},"41":{"node_type":"metabolite","x":1411.4031340123406,"y":-825.5441674975859,"bigg_id":"cpd00198","name":"D-Xylulose5-phosphate","label_x":1234.1672941685906,"label_y":-865.6097192553984,"node_is_primary":true},"42":{"node_type":"metabolite","x":2123.767908432819,"y":-828.5632035038484,"bigg_id":"cpd19028","name":"alpha-D-Ribose 5-phosphate","label_x":2033.1734260109438,"label_y":-850.1464859745514,"node_is_primary":true},"44":{"node_type":"multimarker","x":2145.012556073186,"y":-303.0556695741615},"45":{"node_type":"midmarker","x":2144.660468442918,"y":-323.05257019152174},"46":{"node_type":"multimarker","x":2144.308380812648,"y":-343.04947080888405},"47":{"node_type":"metabolite","x":1942.5488991353354,"y":-194.24904305739085,"bigg_id":"cpd19035","name":"beta-D-Fructose 6-phosphate","label_x":1793.100779018148,"label_y":-146.0290876130549,"node_is_primary":true},"57":{"node_type":"metabolite","x":2152.595807961426,"y":-695.3291948843519,"bigg_id":"cpd00055","name":"Formaldehyde","label_x":2174.587995461426,"label_y":-705.2228716421643,"node_is_primary":false},"58":{"node_type":"multimarker","x":2277.8765326104376,"y":-564.7474904001764},"59":{"node_type":"midmarker","x":2297.3507329385307,"y":-560.1916675786316},"60":{"node_type":"multimarker","x":2316.824933266623,"y":-555.6358447570917},"61":{"node_type":"metabolite","x":1773.7121279880944,"y":-827.1497402088617,"bigg_id":"cpd00171","name":"D-Ribulose5-phosphate","label_x":1667.5531924412194,"label_y":-794.7097988026115,"node_is_primary":true},"62":{"node_type":"metabolite","x":2391.810977295437,"y":-352.7797242039712,"bigg_id":"cpd03583","name":"D-arabino-6-Phospho-hex-3-ulose","label_x":2417.9041169438747,"label_y":-352.43420418444,"node_is_primary":true},"77":{"node_type":"metabolite","x":2211.6468773571396,"y":-1016.5771289910808,"bigg_id":"cpd00002","name":"ATP","label_x":2236.6468773571396,"label_y":-1016.5771289910808,"node_is_primary":false},"78":{"node_type":"multimarker","x":2122.882452165275,"y":-1109.5123411942627},"79":{"node_type":"midmarker","x":2122.9607949832603,"y":-1129.5121877537458},"80":{"node_type":"multimarker","x":2123.0391378012455,"y":-1149.5120343132292},"82":{"node_type":"metabolite","x":2222.9482965937564,"y":-1225.0694388992233,"bigg_id":"cpd00018","name":"AMP","label_x":2247.9482965937564,"label_y":-1225.0694388992233,"node_is_primary":false},"83":{"node_type":"metabolite","x":2043.37270853975,"y":-1234.8247534629731,"bigg_id":"cpd00067","name":"H+","label_x":2058.37270853975,"label_y":-1234.8247534629731,"node_is_primary":false},"84":{"node_type":"metabolite","x":2121.4474087499907,"y":-1321.087049005029,"bigg_id":"cpd00103","name":"PRPP","label_x":2039.5172329687407,"label_y":-1313.4299445128415,"node_is_primary":true},"85":{"node_type":"metabolite","x":1666.3561363220215,"y":-1219.4759826660156,"bigg_id":"cpd00006","name":"NADP","label_x":1646.6703453063965,"label_y":-1241.8188781738281,"node_is_primary":false},"86":{"node_type":"multimarker","x":1770.6229820251465,"y":-1141.4348449707031},"87":{"node_type":"midmarker","x":1770.6229820251465,"y":-1121.4348449707031},"88":{"node_type":"multimarker","x":1770.6229820251465,"y":-1101.4348449707031},"89":{"node_type":"metabolite","x":1770.0643882751465,"y":-1315.8064270019531,"bigg_id":"cpd00284","name":"6-Phospho-D-gluconate","label_x":1673.5372886657715,"label_y":-1308.7460021972656,"node_is_primary":true},"90":{"node_type":"metabolite","x":1668.838680267334,"y":-1010.9809875488281,"bigg_id":"cpd00005","name":"NADPH","label_x":1651.6354331970215,"label_y":-971.2602844238281,"node_is_primary":false},"91":{"node_type":"metabolite","x":1850.6229820251465,"y":-1016.4348449707031,"bigg_id":"cpd00011","name":"CO2","label_x":1865.6229820251465,"label_y":-1016.4348449707031,"node_is_primary":false},"94":{"node_type":"multimarker","x":1615.2788082701227,"y":-822.8691590270465},"95":{"node_type":"midmarker","x":1595.27880859375,"y":-822.8727569580078},"96":{"node_type":"multimarker","x":1575.2788089173773,"y":-822.8763548889691},"98":{"node_type":"metabolite","x":1821.2492177557695,"y":33.155972221017784,"bigg_id":"cpd00009","name":"Phosphate","label_x":1835.3490712713945,"label_y":29.52259323847384,"node_is_primary":false},"99":{"node_type":"multimarker","x":1724.29062504241,"y":-21.88735050561406},"100":{"node_type":"midmarker","x":1704.2929404308577,"y":-22.19166970788183},"101":{"node_type":"multimarker","x":1684.2952558193047,"y":-22.4959889101511},"103":{"node_type":"metabolite","x":1590.8210957783185,"y":41.667880810940055,"bigg_id":"cpd00001","name":"H2O","label_x":1605.8210957783185,"label_y":41.667880810940055,"node_is_primary":false},"105":{"node_type":"metabolite","x":1923.342658996582,"y":-417.9410095214844,"bigg_id":"cpd00236","name":"D-Erythrose4-phosphate","label_x":1799.374153137207,"label_y":-454.2747802734375,"node_is_primary":true},"113":{"node_type":"multimarker","x":1824.4480232527324,"y":-282.57984948359757},"114":{"node_type":"midmarker","x":1844.4478249165854,"y":-282.66891915602366},"115":{"node_type":"multimarker","x":1864.447626580438,"y":-282.7579888284491},"123":{"node_type":"multimarker","x":2292.2169394173775,"y":-148.7671870097206},"124":{"node_type":"midmarker","x":2273.899112061062,"y":-140.73866280260404},"125":{"node_type":"multimarker","x":2255.581284704747,"y":-132.71013859548748}},"text_labels":{"0":{"x":1442.947021484375,"y":-2200.549072265625,"text":"Pentose Phosphate Pathway"}},"canvas":{"x":784.702348947525,"y":-2403.5528564453125,"width":2034.596479177475,"height":2762.6966247558594}}]