[{"map_name": "new_map", "map_id": "koev5uH2oDJI", "map_description": "", "homepage": "https://escher.github.io", "schema": "https://escher.github.io/escher/jsonschema/1-0-0#"}, {"reactions": {"2": {"name": "rxn00529", "bigg_id": "rxn00529", "reversibility": false, "label_x": -281.415096282959, "label_y": 3685.933349609375, "gene_reaction_rule": "", "genes": [], "metabolites": [{"bigg_id": "cpd00067", "coefficient": -1}, {"bigg_id": "cpd00069", "coefficient": -1}, {"bigg_id": "cpd00011", "coefficient": 1}, {"bigg_id": "cpd00374", "coefficient": 1}], "segments": {"20": {"from_node_id": "23", "to_node_id": "24", "b1": null, "b2": null}, "21": {"from_node_id": "25", "to_node_id": "24", "b1": null, "b2": null}, "22": {"from_node_id": "23", "to_node_id": "22", "b1": {"x": -296.415096282959, "y": 3613.933349609375}, "b2": {"x": -325.31552332332205, "y": 3594.122337857818}}, "23": {"from_node_id": "23", "to_node_id": "51", "b1": {"x": -296.415096282959, "y": 3609.933349609375}, "b2": {"x": -297.07182759056445, "y": 3577.757838379882}}, "24": {"from_node_id": "25", "to_node_id": "27", "b1": {"x": -296.415096282959, "y": 3741.933349609375}, "b2": {"x": -314.415096282959, "y": 3747.183349609375}}, "25": {"from_node_id": "25", "to_node_id": "28", "b1": {"x": -296.415096282959, "y": 3737.933349609375}, "b2": {"x": -296.415096282959, "y": 3792.183349609375}}}}, "5": {"name": "rxn01315", "bigg_id": "rxn01315", "reversibility": false, "label_x": -429.9999694824219, "label_y": 3362, "gene_reaction_rule": "", "genes": [], "metabolites": [{"bigg_id": "cpd00007", "coefficient": -1}, {"bigg_id": "cpd00066", "coefficient": -1}, {"bigg_id": "cpd00233", "coefficient": -1}, {"bigg_id": "cpd00001", "coefficient": 1}, {"bigg_id": "cpd00069", "coefficient": 1}, {"bigg_id": "cpd00231", "coefficient": 1}], "segments": {"39": {"from_node_id": "45", "to_node_id": "46", "b1": null, "b2": null}, "40": {"from_node_id": "47", "to_node_id": "46", "b1": null, "b2": null}, "41": {"from_node_id": "45", "to_node_id": "44", "b1": {"x": -444.9999694824219, "y": 3290}, "b2": {"x": -365.62347148247534, "y": 3294.9100112440465}}, "42": {"from_node_id": "45", "to_node_id": "48", "b1": {"x": -444.9999694824219, "y": 3286}, "b2": {"x": -372.9999694824219, "y": 3217.75}}, "43": {"from_node_id": "45", "to_node_id": "58", "b1": {"x": -444.9999694824219, "y": 3286}, "b2": {"x": -380.712284068844, "y": 3257.176536223082}}, "44": {"from_node_id": "47", "to_node_id": "50", "b1": {"x": -444.9999694824219, "y": 3418}, "b2": {"x": -413.8515432467593, "y": 3436.943814712415}}, "45": {"from_node_id": "47", "to_node_id": "51", "b1": {"x": -444.9999694824219, "y": 3414}, "b2": {"x": -347.71351285429307, "y": 3473.5402420932714}}, "46": {"from_node_id": "47", "to_node_id": "52", "b1": {"x": -444.9999694824219, "y": 3418}, "b2": {"x": -466.5417785644531, "y": 3398.45751953125}}}}, "6": {"name": "rxn04989", "bigg_id": "rxn04989", "reversibility": false, "label_x": -138.99998474121094, "label_y": 3365, "gene_reaction_rule": "", "genes": [], "metabolites": [{"bigg_id": "cpd00007", "coefficient": -1}, {"bigg_id": "cpd00066", "coefficient": -1}, {"bigg_id": "cpd00233", "coefficient": -1}, {"bigg_id": "cpd00069", "coefficient": 1}, {"bigg_id": "cpd03897", "coefficient": 1}], "segments": {"47": {"from_node_id": "54", "to_node_id": "55", "b1": null, "b2": null}, "48": {"from_node_id": "56", "to_node_id": "55", "b1": null, "b2": null}, "49": {"from_node_id": "54", "to_node_id": "44", "b1": {"x": -153.99998474121094, "y": 3293}, "b2": {"x": -250.0269092129114, "y": 3290.3398453564405}}, "50": {"from_node_id": "54", "to_node_id": "48", "b1": {"x": -153.99998474121094, "y": 3289}, "b2": {"x": -235.99063828252656, "y": 3212.0165681119015}}, "51": {"from_node_id": "54", "to_node_id": "58", "b1": {"x": -153.99998474121094, "y": 3289}, "b2": {"x": -246.99998474121094, "y": 3268.75}}, "52": {"from_node_id": "56", "to_node_id": "51", "b1": {"x": -153.9999847412109, "y": 3417}, "b2": {"x": -256.1537730575452, "y": 3462.302488749817}}, "53": {"from_node_id": "56", "to_node_id": "60", "b1": {"x": -153.9999847412109, "y": 3421}, "b2": {"x": -151.52375635452614, "y": 3421.5379626151002}}}}, "11": {"name": "rxn02885", "bigg_id": "rxn02885", "reversibility": false, "label_x": 324.974365234375, "label_y": 1608.721923828125, "gene_reaction_rule": "", "genes": [], "metabolites": [{"bigg_id": "cpd01960", "coefficient": -1}, {"bigg_id": "cpd03326", "coefficient": 1}], "segments": {"77": {"from_node_id": "89", "to_node_id": "90", "b1": null, "b2": null}, "78": {"from_node_id": "91", "to_node_id": "90", "b1": null, "b2": null}, "79": {"from_node_id": "89", "to_node_id": "88", "b1": {"x": 309.974365234375, "y": 1536.721923828125}, "b2": {"x": 309.974365234375, "y": 1482.471923828125}}, "80": {"from_node_id": "91", "to_node_id": "92", "b1": {"x": 309.974365234375, "y": 1660.721923828125}, "b2": {"x": 309.974365234375, "y": 1714.971923828125}}}}, "12": {"name": "rxn01203", "bigg_id": "rxn01203", "reversibility": false, "label_x": 326.5580749511719, "label_y": 909.973876953125, "gene_reaction_rule": "", "genes": [], "metabolites": [{"bigg_id": "cpd00020", "coefficient": -1}, {"bigg_id": "cpd00199", "coefficient": -1}, {"bigg_id": "cpd03708", "coefficient": 1}], "segments": {"81": {"from_node_id": "94", "to_node_id": "95", "b1": null, "b2": null}, "82": {"from_node_id": "96", "to_node_id": "95", "b1": null, "b2": null}, "83": {"from_node_id": "94", "to_node_id": "93", "b1": {"x": 311.5580749511719, "y": 837.973876953125}, "b2": {"x": 311.5580749511719, "y": 783.723876953125}}, "84": {"from_node_id": "94", "to_node_id": "97", "b1": {"x": 311.5580749511719, "y": 833.973876953125}, "b2": {"x": 293.5580749511719, "y": 828.723876953125}}, "85": {"from_node_id": "96", "to_node_id": "157", "b1": {"x": 311.5580749511719, "y": 961.973876953125}, "b2": {"x": 311.5580749511719, "y": 1016.223876953125}}}}, "13": {"name": "rxn03040", "bigg_id": "rxn03040", "reversibility": false, "label_x": 322.5995780823941, "label_y": 2307.976552327954, "gene_reaction_rule": "", "genes": [], "metabolites": [{"bigg_id": "cpd02572", "coefficient": -1}, {"bigg_id": "cpd02507", "coefficient": 1}], "segments": {"86": {"from_node_id": "100", "to_node_id": "101", "b1": null, "b2": null}, "87": {"from_node_id": "102", "to_node_id": "101", "b1": null, "b2": null}, "88": {"from_node_id": "100", "to_node_id": "99", "b1": {"x": 307.40008368104947, "y": 2359.9762313753777}, "b2": {"x": 307.22552607987257, "y": 2414.2259505418756}}, "89": {"from_node_id": "102", "to_node_id": "103", "b1": {"x": 307.7990724837407, "y": 2235.976873280527}, "b2": {"x": 307.9736300849175, "y": 2181.7271541140317}}}}, "16": {"name": "rxn00473", "bigg_id": "rxn00473", "reversibility": false, "label_x": -1304.9973599225507, "label_y": 1074.2688804149184, "gene_reaction_rule": "", "genes": [], "metabolites": [{"bigg_id": "cpd00001", "coefficient": -1}, {"bigg_id": "cpd00065", "coefficient": -1}, {"bigg_id": "cpd00013", "coefficient": 1}, {"bigg_id": "cpd00020", "coefficient": 1}, {"bigg_id": "cpd00359", "coefficient": 1}], "segments": {"104": {"from_node_id": "121", "to_node_id": "122", "b1": null, "b2": null}, "105": {"from_node_id": "123", "to_node_id": "122", "b1": null, "b2": null}, "106": {"from_node_id": "121", "to_node_id": "120", "b1": {"x": -1188.9996379674265, "y": 1094.80036171738}, "b2": {"x": -1171.0852453698271, "y": 1111.6084345317959}}, "107": {"from_node_id": "121", "to_node_id": "124", "b1": {"x": -1184.9997849380625, "y": 1094.8346508336676}, "b2": {"x": -1147.5491565343336, "y": 1095.757860475716}}, "108": {"from_node_id": "123", "to_node_id": "125", "b1": {"x": -1316.9949349070403, "y": 1093.7031099961705}, "b2": {"x": -1322.3990430313745, "y": 1111.6574441631778}}, "109": {"from_node_id": "123", "to_node_id": "126", "b1": {"x": -1316.9949349070403, "y": 1093.7031099961705}, "b2": {"x": -1322.0904409847844, "y": 1075.658766898911}}, "110": {"from_node_id": "123", "to_node_id": "127", "b1": {"x": -1312.9950818776774, "y": 1093.7373991124582}, "b2": {"x": -1367.2430885884137, "y": 1093.2723529728069}}}}, "17": {"name": "rxn00478", "bigg_id": "rxn00478", "reversibility": false, "label_x": -1061.9866085871188, "label_y": 1278.7605304587546, "gene_reaction_rule": "", "genes": [], "metabolites": [{"bigg_id": "cpd00007", "coefficient": -1}, {"bigg_id": "cpd00065", "coefficient": -1}, {"bigg_id": "cpd01749", "coefficient": 1}], "segments": {"111": {"from_node_id": "128", "to_node_id": "129", "b1": null, "b2": null}, "112": {"from_node_id": "130", "to_node_id": "129", "b1": null, "b2": null}, "113": {"from_node_id": "128", "to_node_id": "131", "b1": {"x": -1076.9866085871188, "y": 1202.7605304587546}, "b2": {"x": -1069.9717517278964, "y": 1184.730918758541}}, "114": {"from_node_id": "128", "to_node_id": "124", "b1": {"x": -1076.9866085871188, "y": 1206.7605304587546}, "b2": {"x": -1076.9866085871188, "y": 1152.5105304587546}}, "115": {"from_node_id": "130", "to_node_id": "132", "b1": {"x": -1076.9866085871188, "y": 1330.7605304587541}, "b2": {"x": -1076.9866085871188, "y": 1385.0105304587541}}}}, "18": {"name": "rxn00479", "bigg_id": "rxn00479", "reversibility": false, "label_x": -951.986608587119, "label_y": 1053.7605304587546, "gene_reaction_rule": "", "genes": [], "metabolites": [{"bigg_id": "cpd00007", "coefficient": -1}, {"bigg_id": "cpd00065", "coefficient": -1}, {"bigg_id": "cpd00001", "coefficient": 1}, {"bigg_id": "cpd00011", "coefficient": 1}, {"bigg_id": "cpd01747", "coefficient": 1}], "segments": {"116": {"from_node_id": "133", "to_node_id": "134", "b1": null, "b2": null}, "117": {"from_node_id": "135", "to_node_id": "134", "b1": null, "b2": null}, "118": {"from_node_id": "133", "to_node_id": "136", "b1": {"x": -967.986608587119, "y": 1093.7605304587546}, "b2": {"x": -973.3520070834388, "y": 1078.2114436625643}}, "119": {"from_node_id": "133", "to_node_id": "124", "b1": {"x": -963.986608587119, "y": 1093.7605304587546}, "b2": {"x": -1018.236608587119, "y": 1093.7605304587546}}, "120": {"from_node_id": "135", "to_node_id": "137", "b1": {"x": -835.986608587119, "y": 1093.7605304587546}, "b2": {"x": -830.736608587119, "y": 1075.7605304587546}}, "121": {"from_node_id": "135", "to_node_id": "138", "b1": {"x": -835.986608587119, "y": 1093.7605304587546}, "b2": {"x": -830.736608587119, "y": 1111.7605304587546}}, "122": {"from_node_id": "135", "to_node_id": "139", "b1": {"x": -839.986608587119, "y": 1093.7605304587546}, "b2": {"x": -785.736608587119, "y": 1093.7605304587546}}}}, "19": {"name": "rxn01437", "bigg_id": "rxn01437", "reversibility": false, "label_x": -1061.9866085871188, "label_y": 1628.7605304587541, "gene_reaction_rule": "", "genes": [], "metabolites": [{"bigg_id": "cpd00001", "coefficient": -1}, {"bigg_id": "cpd01749", "coefficient": -1}, {"bigg_id": "cpd00047", "coefficient": 1}, {"bigg_id": "cpd00067", "coefficient": 1}, {"bigg_id": "cpd00275", "coefficient": 1}], "segments": {"123": {"from_node_id": "140", "to_node_id": "141", "b1": null, "b2": null}, "124": {"from_node_id": "142", "to_node_id": "141", "b1": null, "b2": null}, "125": {"from_node_id": "140", "to_node_id": "143", "b1": {"x": -1076.9866085871188, "y": 1552.7605304587541}, "b2": {"x": -1094.9866085871188, "y": 1547.5105304587541}}, "126": {"from_node_id": "140", "to_node_id": "132", "b1": {"x": -1076.9866085871188, "y": 1556.7605304587541}, "b2": {"x": -1076.9866085871188, "y": 1502.5105304587541}}, "127": {"from_node_id": "142", "to_node_id": "144", "b1": {"x": -1076.9866085871188, "y": 1684.7605304587541}, "b2": {"x": -1058.9866085871188, "y": 1690.0105304587541}}, "128": {"from_node_id": "142", "to_node_id": "145", "b1": {"x": -1076.9866085871188, "y": 1684.7605304587541}, "b2": {"x": -1094.9866085871188, "y": 1690.0105304587541}}, "129": {"from_node_id": "142", "to_node_id": "146", "b1": {"x": -1076.9866085871188, "y": 1680.7605304587541}, "b2": {"x": -1076.9866085871188, "y": 1735.0105304587541}}}}, "20": {"name": "rxn02222", "bigg_id": "rxn02222", "reversibility": false, "label_x": -601.986608587119, "label_y": 1053.7605304587546, "gene_reaction_rule": "", "genes": [], "metabolites": [{"bigg_id": "cpd00001", "coefficient": -1}, {"bigg_id": "cpd01747", "coefficient": -1}, {"bigg_id": "cpd00013", "coefficient": 1}, {"bigg_id": "cpd00703", "coefficient": 1}], "segments": {"130": {"from_node_id": "147", "to_node_id": "148", "b1": null, "b2": null}, "131": {"from_node_id": "149", "to_node_id": "148", "b1": null, "b2": null}, "132": {"from_node_id": "147", "to_node_id": "150", "b1": {"x": -617.986608587119, "y": 1093.7605304587546}, "b2": {"x": -623.236608587119, "y": 1111.7605304587546}}, "133": {"from_node_id": "147", "to_node_id": "139", "b1": {"x": -613.986608587119, "y": 1093.7605304587546}, "b2": {"x": -668.236608587119, "y": 1093.7605304587546}}, "134": {"from_node_id": "149", "to_node_id": "151", "b1": {"x": -485.986608587119, "y": 1093.7605304587546}, "b2": {"x": -480.736608587119, "y": 1111.7605304587546}}, "135": {"from_node_id": "149", "to_node_id": "152", "b1": {"x": -489.986608587119, "y": 1093.7605304587546}, "b2": {"x": -435.736608587119, "y": 1093.7605304587546}}}}, "21": {"name": "rxn02883", "bigg_id": "rxn02883", "reversibility": false, "label_x": 324.974365234375, "label_y": 1258.721923828125, "gene_reaction_rule": "", "genes": [], "metabolites": [{"bigg_id": "cpd00001", "coefficient": -1}, {"bigg_id": "cpd01960", "coefficient": -1}, {"bigg_id": "cpd03708", "coefficient": 1}], "segments": {"136": {"from_node_id": "153", "to_node_id": "154", "b1": null, "b2": null}, "137": {"from_node_id": "155", "to_node_id": "154", "b1": null, "b2": null}, "138": {"from_node_id": "153", "to_node_id": "156", "b1": {"x": 309.974365234375, "y": 1314.721923828125}, "b2": {"x": 327.974365234375, "y": 1319.971923828125}}, "139": {"from_node_id": "153", "to_node_id": "88", "b1": {"x": 309.974365234375, "y": 1310.721923828125}, "b2": {"x": 309.974365234375, "y": 1364.971923828125}}, "140": {"from_node_id": "155", "to_node_id": "157", "b1": {"x": 309.974365234375, "y": 1186.721923828125}, "b2": {"x": 309.974365234375, "y": 1132.471923828125}}}}, "22": {"name": "rxn03041", "bigg_id": "rxn03041", "reversibility": false, "label_x": 323.72575615450455, "label_y": 1957.9783641570011, "gene_reaction_rule": "", "genes": [], "metabolites": [{"bigg_id": "cpd00067", "coefficient": -1}, {"bigg_id": "cpd02507", "coefficient": -1}, {"bigg_id": "cpd00011", "coefficient": 1}, {"bigg_id": "cpd03326", "coefficient": 1}], "segments": {"141": {"from_node_id": "158", "to_node_id": "159", "b1": null, "b2": null}, "142": {"from_node_id": "160", "to_node_id": "159", "b1": null, "b2": null}, "143": {"from_node_id": "158", "to_node_id": "161", "b1": {"x": 308.51339114662073, "y": 2013.9780224978067}, "b2": {"x": 326.49640529576027, "y": 2019.285913049794}}, "144": {"from_node_id": "158", "to_node_id": "103", "b1": {"x": 308.52626175315777, "y": 2009.9780432044263}, "b2": {"x": 308.35170415198377, "y": 2064.227762370921}}, "145": {"from_node_id": "160", "to_node_id": "162", "b1": {"x": 308.9381211623884, "y": 1881.9787058161915}, "b2": {"x": 326.9549206536907, "y": 1876.7866507230478}}, "146": {"from_node_id": "160", "to_node_id": "92", "b1": {"x": 308.92525055584855, "y": 1885.9786851095737}, "b2": {"x": 309.09980815702767, "y": 1831.728965943074}}}}, "23": {"name": "rxn03055", "bigg_id": "rxn03055", "reversibility": false, "label_x": 322.0364890463395, "label_y": 2657.9756464134284, "gene_reaction_rule": "", "genes": [], "metabolites": [{"bigg_id": "cpd00001", "coefficient": -1}, {"bigg_id": "cpd00003", "coefficient": -1}, {"bigg_id": "cpd02828", "coefficient": -1}, {"bigg_id": "cpd00004", "coefficient": 1}, {"bigg_id": "cpd00067", "coefficient": 2}, {"bigg_id": "cpd02572", "coefficient": 1}], "segments": {"147": {"from_node_id": "164", "to_node_id": "165", "b1": null, "b2": null}, "148": {"from_node_id": "166", "to_node_id": "165", "b1": null, "b2": null}, "149": {"from_node_id": "164", "to_node_id": "167", "b1": {"x": 307.0364890463395, "y": 2713.9756464134284}, "b2": {"x": 288.2847638209299, "y": 2722.7944144559838}}, "150": {"from_node_id": "164", "to_node_id": "168", "b1": {"x": 307.0364890463395, "y": 2709.9756464134284}, "b2": {"x": 332.13065155317975, "y": 2731.3857926041355}}, "151": {"from_node_id": "164", "to_node_id": "169", "b1": {"x": 307.0364890463395, "y": 2713.9756464134284}, "b2": {"x": 307.37944521633926, "y": 2747.0328895338043}}, "152": {"from_node_id": "166", "to_node_id": "170", "b1": {"x": 307.0364890463395, "y": 2581.9756464134284}, "b2": {"x": 325.0364890463395, "y": 2576.7256464134284}}, "153": {"from_node_id": "166", "to_node_id": "171", "b1": {"x": 307.0364890463395, "y": 2581.9756464134284}, "b2": {"x": 289.0364890463395, "y": 2576.7256464134284}}, "154": {"from_node_id": "166", "to_node_id": "99", "b1": {"x": 307.0364890463395, "y": 2585.9756464134284}, "b2": {"x": 307.0364890463395, "y": 2531.7256464134284}}}}, "24": {"name": "rxn02366", "bigg_id": "rxn02366", "reversibility": false, "label_x": 321.0352378256364, "label_y": 3002.6109003196784, "gene_reaction_rule": "", "genes": [], "metabolites": [{"bigg_id": "cpd00007", "coefficient": -1}, {"bigg_id": "cpd00854", "coefficient": -1}, {"bigg_id": "cpd00067", "coefficient": 1}, {"bigg_id": "cpd02828", "coefficient": 1}], "segments": {"155": {"from_node_id": "172", "to_node_id": "173", "b1": null, "b2": null}, "156": {"from_node_id": "174", "to_node_id": "173", "b1": null, "b2": null}, "157": {"from_node_id": "172", "to_node_id": "175", "b1": {"x": 306.0352378256364, "y": 3058.6109003196784}, "b2": {"x": 288.0352378256364, "y": 3063.8609003196784}}, "158": {"from_node_id": "172", "to_node_id": "176", "b1": {"x": 306.0352378256364, "y": 3054.6109003196784}, "b2": {"x": 306.0352378256364, "y": 3108.8609003196784}}, "159": {"from_node_id": "174", "to_node_id": "177", "b1": {"x": 306.0352378256364, "y": 2926.6109003196784}, "b2": {"x": 288.0352378256364, "y": 2921.3609003196784}}, "160": {"from_node_id": "174", "to_node_id": "169", "b1": {"x": 306.0352378256364, "y": 2930.6109003196784}, "b2": {"x": 306.0352378256364, "y": 2876.3609003196784}}}}, "26": {"name": "rxn01945", "bigg_id": "rxn01945", "reversibility": false, "label_x": 321.0352378256364, "label_y": 3352.6109003196784, "gene_reaction_rule": "", "genes": [], "metabolites": [{"bigg_id": "cpd00004", "coefficient": -1}, {"bigg_id": "cpd00007", "coefficient": -1}, {"bigg_id": "cpd00067", "coefficient": -1}, {"bigg_id": "cpd00489", "coefficient": -1}, {"bigg_id": "cpd00001", "coefficient": 1}, {"bigg_id": "cpd00003", "coefficient": 1}, {"bigg_id": "cpd00854", "coefficient": 1}], "segments": {"170": {"from_node_id": "187", "to_node_id": "188", "b1": null, "b2": null}, "171": {"from_node_id": "189", "to_node_id": "188", "b1": null, "b2": null}, "172": {"from_node_id": "187", "to_node_id": "190", "b1": {"x": 306.0352378256364, "y": 3404.6109003196784}, "b2": {"x": 274.0745093967104, "y": 3419.580608855168}}, "173": {"from_node_id": "187", "to_node_id": "191", "b1": {"x": 306.0352378256364, "y": 3408.6109003196784}, "b2": {"x": 334.80779031587076, "y": 3415.6563104759284}}, "174": {"from_node_id": "187", "to_node_id": "192", "b1": {"x": 306.0352378256364, "y": 3408.6109003196784}, "b2": {"x": 335.1984705980981, "y": 3391.879956347313}}, "175": {"from_node_id": "187", "to_node_id": "193", "b1": {"x": 306.0352378256364, "y": 3408.6109003196784}, "b2": {"x": 304.9610332749151, "y": 3388.3003976261084}}, "176": {"from_node_id": "189", "to_node_id": "194", "b1": {"x": 306.0352378256364, "y": 3276.6109003196784}, "b2": {"x": 324.0352378256364, "y": 3271.3609003196784}}, "177": {"from_node_id": "189", "to_node_id": "195", "b1": {"x": 306.0352378256364, "y": 3276.6109003196784}, "b2": {"x": 288.0352378256364, "y": 3271.3609003196784}}, "178": {"from_node_id": "189", "to_node_id": "176", "b1": {"x": 306.0352378256364, "y": 3280.6109003196784}, "b2": {"x": 306.0352378256364, "y": 3226.3609003196784}}}}, "27": {"name": "rxn01943", "bigg_id": "rxn01943", "reversibility": false, "label_x": 320.8282065756364, "label_y": 3700.5867303978034, "gene_reaction_rule": "", "genes": [], "metabolites": [{"bigg_id": "cpd00001", "coefficient": -1}, {"bigg_id": "cpd00003", "coefficient": -1}, {"bigg_id": "cpd02361", "coefficient": -1}, {"bigg_id": "cpd00004", "coefficient": 1}, {"bigg_id": "cpd00067", "coefficient": 2}, {"bigg_id": "cpd00489", "coefficient": 1}], "segments": {"179": {"from_node_id": "196", "to_node_id": "197", "b1": null, "b2": null}, "180": {"from_node_id": "198", "to_node_id": "197", "b1": null, "b2": null}, "181": {"from_node_id": "196", "to_node_id": "199", "b1": {"x": 305.8282065756364, "y": 3756.5867303978034}, "b2": {"x": 323.8282065756364, "y": 3761.8367303978034}}, "182": {"from_node_id": "196", "to_node_id": "200", "b1": {"x": 305.8282065756364, "y": 3752.5867303978034}, "b2": {"x": 277.2955844173661, "y": 3770.5223872560846}}, "183": {"from_node_id": "196", "to_node_id": "201", "b1": {"x": 305.8282065756364, "y": 3756.5867303978034}, "b2": {"x": 308.54694639029884, "y": 3773.498722425746}}, "184": {"from_node_id": "198", "to_node_id": "202", "b1": {"x": 305.8282065756364, "y": 3624.5867303978034}, "b2": {"x": 323.8282065756364, "y": 3619.3367303978034}}, "185": {"from_node_id": "198", "to_node_id": "203", "b1": {"x": 305.8282065756364, "y": 3624.5867303978034}, "b2": {"x": 287.8282065756364, "y": 3619.3367303978034}}, "186": {"from_node_id": "198", "to_node_id": "193", "b1": {"x": 305.8282065756364, "y": 3628.5867303978034}, "b2": {"x": 305.8282065756364, "y": 3574.3367303978034}}}}, "28": {"name": "rxn01715", "bigg_id": "rxn01715", "reversibility": false, "label_x": -76.25748825073242, "label_y": 3812.728759765625, "gene_reaction_rule": "", "genes": [], "metabolites": [{"bigg_id": "cpd00001", "coefficient": -1}, {"bigg_id": "cpd00007", "coefficient": -1}, {"bigg_id": "cpd00374", "coefficient": -1}, {"bigg_id": "cpd00013", "coefficient": 1}, {"bigg_id": "cpd00025", "coefficient": 1}, {"bigg_id": "cpd02361", "coefficient": 1}], "segments": {"187": {"from_node_id": "204", "to_node_id": "205", "b1": null, "b2": null}, "188": {"from_node_id": "206", "to_node_id": "205", "b1": null, "b2": null}, "189": {"from_node_id": "204", "to_node_id": "207", "b1": {"x": -79.68950176239014, "y": 3850.933349609375}, "b2": {"x": -84.93950176239014, "y": 3832.933349609375}}, "190": {"from_node_id": "204", "to_node_id": "208", "b1": {"x": -79.68950176239014, "y": 3850.933349609375}, "b2": {"x": -84.93950176239014, "y": 3868.933349609375}}, "191": {"from_node_id": "204", "to_node_id": "28", "b1": {"x": -75.68950176239014, "y": 3850.933349609375}, "b2": {"x": -237.66509628295898, "y": 3850.933349609375}}, "192": {"from_node_id": "206", "to_node_id": "209", "b1": {"x": 52.31049823760986, "y": 3850.933349609375}, "b2": {"x": 57.56049823760986, "y": 3832.933349609375}}, "193": {"from_node_id": "206", "to_node_id": "210", "b1": {"x": 52.31049823760986, "y": 3850.933349609375}, "b2": {"x": 57.56049823760986, "y": 3868.933349609375}}, "194": {"from_node_id": "206", "to_node_id": "201", "b1": {"x": 48.31049823760986, "y": 3850.933349609375}, "b2": {"x": 249.78547382354736, "y": 3847.342529296875}}}}, "29": {"name": "rxn00728", "bigg_id": "rxn00728", "reversibility": false, "label_x": -1061.9866085871188, "label_y": 1978.7605304587541, "gene_reaction_rule": "", "genes": [], "metabolites": [{"bigg_id": "cpd00001", "coefficient": -1}, {"bigg_id": "cpd00275", "coefficient": -1}, {"bigg_id": "cpd00035", "coefficient": 1}, {"bigg_id": "cpd00067", "coefficient": 1}, {"bigg_id": "cpd00093", "coefficient": 1}], "segments": {"195": {"from_node_id": "212", "to_node_id": "213", "b1": null, "b2": null}, "196": {"from_node_id": "214", "to_node_id": "213", "b1": null, "b2": null}, "197": {"from_node_id": "212", "to_node_id": "215", "b1": {"x": -1076.9866085871188, "y": 1902.7605304587541}, "b2": {"x": -1094.9866085871188, "y": 1897.5105304587541}}, "198": {"from_node_id": "212", "to_node_id": "146", "b1": {"x": -1076.9866085871188, "y": 1906.7605304587541}, "b2": {"x": -1076.9866085871188, "y": 1852.5105304587541}}, "199": {"from_node_id": "214", "to_node_id": "216", "b1": {"x": -1076.9866085871188, "y": 2034.7605304587541}, "b2": {"x": -1058.9866085871188, "y": 2040.0105304587541}}, "200": {"from_node_id": "214", "to_node_id": "217", "b1": {"x": -1076.9866085871188, "y": 2034.7605304587541}, "b2": {"x": -1094.9866085871188, "y": 2040.0105304587541}}, "201": {"from_node_id": "214", "to_node_id": "218", "b1": {"x": -1076.9866085871188, "y": 2030.7605304587541}, "b2": {"x": -1076.9866085871188, "y": 2085.010530458754}}}}, "30": {"name": "rxn00594", "bigg_id": "rxn00594", "reversibility": false, "label_x": -1300.9879513605565, "label_y": 2373.225862490004, "gene_reaction_rule": "", "genes": [], "metabolites": [{"bigg_id": "cpd00004", "coefficient": -1}, {"bigg_id": "cpd00007", "coefficient": -1}, {"bigg_id": "cpd00067", "coefficient": -3}, {"bigg_id": "cpd00093", "coefficient": -1}, {"bigg_id": "cpd00003", "coefficient": 1}, {"bigg_id": "cpd00011", "coefficient": 1}, {"bigg_id": "cpd00013", "coefficient": 1}, {"bigg_id": "cpd00077", "coefficient": 1}], "segments": {"202": {"from_node_id": "219", "to_node_id": "220", "b1": null, "b2": null}, "203": {"from_node_id": "221", "to_node_id": "220", "b1": null, "b2": null}, "204": {"from_node_id": "219", "to_node_id": "222", "b1": {"x": -1315.9879513605563, "y": 2297.225862490004}, "b2": {"x": -1297.9879513605563, "y": 2291.975862490004}}, "205": {"from_node_id": "219", "to_node_id": "223", "b1": {"x": -1315.9879513605563, "y": 2297.225862490004}, "b2": {"x": -1333.9879513605563, "y": 2291.975862490004}}, "206": {"from_node_id": "219", "to_node_id": "224", "b1": {"x": -1315.9879513605563, "y": 2297.225862490004}, "b2": {"x": -1351.9879513605563, "y": 2306.975862490004}}, "207": {"from_node_id": "219", "to_node_id": "218", "b1": {"x": -1315.9879513605563, "y": 2301.225862490004}, "b2": {"x": -1076.9866085871188, "y": 2202.510530458754}}, "208": {"from_node_id": "221", "to_node_id": "225", "b1": {"x": -1315.9879513605563, "y": 2425.225862490004}, "b2": {"x": -1315.9878292902438, "y": 2498.929475771254}}, "209": {"from_node_id": "221", "to_node_id": "226", "b1": {"x": -1315.9879513605563, "y": 2429.225862490004}, "b2": {"x": -1297.9879513605563, "y": 2434.475862490004}}, "210": {"from_node_id": "221", "to_node_id": "227", "b1": {"x": -1315.9879513605563, "y": 2429.225862490004}, "b2": {"x": -1333.9879513605563, "y": 2434.475862490004}}, "211": {"from_node_id": "221", "to_node_id": "228", "b1": {"x": -1315.9879513605563, "y": 2429.225862490004}, "b2": {"x": -1066.3245137256345, "y": 2418.264923610896}}}}, "32": {"name": "rxn00595", "bigg_id": "rxn00595", "reversibility": false, "label_x": -812.2493432021806, "label_y": 2366.9565832167896, "gene_reaction_rule": "", "genes": [], "metabolites": [{"bigg_id": "cpd00005", "coefficient": -1}, {"bigg_id": "cpd00007", "coefficient": -1}, {"bigg_id": "cpd00067", "coefficient": -3}, {"bigg_id": "cpd00093", "coefficient": -1}, {"bigg_id": "cpd00006", "coefficient": 1}, {"bigg_id": "cpd00011", "coefficient": 1}, {"bigg_id": "cpd00013", "coefficient": 1}, {"bigg_id": "cpd00077", "coefficient": 1}], "segments": {"222": {"from_node_id": "239", "to_node_id": "240", "b1": null, "b2": null}, "223": {"from_node_id": "241", "to_node_id": "240", "b1": null, "b2": null}, "224": {"from_node_id": "239", "to_node_id": "242", "b1": {"x": -829.8266137580108, "y": 2291.0069230472177}, "b2": {"x": -812.0453529605238, "y": 2285.0580353821397}}, "225": {"from_node_id": "239", "to_node_id": "243", "b1": {"x": -829.8266137580108, "y": 2291.0069230472177}, "b2": {"x": -848.0178948711996, "y": 2286.4638193216824}}, "226": {"from_node_id": "239", "to_node_id": "244", "b1": {"x": -829.8266137580108, "y": 2291.0069230472177}, "b2": {"x": -865.4184225183944, "y": 2302.1552704209034}}, "227": {"from_node_id": "239", "to_node_id": "218", "b1": {"x": -829.6704155425068, "y": 2295.0038721484043}, "b2": {"x": -1076.9866085871188, "y": 2202.510530458754}}, "228": {"from_node_id": "241", "to_node_id": "245", "b1": {"x": -824.8282708618563, "y": 2418.9092942851753}, "b2": {"x": -828.4807402674264, "y": 2467.7810918445603}}, "229": {"from_node_id": "241", "to_node_id": "246", "b1": {"x": -824.67207264635, "y": 2422.906243386362}, "b2": {"x": -806.4807915331626, "y": 2427.4493471118963}}, "230": {"from_node_id": "241", "to_node_id": "247", "b1": {"x": -824.67207264635, "y": 2422.906243386362}, "b2": {"x": -842.4533334438379, "y": 2428.8551310514404}}, "231": {"from_node_id": "241", "to_node_id": "228", "b1": {"x": -824.67207264635, "y": 2422.906243386362}, "b2": {"x": -1068.6387556173797, "y": 2407.098521944588}}}}, "33": {"name": "rxn00487", "bigg_id": "rxn00487", "reversibility": false, "label_x": -295.9999694824219, "label_y": 3019, "gene_reaction_rule": "", "genes": [], "metabolites": [{"bigg_id": "cpd00001", "coefficient": -1}, {"bigg_id": "cpd00003", "coefficient": -1}, {"bigg_id": "cpd00066", "coefficient": -1}, {"bigg_id": "cpd00004", "coefficient": 1}, {"bigg_id": "cpd00013", "coefficient": 1}, {"bigg_id": "cpd00067", "coefficient": 1}, {"bigg_id": "cpd00143", "coefficient": 1}], "segments": {"232": {"from_node_id": "249", "to_node_id": "250", "b1": null, "b2": null}, "233": {"from_node_id": "251", "to_node_id": "250", "b1": null, "b2": null}, "234": {"from_node_id": "249", "to_node_id": "252", "b1": {"x": -310.9999694824219, "y": 3075}, "b2": {"x": -328.9999694824219, "y": 3080.25}}, "235": {"from_node_id": "249", "to_node_id": "253", "b1": {"x": -310.9999694824219, "y": 3075}, "b2": {"x": -292.9999694824219, "y": 3080.25}}, "236": {"from_node_id": "249", "to_node_id": "48", "b1": {"x": -310.9999694824219, "y": 3071}, "b2": {"x": -310.9999694824219, "y": 3125.25}}, "237": {"from_node_id": "251", "to_node_id": "254", "b1": {"x": -310.9999694824219, "y": 2947}, "b2": {"x": -258.5519839553635, "y": 2945.926778038805}}, "238": {"from_node_id": "251", "to_node_id": "255", "b1": {"x": -310.9999694824219, "y": 2943}, "b2": {"x": -328.9999694824219, "y": 2937.75}}, "239": {"from_node_id": "251", "to_node_id": "256", "b1": {"x": -310.9999694824219, "y": 2943}, "b2": {"x": -292.9999694824219, "y": 2937.75}}, "240": {"from_node_id": "251", "to_node_id": "257", "b1": {"x": -310.9999694824219, "y": 2943}, "b2": {"x": -310.8750394305852, "y": 2948.4549024295716}}}}, "34": {"name": "rxn01000", "bigg_id": "rxn01000", "reversibility": false, "label_x": -294.4078063964844, "label_y": 2656.174072265625, "gene_reaction_rule": "", "genes": [], "metabolites": [{"bigg_id": "cpd00067", "coefficient": -1}, {"bigg_id": "cpd00219", "coefficient": -1}, {"bigg_id": "cpd00001", "coefficient": 1}, {"bigg_id": "cpd00011", "coefficient": 1}, {"bigg_id": "cpd00143", "coefficient": 1}], "segments": {"241": {"from_node_id": "258", "to_node_id": "259", "b1": null, "b2": null}, "242": {"from_node_id": "260", "to_node_id": "259", "b1": null, "b2": null}, "243": {"from_node_id": "258", "to_node_id": "261", "b1": {"x": -309.4078063964844, "y": 2580.174072265625}, "b2": {"x": -291.4078063964844, "y": 2574.924072265625}}, "244": {"from_node_id": "258", "to_node_id": "262", "b1": {"x": -309.4078063964844, "y": 2584.174072265625}, "b2": {"x": -309.4078063964844, "y": 2529.924072265625}}, "245": {"from_node_id": "260", "to_node_id": "263", "b1": {"x": -309.4078063964844, "y": 2712.174072265625}, "b2": {"x": -327.4078063964844, "y": 2717.424072265625}}, "246": {"from_node_id": "260", "to_node_id": "264", "b1": {"x": -309.4078063964844, "y": 2712.174072265625}, "b2": {"x": -291.4078063964844, "y": 2717.424072265625}}, "247": {"from_node_id": "260", "to_node_id": "257", "b1": {"x": -309.4078063964844, "y": 2708.174072265625}, "b2": {"x": -309.4078063964844, "y": 2762.424072265625}}}}, "35": {"name": "rxn01256", "bigg_id": "rxn01256", "reversibility": false, "label_x": -294.4078063964844, "label_y": 2306.174072265625, "gene_reaction_rule": "", "genes": [], "metabolites": [{"bigg_id": "cpd00216", "coefficient": -1}, {"bigg_id": "cpd00219", "coefficient": 1}], "segments": {"248": {"from_node_id": "265", "to_node_id": "266", "b1": null, "b2": null}, "249": {"from_node_id": "267", "to_node_id": "266", "b1": null, "b2": null}, "250": {"from_node_id": "265", "to_node_id": "268", "b1": {"x": -309.4078063964844, "y": 2234.174072265625}, "b2": {"x": -311.2748107910156, "y": 2192.9931640625}}, "251": {"from_node_id": "267", "to_node_id": "262", "b1": {"x": -309.4078063964844, "y": 2358.174072265625}, "b2": {"x": -309.4078063964844, "y": 2412.424072265625}}}}, "37": {"name": "rxn00726", "bigg_id": "rxn00726", "reversibility": false, "label_x": -722.976318359375, "label_y": 2088.642333984375, "gene_reaction_rule": "", "genes": [], "metabolites": [{"bigg_id": "cpd00013", "coefficient": -1}, {"bigg_id": "cpd00216", "coefficient": -1}, {"bigg_id": "cpd00001", "coefficient": 1}, {"bigg_id": "cpd00020", "coefficient": 1}, {"bigg_id": "cpd00067", "coefficient": 1}, {"bigg_id": "cpd00093", "coefficient": 1}], "segments": {"260": {"from_node_id": "277", "to_node_id": "278", "b1": null, "b2": null}, "261": {"from_node_id": "279", "to_node_id": "278", "b1": null, "b2": null}, "262": {"from_node_id": "277", "to_node_id": "280", "b1": {"x": -606.976318359375, "y": 2128.642333984375}, "b2": {"x": -601.726318359375, "y": 2110.642333984375}}, "263": {"from_node_id": "277", "to_node_id": "268", "b1": {"x": -610.976318359375, "y": 2128.642333984375}, "b2": {"x": -370.0248107910156, "y": 2134.2431640625}}, "264": {"from_node_id": "279", "to_node_id": "281", "b1": {"x": -738.976318359375, "y": 2128.642333984375}, "b2": {"x": -742.3592529296875, "y": 2126.105224609375}}, "265": {"from_node_id": "279", "to_node_id": "282", "b1": {"x": -738.976318359375, "y": 2128.642333984375}, "b2": {"x": -744.226318359375, "y": 2110.642333984375}}, "266": {"from_node_id": "279", "to_node_id": "283", "b1": {"x": -738.976318359375, "y": 2128.642333984375}, "b2": {"x": -729.226318359375, "y": 2092.642333984375}}, "267": {"from_node_id": "279", "to_node_id": "218", "b1": {"x": -734.976318359375, "y": 2128.642333984375}, "b2": {"x": -1013.26806640625, "y": 2145.445556640625}}}}}, "nodes": {"22": {"node_type": "metabolite", "x": -379.64684677124023, "y": 3571.76904296875, "bigg_id": "cpd00067", "name": "H+", "label_x": -432.56594467163086, "label_y": 3589.477783203125, "node_is_primary": false}, "23": {"node_type": "multimarker", "x": -296.415096282959, "y": 3655.933349609375}, "24": {"node_type": "midmarker", "x": -296.415096282959, "y": 3675.933349609375}, "25": {"node_type": "multimarker", "x": -296.415096282959, "y": 3695.933349609375}, "27": {"node_type": "metabolite", "x": -376.415096282959, "y": 3780.933349609375, "bigg_id": "cpd00011", "name": "CO2", "label_x": -439.56066513061523, "label_y": 3807.391357421875, "node_is_primary": false}, "28": {"node_type": "metabolite", "x": -296.415096282959, "y": 3850.933349609375, "bigg_id": "cpd00374", "name": "Tyramine", "label_x": -276.80138778686523, "label_y": 3831.183837890625, "node_is_primary": true}, "44": {"node_type": "metabolite", "x": -309.9999694824219, "y": 3276, "bigg_id": "cpd00007", "name": "O2", "label_x": -284.9999694824219, "label_y": 3276, "node_is_primary": false}, "45": {"node_type": "multimarker", "x": -444.9999694824219, "y": 3332}, "46": {"node_type": "midmarker", "x": -444.9999694824219, "y": 3352}, "47": {"node_type": "multimarker", "x": -444.9999694824219, "y": 3372}, "48": {"node_type": "metabolite", "x": -310.9999694824219, "y": 3184, "bigg_id": "cpd00066", "name": "L-Phenylalanine", "label_x": -373.9999694824219, "label_y": 3160, "node_is_primary": true}, "50": {"node_type": "metabolite", "x": -442.9190368652344, "y": 3501.272216796875, "bigg_id": "cpd00001", "name": "H2O", "label_x": -504.0672302246094, "label_y": 3510.126708984375, "node_is_primary": false}, "51": {"node_type": "metabolite", "x": -299.7871398925781, "y": 3507.52001953125, "bigg_id": "cpd00069", "name": "L-Tyrosine", "label_x": -274.7871398925781, "label_y": 3507.52001953125, "node_is_primary": true}, "52": {"node_type": "metabolite", "x": -528.5417785644531, "y": 3432.20751953125, "bigg_id": "cpd00231", "name": "Dihydrobiopterin", "label_x": -600.5417785644531, "label_y": 3462.20751953125, "node_is_primary": true}, "54": {"node_type": "multimarker", "x": -153.99998474121094, "y": 3335}, "55": {"node_type": "midmarker", "x": -153.99998474121094, "y": 3355}, "56": {"node_type": "multimarker", "x": -153.99998474121094, "y": 3375}, "58": {"node_type": "metabolite", "x": -308.99998474121094, "y": 3235, "bigg_id": "cpd00233", "name": "Tetrahydrobiopterin", "label_x": -386.99998474121094, "label_y": 3229, "node_is_primary": true}, "60": {"node_type": "metabolite", "x": -85.24536514282227, "y": 3445.832763671875, "bigg_id": "cpd03897", "name": "4a-Hydroxytetrahydrobiopterin", "label_x": -205.7218723297119, "label_y": 3474.03759765625, "node_is_primary": true}, "88": {"node_type": "metabolite", "x": 309.974365234375, "y": 1423.721923828125, "bigg_id": "cpd01960", "name": "2-Oxohept-3-enedioate", "label_x": 334.974365234375, "label_y": 1423.721923828125, "node_is_primary": true}, "89": {"node_type": "multimarker", "x": 309.974365234375, "y": 1578.721923828125}, "90": {"node_type": "midmarker", "x": 309.974365234375, "y": 1598.721923828125}, "91": {"node_type": "multimarker", "x": 309.974365234375, "y": 1618.721923828125}, "92": {"node_type": "metabolite", "x": 309.974365234375, "y": 1773.721923828125, "bigg_id": "cpd03326", "name": "2-Hydroxyhepta-2,4-dienedioate", "label_x": 334.974365234375, "label_y": 1773.721923828125, "node_is_primary": true}, "93": {"node_type": "metabolite", "x": 311.5580749511719, "y": 724.973876953125, "bigg_id": "cpd00020", "name": "Pyruvate", "label_x": 336.5580749511719, "label_y": 724.973876953125, "node_is_primary": true}, "94": {"node_type": "multimarker", "x": 311.5580749511719, "y": 879.973876953125}, "95": {"node_type": "midmarker", "x": 311.5580749511719, "y": 899.973876953125}, "96": {"node_type": "multimarker", "x": 311.5580749511719, "y": 919.973876953125}, "97": {"node_type": "metabolite", "x": 231.55807495117188, "y": 794.973876953125, "bigg_id": "cpd00199", "name": "4-Oxobutanoate", "label_x": 159.55807495117188, "label_y": 824.973876953125, "node_is_primary": true}, "99": {"node_type": "metabolite", "x": 307.0364890463395, "y": 2472.9756464134284, "bigg_id": "cpd02572", "name": "5-Carboxymethyl-2-hydroxymuconate", "label_x": 332.0364890463395, "label_y": 2472.9756464134284, "node_is_primary": true}, "100": {"node_type": "multimarker", "x": 307.53522504970323, "y": 2317.976448794865}, "101": {"node_type": "midmarker", "x": 307.59957808239415, "y": 2297.976552327954}, "102": {"node_type": "multimarker", "x": 307.6639311150883, "y": 2277.9766558610395}, "103": {"node_type": "metabolite", "x": 308.16266711845077, "y": 2122.9774582424725, "bigg_id": "cpd02507", "name": "5-Carboxy-2-oxohept-3-enedioate", "label_x": 333.1626671184508, "label_y": 2122.9774582424725, "node_is_primary": true}, "120": {"node_type": "metabolite", "x": -1166.772869988884, "y": 1170.199951994428, "bigg_id": "cpd00001", "name": "H2O", "label_x": -1141.772869988884, "label_y": 1170.199951994428, "node_is_primary": false}, "121": {"node_type": "multimarker", "x": -1230.9980947757372, "y": 1094.4403259963578}, "122": {"node_type": "midmarker", "x": -1250.9973599225507, "y": 1094.2688804149184}, "123": {"node_type": "multimarker", "x": -1270.996625069366, "y": 1094.0974348334798}, "124": {"node_type": "metabolite", "x": -1076.9866085871188, "y": 1093.7605304587546, "bigg_id": "cpd00065", "name": "L-Tryptophan", "label_x": -1142.1515255793063, "label_y": 1075.9790363181296, "node_is_primary": true}, "125": {"node_type": "metabolite", "x": -1356.679284269084, "y": 1173.3658516996256, "bigg_id": "cpd00013", "name": "NH3", "label_x": -1341.679284269084, "label_y": 1173.3658516996256, "node_is_primary": false}, "126": {"node_type": "metabolite", "x": -1355.3077196175755, "y": 1013.3717305251066, "bigg_id": "cpd00020", "name": "Pyruvate", "label_x": -1388.3077196175755, "label_y": 989.3717305251066, "node_is_primary": false}, "127": {"node_type": "metabolite", "x": -1425.9909299571823, "y": 1092.76873157733, "bigg_id": "cpd00359", "name": "indol", "label_x": -1403.9909299571823, "label_y": 1071.76873157733, "node_is_primary": true}, "128": {"node_type": "multimarker", "x": -1076.9866085871188, "y": 1248.7605304587546}, "129": {"node_type": "midmarker", "x": -1076.9866085871188, "y": 1268.7605304587546}, "130": {"node_type": "multimarker", "x": -1076.9866085871188, "y": 1288.7605304587541}, "131": {"node_type": "metabolite", "x": -1000.986608587119, "y": 1169.7605304587546, "bigg_id": "cpd00007", "name": "O2", "label_x": -976.986608587119, "label_y": 1169.7605304587546, "node_is_primary": false}, "132": {"node_type": "metabolite", "x": -1076.9866085871188, "y": 1443.7605304587541, "bigg_id": "cpd01749", "name": "N-Formylkynurenine", "label_x": -1051.9866085871188, "label_y": 1443.7605304587541, "node_is_primary": true}, "133": {"node_type": "multimarker", "x": -921.986608587119, "y": 1093.7605304587546}, "134": {"node_type": "midmarker", "x": -901.986608587119, "y": 1093.7605304587546}, "135": {"node_type": "multimarker", "x": -881.986608587119, "y": 1093.7605304587546}, "136": {"node_type": "metabolite", "x": -985.986608587119, "y": 1008.7605304587546, "bigg_id": "cpd00007", "name": "O2", "label_x": -1035.1866085871188, "label_y": 1018.7605304587546, "node_is_primary": false}, "137": {"node_type": "metabolite", "x": -796.986608587119, "y": 1013.7605304587546, "bigg_id": "cpd00001", "name": "H2O", "label_x": -840.1866085871188, "label_y": 993.7605304587546, "node_is_primary": false}, "138": {"node_type": "metabolite", "x": -796.986608587119, "y": 1173.7605304587546, "bigg_id": "cpd00011", "name": "CO2", "label_x": -840.1866085871188, "label_y": 1213.7605304587546, "node_is_primary": false}, "139": {"node_type": "metabolite", "x": -726.986608587119, "y": 1093.7605304587546, "bigg_id": "cpd01747", "name": "Indole-3-acetamide", "label_x": -798.3301632746188, "label_y": 1066.6494464743796, "node_is_primary": true}, "140": {"node_type": "multimarker", "x": -1076.9866085871188, "y": 1598.7605304587541}, "141": {"node_type": "midmarker", "x": -1076.9866085871188, "y": 1618.7605304587541}, "142": {"node_type": "multimarker", "x": -1076.9866085871188, "y": 1638.7605304587541}, "143": {"node_type": "metabolite", "x": -1156.9866085871188, "y": 1513.7605304587541, "bigg_id": "cpd00001", "name": "H2O", "label_x": -1228.9866085871188, "label_y": 1543.7605304587541, "node_is_primary": false}, "144": {"node_type": "metabolite", "x": -996.9866085871188, "y": 1723.7605304587541, "bigg_id": "cpd00047", "name": "Formate", "label_x": -981.9866085871188, "label_y": 1723.7605304587541, "node_is_primary": false}, "145": {"node_type": "metabolite", "x": -1156.9866085871188, "y": 1723.7605304587541, "bigg_id": "cpd00067", "name": "H+", "label_x": -1228.9866085871188, "label_y": 1753.7605304587541, "node_is_primary": false}, "146": {"node_type": "metabolite", "x": -1076.9866085871188, "y": 1793.7605304587541, "bigg_id": "cpd00275", "name": "L-Kynurenine", "label_x": -1051.9866085871188, "label_y": 1793.7605304587541, "node_is_primary": true}, "147": {"node_type": "multimarker", "x": -571.986608587119, "y": 1093.7605304587546}, "148": {"node_type": "midmarker", "x": -551.986608587119, "y": 1093.7605304587546}, "149": {"node_type": "multimarker", "x": -531.986608587119, "y": 1093.7605304587546}, "150": {"node_type": "metabolite", "x": -656.986608587119, "y": 1173.7605304587546, "bigg_id": "cpd00001", "name": "H2O", "label_x": -700.1866085871188, "label_y": 1213.7605304587546, "node_is_primary": false}, "151": {"node_type": "metabolite", "x": -446.986608587119, "y": 1173.7605304587546, "bigg_id": "cpd00013", "name": "NH3", "label_x": -490.1866085871188, "label_y": 1213.7605304587546, "node_is_primary": false}, "152": {"node_type": "metabolite", "x": -376.986608587119, "y": 1093.7605304587546, "bigg_id": "cpd00703", "name": "Indoleacetate", "label_x": -439.6707394464938, "label_y": 1064.4844074118796, "node_is_primary": true}, "153": {"node_type": "multimarker", "x": 309.974365234375, "y": 1268.721923828125}, "154": {"node_type": "midmarker", "x": 309.974365234375, "y": 1248.721923828125}, "155": {"node_type": "multimarker", "x": 309.974365234375, "y": 1228.721923828125}, "156": {"node_type": "metabolite", "x": 389.974365234375, "y": 1353.721923828125, "bigg_id": "cpd00001", "name": "H2O", "label_x": 404.974365234375, "label_y": 1353.721923828125, "node_is_primary": false}, "157": {"node_type": "metabolite", "x": 309.974365234375, "y": 1073.721923828125, "bigg_id": "cpd03708", "name": "2,4-Dihydroxyhept-2-enedioate", "label_x": 334.974365234375, "label_y": 1073.721923828125, "node_is_primary": true}, "158": {"node_type": "multimarker", "x": 308.6614031218121, "y": 1967.9782606239105}, "159": {"node_type": "midmarker", "x": 308.72575615450467, "y": 1947.9783641570011}, "160": {"node_type": "multimarker", "x": 308.7901091871963, "y": 1927.9784676900867}, "161": {"node_type": "metabolite", "x": 388.3874886005184, "y": 2053.2352327390513, "bigg_id": "cpd00067", "name": "H+", "label_x": 400.0154182880184, "label_y": 2059.6011995359263, "node_is_primary": false}, "162": {"node_type": "metabolite", "x": 389.06319544378437, "y": 1843.2363198364787, "bigg_id": "cpd00011", "name": "CO2", "label_x": 409.781121469175, "label_y": 1849.6024087036662, "node_is_primary": false}, "164": {"node_type": "multimarker", "x": 307.0364890463395, "y": 2667.9756464134284}, "165": {"node_type": "midmarker", "x": 307.0364890463395, "y": 2647.9756464134284}, "166": {"node_type": "multimarker", "x": 307.0364890463395, "y": 2627.9756464134284}, "167": {"node_type": "metabolite", "x": 223.6526694662614, "y": 2751.1802362571784, "bigg_id": "cpd00001", "name": "H2O", "label_x": 163.24475625825357, "label_y": 2742.2029413353034, "node_is_primary": false}, "168": {"node_type": "metabolite", "x": 386.0352683432145, "y": 2754.7493280540534, "bigg_id": "cpd00003", "name": "NAD", "label_x": 411.0352683432145, "label_y": 2754.7493280540534, "node_is_primary": false}, "169": {"node_type": "metabolite", "x": 306.0352378256364, "y": 2817.6109003196784, "bigg_id": "cpd02828", "name": "5-Carboxymethyl-2-hydroxymuconic semialdehyde", "label_x": 234.0352378256364, "label_y": 2847.6109003196784, "node_is_primary": true}, "170": {"node_type": "metabolite", "x": 387.0364890463395, "y": 2542.9756464134284, "bigg_id": "cpd00004", "name": "NADH", "label_x": 402.0364890463395, "label_y": 2542.9756464134284, "node_is_primary": false}, "171": {"node_type": "metabolite", "x": 227.0364890463395, "y": 2542.9756464134284, "bigg_id": "cpd00067", "name": "H+", "label_x": 190.9450278646989, "label_y": 2562.2031854759284, "node_is_primary": false}, "172": {"node_type": "multimarker", "x": 306.0352378256364, "y": 3012.6109003196784}, "173": {"node_type": "midmarker", "x": 306.0352378256364, "y": 2992.6109003196784}, "174": {"node_type": "multimarker", "x": 306.0352378256364, "y": 2972.6109003196784}, "175": {"node_type": "metabolite", "x": 226.0352378256364, "y": 3097.6109003196784, "bigg_id": "cpd00007", "name": "O2", "label_x": 154.0352378256364, "label_y": 3127.6109003196784, "node_is_primary": false}, "176": {"node_type": "metabolite", "x": 306.0352378256364, "y": 3167.6109003196784, "bigg_id": "cpd00854", "name": "Homoprotocatechuate", "label_x": 331.0352378256364, "label_y": 3167.6109003196784, "node_is_primary": true}, "177": {"node_type": "metabolite", "x": 226.0352378256364, "y": 2887.6109003196784, "bigg_id": "cpd00067", "name": "H+", "label_x": 154.0352378256364, "label_y": 2917.6109003196784, "node_is_primary": false}, "187": {"node_type": "multimarker", "x": 306.0352378256364, "y": 3362.6109003196784}, "188": {"node_type": "midmarker", "x": 306.0352378256364, "y": 3342.6109003196784}, "189": {"node_type": "multimarker", "x": 306.0352378256364, "y": 3322.6109003196784}, "190": {"node_type": "metabolite", "x": 223.44560769868326, "y": 3449.3845819603034, "bigg_id": "cpd00004", "name": "NADH", "label_x": 155.08342508149576, "label_y": 3426.0440057884284, "node_is_primary": false}, "191": {"node_type": "metabolite", "x": 396.80779031587076, "y": 3449.4063104759284, "bigg_id": "cpd00007", "name": "O2", "label_x": 411.80779031587076, "label_y": 3449.4063104759284, "node_is_primary": false}, "192": {"node_type": "metabolite", "x": 405.5778861410661, "y": 3397.3389276634284, "bigg_id": "cpd00067", "name": "H+", "label_x": 419.75839761567545, "label_y": 3400.4075311790534, "node_is_primary": false}, "193": {"node_type": "metabolite", "x": 305.8282065756364, "y": 3515.5867303978034, "bigg_id": "cpd00489", "name": "4-Hydroxyphenylacetate", "label_x": 233.8282065756364, "label_y": 3545.5867303978034, "node_is_primary": true}, "194": {"node_type": "metabolite", "x": 386.0352378256364, "y": 3237.6109003196784, "bigg_id": "cpd00001", "name": "H2O", "label_x": 401.0352378256364, "label_y": 3237.6109003196784, "node_is_primary": false}, "195": {"node_type": "metabolite", "x": 226.0352378256364, "y": 3237.6109003196784, "bigg_id": "cpd00003", "name": "NAD", "label_x": 154.0352378256364, "label_y": 3267.6109003196784, "node_is_primary": false}, "196": {"node_type": "multimarker", "x": 305.8282065756364, "y": 3710.5867303978034}, "197": {"node_type": "midmarker", "x": 305.8282065756364, "y": 3690.5867303978034}, "198": {"node_type": "multimarker", "x": 305.8282065756364, "y": 3670.5867303978034}, "199": {"node_type": "metabolite", "x": 385.8282065756364, "y": 3795.5867303978034, "bigg_id": "cpd00001", "name": "H2O", "label_x": 400.8282065756364, "label_y": 3795.5867303978034, "node_is_primary": false}, "200": {"node_type": "metabolite", "x": 225.03403238130045, "y": 3797.3606561790534, "bigg_id": "cpd00003", "name": "NAD", "label_x": 174.62611917329264, "label_y": 3775.8154901634284, "node_is_primary": false}, "201": {"node_type": "metabolite", "x": 306.6223960287614, "y": 3844.0632928978034, "bigg_id": "cpd02361", "name": "4-Hydroxyphenylacetaldehyde", "label_x": 234.6223960287614, "label_y": 3874.0632928978034, "node_is_primary": true}, "202": {"node_type": "metabolite", "x": 385.8282065756364, "y": 3585.5867303978034, "bigg_id": "cpd00004", "name": "NADH", "label_x": 400.8282065756364, "label_y": 3585.5867303978034, "node_is_primary": false}, "203": {"node_type": "metabolite", "x": 225.8282065756364, "y": 3585.5867303978034, "bigg_id": "cpd00067", "name": "H+", "label_x": 180.7596030600114, "label_y": 3601.2232050071784, "node_is_primary": false}, "204": {"node_type": "multimarker", "x": -33.68950176239014, "y": 3850.933349609375}, "205": {"node_type": "midmarker", "x": -13.689501762390137, "y": 3850.933349609375}, "206": {"node_type": "multimarker", "x": 6.310498237609863, "y": 3850.933349609375}, "207": {"node_type": "metabolite", "x": -118.68950176239014, "y": 3770.933349609375, "bigg_id": "cpd00001", "name": "H2O", "label_x": -161.88950176239013, "label_y": 3750.933349609375, "node_is_primary": false}, "208": {"node_type": "metabolite", "x": -118.68950176239014, "y": 3930.933349609375, "bigg_id": "cpd00007", "name": "O2", "label_x": -161.88950176239013, "label_y": 3970.933349609375, "node_is_primary": false}, "209": {"node_type": "metabolite", "x": 91.31049823760986, "y": 3770.933349609375, "bigg_id": "cpd00013", "name": "NH3", "label_x": 48.11049823760987, "label_y": 3750.933349609375, "node_is_primary": false}, "210": {"node_type": "metabolite", "x": 91.31049823760986, "y": 3930.933349609375, "bigg_id": "cpd00025", "name": "H2O2", "label_x": 48.11049823760987, "label_y": 3970.933349609375, "node_is_primary": false}, "212": {"node_type": "multimarker", "x": -1076.9866085871188, "y": 1948.7605304587541}, "213": {"node_type": "midmarker", "x": -1076.9866085871188, "y": 1968.7605304587541}, "214": {"node_type": "multimarker", "x": -1076.9866085871188, "y": 1988.7605304587541}, "215": {"node_type": "metabolite", "x": -1156.9866085871188, "y": 1863.7605304587541, "bigg_id": "cpd00001", "name": "H2O", "label_x": -1228.9866085871188, "label_y": 1893.7605304587541, "node_is_primary": false}, "216": {"node_type": "metabolite", "x": -996.9866085871188, "y": 2073.760530458754, "bigg_id": "cpd00035", "name": "L-Alanine", "label_x": -981.9866085871188, "label_y": 2073.760530458754, "node_is_primary": false}, "217": {"node_type": "metabolite", "x": -1156.9866085871188, "y": 2073.760530458754, "bigg_id": "cpd00067", "name": "H+", "label_x": -1228.9866085871188, "label_y": 2103.760530458754, "node_is_primary": false}, "218": {"node_type": "metabolite", "x": -1076.9866085871188, "y": 2143.760530458754, "bigg_id": "cpd00093", "name": "Anthranilate", "label_x": -1063.1886959894625, "label_y": 2125.090608583754, "node_is_primary": true}, "219": {"node_type": "multimarker", "x": -1315.9879513605563, "y": 2343.225862490004}, "220": {"node_type": "midmarker", "x": -1315.9879513605563, "y": 2363.225862490004}, "221": {"node_type": "multimarker", "x": -1315.9879513605563, "y": 2383.225862490004}, "222": {"node_type": "metabolite", "x": -1235.9879513605563, "y": 2258.225862490004, "bigg_id": "cpd00004", "name": "NADH", "label_x": -1257.1160031183688, "label_y": 2244.330354677504, "node_is_primary": false}, "223": {"node_type": "metabolite", "x": -1395.9879513605563, "y": 2258.225862490004, "bigg_id": "cpd00007", "name": "O2", "label_x": -1442.9762326105563, "label_y": 2249.318635927504, "node_is_primary": false}, "224": {"node_type": "metabolite", "x": -1475.9879513605563, "y": 2278.225862490004, "bigg_id": "cpd00067", "name": "H+", "label_x": -1520.1971798761813, "label_y": 2294.330354677504, "node_is_primary": false}, "225": {"node_type": "metabolite", "x": -1315.9878292902438, "y": 2557.679475771254, "bigg_id": "cpd00003", "name": "NAD", "label_x": -1290.9878292902438, "label_y": 2557.679475771254, "node_is_primary": false}, "226": {"node_type": "metabolite", "x": -1235.9879513605563, "y": 2468.225862490004, "bigg_id": "cpd00011", "name": "CO2", "label_x": -1220.9879513605563, "label_y": 2468.225862490004, "node_is_primary": false}, "227": {"node_type": "metabolite", "x": -1395.9879513605563, "y": 2468.225862490004, "bigg_id": "cpd00013", "name": "NH3", "label_x": -1467.9879513605563, "label_y": 2498.225862490004, "node_is_primary": false}, "228": {"node_type": "metabolite", "x": -1070.2414913996188, "y": 2545.493928896254, "bigg_id": "cpd00077", "name": "Catechol", "label_x": -1142.2414913996188, "label_y": 2575.493928896254, "node_is_primary": true}, "239": {"node_type": "multimarker", "x": -828.0303342797051, "y": 2336.9718377108584}, "240": {"node_type": "midmarker", "x": -827.2493432021806, "y": 2356.9565832167896}, "241": {"node_type": "multimarker", "x": -826.4683521246566, "y": 2376.9413287227203}, "242": {"node_type": "metabolite", "x": -751.4105643354601, "y": 2248.912705000554, "bigg_id": "cpd00005", "name": "NADPH", "label_x": -736.4105643354601, "label_y": 2248.912705000554, "node_is_primary": false}, "243": {"node_type": "metabolite", "x": -911.2885283829082, "y": 2255.1606336207496, "bigg_id": "cpd00007", "name": "O2", "label_x": -952.7185820938455, "label_y": 2240.6953015894996, "node_is_primary": false}, "244": {"node_type": "metabolite", "x": -990.4465193291069, "y": 2278.2693434367784, "bigg_id": "cpd00067", "name": "H+", "label_x": -1017.9811872978569, "label_y": 2305.4902907024034, "node_is_primary": false}, "245": {"node_type": "metabolite", "x": -826.1865789771987, "y": 2526.486281768232, "bigg_id": "cpd00006", "name": "NADP", "label_x": -801.1865789771987, "label_y": 2526.486281768232, "node_is_primary": false}, "246": {"node_type": "metabolite", "x": -743.2101580214539, "y": 2458.752532812829, "bigg_id": "cpd00011", "name": "CO2", "label_x": -728.2101580214539, "label_y": 2458.752532812829, "node_is_primary": false}, "247": {"node_type": "metabolite", "x": -903.0881220689016, "y": 2465.0004614330246, "bigg_id": "cpd00013", "name": "NH3", "label_x": -975.0881220689012, "label_y": 2495.0004614330246, "node_is_primary": false}, "249": {"node_type": "multimarker", "x": -310.9999694824219, "y": 3029}, "250": {"node_type": "midmarker", "x": -310.9999694824219, "y": 3009}, "251": {"node_type": "multimarker", "x": -310.9999694824219, "y": 2989}, "252": {"node_type": "metabolite", "x": -390.9999694824219, "y": 3114, "bigg_id": "cpd00001", "name": "H2O", "label_x": -462.9999694824219, "label_y": 3144, "node_is_primary": false}, "253": {"node_type": "metabolite", "x": -230.99996948242188, "y": 3114, "bigg_id": "cpd00003", "name": "NAD", "label_x": -215.99996948242188, "label_y": 3114, "node_is_primary": false}, "254": {"node_type": "metabolite", "x": -199.83657836914062, "y": 2947.942626953125, "bigg_id": "cpd00004", "name": "NADH", "label_x": -174.83657836914062, "label_y": 2947.942626953125, "node_is_primary": false}, "255": {"node_type": "metabolite", "x": -390.9999694824219, "y": 2904, "bigg_id": "cpd00013", "name": "NH3", "label_x": -462.9999694824219, "label_y": 2934, "node_is_primary": false}, "256": {"node_type": "metabolite", "x": -230.99996948242188, "y": 2904, "bigg_id": "cpd00067", "name": "H+", "label_x": -215.99996948242188, "label_y": 2904, "node_is_primary": false}, "257": {"node_type": "metabolite", "x": -309.4078063964844, "y": 2821.174072265625, "bigg_id": "cpd00143", "name": "Phenylpyruvate", "label_x": -294.4078063964844, "label_y": 2821.174072265625, "node_is_primary": true}, "258": {"node_type": "multimarker", "x": -309.4078063964844, "y": 2626.174072265625}, "259": {"node_type": "midmarker", "x": -309.4078063964844, "y": 2646.174072265625}, "260": {"node_type": "multimarker", "x": -309.4078063964844, "y": 2666.174072265625}, "261": {"node_type": "metabolite", "x": -229.40780639648438, "y": 2541.174072265625, "bigg_id": "cpd00067", "name": "H+", "label_x": -214.40780639648438, "label_y": 2541.174072265625, "node_is_primary": false}, "262": {"node_type": "metabolite", "x": -309.4078063964844, "y": 2471.174072265625, "bigg_id": "cpd00219", "name": "Prephenate", "label_x": -284.4078063964844, "label_y": 2471.174072265625, "node_is_primary": true}, "263": {"node_type": "metabolite", "x": -389.4078063964844, "y": 2751.174072265625, "bigg_id": "cpd00001", "name": "H2O", "label_x": -461.4078063964844, "label_y": 2781.174072265625, "node_is_primary": false}, "264": {"node_type": "metabolite", "x": -229.40780639648438, "y": 2751.174072265625, "bigg_id": "cpd00011", "name": "CO2", "label_x": -214.40780639648438, "label_y": 2751.174072265625, "node_is_primary": false}, "265": {"node_type": "multimarker", "x": -309.4078063964844, "y": 2276.174072265625}, "266": {"node_type": "midmarker", "x": -309.4078063964844, "y": 2296.174072265625}, "267": {"node_type": "multimarker", "x": -309.4078063964844, "y": 2316.174072265625}, "268": {"node_type": "metabolite", "x": -311.2748107910156, "y": 2134.2431640625, "bigg_id": "cpd00216", "name": "Chorismate", "label_x": -286.2748107910156, "label_y": 2134.2431640625, "node_is_primary": true}, "277": {"node_type": "multimarker", "x": -652.976318359375, "y": 2128.642333984375}, "278": {"node_type": "midmarker", "x": -672.976318359375, "y": 2128.642333984375}, "279": {"node_type": "multimarker", "x": -692.976318359375, "y": 2128.642333984375}, "280": {"node_type": "metabolite", "x": -567.976318359375, "y": 2048.642333984375, "bigg_id": "cpd00013", "name": "NH3", "label_x": -611.176318359375, "label_y": 2028.642333984375, "node_is_primary": false}, "281": {"node_type": "metabolite", "x": -776.1092529296875, "y": 2188.105224609375, "bigg_id": "cpd00001", "name": "H2O", "label_x": -757.697802734375, "label_y": 2192.632080078125, "node_is_primary": false}, "282": {"node_type": "metabolite", "x": -777.976318359375, "y": 2048.642333984375, "bigg_id": "cpd00020", "name": "Pyruvate", "label_x": -821.176318359375, "label_y": 2028.642333984375, "node_is_primary": false}, "283": {"node_type": "metabolite", "x": -757.976318359375, "y": 1968.642333984375, "bigg_id": "cpd00067", "name": "H+", "label_x": -801.176318359375, "label_y": 1948.642333984375, "node_is_primary": false}}, "text_labels": {"0": {"x": -854.3882141113281, "y": 554.7875366210938, "text": "Phenylalanine, Tyrosine, and Tryptophan Degradation"}, "3": {"x": -1219.9794921875, "y": 964.8426513671875, "text": "Tryptophan"}, "4": {"x": -824.7456665039062, "y": 3178.15185546875, "text": "Phenylalanine"}, "5": {"x": -730.877685546875, "y": 3543.7431640625, "text": "Tyrosine"}}, "canvas": {"x": -2035.5486450195312, "y": 317.6473083496094, "width": 3646.8306274414062, "height": 3996.8019104003906}}]