[{"map_name":"new_map","map_id":"FDF3IMkYMfVA","map_description":"\nLast Modified Fri Jun 21 2019 09:22:05 GMT-0500 (Central Daylight Time)","homepage":"https://escher.github.io","schema":"https://escher.github.io/escher/jsonschema/1-0-0#"},{"reactions":{"0":{"name":"rxn01256","bigg_id":"rxn01256","reversibility":false,"label_x":-446.29225158691406,"label_y":-150.20452880859375,"gene_reaction_rule":"","genes":[],"metabolites":[{"bigg_id":"cpd00216","coefficient":-1},{"bigg_id":"cpd00219","coefficient":1}],"segments":{"0":{"from_node_id":"1","to_node_id":"2","b1":null,"b2":null},"1":{"from_node_id":"3","to_node_id":"2","b1":null,"b2":null},"2":{"from_node_id":"1","to_node_id":"0","b1":{"x":-304.3651123046875,"y":-217.0593719482422},"b2":{"x":-304.3651123046875,"y":-271.3093719482422}},"3":{"from_node_id":"3","to_node_id":"4","b1":{"x":-304.3651123046875,"y":-93.05937194824219},"b2":{"x":-304.3651123046875,"y":-38.80937194824219}}}},"9":{"name":"rxn01270","bigg_id":"rxn01270","reversibility":false,"label_x":63.32737591884552,"label_y":246.05665100741976,"gene_reaction_rule":"","genes":[],"metabolites":[{"bigg_id":"cpd00032","coefficient":-1},{"bigg_id":"cpd00616","coefficient":-1},{"bigg_id":"cpd00041","coefficient":1},{"bigg_id":"cpd00219","coefficient":1}],"segments":{"58":{"from_node_id":"68","to_node_id":"69","b1":null,"b2":null},"59":{"from_node_id":"70","to_node_id":"69","b1":null,"b2":null},"60":{"from_node_id":"68","to_node_id":"67","b1":{"x":190.0767198198356,"y":271.8190904391935},"b2":{"x":225.93264541357613,"y":271.48055481500506}},"61":{"from_node_id":"68","to_node_id":"91","b1":{"x":194.07668635080995,"y":271.802727337703},"b2":{"x":481.40440358396745,"y":319.5213694468953}},"62":{"from_node_id":"70","to_node_id":"72","b1":{"x":62.07779082867813,"y":272.34270968690134},"b2":{"x":44.4182773131451,"y":259.45770019535996}},"63":{"from_node_id":"70","to_node_id":"4","b1":{"x":66.07775735965208,"y":272.3263465854104},"b2":{"x":-262.4753901994379,"y":71.81096328062645}}}},"10":{"name":"rxn01000","bigg_id":"rxn01000","reversibility":false,"label_x":-450.7279357910156,"label_y":204.9406280517578,"gene_reaction_rule":"","genes":[],"metabolites":[{"bigg_id":"cpd00067","coefficient":-1},{"bigg_id":"cpd00219","coefficient":-1},{"bigg_id":"cpd00001","coefficient":1},{"bigg_id":"cpd00011","coefficient":1},{"bigg_id":"cpd00143","coefficient":1}],"segments":{"64":{"from_node_id":"74","to_node_id":"75","b1":null,"b2":null},"65":{"from_node_id":"76","to_node_id":"75","b1":null,"b2":null},"66":{"from_node_id":"74","to_node_id":"77","b1":{"x":-304.3651123046875,"y":128.9406280517578},"b2":{"x":-322.3651123046875,"y":123.69062805175781}},"67":{"from_node_id":"74","to_node_id":"4","b1":{"x":-304.3651123046875,"y":132.9406280517578},"b2":{"x":-304.3651123046875,"y":78.69062805175781}},"68":{"from_node_id":"76","to_node_id":"78","b1":{"x":-304.3651123046875,"y":260.9406280517578},"b2":{"x":-286.3651123046875,"y":266.1906280517578}},"69":{"from_node_id":"76","to_node_id":"79","b1":{"x":-304.3651123046875,"y":260.9406280517578},"b2":{"x":-322.3651123046875,"y":266.1906280517578}},"70":{"from_node_id":"76","to_node_id":"80","b1":{"x":-304.3651123046875,"y":256.9406280517578},"b2":{"x":-304.3651123046875,"y":311.1906280517578}}}},"13":{"name":"rxn00525","bigg_id":"rxn00525","reversibility":false,"label_x":374.5651706121755,"label_y":187.83641727646204,"gene_reaction_rule":"","genes":[],"metabolites":[{"bigg_id":"cpd00003","coefficient":-1},{"bigg_id":"cpd00616","coefficient":-1},{"bigg_id":"cpd00004","coefficient":1},{"bigg_id":"cpd00011","coefficient":1},{"bigg_id":"cpd00069","coefficient":1}],"segments":{"84":{"from_node_id":"94","to_node_id":"95","b1":null,"b2":null},"85":{"from_node_id":"96","to_node_id":"95","b1":null,"b2":null},"86":{"from_node_id":"94","to_node_id":"97","b1":{"x":583.7526725577889,"y":241.2572548145115},"b2":{"x":582.7021115688622,"y":232.10672787637918}},"87":{"from_node_id":"94","to_node_id":"91","b1":{"x":583.8092039414115,"y":237.25765430912838},"b2":{"x":551.4633612815342,"y":263.88166574737215}},"88":{"from_node_id":"96","to_node_id":"98","b1":{"x":585.5616768337211,"y":113.27003864223275},"b2":{"x":597.0194937582778,"y":80.23965779793525}},"89":{"from_node_id":"96","to_node_id":"99","b1":{"x":585.6182082173443,"y":109.27043813684918},"b2":{"x":610.8749342181895,"y":107.15482766811488}},"90":{"from_node_id":"96","to_node_id":"126","b1":{"x":585.6182082173443,"y":109.27043813684918},"b2":{"x":547.3703448533522,"y":93.88686628255437}}}},"14":{"name":"rxn00526","bigg_id":"rxn00526","reversibility":false,"label_x":592.3106613643389,"label_y":187.5566319696618,"gene_reaction_rule":"","genes":[],"metabolites":[{"bigg_id":"cpd00006","coefficient":-1},{"bigg_id":"cpd00616","coefficient":-1},{"bigg_id":"cpd00005","coefficient":1},{"bigg_id":"cpd00011","coefficient":1},{"bigg_id":"cpd00069","coefficient":1}],"segments":{"91":{"from_node_id":"101","to_node_id":"102","b1":null,"b2":null},"92":{"from_node_id":"103","to_node_id":"102","b1":null,"b2":null},"93":{"from_node_id":"101","to_node_id":"104","b1":{"x":519.7812138470607,"y":243.55004030849136},"b2":{"x":531.0259986222884,"y":246.53155036947987}},"94":{"from_node_id":"101","to_node_id":"91","b1":{"x":519.8377452306837,"y":239.55043980310938},"b2":{"x":551.4633612815342,"y":263.88166574737215}},"95":{"from_node_id":"103","to_node_id":"105","b1":{"x":521.5902181229935,"y":115.56282413621352},"b2":{"x":455.2895802462509,"y":109.73427578593805}},"96":{"from_node_id":"103","to_node_id":"106","b1":{"x":521.6467495066167,"y":111.5632236308295},"b2":{"x":524.6564012435517,"y":104.72921378891988}},"97":{"from_node_id":"103","to_node_id":"126","b1":{"x":521.6467495066167,"y":111.5632236308295},"b2":{"x":550.3437468717317,"y":95.60686845509076}}}},"15":{"name":"rxn01268","bigg_id":"rxn01268","reversibility":false,"label_x":-112.47812795639038,"label_y":5.666387557983398,"gene_reaction_rule":"","genes":[],"metabolites":[{"bigg_id":"cpd00003","coefficient":-1},{"bigg_id":"cpd00219","coefficient":-1},{"bigg_id":"cpd00004","coefficient":1},{"bigg_id":"cpd00011","coefficient":1},{"bigg_id":"cpd00868","coefficient":1}],"segments":{"98":{"from_node_id":"108","to_node_id":"109","b1":null,"b2":null},"99":{"from_node_id":"110","to_node_id":"109","b1":null,"b2":null},"100":{"from_node_id":"108","to_node_id":"111","b1":{"x":-113.04267120361328,"y":-28.938318252563477},"b2":{"x":-124.21112980204342,"y":-30.483131892384193}},"101":{"from_node_id":"108","to_node_id":"4","b1":{"x":-109.04267120361328,"y":-28.938318252563477},"b2":{"x":-245.6151123046875,"y":19.940628051757812}},"102":{"from_node_id":"110","to_node_id":"112","b1":{"x":14.957328796386719,"y":-28.938318252563477},"b2":{"x":56.06129341627587,"y":-54.537817070526614}},"103":{"from_node_id":"110","to_node_id":"113","b1":{"x":18.95732879638672,"y":-28.938318252563477},"b2":{"x":101.38461303710938,"y":-16.067399978637695}},"104":{"from_node_id":"110","to_node_id":"114","b1":{"x":18.95732879638672,"y":-28.938318252563477},"b2":{"x":128.9295406073424,"y":11.872995751219094}}}},"16":{"name":"rxn01269","bigg_id":"rxn01269","reversibility":false,"label_x":-115.05069732666016,"label_y":41.68244791030884,"gene_reaction_rule":"","genes":[],"metabolites":[{"bigg_id":"cpd00006","coefficient":-1},{"bigg_id":"cpd00219","coefficient":-1},{"bigg_id":"cpd00005","coefficient":1},{"bigg_id":"cpd00011","coefficient":1},{"bigg_id":"cpd00868","coefficient":1}],"segments":{"105":{"from_node_id":"115","to_node_id":"116","b1":null,"b2":null},"106":{"from_node_id":"117","to_node_id":"116","b1":null,"b2":null},"107":{"from_node_id":"115","to_node_id":"118","b1":{"x":-110.47008895874023,"y":55.95668601989746},"b2":{"x":-118.29265975952148,"y":37.94061088562012}},"108":{"from_node_id":"115","to_node_id":"4","b1":{"x":-106.47008895874023,"y":55.95668601989746},"b2":{"x":-245.6151123046875,"y":19.940628051757812}},"109":{"from_node_id":"117","to_node_id":"119","b1":{"x":17.529911041259766,"y":55.95668601989746},"b2":{"x":41.06321712323884,"y":69.27283917468696}},"110":{"from_node_id":"117","to_node_id":"120","b1":{"x":21.529911041259766,"y":55.95668601989746},"b2":{"x":73.72707160897889,"y":43.34659284994524}},"111":{"from_node_id":"117","to_node_id":"114","b1":{"x":21.529911041259766,"y":55.95668601989746},"b2":{"x":126.3855992833723,"y":13.862641816009315}}}},"17":{"name":"rxn00527","bigg_id":"rxn00527","reversibility":false,"label_x":317.9767303466797,"label_y":47.02160453796387,"gene_reaction_rule":"","genes":[],"metabolites":[{"bigg_id":"cpd00024","coefficient":-1},{"bigg_id":"cpd00069","coefficient":-1},{"bigg_id":"cpd00023","coefficient":1},{"bigg_id":"cpd00868","coefficient":1}],"segments":{"112":{"from_node_id":"122","to_node_id":"123","b1":null,"b2":null},"113":{"from_node_id":"124","to_node_id":"123","b1":null,"b2":null},"114":{"from_node_id":"122","to_node_id":"125","b1":{"x":440.4490203857422,"y":15.045608520507812},"b2":{"x":470.96332626860186,"y":21.060269462213995}},"115":{"from_node_id":"122","to_node_id":"126","b1":{"x":436.4490203857422,"y":15.045608520507812},"b2":{"x":490.6990203857422,"y":15.045608520507812}},"116":{"from_node_id":"124","to_node_id":"127","b1":{"x":308.4490203857422,"y":15.045608520507812},"b2":{"x":303.1990203857422,"y":33.04560852050781}},"117":{"from_node_id":"124","to_node_id":"114","b1":{"x":312.4490203857422,"y":15.045608520507812},"b2":{"x":258.1990203857422,"y":15.045608520507812}}}},"18":{"name":"rxn00490","bigg_id":"rxn00490","reversibility":false,"label_x":299.21571350097656,"label_y":392.0009307861328,"gene_reaction_rule":"","genes":[],"metabolites":[{"bigg_id":"cpd00067","coefficient":-1},{"bigg_id":"cpd00616","coefficient":-1},{"bigg_id":"cpd00001","coefficient":1},{"bigg_id":"cpd00011","coefficient":1},{"bigg_id":"cpd00066","coefficient":1}],"segments":{"118":{"from_node_id":"128","to_node_id":"129","b1":null,"b2":null},"119":{"from_node_id":"130","to_node_id":"129","b1":null,"b2":null},"120":{"from_node_id":"128","to_node_id":"131","b1":{"x":427.99693298339844,"y":411.23146057128906},"b2":{"x":433.24693298339844,"y":429.23146057128906}},"121":{"from_node_id":"128","to_node_id":"91","b1":{"x":423.99693298339844,"y":411.23146057128906},"b2":{"x":565.1044752495884,"y":378.55843630330486}},"122":{"from_node_id":"130","to_node_id":"133","b1":{"x":295.99693298339844,"y":411.23146057128906},"b2":{"x":272.67013010236496,"y":416.2214977207303}},"123":{"from_node_id":"130","to_node_id":"134","b1":{"x":295.99693298339844,"y":411.23146057128906},"b2":{"x":259.8760223388672,"y":411.2234344482422}},"124":{"from_node_id":"130","to_node_id":"85","b1":{"x":299.99693298339844,"y":411.23146057128906},"b2":{"x":181.43252563476562,"y":413.8040313720703}}}},"19":{"name":"rxn00493","bigg_id":"rxn00493","reversibility":false,"label_x":-108.57843399047852,"label_y":395.41880798339844,"gene_reaction_rule":"","genes":[],"metabolites":[{"bigg_id":"cpd00024","coefficient":-1},{"bigg_id":"cpd00066","coefficient":-1},{"bigg_id":"cpd00023","coefficient":1},{"bigg_id":"cpd00143","coefficient":1}],"segments":{"125":{"from_node_id":"135","to_node_id":"136","b1":null,"b2":null},"126":{"from_node_id":"137","to_node_id":"136","b1":null,"b2":null},"127":{"from_node_id":"135","to_node_id":"138","b1":{"x":13.812171936035156,"y":416.2469940185547},"b2":{"x":19.062171936035156,"y":434.2469940185547}},"128":{"from_node_id":"135","to_node_id":"85","b1":{"x":9.812171936035156,"y":416.2469940185547},"b2":{"x":64.06217193603516,"y":416.2469940185547}},"129":{"from_node_id":"137","to_node_id":"140","b1":{"x":-118.18782806396484,"y":416.2469940185547},"b2":{"x":-123.43782806396484,"y":434.2469940185547}},"130":{"from_node_id":"137","to_node_id":"80","b1":{"x":-114.18782806396484,"y":416.2469940185547},"b2":{"x":-245.6151123046875,"y":369.9406280517578}}}}},"nodes":{"0":{"node_type":"metabolite","x":-304.3651123046875,"y":-330.0593719482422,"bigg_id":"cpd00216","name":"Chorismate","label_x":-279.3651123046875,"label_y":-330.0593719482422,"node_is_primary":true},"1":{"node_type":"multimarker","x":-304.3651123046875,"y":-175.0593719482422},"2":{"node_type":"midmarker","x":-304.3651123046875,"y":-155.0593719482422},"3":{"node_type":"multimarker","x":-304.3651123046875,"y":-135.0593719482422},"4":{"node_type":"metabolite","x":-304.3651123046875,"y":19.940628051757812,"bigg_id":"cpd00219","name":"Prephenate","label_x":-441.4374237060547,"label_y":32.80350875854492,"node_is_primary":true},"67":{"node_type":"metabolite","x":277.35003579445174,"y":243.058477719537,"bigg_id":"cpd00032","name":"Oxaloacetate","label_x":302.35003579445174,"label_y":243.058477719537,"node_is_primary":false},"68":{"node_type":"multimarker","x":148.07707124461206,"y":271.9909030048475},"69":{"node_type":"midmarker","x":128.07723858974396,"y":272.0727185123026},"70":{"node_type":"multimarker","x":108.07740593487608,"y":272.1545340197566},"72":{"node_type":"metabolite","x":-26.128080215199475,"y":261.96248351594784,"bigg_id":"cpd00041","name":"L-Aspartate","label_x":-98.12808021519947,"label_y":291.96248351594784,"node_is_primary":false},"74":{"node_type":"multimarker","x":-304.3651123046875,"y":174.9406280517578},"75":{"node_type":"midmarker","x":-304.3651123046875,"y":194.9406280517578},"76":{"node_type":"multimarker","x":-304.3651123046875,"y":214.9406280517578},"77":{"node_type":"metabolite","x":-384.3651123046875,"y":89.94062805175781,"bigg_id":"cpd00067","name":"H+","label_x":-456.3651123046875,"label_y":119.94062805175781,"node_is_primary":false},"78":{"node_type":"metabolite","x":-224.3651123046875,"y":299.9406280517578,"bigg_id":"cpd00001","name":"H2O","label_x":-209.3651123046875,"label_y":299.9406280517578,"node_is_primary":false},"79":{"node_type":"metabolite","x":-384.3651123046875,"y":299.9406280517578,"bigg_id":"cpd00011","name":"CO2","label_x":-456.3651123046875,"label_y":329.9406280517578,"node_is_primary":false},"80":{"node_type":"metabolite","x":-304.3651123046875,"y":369.9406280517578,"bigg_id":"cpd00143","name":"Phenylpyruvate","label_x":-381.6148223876953,"label_y":413.0772247314453,"node_is_primary":true},"85":{"node_type":"metabolite","x":122.68252563476562,"y":413.8040313720703,"bigg_id":"cpd00066","name":"L-Phenylalanine","label_x":55.06977844238281,"label_y":460.1103973388672,"node_is_primary":true},"91":{"node_type":"metabolite","x":550.6330565845726,"y":322.62579817019287,"bigg_id":"cpd00616","name":"Pretyrosine","label_x":575.6330565845726,"label_y":322.62579817019287,"node_is_primary":true},"94":{"node_type":"multimarker","x":584.4027834694514,"y":195.2618490025991},"95":{"node_type":"midmarker","x":584.6854403875661,"y":175.2638464756808},"96":{"node_type":"multimarker","x":584.9680973056807,"y":155.2658439487625},"97":{"node_type":"metabolite","x":644.2189358529918,"y":266.7295935867089,"bigg_id":"cpd00003","name":"NAD","label_x":657.1138943490856,"label_y":274.27686531522454,"node_is_primary":false},"98":{"node_type":"metabolite","x":650.3169311707227,"y":55.52234270776921,"bigg_id":"cpd00004","name":"NADH","label_x":664.1155151550978,"label_y":40.711086299077806,"node_is_primary":false},"99":{"node_type":"metabolite","x":681.4550068183732,"y":108.38602698295267,"bigg_id":"cpd00011","name":"CO2","label_x":704.2806904121232,"label_y":108.93372595756205,"node_is_primary":false},"101":{"node_type":"multimarker","x":520.4313247587239,"y":197.5546344965794},"102":{"node_type":"midmarker","x":520.7139816768389,"y":177.5566319696618},"103":{"node_type":"multimarker","x":520.9966385949531,"y":157.55862944274145},"104":{"node_type":"metabolite","x":463.58209763313965,"y":267.37340056004314,"bigg_id":"cpd00006","name":"NADP","label_x":388.8252407148047,"label_y":267.70582853855876,"node_is_primary":false},"105":{"node_type":"metabolite","x":398.8190554768207,"y":93.52803216611528,"bigg_id":"cpd00005","name":"NADPH","label_x":367.2223757893207,"label_y":137.2618273321309,"node_is_primary":false},"106":{"node_type":"metabolite","x":463.13957695942213,"y":70.10634807858924,"bigg_id":"cpd00011","name":"CO2","label_x":407.08170037250807,"label_y":72.95277218137244,"node_is_primary":false},"108":{"node_type":"multimarker","x":-67.04267120361328,"y":-28.938318252563477},"109":{"node_type":"midmarker","x":-47.04267120361328,"y":-28.938318252563477},"110":{"node_type":"multimarker","x":-27.04267120361328,"y":-28.938318252563477},"111":{"node_type":"metabolite","x":-144.32493591308594,"y":-98.14772605895996,"bigg_id":"cpd00003","name":"NAD","label_x":-179.8072082519531,"label_y":-125.03470420837402,"node_is_primary":false},"112":{"node_type":"metabolite","x":71.36066436767578,"y":-111.26075553894043,"bigg_id":"cpd00004","name":"NADH","label_x":48.74127655029298,"label_y":-143.29289054870605,"node_is_primary":false},"113":{"node_type":"metabolite","x":135.13461303710938,"y":-78.0673999786377,"bigg_id":"cpd00011","name":"CO2","label_x":122.80553131103517,"label_y":-95.49482917785645,"node_is_primary":false},"114":{"node_type":"metabolite","x":199.4490203857422,"y":15.045608520507812,"bigg_id":"cpd00868","name":"p-hydroxyphenylpyruvate","label_x":114.92445068359376,"label_y":-12.76015853881836,"node_is_primary":true},"115":{"node_type":"multimarker","x":-64.47008895874023,"y":55.95668601989746},"116":{"node_type":"midmarker","x":-44.470088958740234,"y":55.95668601989746},"117":{"node_type":"multimarker","x":-24.470088958740234,"y":55.95668601989746},"118":{"node_type":"metabolite","x":-152.04265975952148,"y":99.94061088562012,"bigg_id":"cpd00006","name":"NADP","label_x":-156.8990165710449,"label_y":128.75704765319824,"node_is_primary":false},"119":{"node_type":"metabolite","x":43.06232261657715,"y":127.98881721496582,"bigg_id":"cpd00005","name":"NADPH","label_x":-0.1376773834228402,"label_y":167.98881721496582,"node_is_primary":false},"120":{"node_type":"metabolite","x":88.82824516296387,"y":112.30322456359863,"bigg_id":"cpd00011","name":"CO2","label_x":79.07173614501954,"label_y":146.32732582092285,"node_is_primary":false},"122":{"node_type":"multimarker","x":394.4490203857422,"y":15.045608520507812},"123":{"node_type":"midmarker","x":374.4490203857422,"y":15.045608520507812},"124":{"node_type":"multimarker","x":354.4490203857422,"y":15.045608520507812},"125":{"node_type":"metabolite","x":479.4490203857422,"y":-49.018653869628906,"bigg_id":"cpd00024","name":"2-Oxoglutarate","label_x":433.67644958496095,"label_y":-70.76048278808594,"node_is_primary":false},"126":{"node_type":"metabolite","x":549.4490203857422,"y":15.045608520507812,"bigg_id":"cpd00069","name":"L-Tyrosine","label_x":529.4022186279296,"label_y":-16.98652458190918,"node_is_primary":true},"127":{"node_type":"metabolite","x":269.4490203857422,"y":95.04560852050781,"bigg_id":"cpd00023","name":"L-Glutamate","label_x":226.2490203857422,"label_y":135.0456085205078,"node_is_primary":false},"128":{"node_type":"multimarker","x":381.99693298339844,"y":411.23146057128906},"129":{"node_type":"midmarker","x":361.99693298339844,"y":411.23146057128906},"130":{"node_type":"multimarker","x":341.99693298339844,"y":411.23146057128906},"131":{"node_type":"metabolite","x":466.99693298339844,"y":491.23146057128906,"bigg_id":"cpd00067","name":"H+","label_x":423.79693298339845,"label_y":531.2314605712891,"node_is_primary":false},"133":{"node_type":"metabolite","x":259.5695037841797,"y":485.5860137939453,"bigg_id":"cpd00001","name":"H2O","label_x":242.09524230957032,"label_y":527.3278350830078,"node_is_primary":false},"134":{"node_type":"metabolite","x":226.1260223388672,"y":473.2234344482422,"bigg_id":"cpd00011","name":"CO2","label_x":182.9260223388672,"label_y":513.2234344482422,"node_is_primary":false},"135":{"node_type":"multimarker","x":-32.187828063964844,"y":416.2469940185547},"136":{"node_type":"midmarker","x":-52.187828063964844,"y":416.2469940185547},"137":{"node_type":"multimarker","x":-72.18782806396484,"y":416.2469940185547},"138":{"node_type":"metabolite","x":52.812171936035156,"y":496.2469940185547,"bigg_id":"cpd00024","name":"2-Oxoglutarate","label_x":9.612171936035168,"label_y":536.2469940185547,"node_is_primary":false},"140":{"node_type":"metabolite","x":-157.18782806396484,"y":496.2469940185547,"bigg_id":"cpd00023","name":"L-Glutamate","label_x":-200.38782806396483,"label_y":536.2469940185547,"node_is_primary":false}},"text_labels":{"0":{"x":-459.4768409729004,"y":-423.63446044921875,"text":"Phenylalanine and Tyrosine Branches from Chorismate"}},"canvas":{"x":-568.654296875,"y":-572.0897216796875,"width":1540.13623046875,"height":1264.78564453125}}]