[{"map_name":"new_map","map_id":"NhsfsHPH8P46","map_description":"\nLast Modified Fri Jun 21 2019 10:00:30 GMT-0500 (Central Daylight Time)","homepage":"https://escher.github.io","schema":"https://escher.github.io/escher/jsonschema/1-0-0#"},{"reactions":{"0":{"name":"rxn06943","bigg_id":"rxn06943","reversibility":false,"label_x":465.6720020433768,"label_y":275.82674504987494,"gene_reaction_rule":"","genes":[],"metabolites":[{"bigg_id":"cpd02295","coefficient":-1},{"bigg_id":"cpd02557","coefficient":-1},{"bigg_id":"cpd00011","coefficient":1},{"bigg_id":"cpd00012","coefficient":1},{"bigg_id":"cpd11425","coefficient":1}],"segments":{"0":{"from_node_id":"1","to_node_id":"2","b1":null,"b2":null},"1":{"from_node_id":"3","to_node_id":"2","b1":null,"b2":null},"2":{"from_node_id":"1","to_node_id":"8","b1":{"x":463.17012918099886,"y":236.8023896268229},"b2":{"x":416.7288554618504,"y":235.41293105879782}},"3":{"from_node_id":"1","to_node_id":"4","b1":{"x":459.17020523876886,"y":236.82705653532796},"b2":{"x":455.41735857469257,"y":258.11577147121693}},"4":{"from_node_id":"3","to_node_id":"5","b1":{"x":591.1676953323591,"y":236.01304855465634},"b2":{"x":596.3065944182625,"y":217.98101549720786}},"5":{"from_node_id":"3","to_node_id":"6","b1":{"x":591.1676953323591,"y":236.01304855465634},"b2":{"x":596.5285965948088,"y":253.9803309772781}},"6":{"from_node_id":"3","to_node_id":"7","b1":{"x":587.1677713901286,"y":236.03771546316142},"b2":{"x":639.3629710321153,"y":236.7165728361224}}}},"1":{"name":"rxn04673","bigg_id":"rxn04673","reversibility":false,"label_x":366.33846995603045,"label_y":-82.12461133470833,"gene_reaction_rule":"","genes":[],"metabolites":[{"bigg_id":"cpd02295","coefficient":-1},{"bigg_id":"cpd03214","coefficient":-1},{"bigg_id":"cpd00011","coefficient":1},{"bigg_id":"cpd00012","coefficient":1},{"bigg_id":"cpd00067","coefficient":2},{"bigg_id":"cpd09410","coefficient":1}],"segments":{"7":{"from_node_id":"9","to_node_id":"10","b1":null,"b2":null},"8":{"from_node_id":"11","to_node_id":"10","b1":null,"b2":null},"9":{"from_node_id":"9","to_node_id":"8","b1":{"x":350.67856694236224,"y":-30.128123305042095},"b2":{"x":354.01765109671857,"y":177.87605657541087}},"10":{"from_node_id":"9","to_node_id":"12","b1":{"x":350.6359925543836,"y":-26.128349883773353},"b2":{"x":362.88574823268834,"y":10.54780416915861}},"11":{"from_node_id":"11","to_node_id":"13","b1":{"x":352.0409473576773,"y":-158.12087278564331},"b2":{"x":334.09784584618956,"y":-163.5621601469627}},"12":{"from_node_id":"11","to_node_id":"14","b1":{"x":352.0409473576773,"y":-158.12087278564331},"b2":{"x":370.09580663760875,"y":-163.1789906551552}},"13":{"from_node_id":"11","to_node_id":"15","b1":{"x":352.0409473576773,"y":-158.12087278564331},"b2":{"x":387.93513307839874,"y":-147.98825557949334}},"14":{"from_node_id":"11","to_node_id":"16","b1":{"x":351.99837296969895,"y":-154.12109936437434},"b2":{"x":353.03839738135594,"y":-224.6000391566156}}}},"2":{"name":"rxn11702","bigg_id":"rxn11702","reversibility":false,"label_x":-433.160888671875,"label_y":-693.7614898681641,"gene_reaction_rule":"","genes":[],"metabolites":[{"bigg_id":"cpd00024","coefficient":-1},{"bigg_id":"cpd00067","coefficient":-1},{"bigg_id":"cpd00658","coefficient":-1},{"bigg_id":"cpd00011","coefficient":1},{"bigg_id":"cpd16335","coefficient":1}],"segments":{"15":{"from_node_id":"18","to_node_id":"19","b1":null,"b2":null},"16":{"from_node_id":"20","to_node_id":"19","b1":null,"b2":null},"17":{"from_node_id":"18","to_node_id":"17","b1":{"x":-448.160888671875,"y":-765.7614898681641},"b2":{"x":-477.56756591796875,"y":-776.8816680908203}},"18":{"from_node_id":"18","to_node_id":"21","b1":{"x":-448.160888671875,"y":-769.7614898681641},"b2":{"x":-430.160888671875,"y":-775.0114898681641}},"19":{"from_node_id":"18","to_node_id":"22","b1":{"x":-448.160888671875,"y":-769.7614898681641},"b2":{"x":-446.55645751953125,"y":-804.4181671142578}},"20":{"from_node_id":"20","to_node_id":"23","b1":{"x":-448.160888671875,"y":-637.7614898681641},"b2":{"x":-466.160888671875,"y":-632.5114898681641}},"21":{"from_node_id":"20","to_node_id":"24","b1":{"x":-448.160888671875,"y":-641.7614898681641},"b2":{"x":-448.160888671875,"y":-587.5114898681641}}}},"3":{"name":"rxn11703","bigg_id":"rxn11703","reversibility":false,"label_x":-429.66778564453125,"label_y":-341.11865234375,"gene_reaction_rule":"","genes":[],"metabolites":[{"bigg_id":"cpd16335","coefficient":-1},{"bigg_id":"cpd00020","coefficient":1},{"bigg_id":"cpd03451","coefficient":1}],"segments":{"22":{"from_node_id":"26","to_node_id":"27","b1":null,"b2":null},"23":{"from_node_id":"28","to_node_id":"27","b1":null,"b2":null},"24":{"from_node_id":"26","to_node_id":"24","b1":{"x":-444.66778564453125,"y":-413.11865234375},"b2":{"x":-444.66778564453125,"y":-467.36865234375}},"25":{"from_node_id":"28","to_node_id":"29","b1":{"x":-444.66778564453125,"y":-285.11865234375},"b2":{"x":-462.66778564453125,"y":-279.86865234375}},"26":{"from_node_id":"28","to_node_id":"47","b1":{"x":-444.66778564453125,"y":-289.11865234375},"b2":{"x":-446.62823486328125,"y":-234.86863708496094}}}},"4":{"name":"rxn01258","bigg_id":"rxn01258","reversibility":false,"label_x":-429.91497802734375,"label_y":-1055.7318725585938,"gene_reaction_rule":"","genes":[],"metabolites":[{"bigg_id":"cpd00216","coefficient":-1},{"bigg_id":"cpd00658","coefficient":1}],"segments":{"27":{"from_node_id":"32","to_node_id":"33","b1":null,"b2":null},"28":{"from_node_id":"34","to_node_id":"33","b1":null,"b2":null},"29":{"from_node_id":"32","to_node_id":"31","b1":{"x":-444.91497802734375,"y":-1127.7318725585938},"b2":{"x":-444.91497802734375,"y":-1181.9818725585938}},"30":{"from_node_id":"34","to_node_id":"22","b1":{"x":-444.91497802734375,"y":-1003.7318725585938},"b2":{"x":-444.91497802734375,"y":-949.4818725585938}}}},"5":{"name":"rxn02898","bigg_id":"rxn02898","reversibility":false,"label_x":92.5740976837314,"label_y":276.74846602532466,"gene_reaction_rule":"","genes":[],"metabolites":[{"bigg_id":"cpd02021","coefficient":-1},{"bigg_id":"cpd00010","coefficient":1},{"bigg_id":"cpd02295","coefficient":1}],"segments":{"31":{"from_node_id":"37","to_node_id":"38","b1":null,"b2":null},"32":{"from_node_id":"39","to_node_id":"38","b1":null,"b2":null},"33":{"from_node_id":"37","to_node_id":"73","b1":{"x":131.261630408921,"y":240.925661234941},"b2":{"x":57.23155339156102,"y":237.50741801870322}},"34":{"from_node_id":"39","to_node_id":"40","b1":{"x":255.21911500736996,"y":237.67881476102104},"b2":{"x":272.0553729176291,"y":204.744479707001}},"35":{"from_node_id":"39","to_node_id":"8","b1":{"x":259.2177435428041,"y":237.57407777799114},"b2":{"x":295.93673140667215,"y":236.8772303109552}}}},"6":{"name":"rxn02832","bigg_id":"rxn02832","reversibility":false,"label_x":-426.0746089989333,"label_y":19.896695156016186,"gene_reaction_rule":"","genes":[],"metabolites":[{"bigg_id":"cpd00001","coefficient":-1},{"bigg_id":"cpd01772","coefficient":-1},{"bigg_id":"cpd03451","coefficient":1}],"segments":{"36":{"from_node_id":"43","to_node_id":"44","b1":null,"b2":null},"37":{"from_node_id":"45","to_node_id":"44","b1":null,"b2":null},"38":{"from_node_id":"43","to_node_id":"42","b1":{"x":-440.6222573415836,"y":71.89504495645902},"b2":{"x":-502.96070257109034,"y":120.26226100499144}},"39":{"from_node_id":"43","to_node_id":"69","b1":{"x":-440.5930733636899,"y":75.89493849197183},"b2":{"x":-445.03223419189453,"y":181.02070915699005}},"40":{"from_node_id":"45","to_node_id":"47","b1":{"x":-441.5269606562823,"y":-52.101654644426844},"b2":{"x":-442.71585845947266,"y":-103.94664001464844}}}},"7":{"name":"rxn04674","bigg_id":"rxn04674","reversibility":false,"label_x":211.269063830189,"label_y":-595.4233657449025,"gene_reaction_rule":"","genes":[],"metabolites":[{"bigg_id":"cpd00017","coefficient":-1},{"bigg_id":"cpd09410","coefficient":-1},{"bigg_id":"cpd00019","coefficient":1},{"bigg_id":"cpd00067","coefficient":1},{"bigg_id":"cpd01401","coefficient":1}],"segments":{"41":{"from_node_id":"49","to_node_id":"50","b1":null,"b2":null},"42":{"from_node_id":"51","to_node_id":"50","b1":null,"b2":null},"43":{"from_node_id":"49","to_node_id":"56","b1":{"x":349.0272817253129,"y":-535.7569914276144},"b2":{"x":423.3000964860147,"y":-515.9827629073543}},"44":{"from_node_id":"49","to_node_id":"16","b1":{"x":348.8160015449443,"y":-531.76257523931},"b2":{"x":352.0019395562982,"y":-415.89434472190476}},"45":{"from_node_id":"51","to_node_id":"53","b1":{"x":353.9757678609788,"y":-667.5697582425397},"b2":{"x":429.5125273307866,"y":-688.4828387279149}},"46":{"from_node_id":"51","to_node_id":"54","b1":{"x":353.9757678609788,"y":-667.5697582425397},"b2":{"x":367.4614114720879,"y":-685.0657109254247}},"47":{"from_node_id":"51","to_node_id":"55","b1":{"x":353.76448768060806,"y":-663.5753420542355},"b2":{"x":352.6344992654165,"y":-743.4751591997913}}}},"8":{"name":"rxn06831","bigg_id":"rxn06831","reversibility":false,"label_x":815.2840462527536,"label_y":-597.0537667493905,"gene_reaction_rule":"","genes":[],"metabolites":[{"bigg_id":"cpd00017","coefficient":-1},{"bigg_id":"cpd11425","coefficient":-1},{"bigg_id":"cpd00019","coefficient":1},{"bigg_id":"cpd00067","coefficient":1},{"bigg_id":"cpd11451","coefficient":1}],"segments":{"48":{"from_node_id":"57","to_node_id":"58","b1":null,"b2":null},"49":{"from_node_id":"59","to_node_id":"58","b1":null,"b2":null},"50":{"from_node_id":"57","to_node_id":"56","b1":{"x":801.2795188638968,"y":-545.061758923538},"b2":{"x":732.1124516768433,"y":-514.2561467167718}},"51":{"from_node_id":"57","to_node_id":"7","b1":{"x":801.3437429033254,"y":-541.0622745476766},"b2":{"x":832.3157828523174,"y":228.44972864254188}},"52":{"from_node_id":"59","to_node_id":"53","b1":{"x":799.2243496021811,"y":-673.0452589511033},"b2":{"x":730.3569813494637,"y":-689.2364176992536}},"53":{"from_node_id":"59","to_node_id":"62","b1":{"x":799.2243496021811,"y":-673.0452589511033},"b2":{"x":828.422220105089,"y":-674.8221157624761}},"54":{"from_node_id":"59","to_node_id":"63","b1":{"x":799.2885736416102,"y":-669.0457745752421},"b2":{"x":797.6685888152696,"y":-766.8435152192188}}}},"9":{"name":"rxn02831","bigg_id":"rxn02831","reversibility":false,"label_x":-244.12017447310643,"label_y":285.6966113610936,"gene_reaction_rule":"","genes":[],"metabolites":[{"bigg_id":"cpd00002","coefficient":-1},{"bigg_id":"cpd00010","coefficient":-1},{"bigg_id":"cpd01772","coefficient":-1},{"bigg_id":"cpd00012","coefficient":1},{"bigg_id":"cpd00018","coefficient":1},{"bigg_id":"cpd00067","coefficient":1},{"bigg_id":"cpd02021","coefficient":1}],"segments":{"55":{"from_node_id":"65","to_node_id":"66","b1":null,"b2":null},"56":{"from_node_id":"67","to_node_id":"66","b1":null,"b2":null},"57":{"from_node_id":"65","to_node_id":"64","b1":{"x":-238.78145833764358,"y":242.40276281362384},"b2":{"x":-293.03141980047343,"y":269.87850399242484}},"58":{"from_node_id":"65","to_node_id":"68","b1":{"x":-242.78145774633725,"y":242.40493777345193},"b2":{"x":-248.04124428947392,"y":224.40779506910474}},"59":{"from_node_id":"65","to_node_id":"69","b1":{"x":-242.78145774633725,"y":242.40493777345193},"b2":{"x":-305.277099609375,"y":245.3594512939453}},"60":{"from_node_id":"67","to_node_id":"70","b1":{"x":-110.78147725944595,"y":242.33316409912584},"b2":{"x":-105.54126535476183,"y":224.33031212522985}},"61":{"from_node_id":"67","to_node_id":"71","b1":{"x":-110.78147725944595,"y":242.33316409912584},"b2":{"x":-78.08402505211582,"y":244.63180703645764}},"62":{"from_node_id":"67","to_node_id":"72","b1":{"x":-110.78147725944595,"y":242.33316409912584},"b2":{"x":-93.07423551549083,"y":262.63996047493447}},"63":{"from_node_id":"67","to_node_id":"73","b1":{"x":-114.78147666813967,"y":242.33533905895388},"b2":{"x":-76.21504792015364,"y":244.26629038503563}}}}},"nodes":{"1":{"node_type":"multimarker","x":505.1693305744139,"y":236.54338708751814},"2":{"node_type":"midmarker","x":525.1689502855643,"y":236.42005254499213},"3":{"node_type":"multimarker","x":545.1685699967139,"y":236.29671800246612},"4":{"node_type":"metabolite","x":425.99412202227984,"y":322.28223974539264,"bigg_id":"cpd02557","name":"Farnesylfarnesylgeraniol","label_x":353.99412202227984,"label_y":352.28223974539264,"node_is_primary":false},"5":{"node_type":"metabolite","x":629.6736155989975,"y":155.7740673521302,"bigg_id":"cpd00011","name":"CO2","label_x":644.6736155989975,"label_y":155.7740673521302,"node_is_primary":false},"6":{"node_type":"metabolite","x":630.6602919392053,"y":315.7710250413302,"bigg_id":"cpd00012","name":"PPi","label_x":579.3484633259241,"label_y":334.4866012132052,"node_is_primary":false},"7":{"node_type":"metabolite","x":697.974943471808,"y":232.6917515073258,"bigg_id":"cpd11425","name":"2dmmq7","label_x":673.9637740382143,"label_y":277.7819919858414,"node_is_primary":true},"8":{"node_type":"metabolite","x":353.3923397732835,"y":236.62272870029616,"bigg_id":"cpd02295","name":"1-4-Dihydroxy-2-naphthoate","label_x":280.37009245883036,"label_y":218.97873150791338,"node_is_primary":true},"9":{"node_type":"multimarker","x":351.12559801613736,"y":-72.12574422836462},"10":{"node_type":"midmarker","x":351.33846995603045,"y":-92.12461133470833},"11":{"node_type":"multimarker","x":351.5513418959229,"y":-112.12347844105216},"12":{"node_type":"metabolite","x":479.2453512517677,"y":9.404531966716434,"bigg_id":"cpd03214","name":"Phytyl diphosphate","label_x":379.7991232244239,"label_y":45.28587962296643,"node_is_primary":false},"13":{"node_type":"metabolite","x":272.4605792150929,"y":-197.97015140258577,"bigg_id":"cpd00011","name":"CO2","label_x":287.4605792150929,"label_y":-197.97015140258577,"node_is_primary":false},"14":{"node_type":"metabolite","x":432.45151606584415,"y":-196.26717588344206,"bigg_id":"cpd00012","name":"PPi","label_x":405.54175654435977,"label_y":-221.15963193812956,"node_is_primary":false},"15":{"node_type":"metabolite","x":512.2341125513273,"y":-175.41682101752633,"bigg_id":"cpd00067","name":"H+","label_x":489.24522094976476,"label_y":-198.34885837104196,"node_is_primary":false},"16":{"node_type":"metabolite","x":351.809746468934,"y":-330.3672214187267,"bigg_id":"cpd09410","name":"Demethylphylloquinone","label_x":376.809746468934,"label_y":-330.3672214187267,"node_is_primary":true},"17":{"node_type":"metabolite","x":-510.8951416015625,"y":-802.3040924072266,"bigg_id":"cpd00024","name":"2-Oxoglutarate","label_x":-644.6912231445312,"label_y":-757.2138824462891,"node_is_primary":false},"18":{"node_type":"multimarker","x":-448.160888671875,"y":-723.7614898681641},"19":{"node_type":"midmarker","x":-448.160888671875,"y":-703.7614898681641},"20":{"node_type":"multimarker","x":-448.160888671875,"y":-683.7614898681641},"21":{"node_type":"metabolite","x":-368.160888671875,"y":-808.7614898681641,"bigg_id":"cpd00067","name":"H+","label_x":-353.160888671875,"label_y":-808.7614898681641,"node_is_primary":false},"22":{"node_type":"metabolite","x":-443.86175537109375,"y":-889.1397247314453,"bigg_id":"cpd00658","name":"Isochorismate","label_x":-515.8617553710938,"label_y":-859.1397247314453,"node_is_primary":true},"23":{"node_type":"metabolite","x":-528.160888671875,"y":-598.7614898681641,"bigg_id":"cpd00011","name":"CO2","label_x":-600.160888671875,"label_y":-568.7614898681641,"node_is_primary":false},"24":{"node_type":"metabolite","x":-448.160888671875,"y":-528.7614898681641,"bigg_id":"cpd16335","name":"2-Succinyl-5-enolpyruvyl-6-hydroxy-3-cyclohexene-1-carboxylate","label_x":-538.5337200164795,"label_y":-552.4335479736328,"node_is_primary":true},"26":{"node_type":"multimarker","x":-444.66778564453125,"y":-371.11865234375},"27":{"node_type":"midmarker","x":-444.66778564453125,"y":-351.11865234375},"28":{"node_type":"multimarker","x":-444.66778564453125,"y":-331.11865234375},"29":{"node_type":"metabolite","x":-524.6677856445312,"y":-246.11865234375,"bigg_id":"cpd00020","name":"Pyruvate","label_x":-596.6677856445312,"label_y":-216.11865234375,"node_is_primary":false},"31":{"node_type":"metabolite","x":-444.91497802734375,"y":-1240.7318725585938,"bigg_id":"cpd00216","name":"Chorismate","label_x":-419.91497802734375,"label_y":-1240.7318725585938,"node_is_primary":true},"32":{"node_type":"multimarker","x":-444.91497802734375,"y":-1085.7318725585938},"33":{"node_type":"midmarker","x":-444.91497802734375,"y":-1065.7318725585938},"34":{"node_type":"multimarker","x":-444.91497802734375,"y":-1045.7318725585938},"37":{"node_type":"multimarker","x":173.24723003097614,"y":239.8259229131292},"38":{"node_type":"midmarker","x":193.24037270814546,"y":239.3022379979809},"39":{"node_type":"multimarker","x":213.23351538531506,"y":238.7785530828324},"40":{"node_type":"metabolite","x":277.85319217829823,"y":163.99724718769778,"bigg_id":"cpd00010","name":"CoA","label_x":302.85319217829823,"label_y":163.99724718769778,"node_is_primary":false},"42":{"node_type":"metabolite","x":-553.5036205129674,"y":147.64357847238117,"bigg_id":"cpd00001","name":"H2O","label_x":-528.5036205129674,"label_y":147.64357847238117,"node_is_primary":false},"43":{"node_type":"multimarker","x":-440.92868910946515,"y":29.896162833578586},"44":{"node_type":"midmarker","x":-441.0746089989333,"y":9.896695156016193},"45":{"node_type":"multimarker","x":-441.2205288883998,"y":-10.1027725215462},"47":{"node_type":"metabolite","x":-442.71585845947266,"y":-174.58602905273438,"bigg_id":"cpd03451","name":"SHCHC","label_x":-417.71585845947266,"label_y":-174.58602905273438,"node_is_primary":true},"49":{"node_type":"multimarker","x":351.24572361919724,"y":-577.6983614048029},"50":{"node_type":"midmarker","x":350.4896448848765,"y":-601.6618911355275},"51":{"node_type":"multimarker","x":351.5460457867254,"y":-621.6339720770462},"53":{"node_type":"metabolite","x":580.1720190648346,"y":-687.6019272812664,"bigg_id":"cpd00019","name":"S-Adenosyl-homocysteine","label_x":474.80470949452194,"label_y":-653.7486557968914,"node_is_primary":true},"54":{"node_type":"metabolite","x":428.87683137121655,"y":-719.868134671677,"bigg_id":"cpd00067","name":"H+","label_x":428.3449099844978,"label_y":-738.7673656287084,"node_is_primary":false},"55":{"node_type":"metabolite","x":352.5996571627267,"y":-823.4514100720851,"bigg_id":"cpd01401","name":"Vitamin K1","label_x":377.59965716272666,"label_y":-823.4514100720851,"node_is_primary":true},"56":{"node_type":"metabolite","x":576.7514407511933,"y":-504.4525307497894,"bigg_id":"cpd00017","name":"S-Adenosyl-L-methionine","label_x":464.10648225509954,"label_y":-531.7393578371917,"node_is_primary":true},"57":{"node_type":"multimarker","x":800.6051664498963,"y":-587.0563448700834},"58":{"node_type":"midmarker","x":800.2840462527536,"y":-607.0537667493905},"59":{"node_type":"multimarker","x":799.9629260556101,"y":-627.0511886286969},"62":{"node_type":"metabolite","x":889.8723375982613,"y":-709.5632377949494,"bigg_id":"cpd00067","name":"H+","label_x":906.2670519537301,"label_y":-726.5817314472931,"node_is_primary":false},"63":{"node_type":"metabolite","x":796.6127332972828,"y":-820.3786584496738,"bigg_id":"cpd11451","name":"mql7","label_x":821.6127332972827,"label_y":-820.3786584496738,"node_is_primary":true},"64":{"node_type":"metabolite","x":-312.5725182933961,"y":313.04023997466516,"bigg_id":"cpd00002","name":"ATP","label_x":-287.5725182933961,"label_y":313.04023997466516,"node_is_primary":false},"65":{"node_type":"multimarker","x":-196.78146454636004,"y":242.37992573542908},"66":{"node_type":"midmarker","x":-176.78146750289162,"y":242.3690509362889},"67":{"node_type":"multimarker","x":-156.7814704594232,"y":242.35817613714846},"68":{"node_type":"metabolite","x":-281.8249511776619,"y":162.4261554579021,"bigg_id":"cpd00010","name":"CoA","label_x":-266.8249511776619,"label_y":162.4261554579021,"node_is_primary":false},"69":{"node_type":"metabolite","x":-381.000244140625,"y":207.6885223388672,"bigg_id":"cpd01772","name":"Succinylbenzoate","label_x":-547.1016235351562,"label_y":251.41163635253906,"node_is_primary":true},"70":{"node_type":"metabolite","x":-71.82498222124397,"y":162.31197006692878,"bigg_id":"cpd00012","name":"PPi","label_x":-56.82498222124397,"label_y":162.31197006692878,"node_is_primary":false},"71":{"node_type":"metabolite","x":-44.300318163928,"y":306.6134466476602,"bigg_id":"cpd00018","name":"AMP","label_x":-51.60561983018776,"label_y":334.6529974289102,"node_is_primary":false},"72":{"node_type":"metabolite","x":-64.2568160108351,"y":386.624309620674,"bigg_id":"cpd00067","name":"H+","label_x":-99.00835714853037,"label_y":400.94074638825214,"node_is_primary":false},"73":{"node_type":"metabolite","x":-1.7814933725432809,"y":240.31346248385,"bigg_id":"cpd02021","name":"Succinylbenzoyl-CoA","label_x":-55.19930571995539,"label_y":212.86723445650625,"node_is_primary":true}},"text_labels":{"0":{"x":-384.53106689453125,"y":-1304.8251953125,"text":"Phylloquinone and Menaquinone Biosynthesis"}},"canvas":{"x":-764.68359375,"y":-1471.2918090820312,"width":1918.6351318359375,"height":2025.3435974121094}}]