[{"map_name": "new_map", "map_id": "5uKLkBORtguY", "map_description": "", "homepage": "https://escher.github.io", "schema": "https://escher.github.io/escher/jsonschema/1-0-0#"}, {"reactions": {"0": {"name": "rxn02167", "bigg_id": "rxn02167", "reversibility": false, "label_x": 1855.9999694824219, "label_y": 20, "gene_reaction_rule": "", "genes": [], "metabolites": [{"bigg_id": "cpd00842", "coefficient": -1}, {"bigg_id": "cpd00001", "coefficient": 1}, {"bigg_id": "cpd00650", "coefficient": 1}], "segments": {"0": {"from_node_id": "1", "to_node_id": "2", "b1": null, "b2": null}, "1": {"from_node_id": "3", "to_node_id": "2", "b1": null, "b2": null}, "2": {"from_node_id": "1", "to_node_id": "126", "b1": {"x": 1840.9999694824219, "y": -52}, "b2": {"x": 1840.9999694824219, "y": -106.25}}, "3": {"from_node_id": "3", "to_node_id": "4", "b1": {"x": 1840.9999694824219, "y": 76}, "b2": {"x": 1856.362732699734, "y": 78.85877678660766}}, "4": {"from_node_id": "3", "to_node_id": "34", "b1": {"x": 1840.9999694824219, "y": 72}, "b2": {"x": 1678.9999694824219, "y": 153.25}}}}, "4": {"name": "rxn02168", "bigg_id": "rxn02168", "reversibility": false, "label_x": 1502, "label_y": 17, "gene_reaction_rule": "", "genes": [], "metabolites": [{"bigg_id": "cpd02234", "coefficient": -1}, {"bigg_id": "cpd00001", "coefficient": 1}, {"bigg_id": "cpd00650", "coefficient": 1}], "segments": {"25": {"from_node_id": "30", "to_node_id": "31", "b1": null, "b2": null}, "26": {"from_node_id": "32", "to_node_id": "31", "b1": null, "b2": null}, "27": {"from_node_id": "30", "to_node_id": "29", "b1": {"x": 1487, "y": -55}, "b2": {"x": 1487, "y": -109.25}}, "28": {"from_node_id": "32", "to_node_id": "33", "b1": {"x": 1487, "y": 73}, "b2": {"x": 1469, "y": 78.25}}, "29": {"from_node_id": "32", "to_node_id": "34", "b1": {"x": 1487, "y": 69}, "b2": {"x": 1667, "y": 156.25}}}}, "7": {"name": "rxn01451", "bigg_id": "rxn01451", "reversibility": false, "label_x": 1780.4370440652656, "label_y": -296.66411432709407, "gene_reaction_rule": "", "genes": [], "metabolites": [{"bigg_id": "cpd00003", "coefficient": -1}, {"bigg_id": "cpd00842", "coefficient": -1}, {"bigg_id": "cpd00004", "coefficient": 1}, {"bigg_id": "cpd00067", "coefficient": 1}, {"bigg_id": "cpd00279", "coefficient": 1}], "segments": {"41": {"from_node_id": "49", "to_node_id": "50", "b1": null, "b2": null}, "42": {"from_node_id": "51", "to_node_id": "50", "b1": null, "b2": null}, "43": {"from_node_id": "49", "to_node_id": "48", "b1": {"x": 1765.7419548538014, "y": -244.66486409444167}, "b2": {"x": 1760.4505955358134, "y": -246.83801340924526}}, "44": {"from_node_id": "49", "to_node_id": "126", "b1": {"x": 1765.7616265175784, "y": -240.66491246652873}, "b2": {"x": 1832.0248538535268, "y": -227.05217556127252}}, "45": {"from_node_id": "51", "to_node_id": "53", "b1": {"x": 1765.1124616129528, "y": -372.6633161876595}, "b2": {"x": 1728.0253367911378, "y": -361.14586668691015}}, "46": {"from_node_id": "51", "to_node_id": "54", "b1": {"x": 1765.1124616129528, "y": -372.6633161876595}, "b2": {"x": 1764.0249014423543, "y": -366.088323037852}}, "47": {"from_node_id": "51", "to_node_id": "133", "b1": {"x": 1765.1321332767293, "y": -368.66336455974624}, "b2": {"x": 1669.8426312586353, "y": -451.5050241871452}}}}, "17": {"name": "rxn02345", "bigg_id": "rxn02345", "reversibility": false, "label_x": 1615, "label_y": -184, "gene_reaction_rule": "", "genes": [], "metabolites": [{"bigg_id": "cpd00842", "coefficient": -1}, {"bigg_id": "cpd02234", "coefficient": 1}], "segments": {"106": {"from_node_id": "123", "to_node_id": "124", "b1": null, "b2": null}, "107": {"from_node_id": "125", "to_node_id": "124", "b1": null, "b2": null}, "108": {"from_node_id": "123", "to_node_id": "126", "b1": {"x": 1724, "y": -168}, "b2": {"x": 1778.25, "y": -168}}, "109": {"from_node_id": "125", "to_node_id": "29", "b1": {"x": 1600, "y": -168}, "b2": {"x": 1545.75, "y": -168}}}}, "18": {"name": "rxn01453", "bigg_id": "rxn01453", "reversibility": false, "label_x": 1502, "label_y": -333, "gene_reaction_rule": "", "genes": [], "metabolites": [{"bigg_id": "cpd00006", "coefficient": -1}, {"bigg_id": "cpd02234", "coefficient": -1}, {"bigg_id": "cpd00005", "coefficient": 1}, {"bigg_id": "cpd00067", "coefficient": 1}, {"bigg_id": "cpd00279", "coefficient": 1}], "segments": {"110": {"from_node_id": "127", "to_node_id": "128", "b1": null, "b2": null}, "111": {"from_node_id": "129", "to_node_id": "128", "b1": null, "b2": null}, "112": {"from_node_id": "127", "to_node_id": "130", "b1": {"x": 1487, "y": -277}, "b2": {"x": 1505, "y": -271.75}}, "113": {"from_node_id": "127", "to_node_id": "29", "b1": {"x": 1487, "y": -281}, "b2": {"x": 1487, "y": -226.75}}, "114": {"from_node_id": "129", "to_node_id": "131", "b1": {"x": 1487, "y": -409}, "b2": {"x": 1469, "y": -414.25}}, "115": {"from_node_id": "129", "to_node_id": "132", "b1": {"x": 1487, "y": -409}, "b2": {"x": 1499, "y": -417.25}}, "116": {"from_node_id": "129", "to_node_id": "133", "b1": {"x": 1487, "y": -405}, "b2": {"x": 1660.1368408203125, "y": -461.6326904296875}}}}, "19": {"name": "rxn01452", "bigg_id": "rxn01452", "reversibility": false, "label_x": 1963.9864501953125, "label_y": -328.2345886230469, "gene_reaction_rule": "", "genes": [], "metabolites": [{"bigg_id": "cpd00006", "coefficient": -1}, {"bigg_id": "cpd00842", "coefficient": -1}, {"bigg_id": "cpd00005", "coefficient": 1}, {"bigg_id": "cpd00067", "coefficient": 1}, {"bigg_id": "cpd00279", "coefficient": 1}], "segments": {"117": {"from_node_id": "134", "to_node_id": "135", "b1": null, "b2": null}, "118": {"from_node_id": "136", "to_node_id": "135", "b1": null, "b2": null}, "119": {"from_node_id": "134", "to_node_id": "137", "b1": {"x": 1948.9864501953125, "y": -272.2345886230469}, "b2": {"x": 1964.4121568773244, "y": -271.3964264566973}}, "120": {"from_node_id": "134", "to_node_id": "126", "b1": {"x": 1948.9864501953125, "y": -276.2345886230469}, "b2": {"x": 1837, "y": -226.75}}, "121": {"from_node_id": "136", "to_node_id": "138", "b1": {"x": 1948.9864501953125, "y": -404.2345886230469}, "b2": {"x": 1939.986328125, "y": -410.10186767578125}}, "122": {"from_node_id": "136", "to_node_id": "139", "b1": {"x": 1948.9864501953125, "y": -404.2345886230469}, "b2": {"x": 1966.9864501953125, "y": -409.4845886230469}}, "123": {"from_node_id": "136", "to_node_id": "133", "b1": {"x": 1948.9864501953125, "y": -400.2345886230469}, "b2": {"x": 1659.1368408203125, "y": -461.6326904296875}}}}, "21": {"name": "rxn15455", "bigg_id": "rxn15455", "reversibility": false, "label_x": 1263.888671875, "label_y": -191.00128173828122, "gene_reaction_rule": "", "genes": [], "metabolites": [{"bigg_id": "cpd02234", "coefficient": -1}, {"bigg_id": "cpd00010", "coefficient": 1}, {"bigg_id": "cpd12836", "coefficient": 1}], "segments": {"130": {"from_node_id": "147", "to_node_id": "148", "b1": null, "b2": null}, "131": {"from_node_id": "149", "to_node_id": "148", "b1": null, "b2": null}, "132": {"from_node_id": "147", "to_node_id": "29", "b1": {"x": 1374, "y": -168}, "b2": {"x": 1428.25, "y": -168}}, "133": {"from_node_id": "149", "to_node_id": "150", "b1": {"x": 1250, "y": -167.99999999999997}, "b2": {"x": 1238.0100913180077, "y": -142.55747697344233}}, "134": {"from_node_id": "149", "to_node_id": "151", "b1": {"x": 1246, "y": -167.99999999999997}, "b2": {"x": 1207.7067936438734, "y": -167.0060923122765}}}}, "22": {"name": "rxn06858", "bigg_id": "rxn06858", "reversibility": false, "label_x": 1152.1163330078125, "label_y": -331.7839050292969, "gene_reaction_rule": "", "genes": [], "metabolites": [{"bigg_id": "cpd00001", "coefficient": -1}, {"bigg_id": "cpd12836", "coefficient": -1}, {"bigg_id": "cpd00067", "coefficient": 1}, {"bigg_id": "cpd02767", "coefficient": 1}, {"bigg_id": "cpd12837", "coefficient": 1}], "segments": {"135": {"from_node_id": "152", "to_node_id": "153", "b1": null, "b2": null}, "136": {"from_node_id": "154", "to_node_id": "153", "b1": null, "b2": null}, "137": {"from_node_id": "152", "to_node_id": "155", "b1": {"x": 1137.1163330078125, "y": -275.7839050292969}, "b2": {"x": 1155.1163330078125, "y": -270.5339050292969}}, "138": {"from_node_id": "152", "to_node_id": "151", "b1": {"x": 1137.1163330078125, "y": -279.7839050292969}, "b2": {"x": 1137.1163330078125, "y": -225.53390502929685}}, "139": {"from_node_id": "154", "to_node_id": "156", "b1": {"x": 1137.1163330078125, "y": -407.7839050292969}, "b2": {"x": 1119.1163330078125, "y": -413.0339050292969}}, "140": {"from_node_id": "154", "to_node_id": "157", "b1": {"x": 1137.1163330078125, "y": -403.7839050292969}, "b2": {"x": 1137.1163330078125, "y": -458.0339050292969}}, "141": {"from_node_id": "154", "to_node_id": "158", "b1": {"x": 1137.1163330078125, "y": -407.7839050292969}, "b2": {"x": 1155.1163330078125, "y": -413.0339050292969}}}}, "23": {"name": "rxn00038", "bigg_id": "rxn00038", "reversibility": false, "label_x": 1152.1163330078125, "label_y": -681.7839050292969, "gene_reaction_rule": "", "genes": [], "metabolites": [{"bigg_id": "cpd00001", "coefficient": -1}, {"bigg_id": "cpd02767", "coefficient": -1}, {"bigg_id": "cpd00067", "coefficient": 1}, {"bigg_id": "cpd00797", "coefficient": 2}], "segments": {"142": {"from_node_id": "159", "to_node_id": "160", "b1": null, "b2": null}, "143": {"from_node_id": "161", "to_node_id": "160", "b1": null, "b2": null}, "144": {"from_node_id": "159", "to_node_id": "162", "b1": {"x": 1137.1163330078125, "y": -625.7839050292969}, "b2": {"x": 1155.1163330078125, "y": -620.5339050292969}}, "145": {"from_node_id": "159", "to_node_id": "157", "b1": {"x": 1137.1163330078125, "y": -629.7839050292969}, "b2": {"x": 1137.1163330078125, "y": -575.5339050292969}}, "146": {"from_node_id": "161", "to_node_id": "163", "b1": {"x": 1137.1163330078125, "y": -757.7839050292969}, "b2": {"x": 1137.08239553443, "y": -767.6123539805288}}, "147": {"from_node_id": "161", "to_node_id": "164", "b1": {"x": 1137.1163330078125, "y": -753.7839050292969}, "b2": {"x": 1137.1163330078125, "y": -808.0339050292969}}}}, "24": {"name": "rxn00992", "bigg_id": "rxn00992", "reversibility": false, "label_x": 1331.21435546875, "label_y": -906.7839050292969, "gene_reaction_rule": "", "genes": [], "metabolites": [{"bigg_id": "cpd00003", "coefficient": -1}, {"bigg_id": "cpd00797", "coefficient": -1}, {"bigg_id": "cpd00004", "coefficient": 1}, {"bigg_id": "cpd00067", "coefficient": 1}, {"bigg_id": "cpd00142", "coefficient": 1}], "segments": {"148": {"from_node_id": "165", "to_node_id": "166", "b1": null, "b2": null}, "149": {"from_node_id": "167", "to_node_id": "166", "b1": null, "b2": null}, "150": {"from_node_id": "165", "to_node_id": "168", "b1": {"x": 1315.21435546875, "y": -866.7839050292969}, "b2": {"x": 1309.96435546875, "y": -848.7839050292969}}, "151": {"from_node_id": "165", "to_node_id": "164", "b1": {"x": 1319.21435546875, "y": -866.7839050292969}, "b2": {"x": 1195.8663330078125, "y": -866.7839050292969}}, "152": {"from_node_id": "167", "to_node_id": "169", "b1": {"x": 1443.21435546875, "y": -866.7839050292969}, "b2": {"x": 1447.7119875058934, "y": -838.8867802911998}}, "153": {"from_node_id": "167", "to_node_id": "170", "b1": {"x": 1447.21435546875, "y": -866.7839050292969}, "b2": {"x": 1452.46435546875, "y": -884.7839050292969}}, "154": {"from_node_id": "167", "to_node_id": "171", "b1": {"x": 1447.21435546875, "y": -866.7839050292969}, "b2": {"x": 1584.8037888123695, "y": -864.2792505592151}}}}, "25": {"name": "rxn00988", "bigg_id": "rxn00988", "reversibility": false, "label_x": 1519.6131591796875, "label_y": -692.2459106445312, "gene_reaction_rule": "", "genes": [], "metabolites": [{"bigg_id": "cpd00002", "coefficient": -1}, {"bigg_id": "cpd00010", "coefficient": -1}, {"bigg_id": "cpd00142", "coefficient": -1}, {"bigg_id": "cpd00012", "coefficient": 1}, {"bigg_id": "cpd00018", "coefficient": 1}, {"bigg_id": "cpd00067", "coefficient": 1}, {"bigg_id": "cpd00279", "coefficient": 1}], "segments": {"155": {"from_node_id": "172", "to_node_id": "173", "b1": null, "b2": null}, "156": {"from_node_id": "174", "to_node_id": "173", "b1": null, "b2": null}, "157": {"from_node_id": "172", "to_node_id": "175", "b1": {"x": 1659.8519287109375, "y": -766.1480712890625}, "b2": {"x": 1641.8519287109375, "y": -771.3980712890625}}, "158": {"from_node_id": "172", "to_node_id": "176", "b1": {"x": 1659.8519287109375, "y": -762.1480712890625}, "b2": {"x": 1674.6048643257686, "y": -773.8541451003969}}, "159": {"from_node_id": "172", "to_node_id": "171", "b1": {"x": 1659.8519287109375, "y": -766.1480712890625}, "b2": {"x": 1654.212013936638, "y": -789.394868744097}}, "160": {"from_node_id": "174", "to_node_id": "178", "b1": {"x": 1659.8519287109375, "y": -634.1480712890625}, "b2": {"x": 1641.8519287109375, "y": -628.8980712890625}}, "161": {"from_node_id": "174", "to_node_id": "179", "b1": {"x": 1659.8519287109375, "y": -634.1480712890625}, "b2": {"x": 1667.36279296875, "y": -624.702392578125}}, "162": {"from_node_id": "174", "to_node_id": "180", "b1": {"x": 1659.8519287109375, "y": -634.1480712890625}, "b2": {"x": 1695.8519287109375, "y": -643.8980712890625}}, "163": {"from_node_id": "174", "to_node_id": "133", "b1": {"x": 1659.8519287109375, "y": -638.1480712890625}, "b2": {"x": 1660.1368408203125, "y": -579.1326904296875}}}}, "30": {"name": "rxn00178", "bigg_id": "rxn00178", "reversibility": false, "label_x": 1997.9908107059532, "label_y": -609.9427501922602, "gene_reaction_rule": "", "genes": [], "metabolites": [{"bigg_id": "cpd00022", "coefficient": -2}, {"bigg_id": "cpd00010", "coefficient": 1}, {"bigg_id": "cpd00279", "coefficient": 1}], "segments": {"188": {"from_node_id": "205", "to_node_id": "206", "b1": null, "b2": null}, "189": {"from_node_id": "207", "to_node_id": "206", "b1": null, "b2": null}, "190": {"from_node_id": "205", "to_node_id": "208", "b1": {"x": 2164.8339029673134, "y": -627.969861843302}, "b2": {"x": 2199.798912744536, "y": -868.8279199261434}}, "191": {"from_node_id": "207", "to_node_id": "209", "b1": {"x": 2062.200684266445, "y": -551.4818077492173}, "b2": {"x": 2053.4963182075257, "y": -569.1831932893543}}, "192": {"from_node_id": "207", "to_node_id": "133", "b1": {"x": 2065.4079723508444, "y": -553.8720594396569}, "b2": {"x": 1718.8868408203125, "y": -520.3826904296875}}}}, "31": {"name": "rxn00991", "bigg_id": "rxn00991", "reversibility": false, "label_x": 1780.385498046875, "label_y": -905.4127502441406, "gene_reaction_rule": "", "genes": [], "metabolites": [{"bigg_id": "cpd00292", "coefficient": -1}, {"bigg_id": "cpd00022", "coefficient": 1}, {"bigg_id": "cpd00142", "coefficient": 1}], "segments": {"193": {"from_node_id": "210", "to_node_id": "211", "b1": null, "b2": null}, "194": {"from_node_id": "212", "to_node_id": "211", "b1": null, "b2": null}, "195": {"from_node_id": "210", "to_node_id": "213", "b1": {"x": 1892.385498046875, "y": -865.4127502441406}, "b2": {"x": 2006.4020161260128, "y": -861.145517491755}}, "196": {"from_node_id": "212", "to_node_id": "208", "b1": {"x": 1764.385498046875, "y": -865.4127502441406}, "b2": {"x": 2110.1101414520303, "y": -933.6844053079748}}, "197": {"from_node_id": "212", "to_node_id": "171", "b1": {"x": 1768.385498046875, "y": -865.4127502441406}, "b2": {"x": 1714.135498046875, "y": -865.4127502441406}}}}, "32": {"name": "rxn01454", "bigg_id": "rxn01454", "reversibility": false, "label_x": 1772.3385132376038, "label_y": -665.3089186128964, "gene_reaction_rule": "", "genes": [], "metabolites": [{"bigg_id": "cpd00010", "coefficient": -1}, {"bigg_id": "cpd00067", "coefficient": -1}, {"bigg_id": "cpd00292", "coefficient": -1}, {"bigg_id": "cpd00001", "coefficient": 1}, {"bigg_id": "cpd00022", "coefficient": 1}, {"bigg_id": "cpd00279", "coefficient": 1}], "segments": {"198": {"from_node_id": "215", "to_node_id": "216", "b1": null, "b2": null}, "199": {"from_node_id": "217", "to_node_id": "216", "b1": null, "b2": null}, "200": {"from_node_id": "215", "to_node_id": "218", "b1": {"x": 1917.6841509868466, "y": -737.260565469842}, "b2": {"x": 1928.8565501972191, "y": -709.984534844058}}, "201": {"from_node_id": "215", "to_node_id": "219", "b1": {"x": 1917.6841509868466, "y": -737.260565469842}, "b2": {"x": 1924.9774333895912, "y": -744.40278238798}}, "202": {"from_node_id": "215", "to_node_id": "213", "b1": {"x": 1917.3726832989175, "y": -733.2727104224028}, "b2": {"x": 2002.6989656711426, "y": -742.7519310709191}}, "203": {"from_node_id": "217", "to_node_id": "221", "b1": {"x": 1907.4057172852365, "y": -605.6613489043875}, "b2": {"x": 1891.2564153373314, "y": -605.2851218801043}}, "204": {"from_node_id": "217", "to_node_id": "208", "b1": {"x": 1907.4057172852365, "y": -605.6613489043875}, "b2": {"x": 2154.8754699472647, "y": -863.9631726223771}}, "205": {"from_node_id": "217", "to_node_id": "133", "b1": {"x": 1907.7171849731628, "y": -609.6492039518231}, "b2": {"x": 1718.8868408203125, "y": -520.3826904296875}}}}}, "nodes": {"1": {"node_type": "multimarker", "x": 1840.9999694824219, "y": -10}, "2": {"node_type": "midmarker", "x": 1840.9999694824219, "y": 10}, "3": {"node_type": "multimarker", "x": 1840.9999694824219, "y": 30}, "4": {"node_type": "metabolite", "x": 1916.9999694824219, "y": 115, "bigg_id": "cpd00001", "name": "H2O", "label_x": 1898.9999694824219, "label_y": 154, "node_is_primary": false}, "29": {"node_type": "metabolite", "x": 1487, "y": -168, "bigg_id": "cpd02234", "name": "(R)-3-Hydroxybutanoyl-CoA", "label_x": 1383, "label_y": -126, "node_is_primary": true}, "30": {"node_type": "multimarker", "x": 1487, "y": -13}, "31": {"node_type": "midmarker", "x": 1487, "y": 7}, "32": {"node_type": "multimarker", "x": 1487, "y": 27}, "33": {"node_type": "metabolite", "x": 1407, "y": 112, "bigg_id": "cpd00001", "name": "H2O", "label_x": 1380, "label_y": 148, "node_is_primary": false}, "34": {"node_type": "metabolite", "x": 1667, "y": 215, "bigg_id": "cpd00650", "name": "Crotonyl-CoA", "label_x": 1692, "label_y": 215, "node_is_primary": true}, "48": {"node_type": "metabolite", "x": 1701.9650377539265, "y": -241.27006666546825, "bigg_id": "cpd00003", "name": "NAD", "label_x": 1684.0766100195515, "label_y": -269.8623518217182, "node_is_primary": false}, "49": {"node_type": "multimarker", "x": 1765.5354023841483, "y": -286.6643561875288}, "50": {"node_type": "midmarker", "x": 1765.4370440652656, "y": -306.66411432709407}, "51": {"node_type": "multimarker", "x": 1765.338685746382, "y": -326.663872466659}, "53": {"node_type": "metabolite", "x": 1665.8601068953703, "y": -394.59054775889, "bigg_id": "cpd00004", "name": "NADH", "label_x": 1630.8236078719328, "label_y": -411.2693807667025, "node_is_primary": false}, "54": {"node_type": "metabolite", "x": 1825.8581720118927, "y": -400.14282568690487, "bigg_id": "cpd00067", "name": "H+", "label_x": 1784.8332696681427, "label_y": -396.3524509310456, "node_is_primary": false}, "123": {"node_type": "multimarker", "x": 1682, "y": -168}, "124": {"node_type": "midmarker", "x": 1662, "y": -168}, "125": {"node_type": "multimarker", "x": 1642, "y": -168}, "126": {"node_type": "metabolite", "x": 1837, "y": -168, "bigg_id": "cpd00842", "name": "(S)-3-Hydroxybutyryl-CoA", "label_x": 1793.8, "label_y": -128, "node_is_primary": true}, "127": {"node_type": "multimarker", "x": 1487, "y": -323}, "128": {"node_type": "midmarker", "x": 1487, "y": -343}, "129": {"node_type": "multimarker", "x": 1487, "y": -363}, "130": {"node_type": "metabolite", "x": 1567, "y": -238, "bigg_id": "cpd00006", "name": "NADP", "label_x": 1582, "label_y": -238, "node_is_primary": false}, "131": {"node_type": "metabolite", "x": 1407, "y": -448, "bigg_id": "cpd00005", "name": "NADPH", "label_x": 1335, "label_y": -418, "node_is_primary": false}, "132": {"node_type": "metabolite", "x": 1561, "y": -451, "bigg_id": "cpd00067", "name": "H+", "label_x": 1576, "label_y": -451, "node_is_primary": false}, "133": {"node_type": "metabolite", "x": 1660.1368408203125, "y": -520.3826904296875, "bigg_id": "cpd00279", "name": "Acetoacetyl-CoA", "label_x": 1588.6370849609375, "label_y": -535.0674438476562, "node_is_primary": true}, "134": {"node_type": "multimarker", "x": 1948.9864501953125, "y": -318.2345886230469}, "135": {"node_type": "midmarker", "x": 1948.9864501953125, "y": -338.2345886230469}, "136": {"node_type": "multimarker", "x": 1948.9864501953125, "y": -358.2345886230469}, "137": {"node_type": "metabolite", "x": 2032.540283203125, "y": -252.91343688964844, "bigg_id": "cpd00006", "name": "NADP", "label_x": 2005.194091796875, "label_y": -271.35768127441406, "node_is_primary": false}, "138": {"node_type": "metabolite", "x": 1877.986328125, "y": -443.85186767578125, "bigg_id": "cpd00005", "name": "NADPH", "label_x": 1895.986328125, "label_y": -449.85186767578125, "node_is_primary": false}, "139": {"node_type": "metabolite", "x": 2028.9864501953125, "y": -443.2345886230469, "bigg_id": "cpd00067", "name": "H+", "label_x": 2043.9864501953125, "label_y": -443.2345886230469, "node_is_primary": false}, "147": {"node_type": "multimarker", "x": 1332, "y": -167.99999999999997}, "148": {"node_type": "midmarker", "x": 1312, "y": -167.99999999999997}, "149": {"node_type": "multimarker", "x": 1292, "y": -167.99999999999997}, "150": {"node_type": "metabolite", "x": 1210.6610107421875, "y": -90.5614166259765, "bigg_id": "cpd00010", "name": "CoA", "label_x": 1167.4610107421875, "label_y": -50.561416625976506, "node_is_primary": false}, "151": {"node_type": "metabolite", "x": 1137.1163330078125, "y": -166.78390502929685, "bigg_id": "cpd12836", "name": "Poly-beta-hydroxybutyrate", "label_x": 957.9266479492187, "label_y": -137.676513671875, "node_is_primary": true}, "152": {"node_type": "multimarker", "x": 1137.1163330078125, "y": -321.7839050292969}, "153": {"node_type": "midmarker", "x": 1137.1163330078125, "y": -341.7839050292969}, "154": {"node_type": "multimarker", "x": 1137.1163330078125, "y": -361.7839050292969}, "155": {"node_type": "metabolite", "x": 1217.1163330078125, "y": -236.78390502929685, "bigg_id": "cpd00001", "name": "H2O", "label_x": 1232.1163330078125, "label_y": -236.78390502929685, "node_is_primary": false}, "156": {"node_type": "metabolite", "x": 1057.1163330078125, "y": -446.7839050292969, "bigg_id": "cpd00067", "name": "H+", "label_x": 985.1163330078125, "label_y": -416.7839050292969, "node_is_primary": false}, "157": {"node_type": "metabolite", "x": 1137.1163330078125, "y": -516.7839050292969, "bigg_id": "cpd02767", "name": "(R)-3-((R)-3-Hydroxybutanoyloxy)butanoate", "label_x": 954.4320068359375, "label_y": -529.3708190917969, "node_is_primary": true}, "158": {"node_type": "metabolite", "x": 1217.1163330078125, "y": -446.7839050292969, "bigg_id": "cpd12837", "name": "((R)-3-Hydroxybutanoyl)(n-2)", "label_x": 1232.1163330078125, "label_y": -446.7839050292969, "node_is_primary": false}, "159": {"node_type": "multimarker", "x": 1137.1163330078125, "y": -671.7839050292969}, "160": {"node_type": "midmarker", "x": 1137.1163330078125, "y": -691.7839050292969}, "161": {"node_type": "multimarker", "x": 1137.1163330078125, "y": -711.7839050292969}, "162": {"node_type": "metabolite", "x": 1217.1163330078125, "y": -586.7839050292969, "bigg_id": "cpd00001", "name": "H2O", "label_x": 1232.1163330078125, "label_y": -586.7839050292969, "node_is_primary": false}, "163": {"node_type": "metabolite", "x": 1071.772216796875, "y": -794.4012145996094, "bigg_id": "cpd00067", "name": "H+", "label_x": 1084.3895263671875, "label_y": -803.9319763183594, "node_is_primary": false}, "164": {"node_type": "metabolite", "x": 1137.1163330078125, "y": -866.7839050292969, "bigg_id": "cpd00797", "name": "(R)-3-Hydroxybutanoate", "label_x": 1033.450927734375, "label_y": -892.9935607910156, "node_is_primary": true}, "165": {"node_type": "multimarker", "x": 1361.21435546875, "y": -866.7839050292969}, "166": {"node_type": "midmarker", "x": 1381.21435546875, "y": -866.7839050292969}, "167": {"node_type": "multimarker", "x": 1401.21435546875, "y": -866.7839050292969}, "168": {"node_type": "metabolite", "x": 1276.21435546875, "y": -786.7839050292969, "bigg_id": "cpd00003", "name": "NAD", "label_x": 1233.01435546875, "label_y": -746.7839050292969, "node_is_primary": false}, "169": {"node_type": "metabolite", "x": 1472.8201904296875, "y": -785.7723693847656, "bigg_id": "cpd00004", "name": "NADH", "label_x": 1443.9163330078125, "label_y": -741.0069885253906, "node_is_primary": false}, "170": {"node_type": "metabolite", "x": 1486.21435546875, "y": -946.7839050292969, "bigg_id": "cpd00067", "name": "H+", "label_x": 1443.01435546875, "label_y": -966.7839050292969, "node_is_primary": false}, "171": {"node_type": "metabolite", "x": 1655.385498046875, "y": -865.4127502441406, "bigg_id": "cpd00142", "name": "Acetoacetate", "label_x": 1593.1238525390625, "label_y": -892.1281433105469, "node_is_primary": true}, "172": {"node_type": "multimarker", "x": 1659.8519287109375, "y": -720.1480712890625}, "173": {"node_type": "midmarker", "x": 1659.8519287109375, "y": -700.1480712890625}, "174": {"node_type": "multimarker", "x": 1659.8519287109375, "y": -680.1480712890625}, "175": {"node_type": "metabolite", "x": 1579.8519287109375, "y": -805.1480712890625, "bigg_id": "cpd00002", "name": "ATP", "label_x": 1507.8519287109375, "label_y": -775.1480712890625, "node_is_primary": false}, "176": {"node_type": "metabolite", "x": 1730.9442138671875, "y": -790.5106811523438, "bigg_id": "cpd00010", "name": "CoA", "label_x": 1755.9442138671875, "label_y": -790.5106811523438, "node_is_primary": false}, "178": {"node_type": "metabolite", "x": 1579.8519287109375, "y": -595.1480712890625, "bigg_id": "cpd00012", "name": "PPi", "label_x": 1507.8519287109375, "label_y": -565.1480712890625, "node_is_primary": false}, "179": {"node_type": "metabolite", "x": 1729.36279296875, "y": -590.952392578125, "bigg_id": "cpd00018", "name": "AMP", "label_x": 1744.36279296875, "label_y": -590.952392578125, "node_is_primary": false}, "180": {"node_type": "metabolite", "x": 1819.8519287109375, "y": -615.1480712890625, "bigg_id": "cpd00067", "name": "H+", "label_x": 1834.8519287109375, "label_y": -615.1480712890625, "node_is_primary": false}, "205": {"node_type": "multimarker", "x": 2131.1573780810922, "y": -602.8722190936815}, "206": {"node_type": "midmarker", "x": 2115.120937659078, "y": -590.9209606414789}, "207": {"node_type": "multimarker", "x": 2099.0844972370683, "y": -578.9697021892786}, "208": {"node_type": "metabolite", "x": 2194.745361328125, "y": -927.3601684570312, "bigg_id": "cpd00022", "name": "Acetyl-CoA", "label_x": 2178.81708984375, "label_y": -956.5882568359375, "node_is_primary": true}, "209": {"node_type": "metabolite", "x": 2033.4972944446367, "y": -501.4845851165759, "bigg_id": "cpd00010", "name": "CoA", "label_x": 1969.3190229602617, "label_y": -503.4410060150134, "node_is_primary": false}, "210": {"node_type": "multimarker", "x": 1850.385498046875, "y": -865.4127502441406}, "211": {"node_type": "midmarker", "x": 1830.385498046875, "y": -865.4127502441406}, "212": {"node_type": "multimarker", "x": 1810.385498046875, "y": -865.4127502441406}, "213": {"node_type": "metabolite", "x": 2003.2877197265625, "y": -802.4781188964844, "bigg_id": "cpd00292", "name": "HMG-CoA", "label_x": 2014.6311767578125, "label_y": -823.3149108886719, "node_is_primary": true}, "215": {"node_type": "multimarker", "x": 1914.102272575678, "y": -691.4002324243036}, "216": {"node_type": "midmarker", "x": 1912.5449341360413, "y": -671.4609571871151}, "217": {"node_type": "multimarker", "x": 1910.9875956964024, "y": -651.521681949925}, "218": {"node_type": "metabolite", "x": 1953.0280618582399, "y": -776.3079886445137, "bigg_id": "cpd00010", "name": "CoA", "label_x": 1895.1433694754273, "label_y": -773.2319998749824, "node_is_primary": false}, "219": {"node_type": "metabolite", "x": 1858.3218994140625, "y": -767.6428833007812, "bigg_id": "cpd00067", "name": "H+", "label_x": 1829.8067138671875, "label_y": -740.2298583984375, "node_is_primary": false}, "221": {"node_type": "metabolite", "x": 1959.1288837805132, "y": -585.8843351066446, "bigg_id": "cpd00001", "name": "H2O", "label_x": 1941.1027119055132, "label_y": -607.9821134269571, "node_is_primary": false}}, "text_labels": {"0": {"x": 1148.3914794921875, "y": -1079.590087890625, "text": "Poly-beta-hydroxybutyrate Metabolism"}}, "canvas": {"x": 716.6072387695312, "y": -1251.611572265625, "width": 1716.6828002929688, "height": 1611.1271362304688}}]