[{"map_name": "new_map", "map_id": "6HDPmUKtCDIv", "map_description": "\nLast Modified Tue Jun 11 2019 15:11:19 GMT-0500 (Central Daylight Time)", "homepage": "https://escher.github.io", "schema": "https://escher.github.io/escher/jsonschema/1-0-0#"}, {"reactions": {"1": {"name": "rxn02483", "bigg_id": "rxn02483", "reversibility": false, "label_x": -90, "label_y": 39.000030517578125, "gene_reaction_rule": "", "genes": [], "metabolites": [{"bigg_id": "cpd00067", "coefficient": -1}, {"bigg_id": "cpd00938", "coefficient": -1}, {"bigg_id": "cpd00011", "coefficient": 1}, {"bigg_id": "cpd02255", "coefficient": 1}], "segments": {"6": {"from_node_id": "8", "to_node_id": "9", "b1": null, "b2": null}, "7": {"from_node_id": "10", "to_node_id": "9", "b1": null, "b2": null}, "8": {"from_node_id": "8", "to_node_id": "7", "b1": {"x": -105, "y": -32.999969482421875}, "b2": {"x": -121.25100561192431, "y": -40.656227733638005}}, "9": {"from_node_id": "8", "to_node_id": "42", "b1": {"x": -105, "y": -36.999969482421875}, "b2": {"x": -102.5950435629252, "y": -101.42314185883201}}, "10": {"from_node_id": "10", "to_node_id": "12", "b1": {"x": -105, "y": 95.00003051757812}, "b2": {"x": -123, "y": 100.25003051757812}}, "11": {"from_node_id": "10", "to_node_id": "13", "b1": {"x": -105, "y": 91.00003051757812}, "b2": {"x": -105, "y": 145.25003051757812}}}}, "2": {"name": "rxn02144", "bigg_id": "rxn02144", "reversibility": false, "label_x": -90, "label_y": 389.0000305175781, "gene_reaction_rule": "", "genes": [], "metabolites": [{"bigg_id": "cpd00001", "coefficient": -1}, {"bigg_id": "cpd02255", "coefficient": -1}, {"bigg_id": "cpd00067", "coefficient": 1}, {"bigg_id": "cpd00630", "coefficient": 1}], "segments": {"12": {"from_node_id": "14", "to_node_id": "15", "b1": null, "b2": null}, "13": {"from_node_id": "16", "to_node_id": "15", "b1": null, "b2": null}, "14": {"from_node_id": "14", "to_node_id": "17", "b1": {"x": -105, "y": 313.0000305175781}, "b2": {"x": -123, "y": 307.7500305175781}}, "15": {"from_node_id": "14", "to_node_id": "13", "b1": {"x": -105, "y": 317.0000305175781}, "b2": {"x": -105, "y": 262.7500305175781}}, "16": {"from_node_id": "16", "to_node_id": "18", "b1": {"x": -105, "y": 445.0000305175781}, "b2": {"x": -123, "y": 450.2500305175781}}, "17": {"from_node_id": "16", "to_node_id": "19", "b1": {"x": -105, "y": 441.0000305175781}, "b2": {"x": -105, "y": 495.2500305175781}}}}, "3": {"name": "rxn02143", "bigg_id": "rxn02143", "reversibility": false, "label_x": -90, "label_y": 739.0000305175781, "gene_reaction_rule": "", "genes": [], "metabolites": [{"bigg_id": "cpd00078", "coefficient": -1}, {"bigg_id": "cpd00630", "coefficient": -1}, {"bigg_id": "cpd00036", "coefficient": 1}, {"bigg_id": "cpd01507", "coefficient": 1}], "segments": {"18": {"from_node_id": "20", "to_node_id": "21", "b1": null, "b2": null}, "19": {"from_node_id": "22", "to_node_id": "21", "b1": null, "b2": null}, "20": {"from_node_id": "20", "to_node_id": "23", "b1": {"x": -105, "y": 663.0000305175781}, "b2": {"x": -123, "y": 657.7500305175781}}, "21": {"from_node_id": "20", "to_node_id": "19", "b1": {"x": -105, "y": 667.0000305175781}, "b2": {"x": -105, "y": 612.7500305175781}}, "22": {"from_node_id": "22", "to_node_id": "24", "b1": {"x": -105, "y": 795.0000305175781}, "b2": {"x": -123, "y": 800.2500305175781}}, "23": {"from_node_id": "22", "to_node_id": "25", "b1": {"x": -105, "y": 791.0000305175781}, "b2": {"x": -105, "y": 845.2500305175781}}}}, "5": {"name": "rxn01192", "bigg_id": "rxn01192", "reversibility": false, "label_x": -90, "label_y": -681.0000762939453, "gene_reaction_rule": "", "genes": [], "metabolites": [{"bigg_id": "cpd00007", "coefficient": -1}, {"bigg_id": "cpd00197", "coefficient": -1}, {"bigg_id": "cpd00067", "coefficient": 2}, {"bigg_id": "cpd00856", "coefficient": 1}], "segments": {"30": {"from_node_id": "33", "to_node_id": "34", "b1": null, "b2": null}, "31": {"from_node_id": "35", "to_node_id": "34", "b1": null, "b2": null}, "32": {"from_node_id": "33", "to_node_id": "32", "b1": {"x": -105, "y": -753.0000762939453}, "b2": {"x": -130.2513923654197, "y": -749.4045524961871}}, "33": {"from_node_id": "33", "to_node_id": "36", "b1": {"x": -105, "y": -757.0000762939453}, "b2": {"x": -105.13690014515647, "y": -797.4184217507151}}, "34": {"from_node_id": "35", "to_node_id": "37", "b1": {"x": -105, "y": -625.0000762939453}, "b2": {"x": -123, "y": -619.7500762939453}}, "35": {"from_node_id": "35", "to_node_id": "38", "b1": {"x": -105, "y": -629.0000762939453}, "b2": {"x": -105, "y": -574.7500762939453}}}}, "6": {"name": "rxn02369", "bigg_id": "rxn02369", "reversibility": false, "label_x": -90, "label_y": -331.0000762939453, "gene_reaction_rule": "", "genes": [], "metabolites": [{"bigg_id": "cpd00938", "coefficient": -1}, {"bigg_id": "cpd00067", "coefficient": 1}, {"bigg_id": "cpd00856", "coefficient": 1}], "segments": {"36": {"from_node_id": "39", "to_node_id": "40", "b1": null, "b2": null}, "37": {"from_node_id": "41", "to_node_id": "40", "b1": null, "b2": null}, "38": {"from_node_id": "39", "to_node_id": "42", "b1": {"x": -105, "y": -279.0000762939453}, "b2": {"x": -105, "y": -224.7500762939453}}, "39": {"from_node_id": "41", "to_node_id": "43", "b1": {"x": -105, "y": -407.0000762939453}, "b2": {"x": -123, "y": -412.2500762939453}}, "40": {"from_node_id": "41", "to_node_id": "38", "b1": {"x": -105, "y": -403.0000762939453}, "b2": {"x": -105, "y": -457.2500762939453}}}}, "7": {"name": "rxn00598", "bigg_id": "rxn00598", "reversibility": false, "label_x": -90, "label_y": 1089.0000305175781, "gene_reaction_rule": "", "genes": [], "metabolites": [{"bigg_id": "cpd00022", "coefficient": -1}, {"bigg_id": "cpd00078", "coefficient": -1}, {"bigg_id": "cpd00010", "coefficient": 1}, {"bigg_id": "cpd01507", "coefficient": 1}], "segments": {"41": {"from_node_id": "44", "to_node_id": "45", "b1": null, "b2": null}, "42": {"from_node_id": "46", "to_node_id": "45", "b1": null, "b2": null}, "43": {"from_node_id": "44", "to_node_id": "47", "b1": {"x": -105, "y": 1145.0000305175781}, "b2": {"x": -104.73766344716786, "y": 1163.4967731471597}}, "44": {"from_node_id": "44", "to_node_id": "48", "b1": {"x": -105, "y": 1141.0000305175781}, "b2": {"x": -129.68696319173486, "y": 1150.9450925812716}}, "45": {"from_node_id": "46", "to_node_id": "49", "b1": {"x": -105, "y": 1013.0000305175781}, "b2": {"x": -123, "y": 1007.7500305175781}}, "46": {"from_node_id": "46", "to_node_id": "25", "b1": {"x": -105, "y": 1017.0000305175781}, "b2": {"x": -105, "y": 962.7500305175781}}}}, "8": {"name": "rxn00290", "bigg_id": "rxn00290", "reversibility": false, "label_x": -434.56190490722656, "label_y": 735.8043212890625, "gene_reaction_rule": "", "genes": [], "metabolites": [{"bigg_id": "cpd00078", "coefficient": -1}, {"bigg_id": "cpd00142", "coefficient": -1}, {"bigg_id": "cpd00036", "coefficient": 1}, {"bigg_id": "cpd00279", "coefficient": 1}], "segments": {"47": {"from_node_id": "51", "to_node_id": "52", "b1": null, "b2": null}, "48": {"from_node_id": "53", "to_node_id": "52", "b1": null, "b2": null}, "49": {"from_node_id": "51", "to_node_id": "23", "b1": {"x": -286.8058166503906, "y": 659.1094360351562}, "b2": {"x": -239.4290793439543, "y": 646.6756144169361}}, "50": {"from_node_id": "51", "to_node_id": "54", "b1": {"x": -286.8058166503906, "y": 655.1094360351562}, "b2": {"x": -311.065673828125, "y": 635.7747802734375}}, "51": {"from_node_id": "53", "to_node_id": "24", "b1": {"x": -286.8058166503906, "y": 787.1094360351562}, "b2": {"x": -236.7245133393567, "y": 787.1721029617811}}, "52": {"from_node_id": "53", "to_node_id": "56", "b1": {"x": -286.8058166503906, "y": 783.1094360351562}, "b2": {"x": -330.13719330098763, "y": 803.5453701657646}}}}}, "nodes": {"7": {"node_type": "metabolite", "x": -180, "y": -40.999969482421875, "bigg_id": "cpd00067", "name": "H+", "label_x": -158, "label_y": -61.999969482421875, "node_is_primary": false}, "8": {"node_type": "multimarker", "x": -105, "y": 9.000030517578125}, "9": {"node_type": "midmarker", "x": -105, "y": 29.000030517578125}, "10": {"node_type": "multimarker", "x": -105, "y": 49.000030517578125}, "12": {"node_type": "metabolite", "x": -185, "y": 134.00003051757812, "bigg_id": "cpd00011", "name": "CO2", "label_x": -257, "label_y": 164.00003051757812, "node_is_primary": false}, "13": {"node_type": "metabolite", "x": -105, "y": 204.00003051757812, "bigg_id": "cpd02255", "name": "3-oxoadipate-enol-lactone", "label_x": -80, "label_y": 204.00003051757812, "node_is_primary": true}, "14": {"node_type": "multimarker", "x": -105, "y": 359.0000305175781}, "15": {"node_type": "midmarker", "x": -105, "y": 379.0000305175781}, "16": {"node_type": "multimarker", "x": -105, "y": 399.0000305175781}, "17": {"node_type": "metabolite", "x": -185, "y": 274.0000305175781, "bigg_id": "cpd00001", "name": "H2O", "label_x": -257, "label_y": 304.0000305175781, "node_is_primary": false}, "18": {"node_type": "metabolite", "x": -185, "y": 484.0000305175781, "bigg_id": "cpd00067", "name": "H+", "label_x": -257, "label_y": 514.0000305175781, "node_is_primary": false}, "19": {"node_type": "metabolite", "x": -105, "y": 554.0000305175781, "bigg_id": "cpd00630", "name": "3-Oxoadipate", "label_x": -80, "label_y": 554.0000305175781, "node_is_primary": true}, "20": {"node_type": "multimarker", "x": -105, "y": 709.0000305175781}, "21": {"node_type": "midmarker", "x": -105, "y": 729.0000305175781}, "22": {"node_type": "multimarker", "x": -105, "y": 749.0000305175781}, "23": {"node_type": "metabolite", "x": -185, "y": 624.0000305175781, "bigg_id": "cpd00078", "name": "Succinyl-CoA", "label_x": -255.43502807617188, "label_y": 600.7912902832031, "node_is_primary": true}, "24": {"node_type": "metabolite", "x": -185, "y": 834.0000305175781, "bigg_id": "cpd00036", "name": "Succinate", "label_x": -236.65548706054688, "label_y": 864.0000305175781, "node_is_primary": true}, "25": {"node_type": "metabolite", "x": -105, "y": 904.0000305175781, "bigg_id": "cpd01507", "name": "3-Oxoadipyl-CoA", "label_x": -80, "label_y": 904.0000305175781, "node_is_primary": true}, "32": {"node_type": "metabolite", "x": -189, "y": -749.0000762939453, "bigg_id": "cpd00007", "name": "O2", "label_x": -164, "label_y": -749.0000762939453, "node_is_primary": false}, "33": {"node_type": "multimarker", "x": -105, "y": -711.0000762939453}, "34": {"node_type": "midmarker", "x": -105, "y": -691.0000762939453}, "35": {"node_type": "multimarker", "x": -105, "y": -671.0000762939453}, "36": {"node_type": "metabolite", "x": -104, "y": -868.0000762939453, "bigg_id": "cpd00197", "name": "Protocatechuate", "label_x": -176, "label_y": -838.0000762939453, "node_is_primary": true}, "37": {"node_type": "metabolite", "x": -185, "y": -586.0000762939453, "bigg_id": "cpd00067", "name": "H+", "label_x": -257, "label_y": -556.0000762939453, "node_is_primary": false}, "38": {"node_type": "metabolite", "x": -105, "y": -516.0000762939453, "bigg_id": "cpd00856", "name": "3-Carboxy-cis,cis-muconate", "label_x": -80, "label_y": -516.0000762939453, "node_is_primary": true}, "39": {"node_type": "multimarker", "x": -105, "y": -321.0000762939453}, "40": {"node_type": "midmarker", "x": -105, "y": -341.0000762939453}, "41": {"node_type": "multimarker", "x": -105, "y": -361.0000762939453}, "42": {"node_type": "metabolite", "x": -105, "y": -166.0000762939453, "bigg_id": "cpd00938", "name": "4-Carboxymuconolactone", "label_x": -80, "label_y": -166.0000762939453, "node_is_primary": true}, "43": {"node_type": "metabolite", "x": -185, "y": -446.0000762939453, "bigg_id": "cpd00067", "name": "H+", "label_x": -257, "label_y": -416.0000762939453, "node_is_primary": false}, "44": {"node_type": "multimarker", "x": -105, "y": 1099.0000305175781}, "45": {"node_type": "midmarker", "x": -105, "y": 1079.0000305175781}, "46": {"node_type": "multimarker", "x": -105, "y": 1059.0000305175781}, "47": {"node_type": "metabolite", "x": -103.62195587158203, "y": 1234.0787658691406, "bigg_id": "cpd00022", "name": "Acetyl-CoA", "label_x": -175.62195587158203, "label_y": 1264.0787658691406, "node_is_primary": true}, "48": {"node_type": "metabolite", "x": -186.37804412841797, "y": 1166.3620910644531, "bigg_id": "cpd00078", "name": "Succinyl-CoA", "label_x": -288.1399917602539, "label_y": 1133.4978332519531, "node_is_primary": false}, "49": {"node_type": "metabolite", "x": -185, "y": 974.0000305175781, "bigg_id": "cpd00010", "name": "CoA", "label_x": -257, "label_y": 1004.0000305175781, "node_is_primary": false}, "51": {"node_type": "multimarker", "x": -286.8058166503906, "y": 701.1094360351562}, "52": {"node_type": "midmarker", "x": -286.8058166503906, "y": 721.1094360351562}, "53": {"node_type": "multimarker", "x": -286.8058166503906, "y": 741.1094360351562}, "54": {"node_type": "metabolite", "x": -373.065673828125, "y": 602.0247802734375, "bigg_id": "cpd00142", "name": "Acetoacetate", "label_x": -445.065673828125, "label_y": 632.0247802734375, "node_is_primary": false}, "56": {"node_type": "metabolite", "x": -377.5736389160156, "y": 838.205810546875, "bigg_id": "cpd00279", "name": "Acetoacetyl-CoA", "label_x": -562.2785949707031, "label_y": 846.0306396484375, "node_is_primary": false}}, "text_labels": {"1": {"x": -760.8764495849609, "y": -952.3027954101562, "text": "Protocatechuate Branch of Beta-Ketoadipate Pathway"}}, "canvas": {"x": -948.8863525390625, "y": -1165.9999389648438, "width": 1646.9555053710938, "height": 3032.9999389648438}}]