[{"map_name": "new_map", "map_id": "NoltTPAQMdDL", "map_description": "", "homepage": "https://escher.github.io", "schema": "https://escher.github.io/escher/jsonschema/1-0-0#"}, {"reactions": {"0": {"name": "rxn00917", "bigg_id": "rxn00917", "reversibility": false, "label_x": -55.90066732269645, "label_y": -366.32268230204994, "gene_reaction_rule": "", "genes": [], "metabolites": [{"bigg_id": "cpd00001", "coefficient": -1}, {"bigg_id": "cpd00002", "coefficient": -1}, {"bigg_id": "cpd00053", "coefficient": -1}, {"bigg_id": "cpd00497", "coefficient": -1}, {"bigg_id": "cpd00012", "coefficient": 1}, {"bigg_id": "cpd00018", "coefficient": 1}, {"bigg_id": "cpd00023", "coefficient": 1}, {"bigg_id": "cpd00067", "coefficient": 3}, {"bigg_id": "cpd00126", "coefficient": 1}], "segments": {"0": {"from_node_id": "1", "to_node_id": "2", "b1": null, "b2": null}, "1": {"from_node_id": "3", "to_node_id": "2", "b1": null, "b2": null}, "2": {"from_node_id": "1", "to_node_id": "0", "b1": {"x": 57.26780056863515, "y": -320.6921090733098}, "b2": {"x": 55.60750986130614, "y": -382.1875451788951}}, "3": {"from_node_id": "1", "to_node_id": "4", "b1": {"x": 61.26717836613841, "y": -320.7626585795956}, "b2": {"x": 66.833834503648, "y": -302.85805471783056}}, "4": {"from_node_id": "1", "to_node_id": "5", "b1": {"x": 61.26717836613841, "y": -320.7626585795956}, "b2": {"x": 66.19888894707464, "y": -338.8524548953611}}, "5": {"from_node_id": "1", "to_node_id": "6", "b1": {"x": 61.26717836613841, "y": -320.7626585795956}, "b2": {"x": 64.11392753860474, "y": -317.4040726509764}}, "6": {"from_node_id": "3", "to_node_id": "7", "b1": {"x": -70.71228895147289, "y": -318.4345248721603}, "b2": {"x": -60.32886001348476, "y": -282.612089116202}}, "7": {"from_node_id": "3", "to_node_id": "8", "b1": {"x": -66.71291115396912, "y": -318.5050743784463}, "b2": {"x": -63.48307031869484, "y": -418.4080951922901}}, "8": {"from_node_id": "3", "to_node_id": "9", "b1": {"x": -70.71228895147289, "y": -318.4345248721603}, "b2": {"x": -75.6439995324094, "y": -300.3447285563951}}, "9": {"from_node_id": "3", "to_node_id": "10", "b1": {"x": -70.71228895147289, "y": -318.4345248721603}, "b2": {"x": -76.2789450889822, "y": -336.33912873392535}}, "10": {"from_node_id": "3", "to_node_id": "11", "b1": {"x": -70.71228895147289, "y": -318.4345248721603}, "b2": {"x": -88.43993139287414, "y": -319.2351676370453}}}}, "1": {"name": "rxn00800", "bigg_id": "rxn00800", "reversibility": false, "label_x": 934.5358440326711, "label_y": -354.4626945926759, "gene_reaction_rule": "", "genes": [], "metabolites": [{"bigg_id": "cpd02375", "coefficient": -1}, {"bigg_id": "cpd00018", "coefficient": 1}, {"bigg_id": "cpd00106", "coefficient": 1}], "segments": {"11": {"from_node_id": "13", "to_node_id": "14", "b1": null, "b2": null}, "12": {"from_node_id": "15", "to_node_id": "14", "b1": null, "b2": null}, "13": {"from_node_id": "13", "to_node_id": "12", "b1": {"x": 996.9841649315789, "y": -333.2996480789848}, "b2": {"x": 949.5704529705636, "y": -334.2800823440526}}, "14": {"from_node_id": "15", "to_node_id": "16", "b1": {"x": 1120.981077821266, "y": -334.17463026652183}, "b2": {"x": 1175.2297272105022, "y": -334.5574349735698}}, "15": {"from_node_id": "15", "to_node_id": "17", "b1": {"x": 1124.9809782370608, "y": -334.2028554983777}, "b2": {"x": 1130.357861076146, "y": -316.24034924410586}}}}, "2": {"name": "rxn00838", "bigg_id": "rxn00838", "reversibility": false, "label_x": 637.0911801396423, "label_y": -343.9653210289384, "gene_reaction_rule": "", "genes": [], "metabolites": [{"bigg_id": "cpd00038", "coefficient": -1}, {"bigg_id": "cpd00041", "coefficient": -1}, {"bigg_id": "cpd00114", "coefficient": -1}, {"bigg_id": "cpd00009", "coefficient": 1}, {"bigg_id": "cpd00031", "coefficient": 1}, {"bigg_id": "cpd00067", "coefficient": 2}, {"bigg_id": "cpd02375", "coefficient": 1}], "segments": {"16": {"from_node_id": "19", "to_node_id": "20", "b1": null, "b2": null}, "17": {"from_node_id": "21", "to_node_id": "20", "b1": null, "b2": null}, "18": {"from_node_id": "19", "to_node_id": "18", "b1": {"x": 649.9261534829186, "y": -326.32041623557166}, "b2": {"x": 624.6132444278962, "y": -312.54780097104293}}, "19": {"from_node_id": "19", "to_node_id": "22", "b1": {"x": 645.9275639985126, "y": -326.2141988396282}, "b2": {"x": 640.201437018487, "y": -344.068441187278}}, "20": {"from_node_id": "19", "to_node_id": "23", "b1": {"x": 645.9275639985126, "y": -326.2141988396282}, "b2": {"x": 600.1663925561876, "y": -326.10962417606703}}, "21": {"from_node_id": "21", "to_node_id": "24", "b1": {"x": 777.8810169838978, "y": -329.7193729057483}, "b2": {"x": 782.6511874004368, "y": -347.85243591774883}}, "22": {"from_node_id": "21", "to_node_id": "25", "b1": {"x": 777.8810169838978, "y": -329.7193729057483}, "b2": {"x": 783.6071439639235, "y": -311.8651305580984}}, "23": {"from_node_id": "21", "to_node_id": "26", "b1": {"x": 777.8810169838978, "y": -329.7193729057483}, "b2": {"x": 769.0904116791469, "y": -293.4731626434866}}, "24": {"from_node_id": "21", "to_node_id": "12", "b1": {"x": 773.8824274994925, "y": -329.61315550980544}, "b2": {"x": 828.1132973817425, "y": -331.0537289422828}}}}, "3": {"name": "rxn00834", "bigg_id": "rxn00834", "reversibility": false, "label_x": 292.26108578769976, "label_y": -347.0374086905747, "gene_reaction_rule": "", "genes": [], "metabolites": [{"bigg_id": "cpd00001", "coefficient": -1}, {"bigg_id": "cpd00003", "coefficient": -1}, {"bigg_id": "cpd00114", "coefficient": -1}, {"bigg_id": "cpd00004", "coefficient": 1}, {"bigg_id": "cpd00067", "coefficient": 1}, {"bigg_id": "cpd00497", "coefficient": 1}], "segments": {"25": {"from_node_id": "29", "to_node_id": "30", "b1": null, "b2": null}, "26": {"from_node_id": "31", "to_node_id": "30", "b1": null, "b2": null}, "27": {"from_node_id": "29", "to_node_id": "28", "b1": {"x": 417.2470776353298, "y": -325.0418452274594}, "b2": {"x": 422.09211404430675, "y": -355.33986728994194}}, "28": {"from_node_id": "29", "to_node_id": "32", "b1": {"x": 421.2464554328332, "y": -325.1123947337449}, "b2": {"x": 426.8131115703432, "y": -307.2077908719803}}, "29": {"from_node_id": "29", "to_node_id": "23", "b1": {"x": 421.2464554328332, "y": -325.1123947337449}, "b2": {"x": 461.6269566834108, "y": -327.23490573423067}}, "30": {"from_node_id": "31", "to_node_id": "34", "b1": {"x": 293.2663659127261, "y": -322.85481053259605}, "b2": {"x": 293.3815413356025, "y": -352.0055550847867}}, "31": {"from_node_id": "31", "to_node_id": "35", "b1": {"x": 289.2669881152228, "y": -322.7842610263102}, "b2": {"x": 284.335277534286, "y": -304.69446471054476}}, "32": {"from_node_id": "31", "to_node_id": "6", "b1": {"x": 289.2669881152228, "y": -322.7842610263102}, "b2": {"x": 260.7720566616413, "y": -324.1316345085191}}}}}, "nodes": {"0": {"node_type": "metabolite", "x": 60.150537626936455, "y": -440.76162988126794, "bigg_id": "cpd00001", "name": "H2O", "label_x": 91.8717204501176, "label_y": -419.76162988126794, "node_is_primary": false}, "1": {"node_type": "multimarker", "x": 15.274333694849474, "y": -319.9513392573079}, "2": {"node_type": "midmarker", "x": -4.722555292667153, "y": -319.59859172587807}, "3": {"node_type": "multimarker", "x": -24.719444280183723, "y": -319.2458441944486}, "4": {"node_type": "metabolite", "x": 101.6721020175143, "y": -241.46296031581625, "bigg_id": "cpd00002", "name": "ATP", "label_x": 78.85603146087368, "label_y": -208.37389476405843, "node_is_primary": false}, "5": {"node_type": "metabolite", "x": 98.85012176607768, "y": -401.4380722159507, "bigg_id": "cpd00053", "name": "L-Glutamine", "label_x": 6.75815704439799, "label_y": -467.34465790931006, "node_is_primary": false}, "6": {"node_type": "metabolite", "x": 191.22931940842588, "y": -324.05536198326365, "bigg_id": "cpd00497", "name": "XMP", "label_x": 168.40888483811338, "label_y": -290.7838470906855, "node_is_primary": true}, "7": {"node_type": "metabolite", "x": -86.88735323817735, "y": -158.1243028171679, "bigg_id": "cpd00012", "name": "PPi", "label_x": -102.61290484340196, "label_y": -127.39876265603507, "node_is_primary": false}, "8": {"node_type": "metabolite", "x": -89.40831875692294, "y": -471.1285276015201, "bigg_id": "cpd00018", "name": "AMP", "label_x": -64.40831875692294, "label_y": -471.1285276015201, "node_is_primary": false}, "9": {"node_type": "metabolite", "x": -108.29523235141181, "y": -237.75911123580565, "bigg_id": "cpd00023", "name": "L-Glutamate", "label_x": -211.47042995273017, "label_y": -211.76057607955565, "node_is_primary": false}, "10": {"node_type": "metabolite", "x": -111.1172126028485, "y": -397.73422313594006, "bigg_id": "cpd00067", "name": "H+", "label_x": -150.02816230987975, "label_y": -393.73275829219006, "node_is_primary": false}, "11": {"node_type": "metabolite", "x": -215.70737148754102, "y": -316.87694971867194, "bigg_id": "cpd00126", "name": "GMP", "label_x": -240.43730617992384, "label_y": -289.24047510929694, "node_is_primary": true}, "12": {"node_type": "metabolite", "x": 890.8411699183566, "y": -332.72001434113884, "bigg_id": "cpd02375", "name": "Adenylosuccinate", "label_x": 814.2104936488254, "label_y": -292.5404183938732, "node_is_primary": true}, "13": {"node_type": "multimarker", "x": 1038.983119297441, "y": -333.5960130134729}, "14": {"node_type": "midmarker", "x": 1058.982621376421, "y": -333.73713917275404}, "15": {"node_type": "multimarker", "x": 1078.9821234554022, "y": -333.87826533203327}, "16": {"node_type": "metabolite", "x": 1233.978264567507, "y": -334.9719930664559, "bigg_id": "cpd00018", "name": "AMP", "label_x": 1211.7081229659445, "label_y": -294.7924276367684, "node_is_primary": true}, "17": {"node_type": "metabolite", "x": 1164.544511928195, "y": -254.48004319304954, "bigg_id": "cpd00106", "name": "Fumarate", "label_x": 1116.1795216938199, "label_y": -219.75302292937766, "node_is_primary": false}, "18": {"node_type": "metabolite", "x": 610.1717798869527, "y": -255.6003989063947, "bigg_id": "cpd00038", "name": "GTP", "label_x": 587.9016993205464, "label_y": -213.05733860366033, "node_is_primary": false}, "19": {"node_type": "multimarker", "x": 691.9113430691768, "y": -327.4356988929735}, "20": {"node_type": "midmarker", "x": 711.9042904912048, "y": -327.9667858726884}, "21": {"node_type": "multimarker", "x": 731.8972379132333, "y": -328.4978728524036}, "22": {"node_type": "metabolite", "x": 604.8169686066977, "y": -405.1503689172962, "bigg_id": "cpd00041", "name": "L-Aspartate", "label_x": 550.2694832551352, "label_y": -424.87735866338994, "node_is_primary": false}, "23": {"node_type": "metabolite", "x": 529.5962577610989, "y": -327.81800791606673, "bigg_id": "cpd00114", "name": "IMP", "label_x": 506.95831830797397, "label_y": -297.09245249614486, "node_is_primary": true}, "24": {"node_type": "metabolite", "x": 814.7429165379916, "y": -410.72678220430515, "bigg_id": "cpd00009", "name": "Phosphate", "label_x": 775.3823208348666, "label_y": -424.90781247774265, "node_is_primary": false}, "25": {"node_type": "metabolite", "x": 818.9916123757132, "y": -250.7832028280804, "bigg_id": "cpd00031", "name": "GDP", "label_x": 802.7186021218068, "label_y": -215.51310700288502, "node_is_primary": false}, "26": {"node_type": "metabolite", "x": 801.1230128725451, "y": -170.2803261602535, "bigg_id": "cpd00067", "name": "H+", "label_x": 790.5741237123885, "label_y": -135.5533211553707, "node_is_primary": false}, "28": {"node_type": "metabolite", "x": 444.7610270352251, "y": -409.5402628956027, "bigg_id": "cpd00001", "name": "H2O", "label_x": 427.2179667324907, "label_y": -437.9023234424777, "node_is_primary": false}, "29": {"node_type": "multimarker", "x": 375.2536107615449, "y": -324.30107541145713}, "30": {"node_type": "midmarker", "x": 355.2567217740279, "y": -323.9483278800278}, "31": {"node_type": "multimarker", "x": 335.2598327865111, "y": -323.5955803485984}, "32": {"node_type": "metabolite", "x": 461.6513790842092, "y": -245.81269646996572, "bigg_id": "cpd00003", "name": "NAD", "label_x": 436.4718136545216, "label_y": -217.45065118187978, "node_is_primary": false}, "34": {"node_type": "metabolite", "x": 259.8956281601238, "y": -400.2782815336242, "bigg_id": "cpd00004", "name": "NADH", "label_x": 230.80221385348318, "label_y": -426.64177640667106, "node_is_primary": false}, "35": {"node_type": "metabolite", "x": 251.68404471528325, "y": -242.1088473899551, "bigg_id": "cpd00067", "name": "H+", "label_x": 235.95848929536135, "label_y": -211.3832919700332, "node_is_primary": false}}, "text_labels": {"0": {"x": 286.21958923339844, "y": -647.9666748046875, "text": "Purine Conversions"}}, "canvas": {"x": -517.3717203140259, "y": -1001.3665771484375, "width": 2163.1101846694946, "height": 1198.4274291992188}}]