[{"map_name": "new_map", "map_id": "qVts4eNAJgZR", "map_description": "\nLast Modified Mon Jun 03 2019 16:54:50 GMT-0500 (Central Daylight Time)", "homepage": "https://escher.github.io", "schema": "https://escher.github.io/escher/jsonschema/1-0-0#"}, {"reactions": {"18": {"name": "rxn16149", "bigg_id": "rxn16149", "reversibility": false, "label_x": -554.7679443359375, "label_y": 1941.2867431640625, "gene_reaction_rule": "", "genes": [], "metabolites": [{"bigg_id": "cpd00006", "coefficient": -1}, {"bigg_id": "cpd00745", "coefficient": -1}, {"bigg_id": "cpd00005", "coefficient": 1}, {"bigg_id": "cpd00067", "coefficient": 1}, {"bigg_id": "cpd00191", "coefficient": 1}], "segments": {"123": {"from_node_id": "130", "to_node_id": "131", "b1": null, "b2": null}, "124": {"from_node_id": "132", "to_node_id": "131", "b1": null, "b2": null}, "125": {"from_node_id": "130", "to_node_id": "129", "b1": {"x": -569.7679443359375, "y": 1869.2867431640625}, "b2": {"x": -529.8088813428886, "y": 1837.81973387898}}, "126": {"from_node_id": "130", "to_node_id": "133", "b1": {"x": -569.7679443359375, "y": 1865.2867431640625}, "b2": {"x": -566.8697742126038, "y": 1853.6988423645016}}, "127": {"from_node_id": "132", "to_node_id": "134", "b1": {"x": -569.7679443359375, "y": 1993.2867431640625}, "b2": {"x": -670.2001358865008, "y": 2035.7515406528705}}, "128": {"from_node_id": "132", "to_node_id": "135", "b1": {"x": -569.7679443359375, "y": 1997.2867431640625}, "b2": {"x": -551.7679443359375, "y": 2002.5367431640625}}, "129": {"from_node_id": "132", "to_node_id": "136", "b1": {"x": -569.7679443359375, "y": 1997.2867431640625}, "b2": {"x": -569.5766285296316, "y": 2009.0970585532027}}}}, "19": {"name": "rxn16829", "bigg_id": "rxn16829", "reversibility": false, "label_x": -551.6950073242188, "label_y": 2264.6290283203125, "gene_reaction_rule": "", "genes": [], "metabolites": [{"bigg_id": "cpd00001", "coefficient": -1}, {"bigg_id": "cpd00067", "coefficient": -1}, {"bigg_id": "cpd21486", "coefficient": -1}, {"bigg_id": "cpd00013", "coefficient": 1}, {"bigg_id": "cpd00191", "coefficient": 1}], "segments": {"130": {"from_node_id": "137", "to_node_id": "138", "b1": null, "b2": null}, "131": {"from_node_id": "139", "to_node_id": "138", "b1": null, "b2": null}, "132": {"from_node_id": "137", "to_node_id": "140", "b1": {"x": -566.6950073242188, "y": 2320.6290283203125}, "b2": {"x": -548.6949768066406, "y": 2315.7891845703125}}, "133": {"from_node_id": "137", "to_node_id": "141", "b1": {"x": -566.6950073242188, "y": 2320.6290283203125}, "b2": {"x": -596.3841461711637, "y": 2315.5152885586417}}, "134": {"from_node_id": "137", "to_node_id": "142", "b1": {"x": -566.6950073242188, "y": 2316.6290283203125}, "b2": {"x": -566.6950073242188, "y": 2431.4190673828125}}, "135": {"from_node_id": "139", "to_node_id": "143", "b1": {"x": -566.6950073242188, "y": 2188.6290283203125}, "b2": {"x": -584.6950073242188, "y": 2183.3790283203125}}, "136": {"from_node_id": "139", "to_node_id": "136", "b1": {"x": -566.6950073242188, "y": 2192.6290283203125}, "b2": {"x": -566.6950073242188, "y": 2138.3790283203125}}}}, "21": {"name": "rxn16826", "bigg_id": "rxn16826", "reversibility": false, "label_x": -856.1118509832711, "label_y": 2567.1645179966845, "gene_reaction_rule": "", "genes": [], "metabolites": [{"bigg_id": "cpd00001", "coefficient": -1}, {"bigg_id": "cpd21487", "coefficient": -1}, {"bigg_id": "cpd00067", "coefficient": 1}, {"bigg_id": "cpd01101", "coefficient": 1}, {"bigg_id": "cpd21486", "coefficient": 1}], "segments": {"141": {"from_node_id": "148", "to_node_id": "149", "b1": null, "b2": null}, "142": {"from_node_id": "150", "to_node_id": "149", "b1": null, "b2": null}, "143": {"from_node_id": "148", "to_node_id": "151", "b1": {"x": -767.5032344447757, "y": 2645.5127696508393}, "b2": {"x": -784.6451794055412, "y": 2637.9156502650476}}, "144": {"from_node_id": "148", "to_node_id": "152", "b1": {"x": -764.9233988822406, "y": 2642.455900587518}, "b2": {"x": -820.6579179089829, "y": 2700.3362191434367}}, "145": {"from_node_id": "150", "to_node_id": "153", "b1": {"x": -682.3686608811446, "y": 2544.636090561275}, "b2": {"x": -665.226715920378, "y": 2552.233209947073}}, "146": {"from_node_id": "150", "to_node_id": "154", "b1": {"x": -682.3686608811446, "y": 2544.636090561275}, "b2": {"x": -711.7937036403983, "y": 2541.5064190506546}}, "147": {"from_node_id": "150", "to_node_id": "142", "b1": {"x": -684.9484964436813, "y": 2547.6929596245964}, "b2": {"x": -625.4450073242188, "y": 2490.1690673828125}}}}, "22": {"name": "rxn16828", "bigg_id": "rxn16828", "reversibility": false, "label_x": -378.53948933323903, "label_y": 2572.2757158082363, "gene_reaction_rule": "", "genes": [], "metabolites": [{"bigg_id": "cpd21482", "coefficient": -1}, {"bigg_id": "cpd21486", "coefficient": 1}], "segments": {"148": {"from_node_id": "155", "to_node_id": "156", "b1": null, "b2": null}, "149": {"from_node_id": "157", "to_node_id": "156", "b1": null, "b2": null}, "150": {"from_node_id": "155", "to_node_id": "158", "b1": {"x": -350.88370441870416, "y": 2635.275918095968}, "b2": {"x": -317.54099842292567, "y": 2671.1614710742883}}, "151": {"from_node_id": "157", "to_node_id": "142", "b1": {"x": -427.09560383761834, "y": 2537.461060395505}, "b2": {"x": -507.94500732421875, "y": 2490.1690673828125}}}}, "23": {"name": "rxn16794", "bigg_id": "rxn16794", "reversibility": false, "label_x": -413.11341175993493, "label_y": 2866.150943219649, "gene_reaction_rule": "", "genes": [], "metabolites": [{"bigg_id": "cpd00001", "coefficient": -1}, {"bigg_id": "cpd21464", "coefficient": -1}, {"bigg_id": "cpd00067", "coefficient": 1}, {"bigg_id": "cpd01101", "coefficient": 1}, {"bigg_id": "cpd21482", "coefficient": 1}], "segments": {"152": {"from_node_id": "159", "to_node_id": "160", "b1": null, "b2": null}, "153": {"from_node_id": "161", "to_node_id": "160", "b1": null, "b2": null}, "154": {"from_node_id": "159", "to_node_id": "162", "b1": {"x": -471.5404469305784, "y": 2865.6267182505844}, "b2": {"x": -476.82924790554665, "y": 2856.957246264047}}, "155": {"from_node_id": "159", "to_node_id": "163", "b1": {"x": -468.3851289402425, "y": 2863.168269882236}, "b2": {"x": -528.1496043152515, "y": 2902.7226688637684}}, "156": {"from_node_id": "161", "to_node_id": "164", "b1": {"x": -367.41495324944657, "y": 2784.4979220949667}, "b2": {"x": -352.2105807295464, "y": 2795.470139568023}}, "157": {"from_node_id": "161", "to_node_id": "165", "b1": {"x": -367.41495324944657, "y": 2784.4979220949667}, "b2": {"x": -374.33661604471524, "y": 2767.072277654987}}, "158": {"from_node_id": "161", "to_node_id": "158", "b1": {"x": -370.570271239785, "y": 2786.956370463319}, "b2": {"x": -327.77627099583486, "y": 2753.6136644675403}}}}, "24": {"name": "rxn16827", "bigg_id": "rxn16827", "reversibility": false, "label_x": -710.1350018471777, "label_y": 2832.2860735753607, "gene_reaction_rule": "", "genes": [], "metabolites": [{"bigg_id": "cpd00004", "coefficient": -1}, {"bigg_id": "cpd21464", "coefficient": -1}, {"bigg_id": "cpd00001", "coefficient": 1}, {"bigg_id": "cpd00003", "coefficient": 1}, {"bigg_id": "cpd21487", "coefficient": 1}], "segments": {"159": {"from_node_id": "166", "to_node_id": "167", "b1": null, "b2": null}, "160": {"from_node_id": "168", "to_node_id": "167", "b1": null, "b2": null}, "161": {"from_node_id": "166", "to_node_id": "169", "b1": {"x": -656.3296258189139, "y": 2880.937367862819}, "b2": {"x": -669.8127838119074, "y": 2915.616027993207}}, "162": {"from_node_id": "166", "to_node_id": "163", "b1": {"x": -653.0048586154768, "y": 2883.16131099225}, "b2": {"x": -629.3387999464065, "y": 2904.8239363289013}}, "163": {"from_node_id": "168", "to_node_id": "171", "b1": {"x": -762.7221763288865, "y": 2809.771187720958}, "b2": {"x": -757.078189200948, "y": 2791.8908099481064}}, "164": {"from_node_id": "168", "to_node_id": "172", "b1": {"x": -762.7221763288865, "y": 2809.771187720958}, "b2": {"x": -777.0936773658445, "y": 2821.8137147790444}}, "165": {"from_node_id": "168", "to_node_id": "152", "b1": {"x": -759.3974091254491, "y": 2811.995130850387}, "b2": {"x": -804.4895643220534, "y": 2781.8329021574577}}}}, "25": {"name": "rxn16776", "bigg_id": "rxn16776", "reversibility": false, "label_x": -559.4933372983304, "label_y": 3123.8311292739377, "gene_reaction_rule": "", "genes": [], "metabolites": [{"bigg_id": "cpd00007", "coefficient": -1}, {"bigg_id": "cpd00092", "coefficient": -1}, {"bigg_id": "cpd01270", "coefficient": -1}, {"bigg_id": "cpd00050", "coefficient": 1}, {"bigg_id": "cpd21464", "coefficient": 1}], "segments": {"166": {"from_node_id": "173", "to_node_id": "174", "b1": null, "b2": null}, "167": {"from_node_id": "175", "to_node_id": "174", "b1": null, "b2": null}, "168": {"from_node_id": "173", "to_node_id": "176", "b1": {"x": -574.4933372983304, "y": 3179.8311292739377}, "b2": {"x": -556.4933372983304, "y": 3185.0811292739377}}, "169": {"from_node_id": "173", "to_node_id": "177", "b1": {"x": -574.4933372983304, "y": 3179.8311292739377}, "b2": {"x": -575.3284214109945, "y": 3198.3424764058004}}, "170": {"from_node_id": "173", "to_node_id": "178", "b1": {"x": -574.4933372983304, "y": 3175.8311292739377}, "b2": {"x": -613.3543050777763, "y": 3190.313518811287}}, "171": {"from_node_id": "175", "to_node_id": "179", "b1": {"x": -574.4933372983304, "y": 3047.8311292739377}, "b2": {"x": -592.4933372983304, "y": 3042.5811292739377}}, "172": {"from_node_id": "175", "to_node_id": "163", "b1": {"x": -574.4933372983304, "y": 3051.8311292739377}, "b2": {"x": -574.4933372983304, "y": 2997.5811292739377}}}}, "26": {"name": "rxn00719", "bigg_id": "rxn00719", "reversibility": false, "label_x": -561.7716576108304, "label_y": 3453.9185316176877, "gene_reaction_rule": "", "genes": [], "metabolites": [{"bigg_id": "cpd00003", "coefficient": -1}, {"bigg_id": "cpd00337", "coefficient": -1}, {"bigg_id": "cpd00004", "coefficient": 1}, {"bigg_id": "cpd00067", "coefficient": 1}, {"bigg_id": "cpd00092", "coefficient": 1}], "segments": {"173": {"from_node_id": "180", "to_node_id": "181", "b1": null, "b2": null}, "174": {"from_node_id": "182", "to_node_id": "181", "b1": null, "b2": null}, "175": {"from_node_id": "180", "to_node_id": "183", "b1": {"x": -576.7716576108304, "y": 3505.9185316176877}, "b2": {"x": -545.6624590968931, "y": 3507.7464390743985}}, "176": {"from_node_id": "180", "to_node_id": "184", "b1": {"x": -576.7716576108304, "y": 3509.9185316176877}, "b2": {"x": -576.318265076031, "y": 3506.0050070363295}}, "177": {"from_node_id": "182", "to_node_id": "185", "b1": {"x": -576.7716576108304, "y": 3377.9185316176877}, "b2": {"x": -559.4345247708543, "y": 3374.229821397771}}, "178": {"from_node_id": "182", "to_node_id": "186", "b1": {"x": -576.7716576108304, "y": 3377.9185316176877}, "b2": {"x": -594.7716576108304, "y": 3372.6685316176877}}, "179": {"from_node_id": "182", "to_node_id": "177", "b1": {"x": -576.7716576108304, "y": 3381.9185316176877}, "b2": {"x": -576.7716576108304, "y": 3327.6685316176877}}}}, "27": {"name": "rxn01626", "bigg_id": "rxn01626", "reversibility": false, "label_x": -558.8685204037992, "label_y": 3761.5532972426877, "gene_reaction_rule": "", "genes": [], "metabolites": [{"bigg_id": "cpd00001", "coefficient": -1}, {"bigg_id": "cpd00337", "coefficient": -1}, {"bigg_id": "cpd00067", "coefficient": 1}, {"bigg_id": "cpd01720", "coefficient": 1}], "segments": {"180": {"from_node_id": "187", "to_node_id": "188", "b1": null, "b2": null}, "181": {"from_node_id": "189", "to_node_id": "188", "b1": null, "b2": null}, "182": {"from_node_id": "187", "to_node_id": "190", "b1": {"x": -573.8685204037992, "y": 3685.5532972426877}, "b2": {"x": -591.8685204037992, "y": 3680.3032972426877}}, "183": {"from_node_id": "187", "to_node_id": "184", "b1": {"x": -573.8685204037992, "y": 3689.5532972426877}, "b2": {"x": -573.8685204037992, "y": 3635.3032972426877}}, "184": {"from_node_id": "189", "to_node_id": "191", "b1": {"x": -573.8685204037992, "y": 3817.5532972426877}, "b2": {"x": -591.8685204037992, "y": 3822.8032972426877}}, "185": {"from_node_id": "189", "to_node_id": "192", "b1": {"x": -573.8685204037992, "y": 3813.5532972426877}, "b2": {"x": -573.8685204037992, "y": 3867.8032972426877}}}}, "28": {"name": "rxn00654", "bigg_id": "rxn00654", "reversibility": false, "label_x": -558.8685204037992, "label_y": 4111.553297242688, "gene_reaction_rule": "", "genes": [], "metabolites": [{"bigg_id": "cpd00001", "coefficient": -1}, {"bigg_id": "cpd00067", "coefficient": -2}, {"bigg_id": "cpd01720", "coefficient": -1}, {"bigg_id": "cpd00011", "coefficient": 1}, {"bigg_id": "cpd00013", "coefficient": 1}, {"bigg_id": "cpd00085", "coefficient": 1}], "segments": {"186": {"from_node_id": "193", "to_node_id": "194", "b1": null, "b2": null}, "187": {"from_node_id": "195", "to_node_id": "194", "b1": null, "b2": null}, "188": {"from_node_id": "193", "to_node_id": "196", "b1": {"x": -573.8685204037992, "y": 4035.5532972426877}, "b2": {"x": -555.8685204037992, "y": 4030.3032972426877}}, "189": {"from_node_id": "193", "to_node_id": "197", "b1": {"x": -573.8685204037992, "y": 4035.5532972426877}, "b2": {"x": -591.8685204037992, "y": 4030.3032972426877}}, "190": {"from_node_id": "193", "to_node_id": "192", "b1": {"x": -573.8685204037992, "y": 4039.5532972426877}, "b2": {"x": -573.8685204037992, "y": 3985.3032972426877}}, "191": {"from_node_id": "195", "to_node_id": "198", "b1": {"x": -573.8685204037992, "y": 4167.553297242688}, "b2": {"x": -555.8685204037992, "y": 4172.803297242688}}, "192": {"from_node_id": "195", "to_node_id": "199", "b1": {"x": -573.8685204037992, "y": 4167.553297242688}, "b2": {"x": -591.8685204037992, "y": 4172.803297242688}}, "193": {"from_node_id": "195", "to_node_id": "200", "b1": {"x": -573.8685204037992, "y": 4163.553297242688}, "b2": {"x": -573.8685204037992, "y": 4217.803297242688}}}}, "29": {"name": "rxn11285", "bigg_id": "rxn11285", "reversibility": false, "label_x": -451.7716576108304, "label_y": 3228.9185316176877, "gene_reaction_rule": "", "genes": [], "metabolites": [{"bigg_id": "cpd00009", "coefficient": -1}, {"bigg_id": "cpd00412", "coefficient": -1}, {"bigg_id": "cpd00092", "coefficient": 1}, {"bigg_id": "cpd00475", "coefficient": 1}], "segments": {"194": {"from_node_id": "201", "to_node_id": "202", "b1": null, "b2": null}, "195": {"from_node_id": "203", "to_node_id": "202", "b1": null, "b2": null}, "196": {"from_node_id": "201", "to_node_id": "204", "b1": {"x": -335.7716576108304, "y": 3268.9185316176877}, "b2": {"x": -330.5216576108304, "y": 3286.9185316176877}}, "197": {"from_node_id": "201", "to_node_id": "205", "b1": {"x": -339.7716576108304, "y": 3268.9185316176877}, "b2": {"x": -285.5216576108304, "y": 3268.9185316176877}}, "198": {"from_node_id": "203", "to_node_id": "177", "b1": {"x": -463.7716576108304, "y": 3268.9185316176877}, "b2": {"x": -518.0216576108304, "y": 3268.9185316176877}}, "199": {"from_node_id": "203", "to_node_id": "206", "b1": {"x": -467.7716576108304, "y": 3268.9185316176877}, "b2": {"x": -484.28673329442415, "y": 3275.6533948989377}}}}, "30": {"name": "rxn01521", "bigg_id": "rxn01521", "reversibility": false, "label_x": -101.7716576108304, "label_y": 3228.9185316176877, "gene_reaction_rule": "", "genes": [], "metabolites": [{"bigg_id": "cpd00001", "coefficient": -1}, {"bigg_id": "cpd00299", "coefficient": -1}, {"bigg_id": "cpd00009", "coefficient": 1}, {"bigg_id": "cpd00412", "coefficient": 1}], "segments": {"200": {"from_node_id": "207", "to_node_id": "208", "b1": null, "b2": null}, "201": {"from_node_id": "209", "to_node_id": "208", "b1": null, "b2": null}, "202": {"from_node_id": "207", "to_node_id": "210", "b1": {"x": 14.228342389169597, "y": 3268.9185316176877}, "b2": {"x": 19.478342389169597, "y": 3286.9185316176877}}, "203": {"from_node_id": "207", "to_node_id": "211", "b1": {"x": 10.228342389169597, "y": 3268.9185316176877}, "b2": {"x": 64.4783423891696, "y": 3268.9185316176877}}, "204": {"from_node_id": "209", "to_node_id": "212", "b1": {"x": -117.7716576108304, "y": 3268.9185316176877}, "b2": {"x": -123.0216576108304, "y": 3286.9185316176877}}, "205": {"from_node_id": "209", "to_node_id": "205", "b1": {"x": -113.7716576108304, "y": 3268.9185316176877}, "b2": {"x": -168.0216576108304, "y": 3268.9185316176877}}}}, "31": {"name": "rxn04464", "bigg_id": "rxn04464", "reversibility": false, "label_x": 248.2283423891696, "label_y": 3228.9185316176877, "gene_reaction_rule": "", "genes": [], "metabolites": [{"bigg_id": "cpd00125", "coefficient": -1}, {"bigg_id": "cpd00299", "coefficient": -1}, {"bigg_id": "cpd00982", "coefficient": -1}, {"bigg_id": "cpd00015", "coefficient": 1}, {"bigg_id": "cpd00087", "coefficient": 1}, {"bigg_id": "cpd00298", "coefficient": 1}], "segments": {"206": {"from_node_id": "213", "to_node_id": "214", "b1": null, "b2": null}, "207": {"from_node_id": "215", "to_node_id": "214", "b1": null, "b2": null}, "208": {"from_node_id": "213", "to_node_id": "216", "b1": {"x": 232.2283423891696, "y": 3268.9185316176877}, "b2": {"x": 226.9783423891696, "y": 3250.9185316176877}}, "209": {"from_node_id": "213", "to_node_id": "211", "b1": {"x": 236.2283423891696, "y": 3268.9185316176877}, "b2": {"x": 181.9783423891696, "y": 3268.9185316176877}}, "210": {"from_node_id": "213", "to_node_id": "217", "b1": {"x": 232.2283423891696, "y": 3268.9185316176877}, "b2": {"x": 226.9783423891696, "y": 3286.9185316176877}}, "211": {"from_node_id": "215", "to_node_id": "218", "b1": {"x": 360.2283423891696, "y": 3268.9185316176877}, "b2": {"x": 379.0983513841128, "y": 3303.6996788564056}}, "212": {"from_node_id": "215", "to_node_id": "219", "b1": {"x": 364.2283423891696, "y": 3268.9185316176877}, "b2": {"x": 370.9411109438571, "y": 3252.3814222426877}}, "213": {"from_node_id": "215", "to_node_id": "220", "b1": {"x": 364.2283423891696, "y": 3268.9185316176877}, "b2": {"x": 468.95532101437703, "y": 3271.821568096533}}}}, "32": {"name": "rxn01143", "bigg_id": "rxn01143", "reversibility": false, "label_x": 554.2661231508883, "label_y": 3100.5403577895627, "gene_reaction_rule": "", "genes": [], "metabolites": [{"bigg_id": "cpd00002", "coefficient": -1}, {"bigg_id": "cpd00184", "coefficient": -1}, {"bigg_id": "cpd00008", "coefficient": 1}, {"bigg_id": "cpd00067", "coefficient": 1}, {"bigg_id": "cpd00298", "coefficient": 1}], "segments": {"214": {"from_node_id": "221", "to_node_id": "222", "b1": null, "b2": null}, "215": {"from_node_id": "223", "to_node_id": "222", "b1": null, "b2": null}, "216": {"from_node_id": "221", "to_node_id": "224", "b1": {"x": 539.2661231508883, "y": 3028.5403577895627}, "b2": {"x": 518.1140041855424, "y": 3003.3813772347694}}, "217": {"from_node_id": "221", "to_node_id": "225", "b1": {"x": 539.2661231508883, "y": 3024.5403577895627}, "b2": {"x": 542.0068128777973, "y": 3009.3124560666297}}, "218": {"from_node_id": "223", "to_node_id": "226", "b1": {"x": 539.2661231508883, "y": 3156.5403577895627}, "b2": {"x": 493.8426990001673, "y": 3145.683802442545}}, "219": {"from_node_id": "223", "to_node_id": "227", "b1": {"x": 539.2661231508883, "y": 3156.5403577895627}, "b2": {"x": 557.2661231508883, "y": 3161.7903577895627}}, "220": {"from_node_id": "223", "to_node_id": "220", "b1": {"x": 539.2661231508883, "y": 3152.5403577895627}, "b2": {"x": 539.2661231508883, "y": 3206.7903577895627}}}}, "33": {"name": "rxn27328", "bigg_id": "rxn27328", "reversibility": false, "label_x": 558.2019752016696, "label_y": 2773.7317640395627, "gene_reaction_rule": "", "genes": [], "metabolites": [{"bigg_id": "cpd00009", "coefficient": -1}, {"bigg_id": "cpd00184", "coefficient": -1}, {"bigg_id": "cpd00151", "coefficient": 1}, {"bigg_id": "cpd26845", "coefficient": 1}], "segments": {"221": {"from_node_id": "228", "to_node_id": "229", "b1": null, "b2": null}, "222": {"from_node_id": "230", "to_node_id": "229", "b1": null, "b2": null}, "223": {"from_node_id": "228", "to_node_id": "231", "b1": {"x": 543.2019752016696, "y": 2829.7317640395627}, "b2": {"x": 561.2019752016696, "y": 2834.9817640395627}}, "224": {"from_node_id": "228", "to_node_id": "225", "b1": {"x": 543.2019752016696, "y": 2825.7317640395627}, "b2": {"x": 543.2019752016696, "y": 2879.9817640395627}}, "225": {"from_node_id": "230", "to_node_id": "232", "b1": {"x": 543.2019752016696, "y": 2701.7317640395627}, "b2": {"x": 543.2019752016696, "y": 2647.4817640395627}}, "226": {"from_node_id": "230", "to_node_id": "233", "b1": {"x": 543.2019752016696, "y": 2697.7317640395627}, "b2": {"x": 561.2019752016696, "y": 2692.4817640395627}}}}, "34": {"name": "rxn01027", "bigg_id": "rxn01027", "reversibility": false, "label_x": 558.2019752016696, "label_y": 2423.7317640395627, "gene_reaction_rule": "", "genes": [], "metabolites": [{"bigg_id": "cpd00003", "coefficient": -1}, {"bigg_id": "cpd00673", "coefficient": -1}, {"bigg_id": "cpd00004", "coefficient": 1}, {"bigg_id": "cpd00067", "coefficient": 1}, {"bigg_id": "cpd00151", "coefficient": 1}], "segments": {"227": {"from_node_id": "234", "to_node_id": "235", "b1": null, "b2": null}, "228": {"from_node_id": "236", "to_node_id": "235", "b1": null, "b2": null}, "229": {"from_node_id": "234", "to_node_id": "237", "b1": {"x": 543.2019752016696, "y": 2351.7317640395627}, "b2": {"x": 527.8519803128161, "y": 2344.396826510576}}, "230": {"from_node_id": "234", "to_node_id": "238", "b1": {"x": 543.2019752016696, "y": 2347.7317640395627}, "b2": {"x": 543.2054046593602, "y": 2336.792546782902}}, "231": {"from_node_id": "236", "to_node_id": "239", "b1": {"x": 543.2019752016696, "y": 2479.7317640395627}, "b2": {"x": 525.2019752016696, "y": 2484.9817640395627}}, "232": {"from_node_id": "236", "to_node_id": "240", "b1": {"x": 543.2019752016696, "y": 2479.7317640395627}, "b2": {"x": 561.2019752016696, "y": 2484.9817640395627}}, "233": {"from_node_id": "236", "to_node_id": "232", "b1": {"x": 543.2019752016696, "y": 2475.7317640395627}, "b2": {"x": 543.2019752016696, "y": 2529.9817640395627}}}}, "36": {"name": "rxn02190", "bigg_id": "rxn02190", "reversibility": false, "label_x": 562.1378272524508, "label_y": 2101.3113538833127, "gene_reaction_rule": "", "genes": [], "metabolites": [{"bigg_id": "cpd00001", "coefficient": -1}, {"bigg_id": "cpd00673", "coefficient": -1}, {"bigg_id": "cpd00067", "coefficient": 1}, {"bigg_id": "cpd03034", "coefficient": 1}], "segments": {"241": {"from_node_id": "248", "to_node_id": "249", "b1": null, "b2": null}, "242": {"from_node_id": "250", "to_node_id": "249", "b1": null, "b2": null}, "243": {"from_node_id": "248", "to_node_id": "251", "b1": {"x": 547.1378272524508, "y": 2157.3113538833127}, "b2": {"x": 565.1378272524508, "y": 2162.5613538833127}}, "244": {"from_node_id": "248", "to_node_id": "238", "b1": {"x": 547.1378272524508, "y": 2153.3113538833127}, "b2": {"x": 547.1378272524508, "y": 2207.5613538833127}}, "245": {"from_node_id": "250", "to_node_id": "252", "b1": {"x": 547.1378272524508, "y": 2025.3113538833127}, "b2": {"x": 565.1378272524508, "y": 2020.0613538833127}}, "246": {"from_node_id": "250", "to_node_id": "253", "b1": {"x": 547.1378272524508, "y": 2029.3113538833127}, "b2": {"x": 547.1378272524508, "y": 1975.0613538833127}}}}, "37": {"name": "rxn03188", "bigg_id": "rxn03188", "reversibility": false, "label_x": 562.1378272524508, "label_y": 1751.3113538833127, "gene_reaction_rule": "", "genes": [], "metabolites": [{"bigg_id": "cpd00001", "coefficient": -1}, {"bigg_id": "cpd00067", "coefficient": -2}, {"bigg_id": "cpd03034", "coefficient": -1}, {"bigg_id": "cpd00011", "coefficient": 1}, {"bigg_id": "cpd00013", "coefficient": 1}, {"bigg_id": "cpd03063", "coefficient": 1}], "segments": {"247": {"from_node_id": "254", "to_node_id": "255", "b1": null, "b2": null}, "248": {"from_node_id": "256", "to_node_id": "255", "b1": null, "b2": null}, "249": {"from_node_id": "254", "to_node_id": "257", "b1": {"x": 547.1378272524508, "y": 1807.3113538833127}, "b2": {"x": 529.1378272524508, "y": 1812.5613538833127}}, "250": {"from_node_id": "254", "to_node_id": "258", "b1": {"x": 547.1378272524508, "y": 1807.3113538833127}, "b2": {"x": 565.1378272524508, "y": 1812.5613538833127}}, "251": {"from_node_id": "254", "to_node_id": "253", "b1": {"x": 547.1378272524508, "y": 1803.3113538833127}, "b2": {"x": 547.1378272524508, "y": 1857.5613538833127}}, "252": {"from_node_id": "256", "to_node_id": "259", "b1": {"x": 547.1378272524508, "y": 1675.3113538833127}, "b2": {"x": 529.1378272524508, "y": 1670.0613538833127}}, "253": {"from_node_id": "256", "to_node_id": "260", "b1": {"x": 547.1378272524508, "y": 1675.3113538833127}, "b2": {"x": 565.1378272524508, "y": 1670.0613538833127}}, "254": {"from_node_id": "256", "to_node_id": "261", "b1": {"x": 547.1378272524508, "y": 1679.3113538833127}, "b2": {"x": 547.1378272524508, "y": 1625.0613538833127}}}}}, "nodes": {"129": {"node_type": "metabolite", "x": -471.3205261230469, "y": 1832.28125, "bigg_id": "cpd00006", "name": "NADP", "label_x": -446.3205261230469, "label_y": 1832.28125, "node_is_primary": false}, "130": {"node_type": "multimarker", "x": -569.7679443359375, "y": 1911.2867431640625}, "131": {"node_type": "midmarker", "x": -569.7679443359375, "y": 1931.2867431640625}, "132": {"node_type": "multimarker", "x": -569.7679443359375, "y": 1951.2867431640625}, "133": {"node_type": "metabolite", "x": -566.8648681640625, "y": 1783.1080322265625, "bigg_id": "cpd00745", "name": "Hydracrylic acid", "label_x": -643.0892333984375, "label_y": 1759.598876953125, "node_is_primary": true}, "134": {"node_type": "metabolite", "x": -728.6900939941406, "y": 2041.2730712890625, "bigg_id": "cpd00005", "name": "NADPH", "label_x": -703.6900939941406, "label_y": 2041.2730712890625, "node_is_primary": false}, "135": {"node_type": "metabolite", "x": -489.7679443359375, "y": 2036.2867431640625, "bigg_id": "cpd00067", "name": "H+", "label_x": -474.7679443359375, "label_y": 2036.2867431640625, "node_is_primary": false}, "136": {"node_type": "metabolite", "x": -566.6950073242188, "y": 2079.6290283203125, "bigg_id": "cpd00191", "name": "3-Oxopropanoate", "label_x": -541.5338134765625, "label_y": 2089.9151611328125, "node_is_primary": true}, "137": {"node_type": "multimarker", "x": -566.6950073242188, "y": 2274.6290283203125}, "138": {"node_type": "midmarker", "x": -566.6950073242188, "y": 2254.6290283203125}, "139": {"node_type": "multimarker", "x": -566.6950073242188, "y": 2234.6290283203125}, "140": {"node_type": "metabolite", "x": -486.6949768066406, "y": 2349.5391845703125, "bigg_id": "cpd00001", "name": "H2O", "label_x": -471.6949768066406, "label_y": 2349.5391845703125, "node_is_primary": false}, "141": {"node_type": "metabolite", "x": -666.8750610351562, "y": 2319.2694091796875, "bigg_id": "cpd00067", "name": "H+", "label_x": -738.8750610351562, "label_y": 2349.2694091796875, "node_is_primary": false}, "142": {"node_type": "metabolite", "x": -566.6950073242188, "y": 2490.1690673828125, "bigg_id": "cpd21486", "name": "Aminoacrylate", "label_x": -541.6950073242188, "label_y": 2469.4432373046875, "node_is_primary": true}, "143": {"node_type": "metabolite", "x": -646.6950073242188, "y": 2149.6290283203125, "bigg_id": "cpd00013", "name": "NH3", "label_x": -718.6950073242188, "label_y": 2179.6290283203125, "node_is_primary": false}, "148": {"node_type": "multimarker", "x": -737.8351254756301, "y": 2610.3587754226646}, "149": {"node_type": "midmarker", "x": -724.9359476629586, "y": 2595.0744301060595}, "150": {"node_type": "multimarker", "x": -712.036769850289, "y": 2579.7900847894543}, "151": {"node_type": "metabolite", "x": -853.7940124458863, "y": 2623.7205317675325, "bigg_id": "cpd00001", "name": "H2O", "label_x": -896.9940124458861, "label_y": 2603.7205317675325, "node_is_primary": false}, "152": {"node_type": "metabolite", "x": -853.3220826225299, "y": 2749.1687374439075, "bigg_id": "cpd21487", "name": "Ureidoacrylate", "label_x": -1019.3040040092487, "label_y": 2753.5366573657825, "node_is_primary": true}, "153": {"node_type": "metabolite", "x": -596.0778828800352, "y": 2566.4283284445896, "bigg_id": "cpd00067", "name": "H+", "label_x": -639.2778828800352, "label_y": 2606.4283284445896, "node_is_primary": false}, "154": {"node_type": "metabolite", "x": -744.5630751390787, "y": 2478.98257726544, "bigg_id": "cpd01101", "name": "Carbamate", "label_x": -787.7630751390788, "label_y": 2458.98257726544, "node_is_primary": false}, "155": {"node_type": "multimarker", "x": -376.6974122863997, "y": 2602.145079197422}, "156": {"node_type": "midmarker", "x": -388.9896541281609, "y": 2586.3684892457363}, "157": {"node_type": "multimarker", "x": -401.28189596992075, "y": 2570.59189929405}, "158": {"node_type": "metabolite", "x": -281.4325380127542, "y": 2717.5052040573696, "bigg_id": "cpd21482", "name": "(Z)-3-Peroxyaminoacrylate", "label_x": -250.49725358892601, "label_y": 2722.3240517136196, "node_is_primary": true}, "159": {"node_type": "multimarker", "x": -435.2542900417011, "y": 2837.354562014537}, "160": {"node_type": "midmarker", "x": -419.47770009001306, "y": 2825.062320172774}, "161": {"node_type": "multimarker", "x": -403.7011101383277, "y": 2812.770078331017}, "162": {"node_type": "metabolite", "x": -536.546245526322, "y": 2819.3149469830482, "bigg_id": "cpd00001", "name": "H2O", "label_x": -569.118511151322, "label_y": 2857.7639215924232, "node_is_primary": false}, "163": {"node_type": "metabolite", "x": -574.4933372983304, "y": 2938.8311292739377, "bigg_id": "cpd21464", "name": "(Z)-3-Ureidoacrylate peracid", "label_x": -549.4933372983304, "label_y": 2938.8311292739377, "node_is_primary": true}, "164": {"node_type": "metabolite", "x": -287.481635476614, "y": 2823.6344103102783, "bigg_id": "cpd00067", "name": "H+", "label_x": -270.7544931426296, "label_y": 2832.2701524977783, "node_is_primary": false}, "165": {"node_type": "metabolite", "x": -385.81957021070104, "y": 2697.4216906967868, "bigg_id": "cpd01101", "name": "Carbamate", "label_x": -490.63539662671667, "label_y": 2701.5144641342868, "node_is_primary": false}, "166": {"node_type": "multimarker", "x": -691.2396814549971, "y": 2857.585965003768}, "167": {"node_type": "midmarker", "x": -707.8635174721777, "y": 2846.4662493566107}, "168": {"node_type": "multimarker", "x": -724.4873534893642, "y": 2835.346533709441}, "169": {"node_type": "metabolite", "x": -699.9197877197616, "y": 2966.065317539167, "bigg_id": "cpd00004", "name": "NADH", "label_x": -847.6345093994504, "label_y": 2983.336801914167, "node_is_primary": false}, "171": {"node_type": "metabolite", "x": -750.6597939737302, "y": 2721.592398140257, "bigg_id": "cpd00001", "name": "H2O", "label_x": -735.6597939737302, "label_y": 2721.592398140257, "node_is_primary": false}, "172": {"node_type": "metabolite", "x": -839.6175191510495, "y": 2854.5830862777193, "bigg_id": "cpd00003", "name": "NAD", "label_x": -911.6175191510474, "label_y": 2884.5830862777193, "node_is_primary": false}, "173": {"node_type": "multimarker", "x": -574.4933372983304, "y": 3133.8311292739377}, "174": {"node_type": "midmarker", "x": -574.4933372983304, "y": 3113.8311292739377}, "175": {"node_type": "multimarker", "x": -574.4933372983304, "y": 3093.8311292739377}, "176": {"node_type": "metabolite", "x": -494.4933372983304, "y": 3218.8311292739377, "bigg_id": "cpd00007", "name": "O2", "label_x": -479.4933372983304, "label_y": 3218.8311292739377, "node_is_primary": false}, "177": {"node_type": "metabolite", "x": -576.7716576108304, "y": 3268.9185316176877, "bigg_id": "cpd00092", "name": "Uracil", "label_x": -686.7689720639554, "label_y": 3276.4654066176877, "node_is_primary": true}, "178": {"node_type": "metabolite", "x": -669.4865013608304, "y": 3207.6553480239377, "bigg_id": "cpd01270", "name": "FMNH2", "label_x": -723.9352928647367, "label_y": 3174.8394300551877, "node_is_primary": false}, "179": {"node_type": "metabolite", "x": -654.4933372983304, "y": 3008.8311292739377, "bigg_id": "cpd00050", "name": "FMN", "label_x": -726.4933372983304, "label_y": 3038.8311292739377, "node_is_primary": false}, "180": {"node_type": "multimarker", "x": -576.7716576108304, "y": 3463.9185316176877}, "181": {"node_type": "midmarker", "x": -576.7716576108304, "y": 3443.9185316176877}, "182": {"node_type": "multimarker", "x": -576.7716576108304, "y": 3423.9185316176877}, "183": {"node_type": "metabolite", "x": -486.95995106786165, "y": 3510.1082288833127, "bigg_id": "cpd00003", "name": "NAD", "label_x": -461.95995106786165, "label_y": 3510.1082288833127, "node_is_primary": false}, "184": {"node_type": "metabolite", "x": -573.8685204037992, "y": 3576.5532972426877, "bigg_id": "cpd00337", "name": "Hydrouracil", "label_x": -549.3229881772367, "label_y": 3586.9165784926877, "node_is_primary": true}, "185": {"node_type": "metabolite", "x": -489.7309776791898, "y": 3385.3867933364377, "bigg_id": "cpd00004", "name": "NADH", "label_x": -474.7309776791898, "label_y": 3385.3867933364377, "node_is_primary": false}, "186": {"node_type": "metabolite", "x": -656.7716576108304, "y": 3338.9185316176877, "bigg_id": "cpd00067", "name": "H+", "label_x": -728.7716576108304, "label_y": 3368.9185316176877, "node_is_primary": false}, "187": {"node_type": "multimarker", "x": -573.8685204037992, "y": 3731.5532972426877}, "188": {"node_type": "midmarker", "x": -573.8685204037992, "y": 3751.5532972426877}, "189": {"node_type": "multimarker", "x": -573.8685204037992, "y": 3771.5532972426877}, "190": {"node_type": "metabolite", "x": -653.8685204037992, "y": 3646.5532972426877, "bigg_id": "cpd00001", "name": "H2O", "label_x": -725.8685204037992, "label_y": 3676.5532972426877, "node_is_primary": false}, "191": {"node_type": "metabolite", "x": -653.8685204037992, "y": 3856.5532972426877, "bigg_id": "cpd00067", "name": "H+", "label_x": -725.8685204037992, "label_y": 3886.5532972426877, "node_is_primary": false}, "192": {"node_type": "metabolite", "x": -573.8685204037992, "y": 3926.5532972426877, "bigg_id": "cpd01720", "name": "3-Ureidopropanoate", "label_x": -548.8685204037992, "label_y": 3926.5532972426877, "node_is_primary": true}, "193": {"node_type": "multimarker", "x": -573.8685204037992, "y": 4081.5532972426877}, "194": {"node_type": "midmarker", "x": -573.8685204037992, "y": 4101.553297242688}, "195": {"node_type": "multimarker", "x": -573.8685204037992, "y": 4121.553297242688}, "196": {"node_type": "metabolite", "x": -493.86852040379915, "y": 3996.5532972426877, "bigg_id": "cpd00001", "name": "H2O", "label_x": -478.86852040379915, "label_y": 3996.5532972426877, "node_is_primary": false}, "197": {"node_type": "metabolite", "x": -653.8685204037992, "y": 3996.5532972426877, "bigg_id": "cpd00067", "name": "H+", "label_x": -725.8685204037992, "label_y": 4026.5532972426877, "node_is_primary": false}, "198": {"node_type": "metabolite", "x": -493.86852040379915, "y": 4206.553297242688, "bigg_id": "cpd00011", "name": "CO2", "label_x": -478.86852040379915, "label_y": 4206.553297242688, "node_is_primary": false}, "199": {"node_type": "metabolite", "x": -653.8685204037992, "y": 4206.553297242688, "bigg_id": "cpd00013", "name": "NH3", "label_x": -725.8685204037992, "label_y": 4236.553297242688, "node_is_primary": false}, "200": {"node_type": "metabolite", "x": -573.8685204037992, "y": 4276.553297242688, "bigg_id": "cpd00085", "name": "beta-Alanine", "label_x": -548.8685204037992, "label_y": 4276.553297242688, "node_is_primary": true}, "201": {"node_type": "multimarker", "x": -381.7716576108304, "y": 3268.9185316176877}, "202": {"node_type": "midmarker", "x": -401.7716576108304, "y": 3268.9185316176877}, "203": {"node_type": "multimarker", "x": -421.7716576108304, "y": 3268.9185316176877}, "204": {"node_type": "metabolite", "x": -296.7716576108304, "y": 3348.9185316176877, "bigg_id": "cpd00009", "name": "Phosphate", "label_x": -339.9716576108304, "label_y": 3388.9185316176877, "node_is_primary": false}, "205": {"node_type": "metabolite", "x": -226.7716576108304, "y": 3268.9185316176877, "bigg_id": "cpd00412", "name": "Deoxyuridine", "label_x": -269.9716576108304, "label_y": 3308.9185316176877, "node_is_primary": true}, "206": {"node_type": "metabolite", "x": -518.0367332944242, "y": 3337.6533948989377, "bigg_id": "cpd00475", "name": "Ribose 1-phosphate", "label_x": -545.7472618588773, "label_y": 3364.9802991958127, "node_is_primary": false}, "207": {"node_type": "multimarker", "x": -31.771657610830403, "y": 3268.9185316176877}, "208": {"node_type": "midmarker", "x": -51.7716576108304, "y": 3268.9185316176877}, "209": {"node_type": "multimarker", "x": -71.7716576108304, "y": 3268.9185316176877}, "210": {"node_type": "metabolite", "x": 53.2283423891696, "y": 3348.9185316176877, "bigg_id": "cpd00001", "name": "H2O", "label_x": 10.028342389169602, "label_y": 3388.9185316176877, "node_is_primary": false}, "211": {"node_type": "metabolite", "x": 123.2283423891696, "y": 3268.9185316176877, "bigg_id": "cpd00299", "name": "dUMP", "label_x": 80.02834238916961, "label_y": 3308.9185316176877, "node_is_primary": true}, "212": {"node_type": "metabolite", "x": -156.7716576108304, "y": 3348.9185316176877, "bigg_id": "cpd00009", "name": "Phosphate", "label_x": -199.9716576108304, "label_y": 3388.9185316176877, "node_is_primary": false}, "213": {"node_type": "multimarker", "x": 278.2283423891696, "y": 3268.9185316176877}, "214": {"node_type": "midmarker", "x": 298.2283423891696, "y": 3268.9185316176877}, "215": {"node_type": "multimarker", "x": 318.2283423891696, "y": 3268.9185316176877}, "216": {"node_type": "metabolite", "x": 193.2283423891696, "y": 3188.9185316176877, "bigg_id": "cpd00125", "name": "5-10-Methylenetetrahydrofolate", "label_x": 47.234625958505546, "label_y": 3171.7349378676877, "node_is_primary": false}, "217": {"node_type": "metabolite", "x": 193.2283423891696, "y": 3348.9185316176877, "bigg_id": "cpd00982", "name": "FADH2", "label_x": 150.0283423891696, "label_y": 3388.9185316176877, "node_is_primary": false}, "218": {"node_type": "metabolite", "x": 404.4780677309665, "y": 3356.6848890395627, "bigg_id": "cpd00015", "name": "FAD", "label_x": 361.2780677309665, "label_y": 3396.6848890395627, "node_is_primary": false}, "219": {"node_type": "metabolite", "x": 404.6911109438571, "y": 3190.3814222426877, "bigg_id": "cpd00087", "name": "Tetrahydrofolate", "label_x": 365.71550669581023, "label_y": 3174.6055433364377, "node_is_primary": false}, "220": {"node_type": "metabolite", "x": 539.2661231508883, "y": 3265.5403577895627, "bigg_id": "cpd00298", "name": "dTMP", "label_x": 496.06612315088836, "label_y": 3305.5403577895627, "node_is_primary": true}, "221": {"node_type": "multimarker", "x": 539.2661231508883, "y": 3070.5403577895627}, "222": {"node_type": "midmarker", "x": 539.2661231508883, "y": 3090.5403577895627}, "223": {"node_type": "multimarker", "x": 539.2661231508883, "y": 3110.5403577895627}, "224": {"node_type": "metabolite", "x": 460.2764686098727, "y": 2993.0672132583127, "bigg_id": "cpd00002", "name": "ATP", "label_x": 485.2764686098727, "label_y": 2993.0672132583127, "node_is_primary": false}, "225": {"node_type": "metabolite", "x": 543.2019752016696, "y": 2938.7317640395627, "bigg_id": "cpd00184", "name": "Thymidine", "label_x": 570.8751929751071, "label_y": 2945.7725355239377, "node_is_primary": true}, "226": {"node_type": "metabolite", "x": 428.2871802797946, "y": 3119.5010511489377, "bigg_id": "cpd00008", "name": "ADP", "label_x": 368.9603980532321, "label_y": 3143.8684827895627, "node_is_primary": false}, "227": {"node_type": "metabolite", "x": 619.2661231508883, "y": 3195.5403577895627, "bigg_id": "cpd00067", "name": "H+", "label_x": 634.2661231508883, "label_y": 3195.5403577895627, "node_is_primary": false}, "228": {"node_type": "multimarker", "x": 543.2019752016696, "y": 2783.7317640395627}, "229": {"node_type": "midmarker", "x": 543.2019752016696, "y": 2763.7317640395627}, "230": {"node_type": "multimarker", "x": 543.2019752016696, "y": 2743.7317640395627}, "231": {"node_type": "metabolite", "x": 623.2019752016696, "y": 2868.7317640395627, "bigg_id": "cpd00009", "name": "Phosphate", "label_x": 638.2019752016696, "label_y": 2868.7317640395627, "node_is_primary": false}, "232": {"node_type": "metabolite", "x": 543.2019752016696, "y": 2588.7317640395627, "bigg_id": "cpd00151", "name": "Thymine", "label_x": 568.2019752016696, "label_y": 2588.7317640395627, "node_is_primary": true}, "233": {"node_type": "metabolite", "x": 623.2019752016696, "y": 2658.7317640395627, "bigg_id": "cpd26845", "name": "DEOXY-RIBOSE-1P", "label_x": 638.2019752016696, "label_y": 2658.7317640395627, "node_is_primary": false}, "234": {"node_type": "multimarker", "x": 543.2019752016696, "y": 2393.7317640395627}, "235": {"node_type": "midmarker", "x": 543.2019752016696, "y": 2413.7317640395627}, "236": {"node_type": "multimarker", "x": 543.2019752016696, "y": 2433.7317640395627}, "237": {"node_type": "metabolite", "x": 470.063394879404, "y": 2333.8118421645627, "bigg_id": "cpd00003", "name": "NAD", "label_x": 391.2066138735446, "label_y": 2339.6629163833127, "node_is_primary": false}, "238": {"node_type": "metabolite", "x": 547.1378272524508, "y": 2266.3113538833127, "bigg_id": "cpd00673", "name": "Dihydrothymine", "label_x": 562.1378272524508, "label_y": 2266.3113538833127, "node_is_primary": true}, "239": {"node_type": "metabolite", "x": 463.2019752016696, "y": 2518.7317640395627, "bigg_id": "cpd00004", "name": "NADH", "label_x": 391.2019752016696, "label_y": 2548.7317640395627, "node_is_primary": false}, "240": {"node_type": "metabolite", "x": 623.2019752016696, "y": 2518.7317640395627, "bigg_id": "cpd00067", "name": "H+", "label_x": 638.2019752016696, "label_y": 2518.7317640395627, "node_is_primary": false}, "248": {"node_type": "multimarker", "x": 547.1378272524508, "y": 2111.3113538833127}, "249": {"node_type": "midmarker", "x": 547.1378272524508, "y": 2091.3113538833127}, "250": {"node_type": "multimarker", "x": 547.1378272524508, "y": 2071.3113538833127}, "251": {"node_type": "metabolite", "x": 627.1378272524508, "y": 2196.3113538833127, "bigg_id": "cpd00001", "name": "H2O", "label_x": 642.1378272524508, "label_y": 2196.3113538833127, "node_is_primary": false}, "252": {"node_type": "metabolite", "x": 627.1378272524508, "y": 1986.3113538833127, "bigg_id": "cpd00067", "name": "H+", "label_x": 642.1378272524508, "label_y": 1986.3113538833127, "node_is_primary": false}, "253": {"node_type": "metabolite", "x": 547.1378272524508, "y": 1916.3113538833127, "bigg_id": "cpd03034", "name": "3-Ureidoisobutyrate", "label_x": 572.1378272524508, "label_y": 1916.3113538833127, "node_is_primary": true}, "254": {"node_type": "multimarker", "x": 547.1378272524508, "y": 1761.3113538833127}, "255": {"node_type": "midmarker", "x": 547.1378272524508, "y": 1741.3113538833127}, "256": {"node_type": "multimarker", "x": 547.1378272524508, "y": 1721.3113538833127}, "257": {"node_type": "metabolite", "x": 467.13782725245085, "y": 1846.3113538833127, "bigg_id": "cpd00001", "name": "H2O", "label_x": 395.13782725245085, "label_y": 1876.3113538833127, "node_is_primary": false}, "258": {"node_type": "metabolite", "x": 627.1378272524508, "y": 1846.3113538833127, "bigg_id": "cpd00067", "name": "H+", "label_x": 642.1378272524508, "label_y": 1846.3113538833127, "node_is_primary": false}, "259": {"node_type": "metabolite", "x": 467.13782725245085, "y": 1636.3113538833127, "bigg_id": "cpd00011", "name": "CO2", "label_x": 395.13782725245085, "label_y": 1666.3113538833127, "node_is_primary": false}, "260": {"node_type": "metabolite", "x": 627.1378272524508, "y": 1636.3113538833127, "bigg_id": "cpd00013", "name": "NH3", "label_x": 642.1378272524508, "label_y": 1636.3113538833127, "node_is_primary": false}, "261": {"node_type": "metabolite", "x": 547.1378272524508, "y": 1566.3113538833127, "bigg_id": "cpd03063", "name": "3-Aminoisobutanoate", "label_x": 572.1378272524508, "label_y": 1566.3113538833127, "node_is_primary": true}}, "text_labels": {"1": {"x": -238.8840560913086, "y": 1343.4486083984375, "text": "Pyrimidine Utilization"}}, "canvas": {"x": -1667.33154296875, "y": 940.9929809570312, "width": 3146.0021057128906, "height": 3731.9127807617188}}]