[{"map_name":"new_map","map_id":"a2ARYaw53fGR","map_description":"","homepage":"https://escher.github.io","schema":"https://escher.github.io/escher/jsonschema/1-0-0#"},{"reactions":{"0":{"name":"rxn11663","bigg_id":"rxn11663","reversibility":false,"label_x":894.235107421875,"label_y":259.43292236328125,"gene_reaction_rule":"","genes":[],"metabolites":[{"bigg_id":"cpd00003","coefficient":-1},{"bigg_id":"cpd03607","coefficient":-1},{"bigg_id":"cpd00004","coefficient":1},{"bigg_id":"cpd00011","coefficient":1},{"bigg_id":"cpd08449","coefficient":1}],"segments":{"0":{"from_node_id":"1","to_node_id":"2","b1":null,"b2":null},"1":{"from_node_id":"3","to_node_id":"2","b1":null,"b2":null},"2":{"from_node_id":"1","to_node_id":"0","b1":{"x":879.235107421875,"y":187.43292236328125},"b2":{"x":917.6995849609375,"y":148.14136505126953}},"3":{"from_node_id":"1","to_node_id":"4","b1":{"x":879.235107421875,"y":183.43292236328125},"b2":{"x":878.3303833007812,"y":146.12912225723267}},"4":{"from_node_id":"3","to_node_id":"5","b1":{"x":879.235107421875,"y":311.43292236328125},"b2":{"x":917.69970703125,"y":348.5875549316406}},"5":{"from_node_id":"3","to_node_id":"6","b1":{"x":879.235107421875,"y":315.43292236328125},"b2":{"x":886.550537109375,"y":354.8736572265625}},"6":{"from_node_id":"3","to_node_id":"7","b1":{"x":879.235107421875,"y":315.43292236328125},"b2":{"x":854.8243408203125,"y":312.1352233886719}}}},"1":{"name":"rxn00209","bigg_id":"rxn00209","reversibility":false,"label_x":25.653090287433542,"label_y":879.8340279131385,"gene_reaction_rule":"","genes":[],"metabolites":[{"bigg_id":"cpd00007","coefficient":-1},{"bigg_id":"cpd00478","coefficient":-1},{"bigg_id":"cpd00016","coefficient":1},{"bigg_id":"cpd00025","coefficient":1}],"segments":{"7":{"from_node_id":"9","to_node_id":"10","b1":null,"b2":null},"8":{"from_node_id":"11","to_node_id":"10","b1":null,"b2":null},"9":{"from_node_id":"9","to_node_id":"8","b1":{"x":155.992658859777,"y":841.8545647995163},"b2":{"x":169.6112939428133,"y":818.0189084853392}},"10":{"from_node_id":"9","to_node_id":"12","b1":{"x":159.99263815306625,"y":841.8416941639096},"b2":{"x":183.9395751953125,"y":838.8187561035156}},"11":{"from_node_id":"11","to_node_id":"22","b1":{"x":31.99330076782431,"y":842.2535545033235},"b2":{"x":-172.36437237262726,"y":840.4069290161133}},"12":{"from_node_id":"11","to_node_id":"14","b1":{"x":27.9933214745364,"y":842.2664251389301},"b2":{"x":-9.42201152839769,"y":832.8667746868227}}}},"2":{"name":"rxn00208","bigg_id":"rxn00208","reversibility":false,"label_x":-389.7850646972656,"label_y":463.95867919921875,"gene_reaction_rule":"","genes":[],"metabolites":[{"bigg_id":"cpd00001","coefficient":-1},{"bigg_id":"cpd00007","coefficient":-1},{"bigg_id":"cpd00493","coefficient":-1},{"bigg_id":"cpd00013","coefficient":1},{"bigg_id":"cpd00016","coefficient":1},{"bigg_id":"cpd00025","coefficient":1}],"segments":{"13":{"from_node_id":"16","to_node_id":"17","b1":null,"b2":null},"14":{"from_node_id":"18","to_node_id":"17","b1":null,"b2":null},"15":{"from_node_id":"16","to_node_id":"15","b1":{"x":-404.7850646972656,"y":391.95867919921875},"b2":{"x":-430.4280700683594,"y":380.44708251953125}},"16":{"from_node_id":"16","to_node_id":"19","b1":{"x":-404.7850646972656,"y":387.95867919921875},"b2":{"x":-386.7850646972656,"y":382.70867919921875}},"17":{"from_node_id":"16","to_node_id":"20","b1":{"x":-404.7850646972656,"y":387.95867919921875},"b2":{"x":-405.6897277832031,"y":335.6964416503906}},"18":{"from_node_id":"18","to_node_id":"21","b1":{"x":-404.7850646972656,"y":519.9586791992188},"b2":{"x":-386.7850646972656,"y":525.2086791992188}},"19":{"from_node_id":"18","to_node_id":"22","b1":{"x":-413.3327331542969,"y":697.5968627929688},"b2":{"x":-282.98065185546875,"y":638.590202331543}},"20":{"from_node_id":"18","to_node_id":"23","b1":{"x":-402.6481628417969,"y":511.4110107421875},"b2":{"x":-422.7850646972656,"y":525.2086791992188}}}},"3":{"name":"rxn00124","bigg_id":"rxn00124","reversibility":false,"label_x":-578.6050998633759,"label_y":816.6644070929478,"gene_reaction_rule":"","genes":[],"metabolites":[{"bigg_id":"cpd00002","coefficient":-1},{"bigg_id":"cpd00215","coefficient":-1},{"bigg_id":"cpd00008","coefficient":1},{"bigg_id":"cpd00016","coefficient":1},{"bigg_id":"cpd00067","coefficient":1}],"segments":{"21":{"from_node_id":"25","to_node_id":"26","b1":null,"b2":null},"22":{"from_node_id":"27","to_node_id":"26","b1":null,"b2":null},"23":{"from_node_id":"25","to_node_id":"24","b1":{"x":-589.359587365698,"y":836.2281468596847},"b2":{"x":-639.3349037007383,"y":820.9607227444461}},"24":{"from_node_id":"25","to_node_id":"28","b1":{"x":-593.3595224842959,"y":836.20536425643},"b2":{"x":-684.1888267178837,"y":839.2167350647525}},"25":{"from_node_id":"27","to_node_id":"29","b1":{"x":-465.36159868917844,"y":836.934407560586},"b2":{"x":-411.11247864320126,"y":822.2849615586363}},"26":{"from_node_id":"27","to_node_id":"22","b1":{"x":-461.36166357058084,"y":836.957190163841},"b2":{"x":-315.6800231933594,"y":834.5267562866211}},"27":{"from_node_id":"27","to_node_id":"31","b1":{"x":-461.36166357058084,"y":836.957190163841},"b2":{"x":-441.25583538347485,"y":848.5760337627391}}}},"4":{"name":"rxn01807","bigg_id":"rxn01807","reversibility":false,"label_x":-382.5285949707031,"label_y":26.545330047607422,"gene_reaction_rule":"","genes":[],"metabolites":[{"bigg_id":"cpd00002","coefficient":-1},{"bigg_id":"cpd00419","coefficient":-1},{"bigg_id":"cpd00008","coefficient":1},{"bigg_id":"cpd00067","coefficient":1},{"bigg_id":"cpd00493","coefficient":1}],"segments":{"28":{"from_node_id":"33","to_node_id":"34","b1":null,"b2":null},"29":{"from_node_id":"35","to_node_id":"34","b1":null,"b2":null},"30":{"from_node_id":"33","to_node_id":"32","b1":{"x":-397.5285949707031,"y":-45.45466995239258},"b2":{"x":-414.62396240234375,"y":-65.51395034790039}},"31":{"from_node_id":"33","to_node_id":"36","b1":{"x":-397.5285949707031,"y":-49.45466995239258},"b2":{"x":-398.4332275390625,"y":-108.1276741027832}},"32":{"from_node_id":"35","to_node_id":"37","b1":{"x":-397.5285949707031,"y":78.54533004760742},"b2":{"x":-403.9393615722656,"y":81.50925397872925}},"33":{"from_node_id":"35","to_node_id":"38","b1":{"x":-397.5285949707031,"y":82.54533004760742},"b2":{"x":-379.5285949707031,"y":87.79533004760742}},"34":{"from_node_id":"35","to_node_id":"20","b1":{"x":-397.5285949707031,"y":82.54533004760742},"b2":{"x":-398.43321228027344,"y":128.3968505859375}}}},"5":{"name":"rxn01396","bigg_id":"rxn01396","reversibility":false,"label_x":392.26121518201404,"label_y":1108.0759615236746,"gene_reaction_rule":"","genes":[],"metabolites":[{"bigg_id":"cpd00002","coefficient":-1},{"bigg_id":"cpd00263","coefficient":-1},{"bigg_id":"cpd00008","coefficient":1},{"bigg_id":"cpd00067","coefficient":1},{"bigg_id":"cpd00478","coefficient":1}],"segments":{"35":{"from_node_id":"41","to_node_id":"42","b1":null,"b2":null},"36":{"from_node_id":"43","to_node_id":"42","b1":null,"b2":null},"37":{"from_node_id":"41","to_node_id":"40","b1":{"x":378.255616089788,"y":1160.06798654976},"b2":{"x":416.7284542570457,"y":1160.2778625975682}},"38":{"from_node_id":"41","to_node_id":"44","b1":{"x":378.3197709870645,"y":1164.067472035314},"b2":{"x":377.4803270201548,"y":1186.0867724696382}},"39":{"from_node_id":"43","to_node_id":"45","b1":{"x":376.26681427424,"y":1036.083936497591},"b2":{"x":418.9864567440925,"y":1034.571608068277}},"40":{"from_node_id":"43","to_node_id":"46","b1":{"x":376.2026593769652,"y":1032.0844510120387},"b2":{"x":358.12077138929817,"y":1027.12382334999}},"41":{"from_node_id":"43","to_node_id":"12","b1":{"x":376.2026593769652,"y":1032.0844510120387},"b2":{"x":378.9617691040039,"y":949.8981475830078}}}},"6":{"name":"rxn02939","bigg_id":"rxn02939","reversibility":false,"label_x":650.1745126426149,"label_y":-438.74932856313944,"gene_reaction_rule":"","genes":[],"metabolites":[{"bigg_id":"cpd00003","coefficient":-1},{"bigg_id":"cpd02147","coefficient":-1},{"bigg_id":"cpd00004","coefficient":1},{"bigg_id":"cpd00067","coefficient":1},{"bigg_id":"cpd03606","coefficient":1}],"segments":{"42":{"from_node_id":"49","to_node_id":"50","b1":null,"b2":null},"43":{"from_node_id":"51","to_node_id":"50","b1":null,"b2":null},"44":{"from_node_id":"49","to_node_id":"48","b1":{"x":660.7908773650444,"y":-475.9488069706613},"b2":{"x":627.9125176641621,"y":-511.76848073471206}},"45":{"from_node_id":"49","to_node_id":"52","b1":{"x":656.7910526722374,"y":-475.9113579812007},"b2":{"x":638.8882700123702,"y":-474.9583624965454}},"46":{"from_node_id":"51","to_node_id":"53","b1":{"x":784.7854428420605,"y":-477.10972564390033},"b2":{"x":834.7592004921614,"y":-501.12367004391206}},"47":{"from_node_id":"51","to_node_id":"54","b1":{"x":788.7852675348672,"y":-477.14717463335955},"b2":{"x":815.2357186517662,"y":-544.3446464363756}},"48":{"from_node_id":"51","to_node_id":"55","b1":{"x":788.7852675348672,"y":-477.14717463335955},"b2":{"x":881.9082727789912,"y":-410.58007241008306}}}},"7":{"name":"rxn03445","bigg_id":"rxn03445","reversibility":false,"label_x":892.9024353027344,"label_y":-102.26902389526367,"gene_reaction_rule":"","genes":[],"metabolites":[{"bigg_id":"cpd00024","coefficient":-1},{"bigg_id":"cpd03607","coefficient":-1},{"bigg_id":"cpd00023","coefficient":1},{"bigg_id":"cpd03606","coefficient":1}],"segments":{"49":{"from_node_id":"57","to_node_id":"58","b1":null,"b2":null},"50":{"from_node_id":"59","to_node_id":"58","b1":null,"b2":null},"51":{"from_node_id":"57","to_node_id":"56","b1":{"x":878.8103014156306,"y":-50.275671194179},"b2":{"x":864.6462492058222,"y":-8.85303032059852}},"52":{"from_node_id":"57","to_node_id":"4","b1":{"x":878.8688734229142,"y":-46.27610005217342},"b2":{"x":876.9976806640625,"y":-74.53614568710327}},"53":{"from_node_id":"59","to_node_id":"61","b1":{"x":876.9945691898381,"y":-174.26237659634825},"b2":{"x":867.6524568488657,"y":-194.31582534651568}},"54":{"from_node_id":"59","to_node_id":"55","b1":{"x":876.9359971825545,"y":-178.2619477383539},"b2":{"x":879.4528741543231,"y":-194.85596454957528}}}},"8":{"name":"rxn05144","bigg_id":"rxn05144","reversibility":false,"label_x":15.073501832300622,"label_y":472.7693128807724,"gene_reaction_rule":"","genes":[],"metabolites":[{"bigg_id":"cpd00053","coefficient":-1},{"bigg_id":"cpd00102","coefficient":-1},{"bigg_id":"cpd00171","coefficient":-1},{"bigg_id":"cpd00001","coefficient":3},{"bigg_id":"cpd00009","coefficient":1},{"bigg_id":"cpd00016","coefficient":1},{"bigg_id":"cpd00023","coefficient":1},{"bigg_id":"cpd00067","coefficient":1}],"segments":{"55":{"from_node_id":"64","to_node_id":"65","b1":null,"b2":null},"56":{"from_node_id":"66","to_node_id":"65","b1":null,"b2":null},"57":{"from_node_id":"64","to_node_id":"63","b1":{"x":-0.48216890729318607,"y":400.7718030111888},"b2":{"x":-9.51605999030403,"y":342.250178164365}},"58":{"from_node_id":"64","to_node_id":"79","b1":{"x":-0.5180186324278964,"y":396.77196366476386},"b2":{"x":22.447362899780273,"y":257.63673400878906}},"59":{"from_node_id":"64","to_node_id":"68","b1":{"x":-0.5180186324278964,"y":396.77196366476386},"b2":{"x":-18.56434845557832,"y":391.6834982856891}},"60":{"from_node_id":"66","to_node_id":"69","b1":{"x":0.6650222970291537,"y":528.7666620967814},"b2":{"x":51.53462967577812,"y":544.337411534749}},"61":{"from_node_id":"66","to_node_id":"70","b1":{"x":0.6650222970291537,"y":528.7666620967814},"b2":{"x":25.122111092348106,"y":568.0458623391372}},"62":{"from_node_id":"66","to_node_id":"22","b1":{"x":0.6291725718939603,"y":524.7668227503564},"b2":{"x":-183.60166931152344,"y":700.9030227661133}},"63":{"from_node_id":"66","to_node_id":"72","b1":{"x":0.6650222970291537,"y":528.7666620967814},"b2":{"x":-111.3116847246933,"y":559.8207193380092}},"64":{"from_node_id":"66","to_node_id":"73","b1":{"x":0.6650222970291537,"y":528.7666620967814},"b2":{"x":-110.21311370696328,"y":515.065897505149}}}},"9":{"name":"rxn03909","bigg_id":"rxn03909","reversibility":false,"label_x":439.8996276855469,"label_y":176.0611972808838,"gene_reaction_rule":"","genes":[],"metabolites":[{"bigg_id":"cpd00020","coefficient":-1},{"bigg_id":"cpd00067","coefficient":-1},{"bigg_id":"cpd00102","coefficient":-1},{"bigg_id":"cpd00011","coefficient":1},{"bigg_id":"cpd08289","coefficient":1}],"segments":{"65":{"from_node_id":"75","to_node_id":"76","b1":null,"b2":null},"66":{"from_node_id":"77","to_node_id":"76","b1":null,"b2":null},"67":{"from_node_id":"75","to_node_id":"74","b1":{"x":381.4461859495043,"y":121.83678771679413},"b2":{"x":332.73982360038974,"y":91.68810924933814}},"68":{"from_node_id":"75","to_node_id":"78","b1":{"x":378.6427380955663,"y":118.98360000298132},"b2":{"x":383.5287232709128,"y":89.80175593419636}},"69":{"from_node_id":"75","to_node_id":"79","b1":{"x":378.6427380955663,"y":118.98360000298132},"b2":{"x":244.4936981201172,"y":112.57069396972656}},"70":{"from_node_id":"77","to_node_id":"80","b1":{"x":471.15651727552745,"y":213.138794558786},"b2":{"x":461.99669787166533,"y":229.4991187758866}},"71":{"from_node_id":"77","to_node_id":"81","b1":{"x":468.35306942158945,"y":210.2856068449736},"b2":{"x":506.37483094062645,"y":248.98196521355248}}}},"10":{"name":"rxn01331","bigg_id":"rxn01331","reversibility":false,"label_x":228.80209889331962,"label_y":-435.6615792140668,"gene_reaction_rule":"","genes":[],"metabolites":[{"bigg_id":"cpd00001","coefficient":-1},{"bigg_id":"cpd00003","coefficient":-1},{"bigg_id":"cpd00236","coefficient":-1},{"bigg_id":"cpd00004","coefficient":1},{"bigg_id":"cpd00067","coefficient":2},{"bigg_id":"cpd02147","coefficient":1}],"segments":{"72":{"from_node_id":"83","to_node_id":"84","b1":null,"b2":null},"73":{"from_node_id":"85","to_node_id":"84","b1":null,"b2":null},"74":{"from_node_id":"83","to_node_id":"82","b1":{"x":230.86859069997445,"y":-475.3378021762335},"b2":{"x":170.2082403758908,"y":-509.3179097437145}},"75":{"from_node_id":"83","to_node_id":"86","b1":{"x":226.86862083070866,"y":-475.3222765533295},"b2":{"x":170.2627080380937,"y":-555.2724056748057}},"76":{"from_node_id":"83","to_node_id":"87","b1":{"x":226.86862083070866,"y":-475.3222765533295},"b2":{"x":181.08704710370768,"y":-472.2604698201652}},"77":{"from_node_id":"85","to_node_id":"88","b1":{"x":354.86765664721077,"y":-475.8190964862756},"b2":{"x":421.93878120225224,"y":-565.7803036160595}},"78":{"from_node_id":"85","to_node_id":"89","b1":{"x":358.86762651647655,"y":-475.8346221091806},"b2":{"x":440.97682933283295,"y":-525.9086358735948}},"79":{"from_node_id":"85","to_node_id":"52","b1":{"x":358.86762651647655,"y":-475.8346221091806},"b2":{"x":441.38323782588566,"y":-473.04751480469247}}}},"11":{"name":"rxn01101","bigg_id":"rxn01101","reversibility":false,"label_x":205.28035180321757,"label_y":-231.4686412570902,"gene_reaction_rule":"","genes":[],"metabolites":[{"bigg_id":"cpd00003","coefficient":-1},{"bigg_id":"cpd00169","coefficient":-1},{"bigg_id":"cpd00004","coefficient":1},{"bigg_id":"cpd00067","coefficient":1},{"bigg_id":"cpd02069","coefficient":1}],"segments":{"80":{"from_node_id":"92","to_node_id":"93","b1":null,"b2":null},"81":{"from_node_id":"94","to_node_id":"93","b1":null,"b2":null},"82":{"from_node_id":"92","to_node_id":"91","b1":{"x":215.18142737578933,"y":-276.47293958308836},"b2":{"x":171.24953158772746,"y":-302.4994476581332}},"83":{"from_node_id":"92","to_node_id":"115","b1":{"x":211.18209373077383,"y":-276.54594914305807},"b2":{"x":70.11377154855131,"y":-270.42655684556416}},"84":{"from_node_id":"94","to_node_id":"96","b1":{"x":339.1607703712709,"y":-274.2096432240601},"b2":{"x":397.8198847872626,"y":-293.83761512948445}},"85":{"from_node_id":"94","to_node_id":"97","b1":{"x":343.16010401628574,"y":-274.13663366409065},"b2":{"x":420.9012856288217,"y":-293.51049678678044}},"86":{"from_node_id":"94","to_node_id":"98","b1":{"x":343.16010401628574,"y":-274.13663366409065},"b2":{"x":432.5561065495814,"y":-275.42232109236977}}}},"12":{"name":"rxn04070","bigg_id":"rxn04070","reversibility":false,"label_x":602.2274780273438,"label_y":539.2323150634766,"gene_reaction_rule":"","genes":[],"metabolites":[{"bigg_id":"cpd08289","coefficient":-1},{"bigg_id":"cpd08449","coefficient":-1},{"bigg_id":"cpd00001","coefficient":2},{"bigg_id":"cpd00009","coefficient":1},{"bigg_id":"cpd00067","coefficient":1},{"bigg_id":"cpd00478","coefficient":1}],"segments":{"87":{"from_node_id":"100","to_node_id":"101","b1":null,"b2":null},"88":{"from_node_id":"102","to_node_id":"101","b1":null,"b2":null},"89":{"from_node_id":"100","to_node_id":"81","b1":{"x":587.2274780273438,"y":467.23231506347656},"b2":{"x":602.3947205582409,"y":346.8166856030975}},"90":{"from_node_id":"100","to_node_id":"7","b1":{"x":587.2274780273438,"y":463.23231506347656},"b2":{"x":676.0735473632812,"y":396.0115966796875}},"91":{"from_node_id":"102","to_node_id":"104","b1":{"x":587.2274780273438,"y":595.2323150634766},"b2":{"x":605.2274780273438,"y":600.4823150634766}},"92":{"from_node_id":"102","to_node_id":"105","b1":{"x":587.2274780273438,"y":595.2323150634766},"b2":{"x":569.2274780273438,"y":600.4823150634766}},"93":{"from_node_id":"102","to_node_id":"106","b1":{"x":587.2274780273438,"y":595.2323150634766},"b2":{"x":551.2274780273438,"y":583.3454132080078}},"94":{"from_node_id":"102","to_node_id":"12","b1":{"x":587.2274780273438,"y":591.2323150634766},"b2":{"x":551.2427291870117,"y":681.8098754882812}}}},"13":{"name":"rxn00779","bigg_id":"rxn00779","reversibility":false,"label_x":-9.480604116454103,"label_y":-20.012675012519217,"gene_reaction_rule":"","genes":[],"metabolites":[{"bigg_id":"cpd00001","coefficient":-1},{"bigg_id":"cpd00006","coefficient":-1},{"bigg_id":"cpd00102","coefficient":-1},{"bigg_id":"cpd00005","coefficient":1},{"bigg_id":"cpd00067","coefficient":2},{"bigg_id":"cpd00169","coefficient":1}],"segments":{"95":{"from_node_id":"108","to_node_id":"109","b1":null,"b2":null},"96":{"from_node_id":"110","to_node_id":"109","b1":null,"b2":null},"97":{"from_node_id":"108","to_node_id":"111","b1":{"x":21.347343844312206,"y":59.92286983388718},"b2":{"x":3.4309220663092503,"y":80.99125254540549}},"98":{"from_node_id":"108","to_node_id":"112","b1":{"x":21.347343844312206,"y":59.92286983388718},"b2":{"x":32.752257334379124,"y":89.49946743127595}},"99":{"from_node_id":"108","to_node_id":"79","b1":{"x":18.99325395550052,"y":56.68894639703937},"b2":{"x":46.30824716634811,"y":84.36656062569972}},"100":{"from_node_id":"110","to_node_id":"113","b1":{"x":-53.98353259766529,"y":-43.562680145245274},"b2":{"x":-90.32907434651128,"y":-102.15000827360865}},"101":{"from_node_id":"110","to_node_id":"114","b1":{"x":-56.337622486477045,"y":-46.79660358209318},"b2":{"x":-72.5072883874127,"y":-52.229519095012}},"102":{"from_node_id":"110","to_node_id":"115","b1":{"x":-56.337622486477045,"y":-46.79660358209318},"b2":{"x":-91.75127216104764,"y":-136.91971731744866}}}}},"nodes":{"0":{"node_type":"metabolite","x":1018.1348876953125,"y":112.8974838256836,"bigg_id":"cpd00003","name":"NAD","label_x":1043.1348876953125,"label_y":112.8974838256836,"node_is_primary":false},"1":{"node_type":"multimarker","x":879.235107421875,"y":229.43292236328125},"2":{"node_type":"midmarker","x":879.235107421875,"y":249.43292236328125},"3":{"node_type":"multimarker","x":879.235107421875,"y":269.43292236328125},"4":{"node_type":"metabolite","x":876.1641845703125,"y":48.27152109146118,"bigg_id":"cpd03607","name":"4-(Phosphonooxy)-threonine","label_x":896.0516967773438,"label_y":54.76539850234985,"node_is_primary":true},"5":{"node_type":"metabolite","x":1026.6826171875,"y":377.4206848144531,"bigg_id":"cpd00004","name":"NADH","label_x":1051.6826171875,"label_y":377.4206848144531,"node_is_primary":false},"6":{"node_type":"metabolite","x":948.550537109375,"y":407.8559265136719,"bigg_id":"cpd00011","name":"CO2","label_x":963.550537109375,"label_y":407.8559265136719,"node_is_primary":false},"7":{"node_type":"metabolite","x":792.8243408203125,"y":345.8852233886719,"bigg_id":"cpd08449","name":"3-Amino-2-oxopropyl phosphate","label_x":654.579833984375,"label_y":395.1175231933594,"node_is_primary":true},"8":{"node_type":"metabolite","x":193.99155982336424,"y":753.6743236205724,"bigg_id":"cpd00007","name":"O2","label_x":182.66390784582512,"label_y":723.7574535033849,"node_is_primary":false},"9":{"node_type":"multimarker","x":113.99287628024496,"y":841.9897064733859},"10":{"node_type":"midmarker","x":93.99297981380067,"y":842.05405965142},"11":{"node_type":"multimarker","x":73.99308334735755,"y":842.1184128294534},"12":{"node_type":"metabolite","x":378.3699645996094,"y":843.5334167480469,"bigg_id":"cpd00478","name":"Pyridoxine phosphate","label_x":400.6037902832031,"label_y":876.0132751464844,"node_is_primary":true},"14":{"node_type":"metabolite","x":-26.657449888757768,"y":747.4809412728232,"bigg_id":"cpd00025","name":"H2O2","label_x":-73.01441590743451,"label_y":724.0579066048546,"node_is_primary":false},"15":{"node_type":"metabolite","x":-490.2618408203125,"y":358.02471923828125,"bigg_id":"cpd00001","name":"H2O","label_x":-465.2618408203125,"label_y":358.02471923828125,"node_is_primary":false},"16":{"node_type":"multimarker","x":-404.7850646972656,"y":433.95867919921875},"17":{"node_type":"midmarker","x":-404.7850646972656,"y":453.95867919921875},"18":{"node_type":"multimarker","x":-404.7850646972656,"y":473.95867919921875},"19":{"node_type":"metabolite","x":-324.7850646972656,"y":348.95867919921875,"bigg_id":"cpd00007","name":"O2","label_x":-309.7850646972656,"label_y":348.95867919921875,"node_is_primary":false},"20":{"node_type":"metabolite","x":-401.4452209472656,"y":248.5234375,"bigg_id":"cpd00493","name":"Pyridoxamine phosphate","label_x":-670.0418701171875,"label_y":246.46963500976562,"node_is_primary":true},"21":{"node_type":"metabolite","x":-324.7850646972656,"y":558.9586791992188,"bigg_id":"cpd00013","name":"NH3","label_x":-309.7850646972656,"label_y":558.9586791992188,"node_is_primary":false},"22":{"node_type":"metabolite","x":-240.24224853515625,"y":838.3769454956055,"bigg_id":"cpd00016","name":"Pyridoxal phosphate","label_x":-328.49896240234375,"label_y":887.5260848999023,"node_is_primary":true},"23":{"node_type":"metabolite","x":-484.7850646972656,"y":558.9586791992188,"bigg_id":"cpd00025","name":"H2O2","label_x":-556.7850646972656,"label_y":588.9586791992188,"node_is_primary":false},"24":{"node_type":"metabolite","x":-670.3039824934199,"y":754.3815964232033,"bigg_id":"cpd00002","name":"ATP","label_x":-645.3039824934199,"label_y":754.3815964232033,"node_is_primary":false},"25":{"node_type":"multimarker","x":-547.3602686204258,"y":836.467364193861},"26":{"node_type":"midmarker","x":-527.3605930274384,"y":836.5812772101355},"27":{"node_type":"multimarker","x":-507.3609174344514,"y":836.6951902264092},"28":{"node_type":"metabolite","x":-750.3451816041556,"y":836.9158962075805,"bigg_id":"cpd00215","name":"Pyridoxal","label_x":-815.9344150025931,"label_y":881.8743312661743,"node_is_primary":true},"29":{"node_type":"metabolite","x":-371.5956703583329,"y":749.9643076064426,"bigg_id":"cpd00008","name":"ADP","label_x":-346.5956703583329,"label_y":749.9643076064426,"node_is_primary":false},"31":{"node_type":"metabolite","x":-407.85951317076047,"y":910.7672563159621,"bigg_id":"cpd00067","name":"H+","label_x":-454.21644676451047,"label_y":921.5349565112746,"node_is_primary":false},"32":{"node_type":"metabolite","x":-489.4161376953125,"y":-83.66247940063477,"bigg_id":"cpd00002","name":"ATP","label_x":-511.42840576171875,"label_y":-107.16858291625977,"node_is_primary":false},"33":{"node_type":"multimarker","x":-397.5285949707031,"y":-3.454669952392578},"34":{"node_type":"midmarker","x":-397.5285949707031,"y":16.545330047607422},"35":{"node_type":"multimarker","x":-397.5285949707031,"y":36.54533004760742},"36":{"node_type":"metabolite","x":-394.188720703125,"y":-188.88991165161133,"bigg_id":"cpd00419","name":"PM","label_x":-451.2302551269531,"label_y":-195.21753311157227,"node_is_primary":true},"37":{"node_type":"metabolite","x":-491.5530700683594,"y":118.890052318573,"bigg_id":"cpd00008","name":"ADP","label_x":-509.2914733886719,"label_y":95.38393354415894,"node_is_primary":false},"38":{"node_type":"metabolite","x":-317.5285949707031,"y":121.54533004760742,"bigg_id":"cpd00067","name":"H+","label_x":-302.5285949707031,"label_y":121.54533004760742,"node_is_primary":false},"40":{"node_type":"metabolite","x":470.3671181069572,"y":1173.293874875892,"bigg_id":"cpd00002","name":"ATP","label_x":495.36711810695726,"label_y":1173.293874875892,"node_is_primary":false},"41":{"node_type":"multimarker","x":377.5819896683929,"y":1118.0733889514443},"42":{"node_type":"midmarker","x":377.26121518201404,"y":1098.0759615236746},"43":{"node_type":"multimarker","x":376.9404406956355,"y":1078.0785340959067},"44":{"node_type":"metabolite","x":376.6683139540999,"y":1266.8722724109755,"bigg_id":"cpd00263","name":"Pyridoxol","label_x":330.31136510156085,"label_y":1303.283039012538,"node_is_primary":true},"45":{"node_type":"metabolite","x":472.00868988463037,"y":1009.1586651198761,"bigg_id":"cpd00008","name":"ADP","label_x":497.00868988463037,"label_y":1009.1586651198761,"node_is_primary":false},"46":{"node_type":"metabolite","x":295.58743941745007,"y":994.3725654734035,"bigg_id":"cpd00067","name":"H+","label_x":237.93216597994996,"label_y":1017.8786689890285,"node_is_primary":false},"48":{"node_type":"metabolite","x":611.9034958088721,"y":-603.1060219442161,"bigg_id":"cpd00003","name":"NAD","label_x":636.9034958088721,"label_y":-603.1060219442161,"node_is_primary":false},"49":{"node_type":"multimarker","x":702.7890366395181,"y":-476.3420213599826},"50":{"node_type":"midmarker","x":722.7881601035524,"y":-476.52926630728007},"51":{"node_type":"multimarker","x":742.7872835675876,"y":-476.7165112545771},"52":{"node_type":"metabolite","x":554.4341367260868,"y":-474.61577651689527,"bigg_id":"cpd02147","name":"4-Phosphoerythronate","label_x":405.50505957764915,"label_y":-436.0680775422858,"node_is_primary":true},"53":{"node_type":"metabolite","x":865.7266574060466,"y":-606.382839039486,"bigg_id":"cpd00004","name":"NADH","label_x":890.7266574060468,"label_y":-606.382839039486,"node_is_primary":false},"54":{"node_type":"metabolite","x":822.7607747896113,"y":-638.7117380312591,"bigg_id":"cpd00067","name":"H+","label_x":837.7607747896116,"label_y":-638.7117380312591,"node_is_primary":false},"55":{"node_type":"metabolite","x":877.7910241934678,"y":-308.10932178602445,"bigg_id":"cpd03606","name":"2-Oxo-3-hydroxy-4-phosphobutanoate","label_x":904.0893640372176,"label_y":-258.877052498915,"node_is_primary":true},"56":{"node_type":"metabolite","x":767.2082467542068,"y":11.426110318878273,"bigg_id":"cpd00024","name":"2-Oxoglutarate","label_x":681.0884347424881,"label_y":-22.76460785510244,"node_is_primary":false},"57":{"node_type":"multimarker","x":878.1952953391525,"y":-92.27116818523669},"58":{"node_type":"midmarker","x":877.9024353027344,"y":-112.26902389526367},"59":{"node_type":"multimarker","x":877.6095752663163,"y":-132.26687960529063},"61":{"node_type":"metabolite","x":762.0831350817306,"y":-225.2795734917908,"bigg_id":"cpd00023","name":"L-Glutamate","label_x":686.6478933825118,"label_y":-178.2673359429627,"node_is_primary":false},"63":{"node_type":"metabolite","x":-31.41180281945209,"y":298.46097282234496,"bigg_id":"cpd00053","name":"L-Glutamine","label_x":-115.39471679039934,"label_y":279.22867301765746,"node_is_primary":false},"64":{"node_type":"multimarker","x":-0.10574679337457837,"y":442.77011614864807},"65":{"node_type":"midmarker","x":0.07350183230063578,"y":462.7693128807724},"66":{"node_type":"multimarker","x":0.2527504579751252,"y":482.7685096128964},"68":{"node_type":"metabolite","x":-80.86434038099047,"y":358.4905245398229,"bigg_id":"cpd00171","name":"D-Ribulose5-phosphate","label_x":-219.10886247571702,"label_y":339.3413546179479,"node_is_primary":false},"69":{"node_type":"metabolite","x":133.04892171608716,"y":539.9211433853347,"bigg_id":"cpd00001","name":"H2O","label_x":148.0489217160872,"label_y":539.9211433853347,"node_is_primary":false},"70":{"node_type":"metabolite","x":87.42210301775964,"y":601.2388360850035,"bigg_id":"cpd00009","name":"Phosphate","label_x":102.42210301775964,"label_y":601.2388360850035,"node_is_primary":false},"72":{"node_type":"metabolite","x":-183.69131336852968,"y":566.3451273364986,"bigg_id":"cpd00023","name":"L-Glutamate","label_x":-236.45902882263124,"label_y":600.618931047436,"node_is_primary":false},"73":{"node_type":"metabolite","x":-161.29518247982807,"y":489.366147763326,"bigg_id":"cpd00067","name":"H+","label_x":-207.65211607357807,"label_y":504.40771270473215,"node_is_primary":false},"74":{"node_type":"metabolite","x":308.6595506773129,"y":22.001957885093645,"bigg_id":"cpd00020","name":"Pyruvate","label_x":261.0042772398128,"label_y":7.043517104453997,"node_is_primary":false},"75":{"node_type":"multimarker","x":410.88238841585564,"y":151.7952587118225},"76":{"node_type":"midmarker","x":424.8996276855469,"y":166.0611972808838},"77":{"node_type":"multimarker","x":438.9168669552381,"y":180.32713584994508},"78":{"node_type":"metabolite","x":404.09904156739844,"y":22.274542862863,"bigg_id":"cpd00067","name":"H+","label_x":419.09904156739844,"label_y":22.274542862863,"node_is_primary":false},"79":{"node_type":"metabolite","x":131.20762634277344,"y":189.94053649902344,"bigg_id":"cpd00102","name":"Glyceraldehyde3-phosphate","label_x":37.433507204055786,"label_y":192.65103149414062,"node_is_primary":true},"80":{"node_type":"metabolite","x":441.4263795751797,"y":297.02633184722004,"bigg_id":"cpd00011","name":"CO2","label_x":369.4263795751797,"label_y":327.02633184722004,"node_is_primary":false},"81":{"node_type":"metabolite","x":547.5504712953432,"y":290.8881597601699,"bigg_id":"cpd08289","name":"1-deoxy-D-xylulose5-phosphate","label_x":544.7705030336244,"label_y":260.97127438419335,"node_is_primary":true},"82":{"node_type":"metabolite","x":128.55405035269092,"y":-571.0605192471469,"bigg_id":"cpd00001","name":"H2O","label_x":68.07725134146045,"label_y":-571.0605192471469,"node_is_primary":false},"83":{"node_type":"multimarker","x":272.8682743272643,"y":-475.50082121673154},"84":{"node_type":"midmarker","x":292.86812367359306,"y":-475.5784493312543},"85":{"node_type":"multimarker","x":312.867973019921,"y":-475.65607744577756},"86":{"node_type":"metabolite","x":157.64151677129956,"y":-632.0993762637602,"bigg_id":"cpd00003","name":"NAD","label_x":172.64151677129956,"label_y":-632.0993762637602,"node_is_primary":false},"87":{"node_type":"metabolite","x":94.15495196580383,"y":-474.23754438375715,"bigg_id":"cpd00236","name":"D-Erythrose4-phosphate","label_x":-59.04800518751648,"label_y":-442.1006120107103,"node_is_primary":true},"88":{"node_type":"metabolite","x":442.223769565295,"y":-636.526707784502,"bigg_id":"cpd00004","name":"NADH","label_x":467.223769565295,"label_y":-636.526707784502,"node_is_primary":false},"89":{"node_type":"metabolite","x":474.4859279497409,"y":-588.0391662904703,"bigg_id":"cpd00067","name":"H+","label_x":489.4859279497409,"label_y":-588.0391662904703,"node_is_primary":false},"91":{"node_type":"metabolite","x":149.32743391093663,"y":-344.8080731775952,"bigg_id":"cpd00003","name":"NAD","label_x":174.32743391093663,"label_y":-344.8080731775952,"node_is_primary":false},"92":{"node_type":"multimarker","x":257.1744306484524,"y":-275.70633920341794},"93":{"node_type":"midmarker","x":277.17109887353007,"y":-275.3412914035746},"94":{"node_type":"multimarker","x":297.167767098607,"y":-274.9762436037313},"96":{"node_type":"metabolite","x":416.7965478937404,"y":-376.71056919986626,"bigg_id":"cpd00004","name":"NADH","label_x":441.79654789374035,"label_y":-376.71056919986626,"node_is_primary":false},"97":{"node_type":"metabolite","x":451.3591290651083,"y":-350.4659982668162,"bigg_id":"cpd00067","name":"H+","label_x":466.3591290651083,"label_y":-350.4659982668162,"node_is_primary":false},"98":{"node_type":"metabolite","x":509.9492404872201,"y":-273.0160810245874,"bigg_id":"cpd02069","name":"3-Phosphonooxypyruvate","label_x":399.65840796768885,"label_y":-232.70701425212644,"node_is_primary":true},"100":{"node_type":"multimarker","x":587.2274780273438,"y":509.23231506347656},"101":{"node_type":"midmarker","x":587.2274780273438,"y":529.2323150634766},"102":{"node_type":"multimarker","x":587.2274780273438,"y":549.2323150634766},"104":{"node_type":"metabolite","x":667.2274780273438,"y":634.2323150634766,"bigg_id":"cpd00001","name":"H2O","label_x":682.2274780273438,"label_y":634.2323150634766,"node_is_primary":false},"105":{"node_type":"metabolite","x":507.22747802734375,"y":634.2323150634766,"bigg_id":"cpd00009","name":"Phosphate","label_x":435.22747802734375,"label_y":664.2323150634766,"node_is_primary":false},"106":{"node_type":"metabolite","x":427.22747802734375,"y":612.0954132080078,"bigg_id":"cpd00067","name":"H+","label_x":355.22747802734375,"label_y":642.0954132080078,"node_is_primary":false},"108":{"node_type":"multimarker","x":-5.724689877023394,"y":22.73275031013644},"109":{"node_type":"midmarker","x":-17.49513932108242,"y":6.563133125897032},"110":{"node_type":"multimarker","x":-29.265588765141388,"y":-9.606484058342424},"111":{"node_type":"metabolite","x":-26.832257767983336,"y":144.765874820392,"bigg_id":"cpd00001","name":"H2O","label_x":-98.83225776798349,"label_y":174.765874820392,"node_is_primary":false},"112":{"node_type":"metabolite","x":21.623609616276312,"y":161.17973511845054,"bigg_id":"cpd00006","name":"NADP","label_x":36.62360961627631,"label_y":161.17973511845054,"node_is_primary":false},"113":{"node_type":"metabolite","x":-176.4501187095283,"y":-103.99380166002672,"bigg_id":"cpd00005","name":"NADPH","label_x":-266.13847996503716,"label_y":-108.16966167832581,"node_is_primary":false},"114":{"node_type":"metabolite","x":-142.4957350954044,"y":-43.02735481683331,"bigg_id":"cpd00067","name":"H+","label_x":-193.8776015504826,"label_y":-24.80915127221661,"node_is_primary":false},"115":{"node_type":"metabolite","x":-5.760026223702269,"y":-221.41731789023686,"bigg_id":"cpd00169","name":"3-Phosphoglycerate","label_x":-155.70517087702257,"label_y":-255.2899832955103,"node_is_primary":true}},"text_labels":{"0":{"x":-282.97254943847656,"y":-797.7384033203125,"text":"Pyridoxin (Vitamin B6) Biosynthesis"}},"canvas":{"x":-1004.4304809570312,"y":-1084.197998046875,"width":2367.9414672851562,"height":2560.232177734375}}]