[{"map_name":"new_map","map_id":"r92N59wfl6mN","map_description":"\nLast Modified Fri Jun 21 2019 09:54:06 GMT-0500 (Central Daylight Time)","homepage":"https://escher.github.io","schema":"https://escher.github.io/escher/jsonschema/1-0-0#"},{"reactions":{"0":{"name":"rxn00166","bigg_id":"rxn00166","reversibility":false,"label_x":202.6860147553607,"label_y":-820.2788159769941,"gene_reaction_rule":"","genes":[],"metabolites":[{"bigg_id":"cpd00550","coefficient":-1},{"bigg_id":"cpd00013","coefficient":1},{"bigg_id":"cpd00020","coefficient":1}],"segments":{"0":{"from_node_id":"1","to_node_id":"2","b1":null,"b2":null},"1":{"from_node_id":"3","to_node_id":"2","b1":null,"b2":null},"2":{"from_node_id":"1","to_node_id":"0","b1":{"x":187.97606956656193,"y":-892.2781374910763},"b2":{"x":188.2298675263633,"y":-946.5275438158967}},"3":{"from_node_id":"3","to_node_id":"4","b1":{"x":187.3772467305331,"y":-764.2795382361969},"b2":{"x":127.42639946313483,"y":-769.9836781968247}},"4":{"from_node_id":"3","to_node_id":"5","b1":{"x":187.39595994415896,"y":-768.279494462912},"b2":{"x":259.1820373535156,"y":-715.6563873291016}}}},"1":{"name":"rxn00278","bigg_id":"rxn00278","reversibility":false,"label_x":104.37553430458763,"label_y":-310.3013255053294,"gene_reaction_rule":"","genes":[],"metabolites":[{"bigg_id":"cpd00001","coefficient":-1},{"bigg_id":"cpd00003","coefficient":-1},{"bigg_id":"cpd00035","coefficient":-1},{"bigg_id":"cpd00004","coefficient":1},{"bigg_id":"cpd00013","coefficient":1},{"bigg_id":"cpd00020","coefficient":1},{"bigg_id":"cpd00067","coefficient":1}],"segments":{"5":{"from_node_id":"7","to_node_id":"8","b1":null,"b2":null},"6":{"from_node_id":"9","to_node_id":"8","b1":null,"b2":null},"7":{"from_node_id":"7","to_node_id":"6","b1":{"x":244.0942320479736,"y":-263.55242036879315},"b2":{"x":241.74379684284588,"y":-227.94166496490013}},"8":{"from_node_id":"7","to_node_id":"10","b1":{"x":244.14991735002928,"y":-259.552807994183},"b2":{"x":226.2247486232316,"y":-254.05273289325663}},"9":{"from_node_id":"7","to_node_id":"50","b1":{"x":244.14991735002928,"y":-259.552807994183},"b2":{"x":268.22613525390625,"y":-126.29676508903503}},"10":{"from_node_id":"9","to_node_id":"12","b1":{"x":251.68497376823257,"y":-466.7348619895213},"b2":{"x":240.45098209347793,"y":-485.44869051353163}},"11":{"from_node_id":"9","to_node_id":"13","b1":{"x":239.20663526793464,"y":-374.45887011608477},"b2":{"x":224.24095973749883,"y":-396.5389237387444}},"12":{"from_node_id":"9","to_node_id":"5","b1":{"x":239.2066505267237,"y":-405.51551074108477},"b2":{"x":266.4777030944824,"y":-522.6182098388672}},"13":{"from_node_id":"9","to_node_id":"15","b1":{"x":239.2066505267237,"y":-379.1173478992879},"b2":{"x":236.05504608154297,"y":-469.29359436035156}}}},"2":{"name":"rxn00272","bigg_id":"rxn00272","reversibility":false,"label_x":483.3246125457123,"label_y":-324.5218572446928,"gene_reaction_rule":"","genes":[],"metabolites":[{"bigg_id":"cpd00035","coefficient":-1},{"bigg_id":"cpd00040","coefficient":-1},{"bigg_id":"cpd00020","coefficient":1},{"bigg_id":"cpd00033","coefficient":1}],"segments":{"14":{"from_node_id":"17","to_node_id":"18","b1":null,"b2":null},"15":{"from_node_id":"19","to_node_id":"18","b1":null,"b2":null},"16":{"from_node_id":"17","to_node_id":"50","b1":{"x":468.36983241720134,"y":-272.5218737353138},"b2":{"x":437.7974853515625,"y":-140.24009323120117}},"17":{"from_node_id":"17","to_node_id":"20","b1":{"x":468.3727498282651,"y":-268.5218747992248},"b2":{"x":486.3765741426867,"y":-263.2850045453951}},"18":{"from_node_id":"19","to_node_id":"5","b1":{"x":468.27939267422306,"y":-396.52184075407143},"b2":{"x":468.6584777832031,"y":-525.7560729980469}},"19":{"from_node_id":"19","to_node_id":"22","b1":{"x":468.27647526315934,"y":-400.5218396901604},"b2":{"x":486.27264137353836,"y":-405.78496664356413}}}},"3":{"name":"rxn00656","bigg_id":"rxn00656","reversibility":false,"label_x":657.6317647834451,"label_y":-323.2087098363967,"gene_reaction_rule":"","genes":[],"metabolites":[{"bigg_id":"cpd00035","coefficient":-1},{"bigg_id":"cpd00191","coefficient":-1},{"bigg_id":"cpd00020","coefficient":1},{"bigg_id":"cpd00085","coefficient":1}],"segments":{"20":{"from_node_id":"24","to_node_id":"25","b1":null,"b2":null},"21":{"from_node_id":"26","to_node_id":"25","b1":null,"b2":null},"22":{"from_node_id":"24","to_node_id":"50","b1":{"x":644.4023467508167,"y":-271.2339969326905},"b2":{"x":607.4330749511719,"y":40.3111457824707}},"23":{"from_node_id":"24","to_node_id":"27","b1":{"x":644.5165778454864,"y":-267.235628358258},"b2":{"x":662.6591647421862,"y":-262.50180953032634}},"24":{"from_node_id":"26","to_node_id":"5","b1":{"x":640.8611828160724,"y":-395.183422740103},"b2":{"x":680.2205810546875,"y":-724.0959320068359}},"25":{"from_node_id":"26","to_node_id":"29","b1":{"x":640.7469517214038,"y":-399.1817913145356},"b2":{"x":658.5896819945978,"y":-404.9436899944902}}}},"4":{"name":"rxn02925","bigg_id":"rxn02925","reversibility":false,"label_x":-67.74732054251626,"label_y":-310.99291880389416,"gene_reaction_rule":"","genes":[],"metabolites":[{"bigg_id":"cpd00035","coefficient":-1},{"bigg_id":"cpd00287","coefficient":-1},{"bigg_id":"cpd00020","coefficient":1},{"bigg_id":"cpd02096","coefficient":1}],"segments":{"26":{"from_node_id":"31","to_node_id":"32","b1":null,"b2":null},"27":{"from_node_id":"33","to_node_id":"32","b1":null,"b2":null},"28":{"from_node_id":"31","to_node_id":"50","b1":{"x":73.59693953940223,"y":-265.9945529297871},"b2":{"x":133.42431640625,"y":60.63576126098633}},"29":{"from_node_id":"31","to_node_id":"34","b1":{"x":73.53190411068795,"y":-261.995081665606},"b2":{"x":46.412015530762346,"y":-264.21730687598176}},"30":{"from_node_id":"33","to_node_id":"5","b1":{"x":75.6780732582597,"y":-393.9776333835891},"b2":{"x":87.2776870727539,"y":-706.8448181152344}},"31":{"from_node_id":"33","to_node_id":"36","b1":{"x":75.61303782954565,"y":-389.97816211940824},"b2":{"x":49.13069141192818,"y":-414.521680837133}}}},"5":{"name":"rxn00849","bigg_id":"rxn00849","reversibility":false,"label_x":-188.19102096557617,"label_y":-553.8268146514893,"gene_reaction_rule":"","genes":[],"metabolites":[{"bigg_id":"cpd00024","coefficient":-1},{"bigg_id":"cpd00117","coefficient":-1},{"bigg_id":"cpd00020","coefficient":1},{"bigg_id":"cpd00186","coefficient":1}],"segments":{"32":{"from_node_id":"38","to_node_id":"39","b1":null,"b2":null},"33":{"from_node_id":"40","to_node_id":"39","b1":null,"b2":null},"34":{"from_node_id":"38","to_node_id":"37","b1":{"x":-85.17214101943065,"y":-497.49780661753107},"b2":{"x":-149.1387567667789,"y":-467.2037142606689}},"35":{"from_node_id":"38","to_node_id":"54","b1":{"x":-87.48418663617048,"y":-494.2336918729003},"b2":{"x":-104.60341262817383,"y":-405.05073738098145}},"36":{"from_node_id":"40","to_node_id":"5","b1":{"x":-11.186681283751028,"y":-601.9494784457036},"b2":{"x":157.82528686523438,"y":-739.2702941894531}},"37":{"from_node_id":"40","to_node_id":"43","b1":{"x":-13.498726900490766,"y":-598.6853637010734},"b2":{"x":-24.068085655706625,"y":-656.9303837923098}}}},"6":{"name":"rxn00165","bigg_id":"rxn00165","reversibility":false,"label_x":391.5867385864258,"label_y":-823.9762191772461,"gene_reaction_rule":"","genes":[],"metabolites":[{"bigg_id":"cpd00054","coefficient":-1},{"bigg_id":"cpd00013","coefficient":1},{"bigg_id":"cpd00020","coefficient":1}],"segments":{"38":{"from_node_id":"45","to_node_id":"46","b1":null,"b2":null},"39":{"from_node_id":"47","to_node_id":"46","b1":null,"b2":null},"40":{"from_node_id":"45","to_node_id":"44","b1":{"x":535.6874160766602,"y":-894.2278060913086},"b2":{"x":535.6874160766602,"y":-948.4778060913086}},"41":{"from_node_id":"47","to_node_id":"48","b1":{"x":535.6874160766602,"y":-766.2278060913086},"b2":{"x":603.0931777954102,"y":-765.6363143920898}},"42":{"from_node_id":"47","to_node_id":"5","b1":{"x":535.6874160766602,"y":-770.2278060913086},"b2":{"x":456.49299907684326,"y":-717.5305633544922}}}},"7":{"name":"rxn00283","bigg_id":"rxn00283","reversibility":false,"label_x":-136.30606532096863,"label_y":-22.448369026184082,"gene_reaction_rule":"","genes":[],"metabolites":[{"bigg_id":"cpd00035","coefficient":-1},{"bigg_id":"cpd00117","coefficient":1}],"segments":{"43":{"from_node_id":"51","to_node_id":"52","b1":null,"b2":null},"44":{"from_node_id":"53","to_node_id":"52","b1":null,"b2":null},"45":{"from_node_id":"51","to_node_id":"50","b1":{"x":93.5112193483078,"y":16.918926169705443},"b2":{"x":313.1160583496094,"y":39.35572814941406}},"46":{"from_node_id":"53","to_node_id":"54","b1":{"x":-59.299411620494055,"y":-123.39663689358247},"b2":{"x":-87.71028900146484,"y":-201.74675369262695}}}}},"nodes":{"0":{"node_type":"metabolite","x":188.50471785149404,"y":-1005.2769008957739,"bigg_id":"cpd00550","name":"D-Serine","label_x":213.50471785149404,"label_y":-1005.2769008957739,"node_is_primary":true},"1":{"node_type":"multimarker","x":187.7795808234897,"y":-850.2785971105687},"2":{"node_type":"midmarker","x":187.6860147553607,"y":-830.2788159769941},"3":{"node_type":"multimarker","x":187.59244868723061,"y":-810.2790348434187},"4":{"node_type":"metabolite","x":51.2936908243189,"y":-786.2147151380885,"bigg_id":"cpd00013","name":"NH3","label_x":18.114500188637663,"label_y":-801.2468806654323,"node_is_primary":false},"5":{"node_type":"metabolite","x":360.1161193847656,"y":-605.6629180908203,"bigg_id":"cpd00020","name":"Pyruvate","label_x":391.32745361328125,"label_y":-596.3459014892578,"node_is_primary":true},"6":{"node_type":"metabolite","x":220.82202017577282,"y":-161.43319805656282,"bigg_id":"cpd00001","name":"H2O","label_x":200.36466849120256,"label_y":-128.2143717626175,"node_is_primary":false},"7":{"node_type":"multimarker","x":243.50953637638912,"y":-305.54835030220016},"8":{"node_type":"midmarker","x":243.23110986611107,"y":-325.54641217525125},"9":{"node_type":"multimarker","x":242.95268335583268,"y":-345.54447404830205},"10":{"node_type":"metabolite","x":164.7006015528683,"y":-219.44288130062046,"bigg_id":"cpd00003","name":"NAD","label_x":150.19678685560268,"label_y":-188.38624067562046,"node_is_primary":false},"12":{"node_type":"metabolite","x":205.47078122148855,"y":-527.1118205078068,"bigg_id":"cpd00004","name":"NADH","label_x":211.23883236894943,"label_y":-549.8405192382755,"node_is_primary":false},"13":{"node_type":"metabolite","x":161.777123194946,"y":-429.4225309676556,"bigg_id":"cpd00013","name":"NH3","label_x":126.07470009924288,"label_y":-389.2102506942181,"node_is_primary":false},"15":{"node_type":"metabolite","x":135.34752655029297,"y":-466.94175720214844,"bigg_id":"cpd00067","name":"H+","label_x":129.94654846191406,"label_y":-487.64418029785156,"node_is_primary":false},"17":{"node_type":"multimarker","x":468.33919960103134,"y":-314.52186256424784},"18":{"node_type":"midmarker","x":468.3246125457123,"y":-334.5218572446928},"19":{"node_type":"multimarker","x":468.3100254903931,"y":-354.52185192513736},"20":{"node_type":"metabolite","x":548.4011733079162,"y":-229.58023339363453,"bigg_id":"cpd00040","name":"Glyoxalate","label_x":505.90501852276,"label_y":-199.58023339363453,"node_is_primary":false},"22":{"node_type":"metabolite","x":548.2480092270661,"y":-439.5801775383034,"bigg_id":"cpd00033","name":"Glycine","label_x":519.7273183090973,"label_y":-459.27079033127217,"node_is_primary":false},"24":{"node_type":"multimarker","x":643.2029202567903,"y":-313.2168669642334},"25":{"node_type":"midmarker","x":642.6317647834451,"y":-333.2087098363967},"26":{"node_type":"multimarker","x":642.0606093100995,"y":-353.20055270855994},"27":{"node_type":"metabolite","x":725.5977025071636,"y":-230.53615665092252,"bigg_id":"cpd00191","name":"3-Oxopropanoate","label_x":653.5977025071636,"label_y":-200.53615665092252,"node_is_primary":false},"29":{"node_type":"metabolite","x":719.6005700370324,"y":-440.4505068086371,"bigg_id":"cpd00085","name":"beta-Alanine","label_x":677.1043542167199,"label_y":-461.69397604691835,"node_is_primary":false},"31":{"node_type":"multimarker","x":74.27981154090207,"y":-307.9890012036907},"32":{"node_type":"midmarker","x":74.60498868447348,"y":-327.9863575245973},"33":{"node_type":"multimarker","x":74.93016582804535,"y":-347.98371384550364},"34":{"node_type":"metabolite","x":-21.03001762256372,"y":-241.88635687883436,"bigg_id":"cpd00287","name":"3-Oxo-2-methylpropanoate","label_x":-126.05331207141626,"label_y":-212.0704999452406,"node_is_primary":false},"36":{"node_type":"metabolite","x":-13.580238424144227,"y":-426.67895409229584,"bigg_id":"cpd02096","name":"L-3-Amino-isobutyrate","label_x":-113.79585441192194,"label_y":-441.0910329497177,"node_is_primary":false},"37":{"node_type":"metabolite","x":-206.38940723139729,"y":-489.13950087273804,"bigg_id":"cpd00024","name":"2-Oxoglutarate","label_x":-290.08766467768635,"label_y":-513.9848377868005,"node_is_primary":false},"38":{"node_type":"multimarker","x":-60.89566204366096,"y":-531.7710114361494},"39":{"node_type":"midmarker","x":-49.33543395996094,"y":-548.0915851593018},"40":{"node_type":"multimarker","x":-37.77520587626083,"y":-564.4121588824542},"43":{"node_type":"metabolite","x":-58.43454067509673,"y":-697.1079089478181,"bigg_id":"cpd00186","name":"D-Glutamate","label_x":-154.55547039311432,"label_y":-729.7174060181306,"node_is_primary":false},"44":{"node_type":"metabolite","x":535.6874160766602,"y":-1007.2278060913086,"bigg_id":"cpd00054","name":"L-Serine","label_x":560.6874160766602,"label_y":-1007.2278060913086,"node_is_primary":true},"45":{"node_type":"multimarker","x":535.6874160766602,"y":-852.2278060913086},"46":{"node_type":"midmarker","x":535.6874160766602,"y":-832.2278060913086},"47":{"node_type":"multimarker","x":535.6874160766602,"y":-812.2278060913086},"48":{"node_type":"metabolite","x":669.9783096313477,"y":-775.3656234741211,"bigg_id":"cpd00013","name":"NH3","label_x":657.4225234985352,"label_y":-790.8229598999023,"node_is_primary":false},"50":{"node_type":"metabolite","x":353.4897155761719,"y":-44.239585876464844,"bigg_id":"cpd00035","name":"L-Alanine","label_x":378.4897155761719,"label_y":-44.239585876464844,"node_is_primary":true},"51":{"node_type":"multimarker","x":15.680224838371068,"y":-45.30912909128587},"52":{"node_type":"midmarker","x":0.8011648654937744,"y":-58.67376804351808},"53":{"node_type":"multimarker","x":-14.077895107383469,"y":-72.03840699575025},"54":{"node_type":"metabolite","x":-106.34426879882812,"y":-282.75166511535645,"bigg_id":"cpd00117","name":"D-Alanine","label_x":-225.75768280029297,"label_y":-287.41015815734863,"node_is_primary":true}},"text_labels":{"0":{"x":-179.78656005859375,"y":-1157.1322021484375,"text":"Pyruvate / Alanine / Serine Interconversions"}},"canvas":{"x":-376.3031005859375,"y":-1269.0270385742188,"width":1375.6107788085938,"height":1414.4222412109375}}]