[{"map_name":"new_map","map_id":"zKTpv1o4i4u7","map_description":"\nLast Modified Tue Jun 11 2019 10:38:51 GMT-0500 (Central Daylight Time)","homepage":"https://escher.github.io","schema":"https://escher.github.io/escher/jsonschema/1-0-0#"},{"reactions":{"5":{"name":"rxn01188","bigg_id":"rxn01188","reversibility":false,"label_x":-47.51493453979492,"label_y":1228.6124267578125,"gene_reaction_rule":"","genes":[],"metabolites":[{"bigg_id":"cpd01716","coefficient":-1},{"bigg_id":"cpd00001","coefficient":1},{"bigg_id":"cpd00197","coefficient":1}],"segments":{"31":{"from_node_id":"34","to_node_id":"35","b1":null,"b2":null},"32":{"from_node_id":"36","to_node_id":"35","b1":null,"b2":null},"33":{"from_node_id":"34","to_node_id":"33","b1":{"x":-62.51493453979492,"y":1156.6124267578125},"b2":{"x":-62.514934539794915,"y":1102.3624267578125}},"34":{"from_node_id":"36","to_node_id":"37","b1":{"x":-62.51493453979492,"y":1284.6124267578125},"b2":{"x":-80.51493453979492,"y":1289.8624267578125}},"35":{"from_node_id":"36","to_node_id":"38","b1":{"x":-62.51493453979492,"y":1280.6124267578125},"b2":{"x":-62.51493453979492,"y":1334.8624267578125}}}},"7":{"name":"rxn02213","bigg_id":"rxn02213","reversibility":false,"label_x":-47.51493453979492,"label_y":878.6124267578125,"gene_reaction_rule":"","genes":[],"metabolites":[{"bigg_id":"cpd00699","coefficient":-1},{"bigg_id":"cpd00001","coefficient":1},{"bigg_id":"cpd01716","coefficient":1}],"segments":{"42":{"from_node_id":"46","to_node_id":"47","b1":null,"b2":null},"43":{"from_node_id":"48","to_node_id":"47","b1":null,"b2":null},"44":{"from_node_id":"46","to_node_id":"49","b1":{"x":-62.51493453979492,"y":806.6124267578125},"b2":{"x":-62.51493453979492,"y":752.3624267578125}},"45":{"from_node_id":"48","to_node_id":"50","b1":{"x":-62.51493453979492,"y":934.6124267578125},"b2":{"x":-54.03898525238037,"y":931.9257202148438}},"46":{"from_node_id":"48","to_node_id":"33","b1":{"x":-62.51493453979492,"y":930.6124267578125},"b2":{"x":-62.514934539794915,"y":984.8624267578125}}}},"8":{"name":"rxn01364","bigg_id":"rxn01364","reversibility":false,"label_x":-47.51493453979492,"label_y":528.6124267578125,"gene_reaction_rule":"","genes":[],"metabolites":[{"bigg_id":"cpd00097","coefficient":-1},{"bigg_id":"cpd00248","coefficient":-1},{"bigg_id":"cpd00699","coefficient":1},{"bigg_id":"cpd00986","coefficient":1}],"segments":{"47":{"from_node_id":"51","to_node_id":"52","b1":null,"b2":null},"48":{"from_node_id":"53","to_node_id":"52","b1":null,"b2":null},"49":{"from_node_id":"51","to_node_id":"54","b1":{"x":-62.51493453979492,"y":456.6124267578125},"b2":{"x":-36.19242960087995,"y":417.6425082898693}},"50":{"from_node_id":"51","to_node_id":"55","b1":{"x":-62.51493453979492,"y":452.6124267578125},"b2":{"x":-62.432857612995406,"y":411.6459381123676}},"51":{"from_node_id":"53","to_node_id":"49","b1":{"x":-62.51493453979492,"y":580.6124267578125},"b2":{"x":-62.514934539794915,"y":634.8624267578125}},"52":{"from_node_id":"53","to_node_id":"56","b1":{"x":-62.51493453979492,"y":584.6124267578125},"b2":{"x":-44.51493453979492,"y":589.8624267578125}}}},"9":{"name":"rxn01740","bigg_id":"rxn01740","reversibility":false,"label_x":202.17113876342773,"label_y":860.751708984375,"gene_reaction_rule":"","genes":[],"metabolites":[{"bigg_id":"cpd00006","coefficient":-1},{"bigg_id":"cpd00383","coefficient":-1},{"bigg_id":"cpd00005","coefficient":1},{"bigg_id":"cpd00067","coefficient":1},{"bigg_id":"cpd01716","coefficient":1}],"segments":{"53":{"from_node_id":"57","to_node_id":"58","b1":null,"b2":null},"54":{"from_node_id":"59","to_node_id":"58","b1":null,"b2":null},"55":{"from_node_id":"57","to_node_id":"60","b1":{"x":314.17113876342773,"y":900.751708984375},"b2":{"x":326.4531888289504,"y":895.4091156402318}},"56":{"from_node_id":"57","to_node_id":"61","b1":{"x":318.17113876342773,"y":900.751708984375},"b2":{"x":461.5198631286621,"y":971.134033203125}},"57":{"from_node_id":"59","to_node_id":"62","b1":{"x":186.17113876342773,"y":900.751708984375},"b2":{"x":188.85784110426903,"y":909.7365112304688}},"58":{"from_node_id":"59","to_node_id":"63","b1":{"x":186.17113876342773,"y":900.751708984375},"b2":{"x":180.92113876342773,"y":918.751708984375}},"59":{"from_node_id":"59","to_node_id":"33","b1":{"x":190.17113876342773,"y":900.751708984375},"b2":{"x":-3.764934539794922,"y":1043.6124267578125}}}},"10":{"name":"rxn01742","bigg_id":"rxn01742","reversibility":false,"label_x":192.64709091186523,"label_y":1122.6630859375,"gene_reaction_rule":"","genes":[],"metabolites":[{"bigg_id":"cpd00097","coefficient":-1},{"bigg_id":"cpd00383","coefficient":-1},{"bigg_id":"cpd00986","coefficient":1},{"bigg_id":"cpd01716","coefficient":1}],"segments":{"60":{"from_node_id":"64","to_node_id":"65","b1":null,"b2":null},"61":{"from_node_id":"66","to_node_id":"65","b1":null,"b2":null},"62":{"from_node_id":"64","to_node_id":"67","b1":{"x":304.64709091186523,"y":1162.6630859375},"b2":{"x":321.4231257391354,"y":1189.5362650182924}},"63":{"from_node_id":"64","to_node_id":"61","b1":{"x":308.64709091186523,"y":1162.6630859375},"b2":{"x":458.5175250124403,"y":1093.4017388168102}},"64":{"from_node_id":"66","to_node_id":"69","b1":{"x":176.64709091186523,"y":1162.6630859375},"b2":{"x":171.39709091186523,"y":1180.6630859375}},"65":{"from_node_id":"66","to_node_id":"33","b1":{"x":180.64709091186523,"y":1162.6630859375},"b2":{"x":-3.764934539794922,"y":1043.6124267578125}}}}},"nodes":{"33":{"node_type":"metabolite","x":-62.51493453979492,"y":1043.6124267578125,"bigg_id":"cpd01716","name":"3-Dehydroshikimate","label_x":-267.6794853210449,"label_y":1056.3111572265625,"node_is_primary":true},"34":{"node_type":"multimarker","x":-62.51493453979492,"y":1198.6124267578125},"35":{"node_type":"midmarker","x":-62.51493453979492,"y":1218.6124267578125},"36":{"node_type":"multimarker","x":-62.51493453979492,"y":1238.6124267578125},"37":{"node_type":"metabolite","x":-142.51493453979492,"y":1323.6124267578125,"bigg_id":"cpd00001","name":"H2O","label_x":-214.51493453979492,"label_y":1353.6124267578125,"node_is_primary":false},"38":{"node_type":"metabolite","x":-62.51493453979492,"y":1393.6124267578125,"bigg_id":"cpd00197","name":"Protocatechuate","label_x":-37.51493453979492,"label_y":1393.6124267578125,"node_is_primary":true},"46":{"node_type":"multimarker","x":-62.51493453979492,"y":848.6124267578125},"47":{"node_type":"midmarker","x":-62.51493453979492,"y":868.6124267578125},"48":{"node_type":"multimarker","x":-62.51493453979492,"y":888.6124267578125},"49":{"node_type":"metabolite","x":-62.51493453979492,"y":693.6124267578125,"bigg_id":"cpd00699","name":"5-Dehydroquinate","label_x":-37.51493453979492,"label_y":693.6124267578125,"node_is_primary":true},"50":{"node_type":"metabolite","x":7.961014747619629,"y":965.6757202148438,"bigg_id":"cpd00001","name":"H2O","label_x":22.96101474761963,"label_y":965.6757202148438,"node_is_primary":false},"51":{"node_type":"multimarker","x":-62.51493453979492,"y":498.6124267578125},"52":{"node_type":"midmarker","x":-62.51493453979492,"y":518.6124267578125},"53":{"node_type":"multimarker","x":-62.51493453979492,"y":538.6124267578125},"54":{"node_type":"metabolite","x":21.178421020507812,"y":404.987548828125,"bigg_id":"cpd00097","name":"Pyrroloquinoline-quinone","label_x":46.17842102050781,"label_y":404.987548828125,"node_is_primary":false},"55":{"node_type":"metabolite","x":-60.628732681274414,"y":341.07818603515625,"bigg_id":"cpd00248","name":"Quinate","label_x":-45.628732681274414,"label_y":341.07818603515625,"node_is_primary":true},"56":{"node_type":"metabolite","x":17.485065460205078,"y":623.6124267578125,"bigg_id":"cpd00986","name":"PQQH2","label_x":32.48506546020508,"label_y":623.6124267578125,"node_is_primary":false},"57":{"node_type":"multimarker","x":272.17113876342773,"y":900.751708984375},"58":{"node_type":"midmarker","x":252.17113876342773,"y":900.751708984375},"59":{"node_type":"multimarker","x":232.17113876342773,"y":900.751708984375},"60":{"node_type":"metabolite","x":363.67748641967773,"y":849.956787109375,"bigg_id":"cpd00006","name":"NADP","label_x":334.7635581970215,"label_y":821.7011108398438,"node_is_primary":false},"61":{"node_type":"metabolite","x":495.2698631286621,"y":1033.134033203125,"bigg_id":"cpd00383","name":"Shikimate","label_x":385.4014976501465,"label_y":1041.38720703125,"node_is_primary":true},"62":{"node_type":"metabolite","x":155.10784110426903,"y":847.7365112304688,"bigg_id":"cpd00005","name":"NADPH","label_x":111.90784110426904,"label_y":827.7365112304688,"node_is_primary":false},"63":{"node_type":"metabolite","x":147.17113876342773,"y":980.751708984375,"bigg_id":"cpd00067","name":"H+","label_x":103.97113876342775,"label_y":1020.751708984375,"node_is_primary":false},"64":{"node_type":"multimarker","x":262.64709091186523,"y":1162.6630859375},"65":{"node_type":"midmarker","x":242.64709091186523,"y":1162.6630859375},"66":{"node_type":"multimarker","x":222.64709091186523,"y":1162.6630859375},"67":{"node_type":"metabolite","x":347.80407333374023,"y":1242.0301513671875,"bigg_id":"cpd00097","name":"Pyrroloquinoline-quinone","label_x":304.60407333374025,"label_y":1282.0301513671875,"node_is_primary":false},"69":{"node_type":"metabolite","x":137.64709091186523,"y":1242.6630859375,"bigg_id":"cpd00986","name":"PQQH2","label_x":94.44709091186525,"label_y":1282.6630859375,"node_is_primary":false}},"text_labels":{"1":{"x":-113.31072998046875,"y":181.36985778808594,"text":"Quinate Degradation"}},"canvas":{"x":-480.6615905761719,"y":-47.49193572998047,"width":1234.0365905761719,"height":1683.1745529174805}}]