[{"map_name":"new_map","map_id":"cSzm0dmdu4fi","map_description":"","homepage":"https://escher.github.io","schema":"https://escher.github.io/escher/jsonschema/1-0-0#"},{"reactions":{"0":{"name":"rxn02914","bigg_id":"rxn02914","reversibility":false,"label_x":528.3205351570554,"label_y":3.728044174070874,"gene_reaction_rule":"","genes":[],"metabolites":[{"bigg_id":"cpd00024","coefficient":-1},{"bigg_id":"cpd00738","coefficient":-1},{"bigg_id":"cpd00023","coefficient":1},{"bigg_id":"cpd02069","coefficient":1}],"segments":{"0":{"from_node_id":"1","to_node_id":"2","b1":null,"b2":null},"1":{"from_node_id":"3","to_node_id":"2","b1":null,"b2":null},"2":{"from_node_id":"1","to_node_id":"0","b1":{"x":656.7120736290868,"y":24.69670558240861},"b2":{"x":659.1672300643313,"y":40.84957072217506}},"3":{"from_node_id":"1","to_node_id":"11","b1":{"x":660.712063652106,"y":24.705639548332186},"b2":{"x":700.5320385602245,"y":19.04948634771341}},"4":{"from_node_id":"3","to_node_id":"5","b1":{"x":532.7123829154926,"y":24.41975263877991},"b2":{"x":525.3244109284905,"y":36.63065989128664}},"5":{"from_node_id":"3","to_node_id":"6","b1":{"x":528.7123928924735,"y":24.410818672856465},"b2":{"x":471.70790058196354,"y":23.66404748325826}}}},"1":{"name":"rxn00420","bigg_id":"rxn00420","reversibility":false,"label_x":917.0532630203919,"label_y":-4.491296551775832,"gene_reaction_rule":"","genes":[],"metabolites":[{"bigg_id":"cpd00001","coefficient":-1},{"bigg_id":"cpd00738","coefficient":-1},{"bigg_id":"cpd00009","coefficient":1},{"bigg_id":"cpd00054","coefficient":1}],"segments":{"6":{"from_node_id":"8","to_node_id":"9","b1":null,"b2":null},"7":{"from_node_id":"10","to_node_id":"9","b1":null,"b2":null},"8":{"from_node_id":"8","to_node_id":"7","b1":{"x":914.0471398142861,"y":15.529002018654886},"b2":{"x":914.0595737569902,"y":34.39751764800816}},"9":{"from_node_id":"8","to_node_id":"11","b1":{"x":910.0472330499811,"y":15.556312764988554},"b2":{"x":885.1889305381442,"y":17.56003842464787}},"10":{"from_node_id":"10","to_node_id":"12","b1":{"x":1042.0441562720541,"y":14.655058135975846},"b2":{"x":1047.416932258706,"y":32.618793220786685}},"11":{"from_node_id":"10","to_node_id":"13","b1":{"x":1038.0442495077484,"y":14.682368882309717},"b2":{"x":1071.3285074595751,"y":16.778382290432187}}}},"2":{"name":"rxn01101","bigg_id":"rxn01101","reversibility":false,"label_x":118.79743421791937,"label_y":4.397418661095401,"gene_reaction_rule":"","genes":[],"metabolites":[{"bigg_id":"cpd00003","coefficient":-1},{"bigg_id":"cpd00169","coefficient":-1},{"bigg_id":"cpd00004","coefficient":1},{"bigg_id":"cpd00067","coefficient":1},{"bigg_id":"cpd02069","coefficient":1}],"segments":{"12":{"from_node_id":"15","to_node_id":"16","b1":null,"b2":null},"13":{"from_node_id":"17","to_node_id":"16","b1":null,"b2":null},"14":{"from_node_id":"15","to_node_id":"14","b1":{"x":115.79019750102947,"y":24.19007017469862},"b2":{"x":114.56838695349305,"y":42.859392125932374}},"15":{"from_node_id":"15","to_node_id":"18","b1":{"x":111.79021742066175,"y":24.202693829558058},"b2":{"x":58.5019529470749,"y":23.721057198664724}},"16":{"from_node_id":"17","to_node_id":"19","b1":{"x":239.78957999242647,"y":23.798736874054683},"b2":{"x":241.01135573085017,"y":38.426022894012306}},"17":{"from_node_id":"17","to_node_id":"20","b1":{"x":243.7895600727942,"y":23.786113219195244},"b2":{"x":248.98272748140903,"y":5.769634310537725}},"18":{"from_node_id":"17","to_node_id":"6","b1":{"x":243.7895600727942,"y":23.786113219195244},"b2":{"x":315.6895486881326,"y":24.504548150606766}}}},"3":{"name":"rxn00692","bigg_id":"rxn00692","reversibility":false,"label_x":1165.561767578125,"label_y":-185.2203598022461,"gene_reaction_rule":"","genes":[],"metabolites":[{"bigg_id":"cpd00001","coefficient":-1},{"bigg_id":"cpd00033","coefficient":-1},{"bigg_id":"cpd00125","coefficient":-1},{"bigg_id":"cpd00054","coefficient":1},{"bigg_id":"cpd00087","coefficient":1}],"segments":{"19":{"from_node_id":"23","to_node_id":"24","b1":null,"b2":null},"20":{"from_node_id":"25","to_node_id":"24","b1":null,"b2":null},"21":{"from_node_id":"23","to_node_id":"22","b1":{"x":1150.561767578125,"y":-257.2203598022461},"b2":{"x":1127.130859375,"y":-264.6084671020508}},"22":{"from_node_id":"23","to_node_id":"26","b1":{"x":1150.561767578125,"y":-261.2203598022461},"b2":{"x":1168.561767578125,"y":-266.4703598022461}},"23":{"from_node_id":"23","to_node_id":"27","b1":{"x":1150.561767578125,"y":-261.2203598022461},"b2":{"x":1149.82666015625,"y":-278.8023910522461}},"24":{"from_node_id":"25","to_node_id":"13","b1":{"x":1150.561767578125,"y":-129.2203598022461},"b2":{"x":1147.360107421875,"y":-91.90696907043457}},"25":{"from_node_id":"25","to_node_id":"29","b1":{"x":1150.561767578125,"y":-133.2203598022461},"b2":{"x":1183.8582763671875,"y":-133.23149871826172}}}}},"nodes":{"0":{"node_type":"metabolite","x":694.486114289144,"y":102.64116966381519,"bigg_id":"cpd00024","name":"2-Oxoglutarate","label_x":634.394805695394,"label_y":131.00494682445972,"node_is_primary":false},"1":{"node_type":"multimarker","x":614.7121783873856,"y":24.602898940211887},"2":{"node_type":"midmarker","x":594.7122282722897,"y":24.558229110594326},"3":{"node_type":"multimarker","x":574.712278157194,"y":24.513559280976807},"5":{"node_type":"metabolite","x":477.6734344185216,"y":95.69340817865019,"bigg_id":"cpd00023","name":"L-Glutamate","label_x":416.34891049274034,"label_y":130.22322385247833,"node_is_primary":false},"6":{"node_type":"metabolite","x":397.4006146769366,"y":25.71561565037058,"bigg_id":"cpd02069","name":"3-Phosphonooxypyruvate","label_x":274.8390759806475,"label_y":-1.0119339025469003,"node_is_primary":true},"7":{"node_type":"metabolite","x":881.2082820234447,"y":100.15864865983357,"bigg_id":"cpd00001","name":"H2O","label_x":865.5124202070384,"label_y":130.98884313310018,"node_is_primary":false},"8":{"node_type":"multimarker","x":956.0461608394913,"y":15.242239182150808},"9":{"node_type":"midmarker","x":976.0456946610169,"y":15.105685450482468},"10":{"node_type":"multimarker","x":996.0452284825428,"y":14.969131718814264},"11":{"node_type":"metabolite","x":806.2343716731166,"y":20.595063689053006,"bigg_id":"cpd00738","name":"phosphoserine","label_x":726.8351407160853,"label_y":-7.365693566501136,"node_is_primary":true},"12":{"node_type":"metabolite","x":1081.5894621507039,"y":94.38691364532662,"bigg_id":"cpd00009","name":"Phosphate","label_x":1033.0204924241414,"label_y":130.55295215851024,"node_is_primary":false},"13":{"node_type":"metabolite","x":1151.0416155993712,"y":13.910840298382286,"bigg_id":"cpd00054","name":"L-Serine","label_x":1110.6816302478085,"label_y":-15.68614265755033,"node_is_primary":true},"14":{"node_type":"metabolite","x":81.716048907859,"y":104.7051833738197,"bigg_id":"cpd00003","name":"NAD","label_x":58.620963763816036,"label_y":135.53537593973766,"node_is_primary":false},"15":{"node_type":"multimarker","x":157.78998834488976,"y":24.057521798674088},"16":{"node_type":"midmarker","x":177.78988874672797,"y":23.99440352437665},"17":{"node_type":"multimarker","x":197.7897891485662,"y":23.931285250079256},"18":{"node_type":"metabolite","x":-8.348818394548033,"y":24.16688112245022,"bigg_id":"cpd00169","name":"3-Phosphoglycerate","label_x":-105.01297006309647,"label_y":-6.26029153837743,"node_is_primary":true},"19":{"node_type":"metabolite","x":268.9308782247265,"y":101.13420198303908,"bigg_id":"cpd00004","name":"NADH","label_x":239.66973930871086,"label_y":134.43080995423048,"node_is_primary":false},"20":{"node_type":"metabolite","x":282.5368927591892,"y":-56.33656902303795,"bigg_id":"cpd00067","name":"H+","label_x":297.5368927591893,"label_y":-56.33656902303795,"node_is_primary":false},"22":{"node_type":"metabolite","x":1065.470458984375,"y":-296.22789764404297,"bigg_id":"cpd00001","name":"H2O","label_x":1090.470458984375,"label_y":-296.22789764404297,"node_is_primary":false},"23":{"node_type":"multimarker","x":1150.561767578125,"y":-215.2203598022461},"24":{"node_type":"midmarker","x":1150.561767578125,"y":-195.2203598022461},"25":{"node_type":"multimarker","x":1150.561767578125,"y":-175.2203598022461},"26":{"node_type":"metabolite","x":1230.561767578125,"y":-300.2203598022461,"bigg_id":"cpd00033","name":"Glycine","label_x":1245.561767578125,"label_y":-300.2203598022461,"node_is_primary":false},"27":{"node_type":"metabolite","x":1149.487060546875,"y":-355.7146530151367,"bigg_id":"cpd00125","name":"5-10-Methylenetetrahydrofolate","label_x":976.364013671875,"label_y":-379.97579193115234,"node_is_primary":true},"29":{"node_type":"metabolite","x":1255.38427734375,"y":-111.47772979736328,"bigg_id":"cpd00087","name":"Tetrahydrofolate","label_x":1280.38427734375,"label_y":-111.47772979736328,"node_is_primary":false}},"text_labels":{"0":{"x":331.2324523925781,"y":-332.77423095703125,"text":"Serine Biosynthesis"}},"canvas":{"x":-292.2818298339844,"y":-543.508056640625,"width":1788.2818298339844,"height":825.6192626953125}}]