[{"map_name": "new_map", "map_id": "PGNd1RKUOK8X", "map_description": "", "homepage": "https://escher.github.io", "schema": "https://escher.github.io/escher/jsonschema/1-0-0#"}, {"reactions": {"0": {"name": "rxn14048", "bigg_id": "rxn14048", "reversibility": false, "label_x": 897.6353876884227, "label_y": 3098.0931593152804, "gene_reaction_rule": "", "genes": [], "metabolites": [{"bigg_id": "cpd00011", "coefficient": -1}, {"bigg_id": "cpd00067", "coefficient": -1}, {"bigg_id": "cpd00078", "coefficient": -1}, {"bigg_id": "cpd11620", "coefficient": -2}, {"bigg_id": "cpd00010", "coefficient": 1}, {"bigg_id": "cpd00024", "coefficient": 1}, {"bigg_id": "cpd11621", "coefficient": 2}], "segments": {"0": {"from_node_id": "1", "to_node_id": "2", "b1": null, "b2": null}, "1": {"from_node_id": "3", "to_node_id": "2", "b1": null, "b2": null}, "2": {"from_node_id": "1", "to_node_id": "0", "b1": {"x": 893.8120104560842, "y": 3051.80650318786}, "b2": {"x": 850.7448017805309, "y": 3052.2373197013694}}, "3": {"from_node_id": "1", "to_node_id": "4", "b1": {"x": 889.8134003838097, "y": 3051.7010636796404}, "b2": {"x": 885.03970245094, "y": 3033.5689289998622}}, "4": {"from_node_id": "1", "to_node_id": "134", "b1": {"x": 889.8134003838097, "y": 3051.7010636796404}, "b2": {"x": 449.34912328547836, "y": 2842.456973486135}}, "5": {"from_node_id": "1", "to_node_id": "6", "b1": {"x": 889.8134003838097, "y": 3051.7010636796404}, "b2": {"x": 898.6110568609959, "y": 3013.5190494595345}}, "6": {"from_node_id": "3", "to_node_id": "7", "b1": {"x": 1017.7689226966365, "y": 3055.0751279427022}, "b2": {"x": 1072.0000718018796, "y": 3056.5051512729433}}, "7": {"from_node_id": "3", "to_node_id": "150", "b1": {"x": 1021.767532768914, "y": 3055.1805674509224}, "b2": {"x": 1439.4687019007683, "y": 2829.410660698971}}, "8": {"from_node_id": "3", "to_node_id": "9", "b1": {"x": 1021.767532768914, "y": 3055.1805674509224}, "b2": {"x": 1026.5412307017823, "y": 3073.312702130702}}}}, "2": {"name": "rxn00935", "bigg_id": "rxn00935", "reversibility": false, "label_x": 198.35497902537804, "label_y": 2139.822812930579, "gene_reaction_rule": "", "genes": [], "metabolites": [{"bigg_id": "cpd00015", "coefficient": -1}, {"bigg_id": "cpd00130", "coefficient": -1}, {"bigg_id": "cpd00032", "coefficient": 1}, {"bigg_id": "cpd00982", "coefficient": 1}], "segments": {"16": {"from_node_id": "19", "to_node_id": "20", "b1": null, "b2": null}, "17": {"from_node_id": "21", "to_node_id": "20", "b1": null, "b2": null}, "18": {"from_node_id": "19", "to_node_id": "18", "b1": {"x": 198.37076298445953, "y": 2181.0126618355016}, "b2": {"x": 201.64461480263083, "y": 2208.6975735118695}}, "19": {"from_node_id": "19", "to_node_id": "70", "b1": {"x": 194.37143478222256, "y": 2181.08596893471}, "b2": {"x": 158.12870983487218, "y": 2080.376412509923}}, "20": {"from_node_id": "21", "to_node_id": "23", "b1": {"x": 326.3492654560331, "y": 2178.666834660821}, "b2": {"x": 365.52313832949505, "y": 2076.7821964223313}}, "21": {"from_node_id": "21", "to_node_id": "24", "b1": {"x": 322.3499372537954, "y": 2178.7401417600304}, "b2": {"x": 320.2005790667327, "y": 2208.428604317085}}}}, "5": {"name": "rxn00505", "bigg_id": "rxn00505", "reversibility": false, "label_x": 1852.8607177734375, "label_y": 2388.558837890625, "gene_reaction_rule": "", "genes": [], "metabolites": [{"bigg_id": "cpd00003", "coefficient": -1}, {"bigg_id": "cpd00260", "coefficient": -1}, {"bigg_id": "cpd00004", "coefficient": 1}, {"bigg_id": "cpd00011", "coefficient": 1}, {"bigg_id": "cpd00024", "coefficient": 1}], "segments": {"35": {"from_node_id": "41", "to_node_id": "42", "b1": null, "b2": null}, "36": {"from_node_id": "43", "to_node_id": "42", "b1": null, "b2": null}, "37": {"from_node_id": "41", "to_node_id": "40", "b1": {"x": 1837.8607177734375, "y": 2316.558837890625}, "b2": {"x": 1837.8607177734375, "y": 2262.308837890625}}, "38": {"from_node_id": "41", "to_node_id": "98", "b1": {"x": 1837.8607177734375, "y": 2312.558837890625}, "b2": {"x": 1550.342041015625, "y": 2108.6978759765625}}, "39": {"from_node_id": "43", "to_node_id": "45", "b1": {"x": 1837.8607177734375, "y": 2440.558837890625}, "b2": {"x": 1837.8607177734375, "y": 2494.808837890625}}, "40": {"from_node_id": "43", "to_node_id": "46", "b1": {"x": 1837.8607177734375, "y": 2444.558837890625}, "b2": {"x": 1855.8607177734375, "y": 2449.808837890625}}, "41": {"from_node_id": "43", "to_node_id": "150", "b1": {"x": 1837.8607177734375, "y": 2444.558837890625}, "b2": {"x": 1542.6414794921875, "y": 2734.728759765625}}}}, "6": {"name": "rxn00199", "bigg_id": "rxn00199", "reversibility": false, "label_x": 1494.7860717773438, "label_y": 2604.1737060546875, "gene_reaction_rule": "", "genes": [], "metabolites": [{"bigg_id": "cpd00067", "coefficient": -1}, {"bigg_id": "cpd03187", "coefficient": -1}, {"bigg_id": "cpd00011", "coefficient": 1}, {"bigg_id": "cpd00024", "coefficient": 1}], "segments": {"42": {"from_node_id": "49", "to_node_id": "50", "b1": null, "b2": null}, "43": {"from_node_id": "51", "to_node_id": "50", "b1": null, "b2": null}, "44": {"from_node_id": "49", "to_node_id": "48", "b1": {"x": 1479.7860717773438, "y": 2532.1737060546875}, "b2": {"x": 1459.0707455978234, "y": 2520.701922599338}}, "45": {"from_node_id": "49", "to_node_id": "52", "b1": {"x": 1479.7860717773438, "y": 2528.1737060546875}, "b2": {"x": 1478.7627467054203, "y": 2471.183357283026}}, "46": {"from_node_id": "51", "to_node_id": "53", "b1": {"x": 1479.7860717773438, "y": 2660.1737060546875}, "b2": {"x": 1461.543697549734, "y": 2664.0898187182706}}, "47": {"from_node_id": "51", "to_node_id": "150", "b1": {"x": 1479.7860717773438, "y": 2656.1737060546875}, "b2": {"x": 1479.7860717773438, "y": 2710.4237060546875}}}}, "9": {"name": "rxn00799", "bigg_id": "rxn00799", "reversibility": false, "label_x": -62.00541687011719, "label_y": 2253.7993354797363, "gene_reaction_rule": "", "genes": [], "metabolites": [{"bigg_id": "cpd00130", "coefficient": -1}, {"bigg_id": "cpd00001", "coefficient": 1}, {"bigg_id": "cpd00106", "coefficient": 1}], "segments": {"61": {"from_node_id": "71", "to_node_id": "72", "b1": null, "b2": null}, "62": {"from_node_id": "73", "to_node_id": "72", "b1": null, "b2": null}, "63": {"from_node_id": "71", "to_node_id": "70", "b1": {"x": 80.85553741455078, "y": 2197.2004585266113}, "b2": {"x": 80.85553741455078, "y": 2142.9504585266113}}, "64": {"from_node_id": "73", "to_node_id": "74", "b1": {"x": 80.85553741455078, "y": 2325.2004585266113}, "b2": {"x": 62.85553741455078, "y": 2330.4504585266113}}, "65": {"from_node_id": "73", "to_node_id": "75", "b1": {"x": 80.85553741455078, "y": 2321.2004585266113}, "b2": {"x": 80.85554504394531, "y": 2379.3008003234863}}}}, "12": {"name": "rxn00974", "bigg_id": "rxn00974", "reversibility": false, "label_x": 885.0272694452182, "label_y": 2056.9507600584084, "gene_reaction_rule": "", "genes": [], "metabolites": [{"bigg_id": "cpd00137", "coefficient": -1}, {"bigg_id": "cpd00001", "coefficient": 1}, {"bigg_id": "cpd00331", "coefficient": 1}], "segments": {"80": {"from_node_id": "93", "to_node_id": "94", "b1": null, "b2": null}, "81": {"from_node_id": "95", "to_node_id": "94", "b1": null, "b2": null}, "82": {"from_node_id": "93", "to_node_id": "92", "b1": {"x": 889.8978886314504, "y": 2072.5630246723713}, "b2": {"x": 833.7885790400112, "y": 2075.9021467125194}}, "83": {"from_node_id": "95", "to_node_id": "96", "b1": {"x": 1017.8947101098729, "y": 2073.465073130642}, "b2": {"x": 1023.0177291763791, "y": 2091.501624232342}}, "84": {"from_node_id": "95", "to_node_id": "97", "b1": {"x": 1013.8948094386719, "y": 2073.4368841163196}, "b2": {"x": 1068.1434622918314, "y": 2073.8191976230482}}}}, "13": {"name": "rxn01388", "bigg_id": "rxn01388", "reversibility": false, "label_x": 1270.9137257991897, "label_y": 2050.893183932494, "gene_reaction_rule": "", "genes": [], "metabolites": [{"bigg_id": "cpd00260", "coefficient": -1}, {"bigg_id": "cpd00001", "coefficient": 1}, {"bigg_id": "cpd00331", "coefficient": 1}], "segments": {"85": {"from_node_id": "99", "to_node_id": "100", "b1": null, "b2": null}, "86": {"from_node_id": "101", "to_node_id": "100", "b1": null, "b2": null}, "87": {"from_node_id": "99", "to_node_id": "98", "b1": {"x": 1364.4297809337752, "y": 2069.063275263518}, "b2": {"x": 1418.6793028093525, "y": 2069.2910388939854}}, "88": {"from_node_id": "101", "to_node_id": "102", "b1": {"x": 1236.4309090430156, "y": 2068.5258790478547}, "b2": {"x": 1231.2565266559468, "y": 2050.503996046559}}, "89": {"from_node_id": "101", "to_node_id": "97", "b1": {"x": 1240.4308737896013, "y": 2068.5426726795954}, "b2": {"x": 1186.181351914026, "y": 2070.1757488928793}}}}, "15": {"name": "rxn01241", "bigg_id": "rxn01241", "reversibility": false, "label_x": 700.9866267007798, "label_y": 2510.8409450312847, "gene_reaction_rule": "", "genes": [], "metabolites": [{"bigg_id": "cpd00003", "coefficient": -1}, {"bigg_id": "cpd00449", "coefficient": -1}, {"bigg_id": "cpd00004", "coefficient": 1}, {"bigg_id": "cpd00067", "coefficient": 1}, {"bigg_id": "cpd00213", "coefficient": 1}], "segments": {"98": {"from_node_id": "114", "to_node_id": "115", "b1": null, "b2": null}, "99": {"from_node_id": "116", "to_node_id": "115", "b1": null, "b2": null}, "100": {"from_node_id": "114", "to_node_id": "113", "b1": {"x": 709.5791475917076, "y": 2534.8391270791317}, "b2": {"x": 691.383194835944, "y": 2515.7600781041137}}, "101": {"from_node_id": "114", "to_node_id": "138", "b1": {"x": 705.5792809329571, "y": 2534.8717876396777}, "b2": {"x": 553.4841188954945, "y": 2610.594474511648}}, "102": {"from_node_id": "116", "to_node_id": "118", "b1": {"x": 833.575014012977, "y": 2533.826649702187}, "b2": {"x": 862.7445583510403, "y": 2504.5401729877835}}, "103": {"from_node_id": "116", "to_node_id": "119", "b1": {"x": 837.5748806717279, "y": 2533.79398914164}, "b2": {"x": 900.3582140959089, "y": 2538.079847191545}}, "104": {"from_node_id": "116", "to_node_id": "120", "b1": {"x": 837.5748806717279, "y": 2533.79398914164}, "b2": {"x": 1043.8727401955157, "y": 2607.914828760925}}}}, "16": {"name": "rxn00288", "bigg_id": "rxn00288", "reversibility": false, "label_x": 95.85554504394531, "label_y": 2623.0508003234863, "gene_reaction_rule": "", "genes": [], "metabolites": [{"bigg_id": "cpd00015", "coefficient": -1}, {"bigg_id": "cpd00036", "coefficient": -1}, {"bigg_id": "cpd00106", "coefficient": 1}, {"bigg_id": "cpd00982", "coefficient": 1}], "segments": {"105": {"from_node_id": "121", "to_node_id": "122", "b1": null, "b2": null}, "106": {"from_node_id": "123", "to_node_id": "122", "b1": null, "b2": null}, "107": {"from_node_id": "121", "to_node_id": "124", "b1": {"x": 80.85554504394531, "y": 2675.0508003234863}, "b2": {"x": 43.482397502428384, "y": 2683.9439314939013}}, "108": {"from_node_id": "121", "to_node_id": "125", "b1": {"x": 80.85554504394531, "y": 2679.0508003234863}, "b2": {"x": 77.84136038523621, "y": 2693.663117715508}}, "109": {"from_node_id": "123", "to_node_id": "75", "b1": {"x": 80.85554504394531, "y": 2551.0508003234863}, "b2": {"x": 80.85554504394531, "y": 2496.8008003234863}}, "110": {"from_node_id": "123", "to_node_id": "126", "b1": {"x": 80.85554504394531, "y": 2547.0508003234863}, "b2": {"x": 62.85554504394531, "y": 2541.8008003234863}}}}, "17": {"name": "rxn00285", "bigg_id": "rxn00285", "reversibility": false, "label_x": 202.86088609695435, "label_y": 2724.2539253234863, "gene_reaction_rule": "", "genes": [], "metabolites": [{"bigg_id": "cpd00002", "coefficient": -1}, {"bigg_id": "cpd00010", "coefficient": -1}, {"bigg_id": "cpd00036", "coefficient": -1}, {"bigg_id": "cpd00008", "coefficient": 1}, {"bigg_id": "cpd00009", "coefficient": 1}, {"bigg_id": "cpd00078", "coefficient": 1}], "segments": {"111": {"from_node_id": "127", "to_node_id": "128", "b1": null, "b2": null}, "112": {"from_node_id": "129", "to_node_id": "128", "b1": null, "b2": null}, "113": {"from_node_id": "127", "to_node_id": "130", "b1": {"x": 186.86088609695435, "y": 2764.2539253234863}, "b2": {"x": 181.61088609695435, "y": 2746.2539253234863}}, "114": {"from_node_id": "127", "to_node_id": "131", "b1": {"x": 186.86088609695435, "y": 2764.2539253234863}, "b2": {"x": 177.76062059402466, "y": 2782.2539253234863}}, "115": {"from_node_id": "127", "to_node_id": "125", "b1": {"x": 190.86088609695435, "y": 2764.2539253234863}, "b2": {"x": 136.61088609695435, "y": 2764.2539253234863}}, "116": {"from_node_id": "129", "to_node_id": "132", "b1": {"x": 318.86088609695435, "y": 2764.2539253234863}, "b2": {"x": 324.11088609695435, "y": 2746.2539253234863}}, "117": {"from_node_id": "129", "to_node_id": "133", "b1": {"x": 318.86088609695435, "y": 2764.2539253234863}, "b2": {"x": 324.11088609695435, "y": 2782.2539253234863}}, "118": {"from_node_id": "129", "to_node_id": "134", "b1": {"x": 314.86088609695435, "y": 2764.2539253234863}, "b2": {"x": 369.11088609695435, "y": 2764.2539253234863}}}}, "18": {"name": "rxn01872", "bigg_id": "rxn01872", "reversibility": false, "label_x": 549.1395726203918, "label_y": 2737.2785835266113, "gene_reaction_rule": "", "genes": [], "metabolites": [{"bigg_id": "cpd00078", "coefficient": -1}, {"bigg_id": "cpd00449", "coefficient": -1}, {"bigg_id": "cpd00010", "coefficient": 1}, {"bigg_id": "cpd00860", "coefficient": 1}], "segments": {"119": {"from_node_id": "135", "to_node_id": "136", "b1": null, "b2": null}, "120": {"from_node_id": "137", "to_node_id": "136", "b1": null, "b2": null}, "121": {"from_node_id": "135", "to_node_id": "134", "b1": {"x": 540.8608860969543, "y": 2764.2539253234863}, "b2": {"x": 486.61088609695435, "y": 2764.2539253234863}}, "122": {"from_node_id": "135", "to_node_id": "138", "b1": {"x": 536.8608860969543, "y": 2764.2539253234863}, "b2": {"x": 517.6321279650963, "y": 2741.7383757906937}}, "123": {"from_node_id": "137", "to_node_id": "139", "b1": {"x": 664.8608860969543, "y": 2764.2539253234863}, "b2": {"x": 676.9518629237521, "y": 2779.334759370842}}, "124": {"from_node_id": "137", "to_node_id": "140", "b1": {"x": 668.8608860969543, "y": 2764.2539253234863}, "b2": {"x": 706.6232836305496, "y": 2764.635011798093}}}}, "19": {"name": "rxn02376", "bigg_id": "rxn02376", "reversibility": false, "label_x": 887.2803807258606, "label_y": 2749.5764350891113, "gene_reaction_rule": "", "genes": [], "metabolites": [{"bigg_id": "cpd00213", "coefficient": -1}, {"bigg_id": "cpd03189", "coefficient": -1}, {"bigg_id": "cpd00056", "coefficient": 1}, {"bigg_id": "cpd00860", "coefficient": 1}], "segments": {"125": {"from_node_id": "141", "to_node_id": "142", "b1": null, "b2": null}, "126": {"from_node_id": "143", "to_node_id": "142", "b1": null, "b2": null}, "127": {"from_node_id": "141", "to_node_id": "120", "b1": {"x": 1018.1656956672668, "y": 2767.2485542297363}, "b2": {"x": 1047.6113357479246, "y": 2735.697203386336}}, "128": {"from_node_id": "141", "to_node_id": "145", "b1": {"x": 1014.1656956672668, "y": 2767.2485542297363}, "b2": {"x": 1068.4156956672668, "y": 2767.2485542297363}}, "129": {"from_node_id": "143", "to_node_id": "151", "b1": {"x": 886.1656956672668, "y": 2767.2485542297363}, "b2": {"x": 1035.3923226312932, "y": 2871.9060134202978}}, "130": {"from_node_id": "143", "to_node_id": "140", "b1": {"x": 890.1656956672668, "y": 2767.2485542297363}, "b2": {"x": 835.9156956672668, "y": 2767.2485542297363}}}}, "20": {"name": "rxn00441", "bigg_id": "rxn00441", "reversibility": false, "label_x": 1233.5590062141418, "label_y": 2738.4123725891113, "gene_reaction_rule": "", "genes": [], "metabolites": [{"bigg_id": "cpd00024", "coefficient": -1}, {"bigg_id": "cpd00056", "coefficient": -1}, {"bigg_id": "cpd00067", "coefficient": -1}, {"bigg_id": "cpd00011", "coefficient": 1}, {"bigg_id": "cpd03189", "coefficient": 1}], "segments": {"131": {"from_node_id": "147", "to_node_id": "148", "b1": null, "b2": null}, "132": {"from_node_id": "149", "to_node_id": "148", "b1": null, "b2": null}, "133": {"from_node_id": "147", "to_node_id": "150", "b1": {"x": 1368.1656956672668, "y": 2767.2485542297363}, "b2": {"x": 1409.772335692393, "y": 2765.657377020308}}, "134": {"from_node_id": "147", "to_node_id": "151", "b1": {"x": 1364.1656956672668, "y": 2767.2485542297363}, "b2": {"x": 1168.9698924333384, "y": 2869.302351373762}}, "135": {"from_node_id": "147", "to_node_id": "152", "b1": {"x": 1368.1656956672668, "y": 2767.2485542297363}, "b2": {"x": 1377.0437358817449, "y": 2748.4242224315813}}, "136": {"from_node_id": "149", "to_node_id": "153", "b1": {"x": 1236.1656956672668, "y": 2767.2485542297363}, "b2": {"x": 1224.0359453683732, "y": 2759.3921231842482}}, "137": {"from_node_id": "149", "to_node_id": "145", "b1": {"x": 1240.1656956672668, "y": 2767.2485542297363}, "b2": {"x": 1185.9156956672668, "y": 2767.2485542297363}}}}, "21": {"name": "rxn01387", "bigg_id": "rxn01387", "reversibility": false, "label_x": 1495.6415405273438, "label_y": 2235.6175537109375, "gene_reaction_rule": "", "genes": [], "metabolites": [{"bigg_id": "cpd00006", "coefficient": -1}, {"bigg_id": "cpd00260", "coefficient": -1}, {"bigg_id": "cpd00005", "coefficient": 1}, {"bigg_id": "cpd00067", "coefficient": 1}, {"bigg_id": "cpd03187", "coefficient": 1}], "segments": {"138": {"from_node_id": "154", "to_node_id": "155", "b1": null, "b2": null}, "139": {"from_node_id": "156", "to_node_id": "155", "b1": null, "b2": null}, "140": {"from_node_id": "154", "to_node_id": "157", "b1": {"x": 1480.6415405273438, "y": 2163.6175537109375}, "b2": {"x": 1454.6348841163074, "y": 2152.128049194495}}, "141": {"from_node_id": "154", "to_node_id": "98", "b1": {"x": 1480.6415405273438, "y": 2159.6175537109375}, "b2": {"x": 1481.251318574666, "y": 2142.7175059090923}}, "142": {"from_node_id": "156", "to_node_id": "159", "b1": {"x": 1480.6415405273438, "y": 2291.6175537109375}, "b2": {"x": 1462.6415405273438, "y": 2296.8675537109375}}, "143": {"from_node_id": "156", "to_node_id": "160", "b1": {"x": 1480.6415405273438, "y": 2291.6175537109375}, "b2": {"x": 1498.6415405273438, "y": 2296.8675537109375}}, "144": {"from_node_id": "156", "to_node_id": "52", "b1": {"x": 1480.6415405273438, "y": 2287.6175537109375}, "b2": {"x": 1480.6415405273438, "y": 2341.8675537109375}}}}, "22": {"name": "rxn00248", "bigg_id": "rxn00248", "reversibility": false, "label_x": 198.15502166748047, "label_y": 1967.1950874328613, "gene_reaction_rule": "", "genes": [], "metabolites": [{"bigg_id": "cpd00003", "coefficient": -1}, {"bigg_id": "cpd00130", "coefficient": -1}, {"bigg_id": "cpd00004", "coefficient": 1}, {"bigg_id": "cpd00032", "coefficient": 1}, {"bigg_id": "cpd00067", "coefficient": 1}], "segments": {"145": {"from_node_id": "161", "to_node_id": "162", "b1": null, "b2": null}, "146": {"from_node_id": "163", "to_node_id": "162", "b1": null, "b2": null}, "147": {"from_node_id": "161", "to_node_id": "164", "b1": {"x": 193.70580291748047, "y": 1980.2431831359863}, "b2": {"x": 167.73129696575486, "y": 1974.578531339044}}, "148": {"from_node_id": "161", "to_node_id": "70", "b1": {"x": 197.70580291748047, "y": 1980.2431831359863}, "b2": {"x": 139.60553741455078, "y": 2084.2004585266113}}, "149": {"from_node_id": "163", "to_node_id": "165", "b1": {"x": 321.70580291748047, "y": 1980.2431831359863}, "b2": {"x": 338.2298597778154, "y": 1968.3423194442526}}, "150": {"from_node_id": "163", "to_node_id": "23", "b1": {"x": 325.70580291748047, "y": 1980.2431831359863}, "b2": {"x": 367.4373922027868, "y": 2078.3624086633263}}, "151": {"from_node_id": "163", "to_node_id": "167", "b1": {"x": 325.70580291748047, "y": 1980.2431831359863}, "b2": {"x": 353.6736244185429, "y": 2015.9521012023902}}}}, "23": {"name": "rxn00256", "bigg_id": "rxn00256", "reversibility": false, "label_x": 561.1136822411181, "label_y": 2036.9761300742066, "gene_reaction_rule": "", "genes": [], "metabolites": [{"bigg_id": "cpd00010", "coefficient": -1}, {"bigg_id": "cpd00067", "coefficient": -1}, {"bigg_id": "cpd00137", "coefficient": -1}, {"bigg_id": "cpd00001", "coefficient": 1}, {"bigg_id": "cpd00022", "coefficient": 1}, {"bigg_id": "cpd00032", "coefficient": 1}], "segments": {"152": {"from_node_id": "168", "to_node_id": "169", "b1": null, "b2": null}, "153": {"from_node_id": "170", "to_node_id": "169", "b1": null, "b2": null}, "154": {"from_node_id": "168", "to_node_id": "171", "b1": {"x": 673.1136822411181, "y": 2076.9761300742066}, "b2": {"x": 696.4987599227429, "y": 2102.7041564528713}}, "155": {"from_node_id": "168", "to_node_id": "172", "b1": {"x": 677.1136822411181, "y": 2076.9761300742066}, "b2": {"x": 682.3636822411181, "y": 2058.9761300742066}}, "156": {"from_node_id": "168", "to_node_id": "92", "b1": {"x": 677.1136822411181, "y": 2076.9761300742066}, "b2": {"x": 707.1331559311208, "y": 2077.043769654473}}, "157": {"from_node_id": "170", "to_node_id": "174", "b1": {"x": 545.1136822411181, "y": 2076.9761300742066}, "b2": {"x": 538.0591069917162, "y": 2104.6484907119675}}, "158": {"from_node_id": "170", "to_node_id": "175", "b1": {"x": 545.1136822411181, "y": 2076.9761300742066}, "b2": {"x": 538.9525990473734, "y": 2061.3336577655705}}, "159": {"from_node_id": "170", "to_node_id": "23", "b1": {"x": 549.1136822411181, "y": 2076.9761300742066}, "b2": {"x": 494.8636822411181, "y": 2076.9761300742066}}}}, "24": {"name": "rxn00250", "bigg_id": "rxn00250", "reversibility": false, "label_x": 454.0957379051806, "label_y": 1728.578547066394, "gene_reaction_rule": "", "genes": [], "metabolites": [{"bigg_id": "cpd00002", "coefficient": -1}, {"bigg_id": "cpd00020", "coefficient": -1}, {"bigg_id": "cpd00242", "coefficient": -1}, {"bigg_id": "cpd00008", "coefficient": 1}, {"bigg_id": "cpd00009", "coefficient": 1}, {"bigg_id": "cpd00032", "coefficient": 1}, {"bigg_id": "cpd00067", "coefficient": 1}], "segments": {"160": {"from_node_id": "176", "to_node_id": "177", "b1": null, "b2": null}, "161": {"from_node_id": "178", "to_node_id": "177", "b1": null, "b2": null}, "162": {"from_node_id": "176", "to_node_id": "179", "b1": {"x": 439.0957379051806, "y": 1656.578547066394}, "b2": {"x": 403.4081054366881, "y": 1641.7916406880927}}, "163": {"from_node_id": "176", "to_node_id": "180", "b1": {"x": 439.0957379051806, "y": 1652.578547066394}, "b2": {"x": 440.37309920501883, "y": 1628.9660810955568}}, "164": {"from_node_id": "176", "to_node_id": "181", "b1": {"x": 439.0957379051806, "y": 1652.578547066394}, "b2": {"x": 457.0957379051806, "y": 1647.328547066394}}, "165": {"from_node_id": "178", "to_node_id": "182", "b1": {"x": 439.0957379051806, "y": 1784.578547066394}, "b2": {"x": 421.0957379051806, "y": 1789.828547066394}}, "166": {"from_node_id": "178", "to_node_id": "183", "b1": {"x": 439.0957379051806, "y": 1784.578547066394}, "b2": {"x": 457.0957379051806, "y": 1789.828547066394}}, "167": {"from_node_id": "178", "to_node_id": "23", "b1": {"x": 439.0957379051806, "y": 1780.578547066394}, "b2": {"x": 436.1136822411181, "y": 2018.2261300742066}}, "168": {"from_node_id": "178", "to_node_id": "184", "b1": {"x": 439.0957379051806, "y": 1784.578547066394}, "b2": {"x": 443.7839703270556, "y": 1753.954035347644}}}}}, "nodes": {"0": {"node_type": "metabolite", "x": 792.0152163439791, "y": 3050.688676924377, "bigg_id": "cpd00011", "name": "CO2", "label_x": 727.7035098010103, "label_y": 3065.573930830627, "node_is_primary": false}, "1": {"node_type": "multimarker", "x": 935.7974162149819, "y": 3052.913618024177}, "2": {"node_type": "midmarker", "x": 955.7904665763622, "y": 3053.4408155652804}, "3": {"node_type": "multimarker", "x": 975.783516937741, "y": 3053.968013106385}, "4": {"node_type": "metabolite", "x": 852.9357423435308, "y": 2970.7008270289734, "bigg_id": "cpd00067", "name": "H+", "label_x": 867.9357423435308, "label_y": 2970.7008270289734, "node_is_primary": false}, "6": {"node_type": "metabolite", "x": 866.6024222116737, "y": 3136.7181152347534, "bigg_id": "cpd11620", "name": "Reducedferredoxin", "label_x": 772.2744803171424, "label_y": 3168.5789550785034, "node_is_primary": false}, "7": {"node_type": "metabolite", "x": 1130.7296572384316, "y": 3058.0537940499335, "bigg_id": "cpd00010", "name": "CoA", "label_x": 1155.7296572384316, "label_y": 3058.0537940499335, "node_is_primary": false}, "9": {"node_type": "metabolite", "x": 1058.6451908091904, "y": 3136.180804101591, "bigg_id": "cpd11621", "name": "Oxidizedferredoxin", "label_x": 986.6451908091901, "label_y": 3166.180804101591, "node_is_primary": false}, "18": {"node_type": "metabolite", "x": 181.64642462088307, "y": 2263.9391782084617, "bigg_id": "cpd00015", "name": "FAD", "label_x": 206.64642462088307, "label_y": 2263.9391782084617, "node_is_primary": false}, "19": {"node_type": "multimarker", "x": 240.36370910794426, "y": 2180.2429372938095}, "20": {"node_type": "midmarker", "x": 260.36035011912804, "y": 2179.8764017977664}, "21": {"node_type": "multimarker", "x": 280.3569911303119, "y": 2179.5098663017225}, "23": {"node_type": "metabolite", "x": 436.1136822411181, "y": 2076.9761300742066, "bigg_id": "cpd00032", "name": "Oxaloacetate", "label_x": 394.9158367821337, "label_y": 2106.9761300742066, "node_is_primary": true}, "24": {"node_type": "metabolite", "x": 335.2240253732305, "y": 2265.2252464808207, "bigg_id": "cpd00982", "name": "FADH2", "label_x": 360.22402537323046, "label_y": 2265.2252464808207, "node_is_primary": false}, "40": {"node_type": "metabolite", "x": 1837.8607177734375, "y": 2203.558837890625, "bigg_id": "cpd00003", "name": "NAD", "label_x": 1862.8607177734375, "label_y": 2203.558837890625, "node_is_primary": false}, "41": {"node_type": "multimarker", "x": 1837.8607177734375, "y": 2358.558837890625}, "42": {"node_type": "midmarker", "x": 1837.8607177734375, "y": 2378.558837890625}, "43": {"node_type": "multimarker", "x": 1837.8607177734375, "y": 2398.558837890625}, "45": {"node_type": "metabolite", "x": 1837.8607177734375, "y": 2553.558837890625, "bigg_id": "cpd00004", "name": "NADH", "label_x": 1862.8607177734375, "label_y": 2553.558837890625, "node_is_primary": false}, "46": {"node_type": "metabolite", "x": 1917.8607177734375, "y": 2483.558837890625, "bigg_id": "cpd00011", "name": "CO2", "label_x": 1932.8607177734375, "label_y": 2483.558837890625, "node_is_primary": false}, "48": {"node_type": "metabolite", "x": 1402.7807006835938, "y": 2503.8795166015625, "bigg_id": "cpd00067", "name": "H+", "label_x": 1427.7807006835938, "label_y": 2503.8795166015625, "node_is_primary": false}, "49": {"node_type": "multimarker", "x": 1479.7860717773438, "y": 2574.1737060546875}, "50": {"node_type": "midmarker", "x": 1479.7860717773438, "y": 2594.1737060546875}, "51": {"node_type": "multimarker", "x": 1479.7860717773438, "y": 2614.1737060546875}, "52": {"node_type": "metabolite", "x": 1480.6415405273438, "y": 2400.6175537109375, "bigg_id": "cpd03187", "name": "Oxalosuccinate", "label_x": 1508.7484741210938, "label_y": 2446.0186767578125, "node_is_primary": true}, "53": {"node_type": "metabolite", "x": 1411.3368530273438, "y": 2614.4678955078125, "bigg_id": "cpd00011", "name": "CO2", "label_x": 1373.9890747070312, "label_y": 2602.1148681640625, "node_is_primary": false}, "70": {"node_type": "metabolite", "x": 80.85553741455078, "y": 2084.2004585266113, "bigg_id": "cpd00130", "name": "L-Malate", "label_x": 24.99993133544922, "label_y": 2053.398334503174, "node_is_primary": true}, "71": {"node_type": "multimarker", "x": 80.85553741455078, "y": 2239.2004585266113}, "72": {"node_type": "midmarker", "x": 80.85553741455078, "y": 2259.2004585266113}, "73": {"node_type": "multimarker", "x": 80.85553741455078, "y": 2279.2004585266113}, "74": {"node_type": "metabolite", "x": 0.8555374145507812, "y": 2364.2004585266113, "bigg_id": "cpd00001", "name": "H2O", "label_x": -71.14446258544922, "label_y": 2394.2004585266113, "node_is_primary": false}, "75": {"node_type": "metabolite", "x": 80.85554504394531, "y": 2438.0508003234863, "bigg_id": "cpd00106", "name": "Fumarate", "label_x": 105.85554504394531, "label_y": 2438.0508003234863, "node_is_primary": true}, "92": {"node_type": "metabolite", "x": 775.0400379317512, "y": 2075.488120564679, "bigg_id": "cpd00137", "name": "Citrate", "label_x": 747.9415271895637, "label_y": 2047.5782084553039, "node_is_primary": true}, "93": {"node_type": "multimarker", "x": 931.8968456790585, "y": 2072.8590093227413}, "94": {"node_type": "midmarker", "x": 951.8963490350619, "y": 2072.999954394346}, "95": {"node_type": "multimarker", "x": 971.8958523910654, "y": 2073.140899465952}, "96": {"node_type": "metabolite", "x": 1056.329961367661, "y": 2153.737929444284, "bigg_id": "cpd00001", "name": "H2O", "label_x": 984.3299613676611, "label_y": 2183.737929444284, "node_is_primary": false}, "97": {"node_type": "metabolite", "x": 1126.892003400091, "y": 2074.233223770887, "bigg_id": "cpd00331", "name": "cis-Aconitate", "label_x": 1086.7688344547782, "label_y": 2113.307198380262, "node_is_primary": true}, "98": {"node_type": "metabolite", "x": 1477.4287850248381, "y": 2069.537695360157, "bigg_id": "cpd00260", "name": "Isocitrate", "label_x": 1502.4287850248381, "label_y": 2069.537695360157, "node_is_primary": true}, "99": {"node_type": "multimarker", "x": 1322.4301510946204, "y": 2068.8869421302543}, "100": {"node_type": "midmarker", "x": 1302.4303273616897, "y": 2068.8029739715566}, "101": {"node_type": "multimarker", "x": 1282.4305036287574, "y": 2068.719005812859}, "102": {"node_type": "metabolite", "x": 1197.7671253985877, "y": 1988.3628462066713, "bigg_id": "cpd00001", "name": "H2O", "label_x": 1125.7671253985877, "label_y": 2018.3628462066713, "node_is_primary": false}, "113": {"node_type": "metabolite", "x": 661.7060834273157, "y": 2465.0567097895737, "bigg_id": "cpd00003", "name": "NAD", "label_x": 686.7060834273157, "label_y": 2465.0567097895737, "node_is_primary": false}, "114": {"node_type": "multimarker", "x": 751.5777475085894, "y": 2534.496191193393}, "115": {"node_type": "midmarker", "x": 771.5770808023423, "y": 2534.3328883906597}, "116": {"node_type": "multimarker", "x": 791.5764140960954, "y": 2534.169585587926}, "118": {"node_type": "metabolite", "x": 890.7514229039316, "y": 2452.8954439448694, "bigg_id": "cpd00004", "name": "NADH", "label_x": 915.7514229039316, "label_y": 2452.8954439448694, "node_is_primary": false}, "119": {"node_type": "metabolite", "x": 933.6008503406447, "y": 2475.806340501298, "bigg_id": "cpd00067", "name": "H+", "label_x": 948.6008503406447, "label_y": 2475.806340501298, "node_is_primary": false}, "120": {"node_type": "metabolite", "x": 1078.127853817197, "y": 2669.637188491948, "bigg_id": "cpd00213", "name": "Lipoamide", "label_x": 1080.554367489072, "label_y": 2651.259991226323, "node_is_primary": true}, "121": {"node_type": "multimarker", "x": 80.85554504394531, "y": 2633.0508003234863}, "122": {"node_type": "midmarker", "x": 80.85554504394531, "y": 2613.0508003234863}, "123": {"node_type": "multimarker", "x": 80.85554504394531, "y": 2593.0508003234863}, "124": {"node_type": "metabolite", "x": -3.8503360748291016, "y": 2718.7458686828613, "bigg_id": "cpd00015", "name": "FAD", "label_x": -63.55621528625488, "label_y": 2707.1948432922363, "node_is_primary": false}, "125": {"node_type": "metabolite", "x": 77.86088609695435, "y": 2764.2539253234863, "bigg_id": "cpd00036", "name": "Succinate", "label_x": 5.860886096954346, "label_y": 2794.2539253234863, "node_is_primary": true}, "126": {"node_type": "metabolite", "x": 0.8555450439453125, "y": 2508.0508003234863, "bigg_id": "cpd00982", "name": "FADH2", "label_x": -71.14445495605469, "label_y": 2538.0508003234863, "node_is_primary": false}, "127": {"node_type": "multimarker", "x": 232.86088609695435, "y": 2764.2539253234863}, "128": {"node_type": "midmarker", "x": 252.86088609695435, "y": 2764.2539253234863}, "129": {"node_type": "multimarker", "x": 272.86088609695435, "y": 2764.2539253234863}, "130": {"node_type": "metabolite", "x": 147.86088609695435, "y": 2684.2539253234863, "bigg_id": "cpd00002", "name": "ATP", "label_x": 104.66088609695436, "label_y": 2664.2539253234863, "node_is_primary": false}, "131": {"node_type": "metabolite", "x": 144.01062059402466, "y": 2844.2539253234863, "bigg_id": "cpd00010", "name": "CoA", "label_x": 100.81062059402461, "label_y": 2884.2539253234863, "node_is_primary": false}, "132": {"node_type": "metabolite", "x": 357.86088609695435, "y": 2684.2539253234863, "bigg_id": "cpd00008", "name": "ADP", "label_x": 314.66088609695436, "label_y": 2664.2539253234863, "node_is_primary": false}, "133": {"node_type": "metabolite", "x": 357.86088609695435, "y": 2844.2539253234863, "bigg_id": "cpd00009", "name": "Phosphate", "label_x": 314.66088609695436, "label_y": 2884.2539253234863, "node_is_primary": false}, "134": {"node_type": "metabolite", "x": 427.86088609695435, "y": 2764.2539253234863, "bigg_id": "cpd00078", "name": "Succinyl-CoA", "label_x": 384.66088609695436, "label_y": 2804.2539253234863, "node_is_primary": true}, "135": {"node_type": "multimarker", "x": 582.8608860969543, "y": 2764.2539253234863}, "136": {"node_type": "midmarker", "x": 602.8608860969543, "y": 2764.2539253234863}, "137": {"node_type": "multimarker", "x": 622.8608860969543, "y": 2764.2539253234863}, "138": {"node_type": "metabolite", "x": 514.6068577766418, "y": 2671.2124214172363, "bigg_id": "cpd00449", "name": "Dihydrolipoamide", "label_x": 534.669369983673, "label_y": 2670.2780952453613, "node_is_primary": true}, "139": {"node_type": "metabolite", "x": 693.1550145149231, "y": 2835.8061714172363, "bigg_id": "cpd00010", "name": "CoA", "label_x": 649.955014514923, "label_y": 2875.8061714172363, "node_is_primary": false}, "140": {"node_type": "metabolite", "x": 777.1656956672668, "y": 2767.2485542297363, "bigg_id": "cpd00860", "name": "S-Succinyldihydrolipoamide", "label_x": 691.1704686164856, "label_y": 2803.5273628234863, "node_is_primary": true}, "141": {"node_type": "multimarker", "x": 972.1656956672668, "y": 2767.2485542297363}, "142": {"node_type": "midmarker", "x": 952.1656956672668, "y": 2767.2485542297363}, "143": {"node_type": "multimarker", "x": 932.1656956672668, "y": 2767.2485542297363}, "145": {"node_type": "metabolite", "x": 1127.1656956672668, "y": 2767.2485542297363, "bigg_id": "cpd03189", "name": "3-Carboxy-1-hydroxypropyl-ThPP", "label_x": 1083.9656956672668, "label_y": 2807.2485542297363, "node_is_primary": true}, "147": {"node_type": "multimarker", "x": 1322.1656956672668, "y": 2767.2485542297363}, "148": {"node_type": "midmarker", "x": 1302.1656956672668, "y": 2767.2485542297363}, "149": {"node_type": "multimarker", "x": 1282.1656956672668, "y": 2767.2485542297363}, "150": {"node_type": "metabolite", "x": 1480.3207249641418, "y": 2768.1042671203613, "bigg_id": "cpd00024", "name": "2-Oxoglutarate", "label_x": 1496.6618626594543, "label_y": 2798.3423042297363, "node_is_primary": true}, "151": {"node_type": "metabolite", "x": 1110.6708226203918, "y": 2876.5674018859863, "bigg_id": "cpd00056", "name": "TPP", "label_x": 1067.4708226203918, "label_y": 2916.5674018859863, "node_is_primary": true}, "152": {"node_type": "metabolite", "x": 1376.3635716438293, "y": 2677.8366889953613, "bigg_id": "cpd00067", "name": "H+", "label_x": 1333.1635716438293, "label_y": 2693.6482124328613, "node_is_primary": false}, "153": {"node_type": "metabolite", "x": 1217.6329808235168, "y": 2689.0923042297363, "bigg_id": "cpd00011", "name": "CO2", "label_x": 1174.4329808235168, "label_y": 2729.0923042297363, "node_is_primary": false}, "154": {"node_type": "multimarker", "x": 1480.6415405273438, "y": 2205.6175537109375}, "155": {"node_type": "midmarker", "x": 1480.6415405273438, "y": 2225.6175537109375}, "156": {"node_type": "multimarker", "x": 1480.6415405273438, "y": 2245.6175537109375}, "157": {"node_type": "metabolite", "x": 1395.9358520507812, "y": 2154.57470703125, "bigg_id": "cpd00006", "name": "NADP", "label_x": 1363.1818237304688, "label_y": 2204.628173828125, "node_is_primary": false}, "159": {"node_type": "metabolite", "x": 1400.6415405273438, "y": 2330.6175537109375, "bigg_id": "cpd00005", "name": "NADPH", "label_x": 1328.6415405273438, "label_y": 2360.6175537109375, "node_is_primary": false}, "160": {"node_type": "metabolite", "x": 1560.6415405273438, "y": 2330.6175537109375, "bigg_id": "cpd00067", "name": "H+", "label_x": 1575.6415405273438, "label_y": 2330.6175537109375, "node_is_primary": false}, "161": {"node_type": "multimarker", "x": 239.70580291748047, "y": 1980.2431831359863}, "162": {"node_type": "midmarker", "x": 259.70580291748047, "y": 1980.2431831359863}, "163": {"node_type": "multimarker", "x": 279.70580291748047, "y": 1980.2431831359863}, "164": {"node_type": "metabolite", "x": 131.60419464111328, "y": 1913.9328804016113, "bigg_id": "cpd00003", "name": "NAD", "label_x": 88.40419464111329, "label_y": 1953.9328804016113, "node_is_primary": false}, "165": {"node_type": "metabolite", "x": 343.65828704833984, "y": 1909.8436470031738, "bigg_id": "cpd00004", "name": "NADH", "label_x": 354.2298934936523, "label_y": 1883.6341743469238, "node_is_primary": false}, "167": {"node_type": "metabolite", "x": 388.29808807373047, "y": 1954.4361763000488, "bigg_id": "cpd00067", "name": "H+", "label_x": 383.8650863647461, "label_y": 1931.6994819641113, "node_is_primary": false}, "168": {"node_type": "multimarker", "x": 631.1136822411181, "y": 2076.9761300742066}, "169": {"node_type": "midmarker", "x": 611.1136822411181, "y": 2076.9761300742066}, "170": {"node_type": "multimarker", "x": 591.1136822411181, "y": 2076.9761300742066}, "171": {"node_type": "metabolite", "x": 716.8088726708056, "y": 2157.8318429648316, "bigg_id": "cpd00010", "name": "CoA", "label_x": 673.6088726708056, "label_y": 2197.8318429648316, "node_is_primary": false}, "172": {"node_type": "metabolite", "x": 716.1136822411181, "y": 1996.9761300742066, "bigg_id": "cpd00067", "name": "H+", "label_x": 672.9136822411181, "label_y": 1976.9761300742066, "node_is_primary": false}, "174": {"node_type": "metabolite", "x": 525.3650250145556, "y": 2174.088556832019, "bigg_id": "cpd00001", "name": "H2O", "label_x": 482.1650250145556, "label_y": 2154.088556832019, "node_is_primary": false}, "175": {"node_type": "metabolite", "x": 526.6106915184619, "y": 1991.8301339804566, "bigg_id": "cpd00022", "name": "Acetyl-CoA", "label_x": 491.11119200674307, "label_y": 1962.525324410144, "node_is_primary": true}, "176": {"node_type": "multimarker", "x": 439.0957379051806, "y": 1698.578547066394}, "177": {"node_type": "midmarker", "x": 439.0957379051806, "y": 1718.578547066394}, "178": {"node_type": "multimarker", "x": 439.0957379051806, "y": 1738.578547066394}, "179": {"node_type": "metabolite", "x": 349.63348814932124, "y": 1618.1304269492066, "bigg_id": "cpd00002", "name": "ATP", "label_x": 295.60849425283686, "label_y": 1655.406427925769, "node_is_primary": false}, "180": {"node_type": "metabolite", "x": 442.593876332915, "y": 1558.4102121054566, "bigg_id": "cpd00020", "name": "Pyruvate", "label_x": 455.5830120751025, "label_y": 1548.1521554648316, "node_is_primary": true}, "181": {"node_type": "metabolite", "x": 519.0957379051806, "y": 1613.578547066394, "bigg_id": "cpd00242", "name": "H2CO3", "label_x": 534.0957379051806, "label_y": 1613.578547066394, "node_is_primary": false}, "182": {"node_type": "metabolite", "x": 359.0957379051806, "y": 1823.578547066394, "bigg_id": "cpd00008", "name": "ADP", "label_x": 297.5329937645556, "label_y": 1834.1951242148316, "node_is_primary": false}, "183": {"node_type": "metabolite", "x": 519.0957379051806, "y": 1823.578547066394, "bigg_id": "cpd00009", "name": "Phosphate", "label_x": 534.0957379051806, "label_y": 1823.578547066394, "node_is_primary": false}, "184": {"node_type": "metabolite", "x": 567.7839703270556, "y": 1782.704035347644, "bigg_id": "cpd00067", "name": "H+", "label_x": 582.7839703270556, "label_y": 1782.704035347644, "node_is_primary": false}}, "text_labels": {"0": {"x": 418.168212890625, "y": 2384.70751953125, "text": "TCA / Krebs / Citric Acid Cycle"}}, "canvas": {"x": -149.50514221191406, "y": 1437.0855102539062, "width": 2196.572769165039, "height": 1792.7240600585938}}]