[{"map_name":"new_map","map_id":"46ovoQMzRsRI","map_description":"","homepage":"https://escher.github.io","schema":"https://escher.github.io/escher/jsonschema/1-0-0#"},{"reactions":{"0":{"name":"rxn01537","bigg_id":"rxn01537","reversibility":false,"label_x":399.8004777887862,"label_y":1474.4744530266128,"gene_reaction_rule":"","genes":[],"metabolites":[{"bigg_id":"cpd00001","coefficient":-1},{"bigg_id":"cpd00305","coefficient":-1},{"bigg_id":"cpd00939","coefficient":1},{"bigg_id":"cpd02636","coefficient":1}],"segments":{"0":{"from_node_id":"1","to_node_id":"2","b1":null,"b2":null},"1":{"from_node_id":"3","to_node_id":"2","b1":null,"b2":null},"2":{"from_node_id":"1","to_node_id":"0","b1":{"x":535.5793285389068,"y":1436.0309705001089},"b2":{"x":557.5457331472894,"y":1419.7181491194954}},"3":{"from_node_id":"1","to_node_id":"88","b1":{"x":539.5793086165988,"y":1436.0183459973912},"b2":{"x":928.137012306436,"y":1440.1968122770222}},"4":{"from_node_id":"3","to_node_id":"5","b1":{"x":411.57994613046185,"y":1436.4223300843666},"b2":{"x":-187.4510584687648,"y":1430.5404493165408}},"5":{"from_node_id":"3","to_node_id":"55","b1":{"x":254.2341561162467,"y":1428.3641538058348},"b2":{"x":95.58148577157681,"y":1311.5132594051006}}}},"1":{"name":"rxn03108","bigg_id":"rxn03108","reversibility":false,"label_x":798.6849670410156,"label_y":423.8346993923187,"gene_reaction_rule":"","genes":[],"metabolites":[{"bigg_id":"cpd00002","coefficient":-1},{"bigg_id":"cpd02775","coefficient":-1},{"bigg_id":"cpd00008","coefficient":1},{"bigg_id":"cpd02894","coefficient":1}],"segments":{"6":{"from_node_id":"8","to_node_id":"9","b1":null,"b2":null},"7":{"from_node_id":"10","to_node_id":"9","b1":null,"b2":null},"8":{"from_node_id":"8","to_node_id":"7","b1":{"x":783.6849670410156,"y":351.8346993923187},"b2":{"x":813.9506530761719,"y":354.0805184841156}},"9":{"from_node_id":"8","to_node_id":"11","b1":{"x":783.6849670410156,"y":347.8346993923187},"b2":{"x":781.8266296386719,"y":326.4430367946625}},"10":{"from_node_id":"10","to_node_id":"12","b1":{"x":783.6849670410156,"y":475.8346993923187},"b2":{"x":805.8796691894531,"y":495.7836740016937}},"11":{"from_node_id":"10","to_node_id":"81","b1":{"x":783.6849670410156,"y":479.8346993923187},"b2":{"x":783.8442687988281,"y":532.647748708725}}}},"2":{"name":"rxn00438","bigg_id":"rxn00438","reversibility":false,"label_x":1189.3552713593601,"label_y":1147.2909218609175,"gene_reaction_rule":"","genes":[],"metabolites":[{"bigg_id":"cpd00002","coefficient":-1},{"bigg_id":"cpd00793","coefficient":-1},{"bigg_id":"cpd00008","coefficient":1},{"bigg_id":"cpd00056","coefficient":1}],"segments":{"12":{"from_node_id":"15","to_node_id":"16","b1":null,"b2":null},"13":{"from_node_id":"17","to_node_id":"16","b1":null,"b2":null},"14":{"from_node_id":"15","to_node_id":"14","b1":{"x":1191.0464447319582,"y":1099.2033801193336},"b2":{"x":1173.1157294896232,"y":1071.1733509196658}},"15":{"from_node_id":"15","to_node_id":"90","b1":{"x":1187.0464769606344,"y":1099.21943715415},"b2":{"x":1097.1250015033866,"y":1095.0455427645575}},"16":{"from_node_id":"17","to_node_id":"19","b1":{"x":1319.045413414335,"y":1098.6895550051834},"b2":{"x":1314.2790047240003,"y":1064.2078248640391}},"17":{"from_node_id":"17","to_node_id":"20","b1":{"x":1315.045445643011,"y":1098.705612040002},"b2":{"x":1369.2950085415964,"y":1098.4878385052934}}}},"3":{"name":"rxn09310","bigg_id":"rxn09310","reversibility":false,"label_x":415.015625,"label_y":268.6573028564453,"gene_reaction_rule":"","genes":[],"metabolites":[{"bigg_id":"cpd00002","coefficient":-1},{"bigg_id":"cpd00069","coefficient":-1},{"bigg_id":"cpd00084","coefficient":-1},{"bigg_id":"cpd08289","coefficient":-1},{"bigg_id":"cpd00001","coefficient":1},{"bigg_id":"cpd00011","coefficient":1},{"bigg_id":"cpd00012","coefficient":1},{"bigg_id":"cpd00018","coefficient":1},{"bigg_id":"cpd00035","coefficient":1},{"bigg_id":"cpd00067","coefficient":2},{"bigg_id":"cpd02654","coefficient":1},{"bigg_id":"cpd15378","coefficient":1}],"segments":{"18":{"from_node_id":"22","to_node_id":"23","b1":null,"b2":null},"19":{"from_node_id":"24","to_node_id":"23","b1":null,"b2":null},"20":{"from_node_id":"22","to_node_id":"21","b1":{"x":400.015625,"y":196.6573028564453},"b2":{"x":440.3697814941406,"y":180.7437286376953}},"21":{"from_node_id":"22","to_node_id":"25","b1":{"x":400.015625,"y":192.6573028564453},"b2":{"x":403.8916931152344,"y":124.85835266113281}},"22":{"from_node_id":"22","to_node_id":"26","b1":{"x":400.015625,"y":192.6573028564453},"b2":{"x":382.015625,"y":187.4073028564453}},"23":{"from_node_id":"22","to_node_id":"117","b1":{"x":400.015625,"y":192.6573028564453},"b2":{"x":436.82664489746094,"y":-48.38618469238281}},"24":{"from_node_id":"24","to_node_id":"28","b1":{"x":400.015625,"y":324.6573028564453},"b2":{"x":454.015625,"y":299.9073028564453}},"25":{"from_node_id":"24","to_node_id":"29","b1":{"x":400.015625,"y":324.6573028564453},"b2":{"x":436.015625,"y":314.9073028564453}},"26":{"from_node_id":"24","to_node_id":"30","b1":{"x":400.015625,"y":324.6573028564453},"b2":{"x":418.015625,"y":329.9073028564453}},"27":{"from_node_id":"24","to_node_id":"31","b1":{"x":400.015625,"y":320.6573028564453},"b2":{"x":426.2458190917969,"y":372.8896026611328}},"28":{"from_node_id":"24","to_node_id":"32","b1":{"x":400.015625,"y":324.6573028564453},"b2":{"x":382.015625,"y":329.9073028564453}},"29":{"from_node_id":"24","to_node_id":"33","b1":{"x":400.015625,"y":324.6573028564453},"b2":{"x":364.015625,"y":314.9073028564453}},"30":{"from_node_id":"24","to_node_id":"80","b1":{"x":410.1041564941406,"y":564.7646026611328},"b2":{"x":691.0437202453613,"y":921.3614654541016}},"31":{"from_node_id":"24","to_node_id":"35","b1":{"x":391.9447937011719,"y":310.53334045410156},"b2":{"x":372.4052062034607,"y":305.08436584472656}}}},"4":{"name":"rxn07295","bigg_id":"rxn07295","reversibility":false,"label_x":1185.7634582519531,"label_y":-351.3811225891113,"gene_reaction_rule":"","genes":[],"metabolites":[{"bigg_id":"cpd00033","coefficient":-1},{"bigg_id":"cpd00067","coefficient":2},{"bigg_id":"cpd14545","coefficient":1}],"segments":{"32":{"from_node_id":"37","to_node_id":"38","b1":null,"b2":null},"33":{"from_node_id":"39","to_node_id":"38","b1":null,"b2":null},"34":{"from_node_id":"37","to_node_id":"36","b1":{"x":1170.7634582519531,"y":-423.3811225891113},"b2":{"x":1170.7634582519531,"y":-477.6311225891113}},"35":{"from_node_id":"39","to_node_id":"40","b1":{"x":1170.7634582519531,"y":-295.3811225891113},"b2":{"x":1152.7634582519531,"y":-290.1311225891113}},"36":{"from_node_id":"39","to_node_id":"41","b1":{"x":1170.7634582519531,"y":-299.3811225891113},"b2":{"x":1170.7634582519531,"y":-245.13112258911133}}}},"5":{"name":"rxn00269","bigg_id":"rxn00269","reversibility":false,"label_x":832.5941237262514,"label_y":-492.6514297132177,"gene_reaction_rule":"","genes":[],"metabolites":[{"bigg_id":"cpd00001","coefficient":-1},{"bigg_id":"cpd00007","coefficient":-1},{"bigg_id":"cpd00033","coefficient":-1},{"bigg_id":"cpd00013","coefficient":1},{"bigg_id":"cpd00025","coefficient":1},{"bigg_id":"cpd00040","coefficient":1}],"segments":{"37":{"from_node_id":"43","to_node_id":"44","b1":null,"b2":null},"38":{"from_node_id":"45","to_node_id":"44","b1":null,"b2":null},"39":{"from_node_id":"43","to_node_id":"42","b1":{"x":966.2929544425681,"y":-540.5850939903179},"b2":{"x":973.8907550318079,"y":-562.9476007830935}},"40":{"from_node_id":"43","to_node_id":"46","b1":{"x":970.2926419522403,"y":-540.6350922400503},"b2":{"x":975.76722393248,"y":-522.7021211493018}},"41":{"from_node_id":"43","to_node_id":"36","b1":{"x":970.2926419522403,"y":-540.6350922400503},"b2":{"x":1032.9143938111317,"y":-539.0244136347883}},"42":{"from_node_id":"45","to_node_id":"48","b1":{"x":838.302954133075,"y":-538.9851499988849},"b2":{"x":833.2783564004262,"y":-520.9209335025882}},"43":{"from_node_id":"45","to_node_id":"49","b1":{"x":838.302954133075,"y":-538.9851499988849},"b2":{"x":832.828372152836,"y":-556.9181210896335}},"44":{"from_node_id":"45","to_node_id":"50","b1":{"x":842.3026416427465,"y":-539.0351482486167},"b2":{"x":788.0568797928245,"y":-538.3570469866233}}}},"6":{"name":"rxn03075","bigg_id":"rxn03075","reversibility":false,"label_x":268.7177285969784,"label_y":1140.6741203156912,"gene_reaction_rule":"","genes":[],"metabolites":[{"bigg_id":"cpd00002","coefficient":-1},{"bigg_id":"cpd02636","coefficient":-1},{"bigg_id":"cpd00008","coefficient":1},{"bigg_id":"cpd00067","coefficient":1},{"bigg_id":"cpd02654","coefficient":1}],"segments":{"45":{"from_node_id":"52","to_node_id":"53","b1":null,"b2":null},"46":{"from_node_id":"54","to_node_id":"53","b1":null,"b2":null},"47":{"from_node_id":"52","to_node_id":"51","b1":{"x":274.47495742043156,"y":1100.4602257549159},"b2":{"x":267.38361622291444,"y":1063.3661152283269}},"48":{"from_node_id":"52","to_node_id":"55","b1":{"x":270.4769688715853,"y":1100.333388996459},"b2":{"x":189.66584041316372,"y":1101.5849128712905}},"49":{"from_node_id":"54","to_node_id":"56","b1":{"x":398.4126024346583,"y":1104.3921652670895},"b2":{"x":419.27856841506554,"y":1059.021896871548}},"50":{"from_node_id":"54","to_node_id":"57","b1":{"x":402.41059098350485,"y":1104.5190020255473},"b2":{"x":428.0756752134544,"y":1103.2403609563971}},"51":{"from_node_id":"54","to_node_id":"80","b1":{"x":402.41059098350485,"y":1104.5190020255473},"b2":{"x":462.8096569246061,"y":1104.8252656771717}}}},"7":{"name":"rxn09997","bigg_id":"rxn09997","reversibility":false,"label_x":-236.75839614868164,"label_y":1263.9958114624023,"gene_reaction_rule":"","genes":[],"metabolites":[{"bigg_id":"cpd00001","coefficient":-1},{"bigg_id":"cpd02140","coefficient":-1},{"bigg_id":"cpd00007","coefficient":0.5},{"bigg_id":"cpd00009","coefficient":1},{"bigg_id":"cpd00229","coefficient":1},{"bigg_id":"cpd00939","coefficient":1}],"segments":{"52":{"from_node_id":"60","to_node_id":"61","b1":null,"b2":null},"53":{"from_node_id":"62","to_node_id":"61","b1":null,"b2":null},"54":{"from_node_id":"60","to_node_id":"59","b1":{"x":-251.75839614868164,"y":1191.9958114624023},"b2":{"x":-265.8823585510254,"y":1180.1176376342773}},"55":{"from_node_id":"60","to_node_id":"63","b1":{"x":-251.75839614868164,"y":1187.9958114624023},"b2":{"x":-249.58130264282227,"y":1140.3741073608398}},"56":{"from_node_id":"62","to_node_id":"64","b1":{"x":-251.75839614868164,"y":1319.9958114624023},"b2":{"x":-233.75839614868164,"y":1325.2458114624023}},"57":{"from_node_id":"62","to_node_id":"65","b1":{"x":-251.75839614868164,"y":1319.9958114624023},"b2":{"x":-269.75839614868164,"y":1325.2458114624023}},"58":{"from_node_id":"62","to_node_id":"66","b1":{"x":-251.75839614868164,"y":1319.9958114624023},"b2":{"x":-287.75839614868164,"y":1310.2458114624023}},"59":{"from_node_id":"62","to_node_id":"5","b1":{"x":-251.75839614868164,"y":1315.9958114624023},"b2":{"x":-251.75839614868164,"y":1370.2458114624023}}}},"8":{"name":"rxn00440","bigg_id":"rxn00440","reversibility":false,"label_x":1446.625310390663,"label_y":1292.9963428863807,"gene_reaction_rule":"","genes":[],"metabolites":[{"bigg_id":"cpd00002","coefficient":-1},{"bigg_id":"cpd00305","coefficient":-1},{"bigg_id":"cpd00018","coefficient":1},{"bigg_id":"cpd00056","coefficient":1},{"bigg_id":"cpd00067","coefficient":1}],"segments":{"60":{"from_node_id":"69","to_node_id":"70","b1":null,"b2":null},"61":{"from_node_id":"71","to_node_id":"70","b1":null,"b2":null},"62":{"from_node_id":"69","to_node_id":"68","b1":{"x":1431.9069671898033,"y":1344.9957031205608},"b2":{"x":1405.9231922796769,"y":1346.784816177029}},"63":{"from_node_id":"69","to_node_id":"88","b1":{"x":1439.995939377449,"y":1435.7571364547205},"b2":{"x":1197.735423922381,"y":1444.9605892725313}},"64":{"from_node_id":"71","to_node_id":"73","b1":{"x":1431.3254821851276,"y":1216.9970239274157},"b2":{"x":1397.1602163901962,"y":1213.8467937658556}},"65":{"from_node_id":"71","to_node_id":"20","b1":{"x":1431.3436535915241,"y":1220.9969826522015},"b2":{"x":1427.0618035016514,"y":1164.7298422519832}},"66":{"from_node_id":"71","to_node_id":"75","b1":{"x":1431.3254821851276,"y":1216.9970239274157},"b2":{"x":1457.3723693273305,"y":1213.6830069676646}}}},"9":{"name":"rxn02305","bigg_id":"rxn02305","reversibility":false,"label_x":774.1886839024794,"label_y":1139.3084245026998,"gene_reaction_rule":"","genes":[],"metabolites":[{"bigg_id":"cpd00067","coefficient":-1},{"bigg_id":"cpd02654","coefficient":-1},{"bigg_id":"cpd02894","coefficient":-1},{"bigg_id":"cpd00012","coefficient":1},{"bigg_id":"cpd00793","coefficient":1}],"segments":{"67":{"from_node_id":"77","to_node_id":"78","b1":null,"b2":null},"68":{"from_node_id":"79","to_node_id":"78","b1":null,"b2":null},"69":{"from_node_id":"77","to_node_id":"76","b1":{"x":774.3755684741949,"y":1098.492176785956},"b2":{"x":756.8817285828443,"y":1113.566534252555}},"70":{"from_node_id":"77","to_node_id":"80","b1":{"x":770.375662652713,"y":1098.5196252699561},"b2":{"x":707.4540197930003,"y":1102.9689170054123}},"71":{"from_node_id":"77","to_node_id":"81","b1":{"x":671.836111871463,"y":1051.1917444105811},"b2":{"x":715.0823732876754,"y":925.9570830706257}},"72":{"from_node_id":"79","to_node_id":"82","b1":{"x":902.3725547616206,"y":1097.613825297944},"b2":{"x":927.9612203264116,"y":1113.7397288749876}},"73":{"from_node_id":"79","to_node_id":"90","b1":{"x":898.3726489401383,"y":1097.6412737819442},"b2":{"x":952.6213716439898,"y":1097.269003717688}}}},"10":{"name":"rxn01538","bigg_id":"rxn01538","reversibility":false,"label_x":1026.3031757796905,"label_y":1282.152327578362,"gene_reaction_rule":"","genes":[],"metabolites":[{"bigg_id":"cpd00002","coefficient":-1},{"bigg_id":"cpd00305","coefficient":-1},{"bigg_id":"cpd00008","coefficient":1},{"bigg_id":"cpd00793","coefficient":1}],"segments":{"74":{"from_node_id":"85","to_node_id":"86","b1":null,"b2":null},"75":{"from_node_id":"87","to_node_id":"86","b1":null,"b2":null},"76":{"from_node_id":"85","to_node_id":"84","b1":{"x":1011.8597374439071,"y":1334.149829456373},"b2":{"x":1028.8864017516603,"y":1346.1293940879132}},"77":{"from_node_id":"85","to_node_id":"88","b1":{"x":1011.8956446480507,"y":1338.149668287212},"b2":{"x":1011.5645451508595,"y":1368.966389959045}},"78":{"from_node_id":"87","to_node_id":"89","b1":{"x":1010.7107069113297,"y":1206.1549868695124},"b2":{"x":1028.662853444669,"y":1200.743615985392}},"79":{"from_node_id":"87","to_node_id":"90","b1":{"x":1010.7466141154728,"y":1210.1548257003517},"b2":{"x":1010.2596226592827,"y":1155.9070115570926}}}},"14":{"name":"rxn27289","bigg_id":"rxn27289","reversibility":false,"label_x":1185.7634582519531,"label_y":-1.3811225891113281,"gene_reaction_rule":"","genes":[],"metabolites":[{"bigg_id":"cpd08289","coefficient":-1},{"bigg_id":"cpd14545","coefficient":-1},{"bigg_id":"cpd28259","coefficient":-1},{"bigg_id":"cpd00001","coefficient":2},{"bigg_id":"cpd00067","coefficient":1},{"bigg_id":"cpd21479","coefficient":1},{"bigg_id":"cpd28253","coefficient":1}],"segments":{"103":{"from_node_id":"114","to_node_id":"115","b1":null,"b2":null},"104":{"from_node_id":"116","to_node_id":"115","b1":null,"b2":null},"105":{"from_node_id":"114","to_node_id":"117","b1":{"x":1170.7634582519531,"y":-77.38112258911133},"b2":{"x":1083.5920715332031,"y":-162.37652969360352}},"106":{"from_node_id":"114","to_node_id":"41","b1":{"x":1170.7634582519531,"y":-73.38112258911133},"b2":{"x":1170.7634582519531,"y":-127.63112258911133}},"107":{"from_node_id":"114","to_node_id":"118","b1":{"x":1170.7634582519531,"y":-77.38112258911133},"b2":{"x":1212.8617248535156,"y":-117.30302810668945}},"108":{"from_node_id":"116","to_node_id":"119","b1":{"x":1170.7634582519531,"y":54.61887741088867},"b2":{"x":1188.7634582519531,"y":59.86887741088867}},"109":{"from_node_id":"116","to_node_id":"120","b1":{"x":1170.7634582519531,"y":54.61887741088867},"b2":{"x":1152.7634582519531,"y":59.86887741088867}},"110":{"from_node_id":"116","to_node_id":"121","b1":{"x":1170.7634582519531,"y":50.61887741088867},"b2":{"x":1170.7634582519531,"y":104.86887741088867}},"111":{"from_node_id":"116","to_node_id":"122","b1":{"x":1170.7634582519531,"y":54.61887741088867},"b2":{"x":1134.7634582519531,"y":44.86887741088867}}}},"17":{"name":"rxn16823","bigg_id":"rxn16823","reversibility":false,"label_x":1186.8164367675781,"label_y":352.8312683105469,"gene_reaction_rule":"","genes":[],"metabolites":[{"bigg_id":"cpd21479","coefficient":-1},{"bigg_id":"cpd21480","coefficient":1}],"segments":{"124":{"from_node_id":"137","to_node_id":"138","b1":null,"b2":null},"125":{"from_node_id":"139","to_node_id":"138","b1":null,"b2":null},"126":{"from_node_id":"137","to_node_id":"121","b1":{"x":1171.8164367675781,"y":280.8312683105469},"b2":{"x":1171.8164367675781,"y":226.58126831054688}},"127":{"from_node_id":"139","to_node_id":"140","b1":{"x":1171.8164367675781,"y":404.8312683105469},"b2":{"x":1171.8164367675781,"y":459.0812683105469}}}},"18":{"name":"rxn23042","bigg_id":"rxn23042","reversibility":false,"label_x":1186.8164367675781,"label_y":702.8312683105469,"gene_reaction_rule":"","genes":[],"metabolites":[{"bigg_id":"cpd00067","coefficient":-2},{"bigg_id":"cpd02894","coefficient":-1},{"bigg_id":"cpd21480","coefficient":-1},{"bigg_id":"cpd00011","coefficient":1},{"bigg_id":"cpd00012","coefficient":1},{"bigg_id":"cpd00793","coefficient":1}],"segments":{"128":{"from_node_id":"141","to_node_id":"142","b1":null,"b2":null},"129":{"from_node_id":"143","to_node_id":"142","b1":null,"b2":null},"130":{"from_node_id":"141","to_node_id":"144","b1":{"x":1171.8164367675781,"y":626.8312683105469},"b2":{"x":1189.8164367675781,"y":621.5812683105469}},"131":{"from_node_id":"141","to_node_id":"81","b1":{"x":1171.8164367675781,"y":627.9869689941406},"b2":{"x":914.5801696777344,"y":644.6959533691406}},"132":{"from_node_id":"141","to_node_id":"140","b1":{"x":1174.1279602050781,"y":630.8312683105469},"b2":{"x":1171.8164367675781,"y":576.5812683105469}},"133":{"from_node_id":"143","to_node_id":"146","b1":{"x":1171.8164367675781,"y":758.8312683105469},"b2":{"x":1189.8164367675781,"y":764.0812683105469}},"134":{"from_node_id":"143","to_node_id":"147","b1":{"x":1171.8164367675781,"y":758.8312683105469},"b2":{"x":1153.8164367675781,"y":764.0812683105469}},"135":{"from_node_id":"143","to_node_id":"90","b1":{"x":1167.1935119628906,"y":975.5757751464844},"b2":{"x":1010.2038269042969,"y":940.1528015136719}}}}},"nodes":{"0":{"node_type":"metabolite","x":586.0298155383873,"y":1359.001476735824,"bigg_id":"cpd00001","name":"H2O","label_x":611.0298155383873,"label_y":1359.001476735824,"node_is_primary":false},"1":{"node_type":"multimarker","x":493.5795377231441,"y":1436.1635277786472},"2":{"node_type":"midmarker","x":473.57963733468466,"y":1436.2266502922378},"3":{"node_type":"multimarker","x":453.5797369462258,"y":1436.2897728058272},"5":{"node_type":"metabolite","x":-246.2007658598626,"y":1430.7258717002114,"bigg_id":"cpd00939","name":"Toxopyrimidine","label_x":-207.0768187163079,"label_y":1410.5488697470864,"node_is_primary":true},"7":{"node_type":"metabolite","x":878.5173034667969,"y":337.7023446559906,"bigg_id":"cpd00002","name":"ATP","label_x":903.5173034667969,"label_y":337.7023446559906,"node_is_primary":false},"8":{"node_type":"multimarker","x":783.6849670410156,"y":393.8346993923187},"9":{"node_type":"midmarker","x":783.6849670410156,"y":413.8346993923187},"10":{"node_type":"multimarker","x":783.6849670410156,"y":433.8346993923187},"11":{"node_type":"metabolite","x":782.3755798339844,"y":236.1972177028656,"bigg_id":"cpd02775","name":"4-Amino-5-phosphomethyl-2-methylpyrimidine","label_x":577.2545471191406,"label_y":200.61436247825623,"node_is_primary":true},"12":{"node_type":"metabolite","x":884.5702819824219,"y":506.108686208725,"bigg_id":"cpd00008","name":"ADP","label_x":909.5702819824219,"label_y":506.108686208725,"node_is_primary":false},"14":{"node_type":"metabolite","x":1148.6672282389222,"y":994.7362760208871,"bigg_id":"cpd00002","name":"ATP","label_x":1173.6672282389222,"label_y":994.7362760208871,"node_is_primary":false},"15":{"node_type":"multimarker","x":1233.0461063308628,"y":1099.0347812537534},"16":{"node_type":"midmarker","x":1253.0459451874851,"y":1098.9544960796675},"17":{"node_type":"multimarker","x":1273.0457840441068,"y":1098.8742109055818},"19":{"node_type":"metabolite","x":1336.1714156623395,"y":988.8677425257963,"bigg_id":"cpd00008","name":"ADP","label_x":1363.039213513902,"label_y":992.6375789515776,"node_is_primary":false},"20":{"node_type":"metabolite","x":1428.0445351829212,"y":1098.2520008064166,"bigg_id":"cpd00056","name":"TPP","label_x":1453.0445351829212,"label_y":1098.2520008064166,"node_is_primary":true},"21":{"node_type":"metabolite","x":490.8125,"y":154.2770538330078,"bigg_id":"cpd00002","name":"ATP","label_x":515.8125,"label_y":154.2770538330078,"node_is_primary":false},"22":{"node_type":"multimarker","x":400.015625,"y":238.6573028564453},"23":{"node_type":"midmarker","x":400.015625,"y":258.6573028564453},"24":{"node_type":"multimarker","x":400.015625,"y":278.6573028564453},"25":{"node_type":"metabolite","x":401.32501220703125,"y":64.87812805175781,"bigg_id":"cpd00069","name":"L-Tyrosine","label_x":348.96038818359375,"label_y":22.13538646697998,"node_is_primary":true},"26":{"node_type":"metabolite","x":320.015625,"y":153.6573028564453,"bigg_id":"cpd00084","name":"L-Cysteine","label_x":266.1750030517578,"label_y":133.21461486816406,"node_is_primary":false},"28":{"node_type":"metabolite","x":640.015625,"y":323.6573028564453,"bigg_id":"cpd00001","name":"H2O","label_x":655.015625,"label_y":323.6573028564453,"node_is_primary":false},"29":{"node_type":"metabolite","x":560.015625,"y":343.6573028564453,"bigg_id":"cpd00011","name":"CO2","label_x":568.9625244140625,"label_y":349.71046447753906,"node_is_primary":false},"30":{"node_type":"metabolite","x":480.015625,"y":363.6573028564453,"bigg_id":"cpd00012","name":"PPi","label_x":495.015625,"label_y":363.6573028564453,"node_is_primary":false},"31":{"node_type":"metabolite","x":506.95416259765625,"y":403.3916778564453,"bigg_id":"cpd00018","name":"AMP","label_x":531.9541625976562,"label_y":403.3916778564453,"node_is_primary":false},"32":{"node_type":"metabolite","x":320.015625,"y":363.6573028564453,"bigg_id":"cpd00035","name":"L-Alanine","label_x":239.94479370117188,"label_y":393.6573028564453,"node_is_primary":false},"33":{"node_type":"metabolite","x":240.015625,"y":343.6573028564453,"bigg_id":"cpd00067","name":"H+","label_x":194.24583435058594,"label_y":353.4801788330078,"node_is_primary":false},"35":{"node_type":"metabolite","x":124.4052062034607,"y":323.83436584472656,"bigg_id":"cpd15378","name":"4-Hydroxy-benzylalcohol","label_x":5.997917711734772,"label_y":301.3739776611328,"node_is_primary":false},"36":{"node_type":"metabolite","x":1170.7634582519531,"y":-536.3811225891113,"bigg_id":"cpd00033","name":"Glycine","label_x":1195.7634582519531,"label_y":-536.3811225891113,"node_is_primary":true},"37":{"node_type":"multimarker","x":1170.7634582519531,"y":-381.3811225891113},"38":{"node_type":"midmarker","x":1170.7634582519531,"y":-361.3811225891113},"39":{"node_type":"multimarker","x":1170.7634582519531,"y":-341.3811225891113},"40":{"node_type":"metabolite","x":1090.7634582519531,"y":-256.3811225891113,"bigg_id":"cpd00067","name":"H+","label_x":1018.7634582519531,"label_y":-226.38112258911133,"node_is_primary":false},"41":{"node_type":"metabolite","x":1170.7634582519531,"y":-186.38112258911133,"bigg_id":"cpd14545","name":"Iminoglycine","label_x":1195.7634582519531,"label_y":-186.38112258911133,"node_is_primary":true},"42":{"node_type":"metabolite","x":1009.9557870851186,"y":-607.8253973042243,"bigg_id":"cpd00001","name":"H2O","label_x":1034.9557870851186,"label_y":-607.8253973042243,"node_is_primary":false},"43":{"node_type":"multimarker","x":924.2962355910154,"y":-540.0601123681294},"44":{"node_type":"midmarker","x":904.2977980426576,"y":-539.8101211194677},"45":{"node_type":"multimarker","x":884.2993604942994,"y":-539.560129870806},"46":{"node_type":"metabolite","x":1010.2895601661853,"y":-461.12882498150657,"bigg_id":"cpd00007","name":"O2","label_x":1025.2895601661853,"label_y":-451.0402782285769,"node_is_primary":false},"48":{"node_type":"metabolite","x":800.3059659084231,"y":-458.50391687056106,"bigg_id":"cpd00013","name":"NH3","label_x":815.3059659084231,"label_y":-458.50391687056106,"node_is_primary":false},"49":{"node_type":"metabolite","x":798.3060359191288,"y":-618.491417257428,"bigg_id":"cpd00025","name":"H2O2","label_x":811.0497798156132,"label_y":-622.7924579068421,"node_is_primary":false},"50":{"node_type":"metabolite","x":729.3114694945216,"y":-537.6226976936788,"bigg_id":"cpd00040","name":"Glyoxalate","label_x":656.4601511351459,"label_y":-493.03221307453816,"node_is_primary":true},"51":{"node_type":"metabolite","x":248.54039200647358,"y":985.6201647650785,"bigg_id":"cpd00002","name":"ATP","label_x":267.4872609029579,"label_y":987.6379259955472,"node_is_primary":false},"52":{"node_type":"multimarker","x":316.45383718331516,"y":1101.792011718717},"53":{"node_type":"midmarker","x":336.44377992754477,"y":1102.4261955110037},"54":{"node_type":"multimarker","x":356.43372267177494,"y":1103.0603793032885},"55":{"node_type":"metabolite","x":98.7051229739154,"y":1100.8235779521497,"bigg_id":"cpd02636","name":"4-Methyl-5--2-hydroxyethyl-thiazole","label_x":-112.51674744844789,"label_y":1140.9120789287122,"node_is_primary":true},"56":{"node_type":"metabolite","x":441.1782332907381,"y":985.4704695258257,"bigg_id":"cpd00008","name":"ADP","label_x":460.1251021872226,"label_y":985.4704695258257,"node_is_primary":false},"57":{"node_type":"metabolite","x":463.77467335042894,"y":1042.3417235987672,"bigg_id":"cpd00067","name":"H+","label_x":478.77467335042894,"label_y":1042.3417235987672,"node_is_primary":false},"59":{"node_type":"metabolite","x":-340.53757095336914,"y":1151.6332626342773,"bigg_id":"cpd00001","name":"H2O","label_x":-315.53757095336914,"label_y":1151.6332626342773,"node_is_primary":false},"60":{"node_type":"multimarker","x":-251.75839614868164,"y":1233.9958114624023},"61":{"node_type":"midmarker","x":-251.75839614868164,"y":1253.9958114624023},"62":{"node_type":"multimarker","x":-251.75839614868164,"y":1273.9958114624023},"63":{"node_type":"metabolite","x":-251.05005264282227,"y":1066.2698593139648,"bigg_id":"cpd02140","name":"AIR","label_x":-262.51880264282227,"label_y":1035.7386093139648,"node_is_primary":true},"64":{"node_type":"metabolite","x":-171.75839614868164,"y":1358.9958114624023,"bigg_id":"cpd00007","name":"O2","label_x":-156.75839614868164,"label_y":1358.9958114624023,"node_is_primary":false},"65":{"node_type":"metabolite","x":-331.75839614868164,"y":1358.9958114624023,"bigg_id":"cpd00009","name":"Phosphate","label_x":-403.75839614868164,"label_y":1388.9958114624023,"node_is_primary":false},"66":{"node_type":"metabolite","x":-411.75839614868164,"y":1338.9958114624023,"bigg_id":"cpd00229","name":"Glycolaldehyde","label_x":-483.75839614868164,"label_y":1368.9958114624023,"node_is_primary":false},"68":{"node_type":"metabolite","x":1353.7296355923697,"y":1359.1268613145073,"bigg_id":"cpd00002","name":"ATP","label_x":1342.4109100064322,"label_y":1340.9675595566948,"node_is_primary":false},"69":{"node_type":"multimarker","x":1431.716167422645,"y":1302.99613651031},"70":{"node_type":"midmarker","x":1431.625310390663,"y":1282.9963428863807},"71":{"node_type":"multimarker","x":1431.5344533586829,"y":1262.9965492624522},"73":{"node_type":"metabolite","x":1322.901211672363,"y":1186.4317773402406,"bigg_id":"cpd00018","name":"AMP","label_x":1309.6532868676754,"label_y":1226.7859033168031,"node_is_primary":false},"75":{"node_type":"metabolite","x":1519.2184083200427,"y":1179.6516984281454,"bigg_id":"cpd00067","name":"H+","label_x":1538.0152833200427,"label_y":1169.297572451583,"node_is_primary":false},"76":{"node_type":"metabolite","x":727.5371035290451,"y":1200.343829369123,"bigg_id":"cpd00067","name":"H+","label_x":686.3781679821701,"label_y":1222.396807884748,"node_is_primary":false},"77":{"node_type":"multimarker","x":816.3745795997563,"y":1098.203967703952},"78":{"node_type":"midmarker","x":836.3741087071669,"y":1098.0667252839498},"79":{"node_type":"multimarker","x":856.373637814577,"y":1097.9294828639481},"80":{"node_type":"metabolite","x":572.2031910472392,"y":1103.6853717936938,"bigg_id":"cpd02654","name":"4-Methyl-5--2-phosphoethyl-thiazole","label_x":406.8856556468486,"label_y":1143.5758747233813,"node_is_primary":true},"81":{"node_type":"metabolite","x":786.2850476435831,"y":644.4108526998507,"bigg_id":"cpd02894","name":"4-Amino-2-methyl-5-diphosphomethylpyrimidine","label_x":580.9562512568643,"label_y":624.4120123678197,"node_is_primary":true},"82":{"node_type":"metabolite","x":958.4603400877972,"y":1195.7218824851434,"bigg_id":"cpd00012","name":"PPi","label_x":908.5133186034222,"label_y":1212.857746742956,"node_is_primary":false},"84":{"node_type":"metabolite","x":1090.0595407656365,"y":1375.4730352166482,"bigg_id":"cpd00002","name":"ATP","label_x":1115.0595407656365,"label_y":1375.4730352166482,"node_is_primary":false},"85":{"node_type":"multimarker","x":1011.4827118004054,"y":1292.1515217325586},"86":{"node_type":"midmarker","x":1011.3031757796905,"y":1272.152327578362},"87":{"node_type":"multimarker","x":1011.1236397589748,"y":1252.153133424165},"88":{"node_type":"metabolite","x":1013.2193231458584,"y":1440.751180832378,"bigg_id":"cpd00305","name":"Thiamin","label_x":976.1365594739834,"label_y":1476.2644254612842,"node_is_primary":true},"89":{"node_type":"metabolite","x":1090.3573882877224,"y":1166.4384141859668,"bigg_id":"cpd00008","name":"ADP","label_x":1104.7315948306912,"label_y":1185.4119249281543,"node_is_primary":false},"90":{"node_type":"metabolite","x":1009.7322355984313,"y":1097.1593787291395,"bigg_id":"cpd00793","name":"Thiamine phosphate","label_x":911.0999724148376,"label_y":1074.3554236510145,"node_is_primary":true},"114":{"node_type":"multimarker","x":1170.7634582519531,"y":-31.381122589111328},"115":{"node_type":"midmarker","x":1170.7634582519531,"y":-11.381122589111328},"116":{"node_type":"multimarker","x":1170.7634582519531,"y":8.618877410888672},"117":{"node_type":"metabolite","x":795.4056701660156,"y":-111.75820541381836,"bigg_id":"cpd08289","name":"1-deoxy-D-xylulose5-phosphate","label_x":627.8003234863281,"label_y":-145.27438735961914,"node_is_primary":true},"118":{"node_type":"metabolite","x":1414.3680725097656,"y":-122.1597785949707,"bigg_id":"cpd28259","name":"Thiocarboxyadenylated-ThiS-Proteins","label_x":1185.1888732910156,"label_y":-143.01189804077148,"node_is_primary":false},"119":{"node_type":"metabolite","x":1250.7634582519531,"y":93.61887741088867,"bigg_id":"cpd00001","name":"H2O","label_x":1265.7634582519531,"label_y":93.61887741088867,"node_is_primary":false},"120":{"node_type":"metabolite","x":1090.7634582519531,"y":93.61887741088867,"bigg_id":"cpd00067","name":"H+","label_x":1018.7634582519531,"label_y":123.61887741088867,"node_is_primary":false},"121":{"node_type":"metabolite","x":1170.7634582519531,"y":163.61887741088867,"bigg_id":"cpd21479","name":"2-[(2R,5Z)-2-Carboxy-4-methylthiazol-5(2H)-ylidene]ethyl phosphate","label_x":1195.7634582519531,"label_y":163.61887741088867,"node_is_primary":true},"122":{"node_type":"metabolite","x":1010.7634582519531,"y":73.61887741088867,"bigg_id":"cpd28253","name":"Thi-S","label_x":938.7634582519531,"label_y":103.61887741088867,"node_is_primary":false},"137":{"node_type":"multimarker","x":1171.8164367675781,"y":322.8312683105469},"138":{"node_type":"midmarker","x":1171.8164367675781,"y":342.8312683105469},"139":{"node_type":"multimarker","x":1171.8164367675781,"y":362.8312683105469},"140":{"node_type":"metabolite","x":1171.8164367675781,"y":517.8312683105469,"bigg_id":"cpd21480","name":"2-(2-Carboxy-4-methylthiazol-5-yl)ethyl phosphate","label_x":1196.8164367675781,"label_y":517.8312683105469,"node_is_primary":true},"141":{"node_type":"multimarker","x":1171.8164367675781,"y":672.8312683105469},"142":{"node_type":"midmarker","x":1171.8164367675781,"y":692.8312683105469},"143":{"node_type":"multimarker","x":1171.8164367675781,"y":712.8312683105469},"144":{"node_type":"metabolite","x":1251.8164367675781,"y":587.8312683105469,"bigg_id":"cpd00067","name":"H+","label_x":1266.8164367675781,"label_y":587.8312683105469,"node_is_primary":false},"146":{"node_type":"metabolite","x":1251.8164367675781,"y":797.8312683105469,"bigg_id":"cpd00011","name":"CO2","label_x":1266.8164367675781,"label_y":797.8312683105469,"node_is_primary":false},"147":{"node_type":"metabolite","x":1091.8164367675781,"y":797.8312683105469,"bigg_id":"cpd00012","name":"PPi","label_x":1019.8164367675781,"label_y":827.8312683105469,"node_is_primary":false}},"text_labels":{"0":{"x":330.94073486328125,"y":-753.9702758789062,"text":"Thiamine Biosynthesis"}},"canvas":{"x":-565.377685546875,"y":-943.4841918945312,"width":2488.6690673828125,"height":2539.4841918945312}}]