[{"map_name":"new_map","map_id":"uTBp1HpQVaAP","map_description":"","homepage":"https://escher.github.io","schema":"https://escher.github.io/escher/jsonschema/1-0-0#"},{"reactions":{"0":{"name":"rxn00260","bigg_id":"rxn00260","reversibility":false,"label_x":-363.33435927435517,"label_y":-231.62602538067313,"gene_reaction_rule":"","genes":[],"metabolites":[{"bigg_id":"cpd00024","coefficient":-1},{"bigg_id":"cpd00041","coefficient":-1},{"bigg_id":"cpd00023","coefficient":1},{"bigg_id":"cpd00032","coefficient":1}],"segments":{"0":{"from_node_id":"1","to_node_id":"2","b1":null,"b2":null},"1":{"from_node_id":"3","to_node_id":"2","b1":null,"b2":null},"2":{"from_node_id":"1","to_node_id":"0","b1":{"x":-227.01563946465615,"y":-276.68877052371266},"b2":{"x":-188.7154202146657,"y":-289.425179634468}},"3":{"from_node_id":"1","to_node_id":"4","b1":{"x":-223.01563983731666,"y":-276.6870438841255},"b2":{"x":-160.33868385618933,"y":-277.1400067055857}},"4":{"from_node_id":"3","to_node_id":"5","b1":{"x":-351.0156279121794,"y":-276.74229635091467},"b2":{"x":-387.7208535708612,"y":-286.33556863664353}},"5":{"from_node_id":"3","to_node_id":"6","b1":{"x":-355.01562753951873,"y":-276.7440229905017},"b2":{"x":-406.4722858259827,"y":-278.79306840373215}}}},"1":{"name":"rxn01300","bigg_id":"rxn01300","reversibility":false,"label_x":628.4392139043679,"label_y":396.1295701677662,"gene_reaction_rule":"","genes":[],"metabolites":[{"bigg_id":"cpd00002","coefficient":-1},{"bigg_id":"cpd00227","coefficient":-1},{"bigg_id":"cpd00008","coefficient":1},{"bigg_id":"cpd00067","coefficient":1},{"bigg_id":"cpd00809","coefficient":1}],"segments":{"6":{"from_node_id":"8","to_node_id":"9","b1":null,"b2":null},"7":{"from_node_id":"10","to_node_id":"9","b1":null,"b2":null},"8":{"from_node_id":"8","to_node_id":"7","b1":{"x":750.4023354659585,"y":353.9019965454619},"b2":{"x":796.6766616809822,"y":399.8693172654106}},"9":{"from_node_id":"8","to_node_id":"42","b1":{"x":754.4022794855559,"y":353.8808343131192},"b2":{"x":942.0135302255585,"y":301.4245707049329}},"10":{"from_node_id":"10","to_node_id":"12","b1":{"x":626.4040708584026,"y":354.55802574807865},"b2":{"x":592.8895102683783,"y":380.364722362114}},"11":{"from_node_id":"10","to_node_id":"13","b1":{"x":622.404126838804,"y":354.5791879804209},"b2":{"x":585.3498942258093,"y":351.8720313227826}},"12":{"from_node_id":"10","to_node_id":"19","b1":{"x":622.404126838804,"y":354.5791879804209},"b2":{"x":500.8075641099914,"y":356.2993426156564}}}},"2":{"name":"rxn01069","bigg_id":"rxn01069","reversibility":false,"label_x":-2.9099133452479293,"label_y":391.286893002273,"gene_reaction_rule":"","genes":[],"metabolites":[{"bigg_id":"cpd00001","coefficient":-1},{"bigg_id":"cpd00809","coefficient":-1},{"bigg_id":"cpd00009","coefficient":1},{"bigg_id":"cpd00161","coefficient":1}],"segments":{"13":{"from_node_id":"16","to_node_id":"17","b1":null,"b2":null},"14":{"from_node_id":"18","to_node_id":"17","b1":null,"b2":null},"15":{"from_node_id":"16","to_node_id":"15","b1":{"x":133.39397304847867,"y":356.0051216429698},"b2":{"x":186.03598944193988,"y":345.24777038827165}},"16":{"from_node_id":"16","to_node_id":"19","b1":{"x":137.39301469680126,"y":355.917566546137},"b2":{"x":347.99983411979053,"y":353.7567311304989}},"17":{"from_node_id":"18","to_node_id":"20","b1":{"x":5.424640302155808,"y":358.80688474161224},"b2":{"x":-27.332718098405763,"y":350.4959681250814}},"18":{"from_node_id":"18","to_node_id":"21","b1":{"x":9.423681950478453,"y":358.7193296447795},"b2":{"x":-103.82748056114679,"y":355.1219140537744}}}},"3":{"name":"rxn01643","bigg_id":"rxn01643","reversibility":false,"label_x":643.6816833658125,"label_y":-236.34147503648518,"gene_reaction_rule":"","genes":[],"metabolites":[{"bigg_id":"cpd00006","coefficient":-1},{"bigg_id":"cpd00009","coefficient":-1},{"bigg_id":"cpd00346","coefficient":-1},{"bigg_id":"cpd00005","coefficient":1},{"bigg_id":"cpd00067","coefficient":1},{"bigg_id":"cpd01977","coefficient":1}],"segments":{"19":{"from_node_id":"23","to_node_id":"24","b1":null,"b2":null},"20":{"from_node_id":"25","to_node_id":"24","b1":null,"b2":null},"21":{"from_node_id":"23","to_node_id":"22","b1":{"x":765.6233856336834,"y":-276.5810568286313},"b2":{"x":791.0949677989621,"y":-281.24921187538735}},"22":{"from_node_id":"23","to_node_id":"26","b1":{"x":769.6219517011167,"y":-276.473961523544},"b2":{"x":775.5524780842449,"y":-263.0764354555209}},"23":{"from_node_id":"23","to_node_id":"53","b1":{"x":769.6219517011167,"y":-276.473961523544},"b2":{"x":874.2304992675781,"y":-278.80249786376953}},"24":{"from_node_id":"25","to_node_id":"28","b1":{"x":641.6678375432542,"y":-279.9010112863308},"b2":{"x":601.8415800850066,"y":-295.9675669329343}},"25":{"from_node_id":"25","to_node_id":"29","b1":{"x":637.6692714758207,"y":-280.00810659141797},"b2":{"x":633.1642362475922,"y":-257.4338663007081}},"26":{"from_node_id":"25","to_node_id":"37","b1":{"x":637.6692714758207,"y":-280.00810659141797},"b2":{"x":531.2625143746054,"y":-274.6748471138436}}}},"4":{"name":"rxn00337","bigg_id":"rxn00337","reversibility":false,"label_x":137.88115889018493,"label_y":-238.50477711580174,"gene_reaction_rule":"","genes":[],"metabolites":[{"bigg_id":"cpd00002","coefficient":-1},{"bigg_id":"cpd00041","coefficient":-1},{"bigg_id":"cpd00008","coefficient":1},{"bigg_id":"cpd01977","coefficient":1}],"segments":{"27":{"from_node_id":"32","to_node_id":"33","b1":null,"b2":null},"28":{"from_node_id":"34","to_node_id":"33","b1":null,"b2":null},"29":{"from_node_id":"32","to_node_id":"31","b1":{"x":143.82102031058514,"y":-275.97480398912217},"b2":{"x":101.52225769390196,"y":-317.7739698676322}},"30":{"from_node_id":"32","to_node_id":"4","b1":{"x":139.82108602974398,"y":-275.99773320524326},"b2":{"x":111.03380523806013,"y":-275.0138631760225}},"31":{"from_node_id":"34","to_node_id":"36","b1":{"x":267.8189830166602,"y":-275.26399828935683},"b2":{"x":298.7508070953657,"y":-311.7685435206944}},"32":{"from_node_id":"34","to_node_id":"37","b1":{"x":271.81891729750106,"y":-275.2410690732357},"b2":{"x":380.63915725898835,"y":-271.5660675765723}}}},"5":{"name":"rxn01301","bigg_id":"rxn01301","reversibility":false,"label_x":1129.599717908578,"label_y":-16.92783992107482,"gene_reaction_rule":"","genes":[],"metabolites":[{"bigg_id":"cpd00003","coefficient":-1},{"bigg_id":"cpd00227","coefficient":-1},{"bigg_id":"cpd00004","coefficient":1},{"bigg_id":"cpd00067","coefficient":1},{"bigg_id":"cpd00346","coefficient":1}],"segments":{"33":{"from_node_id":"39","to_node_id":"40","b1":null,"b2":null},"34":{"from_node_id":"41","to_node_id":"40","b1":null,"b2":null},"35":{"from_node_id":"39","to_node_id":"38","b1":{"x":1114.8175157076955,"y":35.0717775303151},"b2":{"x":1167.6424881959852,"y":51.04198940348411}},"36":{"from_node_id":"39","to_node_id":"42","b1":{"x":1114.8315671786063,"y":39.07175284975955},"b2":{"x":1111.6218702689353,"y":120.42680192241158}},"37":{"from_node_id":"41","to_node_id":"43","b1":{"x":1114.3819201094611,"y":-88.92745737246503},"b2":{"x":1144.4959124649215,"y":-120.84744887534134}},"38":{"from_node_id":"41","to_node_id":"44","b1":{"x":1114.3678686385506,"y":-92.92743269190927},"b2":{"x":1164.9336435907926,"y":-91.73425534950374}},"39":{"from_node_id":"41","to_node_id":"53","b1":{"x":1114.3678686385506,"y":-92.92743269190927},"b2":{"x":1098.5814514160156,"y":-185.2181568145752}}}},"6":{"name":"rxn01302","bigg_id":"rxn01302","reversibility":false,"label_x":911.1868435303618,"label_y":-19.13405810713334,"gene_reaction_rule":"","genes":[],"metabolites":[{"bigg_id":"cpd00006","coefficient":-1},{"bigg_id":"cpd00227","coefficient":-1},{"bigg_id":"cpd00005","coefficient":1},{"bigg_id":"cpd00067","coefficient":1},{"bigg_id":"cpd00346","coefficient":1}],"segments":{"40":{"from_node_id":"47","to_node_id":"48","b1":null,"b2":null},"41":{"from_node_id":"49","to_node_id":"48","b1":null,"b2":null},"42":{"from_node_id":"47","to_node_id":"46","b1":{"x":894.7948510282708,"y":32.85031376896248},"b2":{"x":821.8028097373796,"y":20.09758543434998}},"43":{"from_node_id":"47","to_node_id":"42","b1":{"x":894.7050450603946,"y":36.849305502904286},"b2":{"x":896.0873738595619,"y":119.80700636862423}},"44":{"from_node_id":"49","to_node_id":"51","b1":{"x":897.5788360324522,"y":-91.11842998322902},"b2":{"x":819.0479281045933,"y":-89.53054330053311}},"45":{"from_node_id":"49","to_node_id":"52","b1":{"x":897.6686420003283,"y":-95.11742171717094},"b2":{"x":879.7910495304293,"y":-100.77022522341466}},"46":{"from_node_id":"49","to_node_id":"53","b1":{"x":897.6686420003283,"y":-95.11742171717094},"b2":{"x":920.3502807617188,"y":-200.4834098815918}}}}},"nodes":{"0":{"node_type":"metabolite","x":-165.05493374475827,"y":-391.47837186162536,"bigg_id":"cpd00024","name":"2-Oxoglutarate","label_x":-140.05493374475827,"label_y":-391.47837186162536,"node_is_primary":false},"1":{"node_type":"multimarker","x":-269.01563555172066,"y":-276.706900239378},"2":{"node_type":"midmarker","x":-289.01563368841767,"y":-276.71553343731375},"3":{"node_type":"multimarker","x":-309.01563182511484,"y":-276.7241666352494},"4":{"node_type":"metabolite","x":-73.92766963134548,"y":-276.92130032775225,"bigg_id":"cpd00041","name":"L-Aspartate","label_x":-145.92766963134568,"label_y":-246.92130032775225,"node_is_primary":true},"5":{"node_type":"metabolite","x":-411.38137055834704,"y":-394.8194247493299,"bigg_id":"cpd00023","name":"L-Glutamate","label_x":-383.1913986345189,"label_y":-390.03448975177133,"node_is_primary":false},"6":{"node_type":"metabolite","x":-496.01970800048,"y":-278.60351432772075,"bigg_id":"cpd00032","name":"Oxaloacetate","label_x":-577.5895627368081,"label_y":-309.21264518709575,"node_is_primary":true},"7":{"node_type":"metabolite","x":809.1715059727421,"y":441.0279183645993,"bigg_id":"cpd00002","name":"ATP","label_x":834.1715059727422,"label_y":441.0279183645993,"node_is_primary":false},"8":{"node_type":"multimarker","x":708.4029232601731,"y":354.12419998505777},"9":{"node_type":"midmarker","x":688.4032031621804,"y":354.2300111467701},"10":{"node_type":"multimarker","x":668.4034830641873,"y":354.3358223084827},"12":{"node_type":"metabolite","x":575.6097538672434,"y":469.99426823558167,"bigg_id":"cpd00008","name":"ADP","label_x":600.6097538672434,"label_y":469.99426823558167,"node_is_primary":false},"13":{"node_type":"metabolite","x":534.3836423922238,"y":423.6195746982784,"bigg_id":"cpd00067","name":"H+","label_x":549.3836423922239,"label_y":423.6195746982784,"node_is_primary":false},"15":{"node_type":"metabolite","x":217.65730488702928,"y":289.73258737424624,"bigg_id":"cpd00001","name":"H2O","label_x":242.65730488702923,"label_y":289.73258737424624,"node_is_primary":false},"16":{"node_type":"multimarker","x":91.40403574109155,"y":356.9244501597118},"17":{"node_type":"midmarker","x":71.40882749947863,"y":357.3622256438746},"18":{"node_type":"multimarker","x":51.41361925786549,"y":357.80000112803754},"19":{"node_type":"metabolite","x":431.4239201496544,"y":356.4269129383023,"bigg_id":"cpd00809","name":"O-Phospho-L-homoserine","label_x":311.57458543285753,"label_y":322.6278406726773,"node_is_primary":true},"20":{"node_type":"metabolite","x":-65.62169076472289,"y":290.844539408731,"bigg_id":"cpd00009","name":"Phosphate","label_x":-41.92304612666135,"label_y":282.5650899458403,"node_is_primary":false},"21":{"node_type":"metabolite","x":-162.56340477088435,"y":356.4078795385029,"bigg_id":"cpd00161","name":"L-Threonine","label_x":-233.2620551309918,"label_y":318.1284300756123,"node_is_primary":true},"22":{"node_type":"metabolite","x":825.8742094477627,"y":-348.969607732559,"bigg_id":"cpd00006","name":"NADP","label_x":850.8742094477627,"label_y":-348.969607732559,"node_is_primary":false},"23":{"node_type":"multimarker","x":723.6384419256348,"y":-277.7055575320454},"24":{"node_type":"midmarker","x":703.6456115884688,"y":-278.2410340574813},"25":{"node_type":"multimarker","x":683.6527812513024,"y":-278.7765105829164},"26":{"node_type":"metabolite","x":811.7310215901077,"y":-202.4614580176434,"bigg_id":"cpd00009","name":"Phosphate","label_x":826.731021590107,"label_y":-202.4614580176434,"node_is_primary":false},"28":{"node_type":"metabolite","x":570.2522798424553,"y":-355.84537664216856,"bigg_id":"cpd00005","name":"NADPH","label_x":595.2522798424553,"label_y":-355.84537664216856,"node_is_primary":false},"29":{"node_type":"metabolite","x":601.8957178308298,"y":-194.14609294739324,"bigg_id":"cpd00067","name":"H+","label_x":616.8957178308298,"label_y":-194.14609294739324,"node_is_primary":false},"31":{"node_type":"metabolite","x":76.3127458415969,"y":-363.16188439728285,"bigg_id":"cpd00002","name":"ATP","label_x":101.31274584159686,"label_y":-363.16188439728285,"node_is_primary":false},"32":{"node_type":"multimarker","x":185.82033025941692,"y":-275.73404721984696},"33":{"node_type":"midmarker","x":205.82000166362243,"y":-275.61940113923924},"34":{"node_type":"multimarker","x":225.81967306782872,"y":-275.50475505863204},"36":{"node_type":"metabolite","x":327.1503061302874,"y":-363.674238610184,"bigg_id":"cpd00008","name":"ADP","label_x":352.1503061302874,"label_y":-363.674238610184,"node_is_primary":false},"37":{"node_type":"metabolite","x":444.3377958509684,"y":-274.76769444883803,"bigg_id":"cpd01977","name":"4-Phospho-L-aspartate","label_x":372.3377958509684,"label_y":-244.76769444883806,"node_is_primary":true},"38":{"node_type":"metabolite","x":1215.6981123390503,"y":57.15737257146827,"bigg_id":"cpd00003","name":"NAD","label_x":1240.6981123390506,"label_y":57.15737257146827,"node_is_primary":false},"39":{"node_type":"multimarker","x":1114.6699752631323,"y":-6.927963323852595},"40":{"node_type":"midmarker","x":1114.599717908578,"y":-26.92783992107482},"41":{"node_type":"multimarker","x":1114.5294605540248,"y":-46.92771651829729},"42":{"node_type":"metabolite","x":1018.1357357363834,"y":219.35938996283778,"bigg_id":"cpd00227","name":"L-Homoserine","label_x":1072.1389095645084,"label_y":231.81463593451747,"node_is_primary":true},"43":{"node_type":"metabolite","x":1211.278545157794,"y":-138.12767262235855,"bigg_id":"cpd00004","name":"NADH","label_x":1236.278545157794,"label_y":-138.12767262235855,"node_is_primary":false},"44":{"node_type":"metabolite","x":1228.8186406817174,"y":-93.36670554599289,"bigg_id":"cpd00067","name":"H+","label_x":1243.8186406817174,"label_y":-93.36670554599289,"node_is_primary":false},"46":{"node_type":"metabolite","x":766.2545975724703,"y":27.793509940314266,"bigg_id":"cpd00006","name":"NADP","label_x":745.0002640763765,"label_y":-4.1060338218927654,"node_is_primary":false},"47":{"node_type":"multimarker","x":895.7378136909774,"y":-9.139099437424903},"48":{"node_type":"midmarker","x":896.1868435303618,"y":-29.13405810713334},"49":{"node_type":"multimarker","x":896.6358733697452,"y":-49.12901677684172},"51":{"node_type":"metabolite","x":761.3528541366908,"y":-89.25157900492292,"bigg_id":"cpd00005","name":"NADPH","label_x":738.5036109726283,"label_y":-109.9862782541905,"node_is_primary":false},"52":{"node_type":"metabolite","x":818.5644155082946,"y":-135.9037104806382,"bigg_id":"cpd00067","name":"H+","label_x":833.5644155082946,"label_y":-135.9037104806382,"node_is_primary":false},"53":{"node_type":"metabolite","x":1005.0881958007812,"y":-278.38182830810547,"bigg_id":"cpd00346","name":"L-Aspartate4-semialdehyde","label_x":925.1133422851562,"label_y":-307.39600372314453,"node_is_primary":true}},"text_labels":{"0":{"x":-113.9036636352539,"y":-590.7821655273438,"text":"Threonine and Homoserine Biosynthesis"}},"canvas":{"x":-748,"y":-798,"width":2244,"height":1523.9926147460938}}]