[{"map_name": "new_map", "map_id": "5pbu2yZbeDtL", "map_description": "", "homepage": "https://escher.github.io", "schema": "https://escher.github.io/escher/jsonschema/1-0-0#"}, {"reactions": {"0": {"name": "rxn00737", "bigg_id": "rxn00737", "reversibility": false, "label_x": -567, "label_y": 21.000030517578125, "gene_reaction_rule": "", "genes": [], "metabolites": [{"bigg_id": "cpd00161", "coefficient": -1}, {"bigg_id": "cpd00013", "coefficient": 1}, {"bigg_id": "cpd00094", "coefficient": 1}], "segments": {"0": {"from_node_id": "1", "to_node_id": "2", "b1": null, "b2": null}, "1": {"from_node_id": "3", "to_node_id": "2", "b1": null, "b2": null}, "2": {"from_node_id": "1", "to_node_id": "0", "b1": {"x": -582, "y": -50.999969482421875}, "b2": {"x": -582, "y": -105.24996948242188}}, "3": {"from_node_id": "3", "to_node_id": "4", "b1": {"x": -582, "y": 77.00003051757812}, "b2": {"x": -600, "y": 82.25003051757812}}, "4": {"from_node_id": "3", "to_node_id": "5", "b1": {"x": -582, "y": 73.00003051757812}, "b2": {"x": -582, "y": 127.25003051757812}}}}, "2": {"name": "rxn00541", "bigg_id": "rxn00541", "reversibility": false, "label_x": -457, "label_y": -203.99996948242188, "gene_reaction_rule": "", "genes": [], "metabolites": [{"bigg_id": "cpd00161", "coefficient": -1}, {"bigg_id": "cpd00033", "coefficient": 1}, {"bigg_id": "cpd00071", "coefficient": 1}], "segments": {"10": {"from_node_id": "12", "to_node_id": "13", "b1": null, "b2": null}, "11": {"from_node_id": "14", "to_node_id": "13", "b1": null, "b2": null}, "12": {"from_node_id": "12", "to_node_id": "0", "b1": {"x": -469, "y": -163.99996948242188}, "b2": {"x": -523.25, "y": -163.99996948242188}}, "13": {"from_node_id": "14", "to_node_id": "15", "b1": {"x": -345, "y": -163.99996948242188}, "b2": {"x": -290.75, "y": -163.99996948242188}}, "14": {"from_node_id": "14", "to_node_id": "16", "b1": {"x": -341, "y": -163.99996948242188}, "b2": {"x": -335.75, "y": -145.99996948242188}}}}, "3": {"name": "rxn00274", "bigg_id": "rxn00274", "reversibility": false, "label_x": -107, "label_y": -203.99996948242188, "gene_reaction_rule": "", "genes": [], "metabolites": [{"bigg_id": "cpd00022", "coefficient": -1}, {"bigg_id": "cpd00033", "coefficient": -1}, {"bigg_id": "cpd00010", "coefficient": 1}, {"bigg_id": "cpd02211", "coefficient": 1}], "segments": {"15": {"from_node_id": "17", "to_node_id": "18", "b1": null, "b2": null}, "16": {"from_node_id": "19", "to_node_id": "18", "b1": null, "b2": null}, "17": {"from_node_id": "17", "to_node_id": "20", "b1": {"x": -123, "y": -163.99996948242188}, "b2": {"x": -128.25, "y": -145.99996948242188}}, "18": {"from_node_id": "17", "to_node_id": "15", "b1": {"x": -119, "y": -163.99996948242188}, "b2": {"x": -173.25, "y": -163.99996948242188}}, "19": {"from_node_id": "19", "to_node_id": "21", "b1": {"x": 5, "y": -163.99996948242188}, "b2": {"x": 16.89115193896596, "y": -155.5611406841196}}, "20": {"from_node_id": "19", "to_node_id": "22", "b1": {"x": 9, "y": -163.99996948242188}, "b2": {"x": 48.32852413134319, "y": -161.518627213843}}}}, "6": {"name": "rxn02666", "bigg_id": "rxn02666", "reversibility": false, "label_x": 132.02800750732422, "label_y": 22.110877990722656, "gene_reaction_rule": "", "genes": [], "metabolites": [{"bigg_id": "cpd00011", "coefficient": -1}, {"bigg_id": "cpd01298", "coefficient": -1}, {"bigg_id": "cpd00067", "coefficient": 1}, {"bigg_id": "cpd02211", "coefficient": 1}], "segments": {"36": {"from_node_id": "39", "to_node_id": "40", "b1": null, "b2": null}, "37": {"from_node_id": "41", "to_node_id": "40", "b1": null, "b2": null}, "38": {"from_node_id": "39", "to_node_id": "42", "b1": {"x": 117.02800750732422, "y": 78.11087799072266}, "b2": {"x": 99.02800750732422, "y": 83.36087799072266}}, "39": {"from_node_id": "39", "to_node_id": "43", "b1": {"x": 117.02800750732422, "y": 74.11087799072266}, "b2": {"x": 118.91742706298828, "y": 128.36087799072266}}, "40": {"from_node_id": "41", "to_node_id": "44", "b1": {"x": 117.02800750732422, "y": -53.889122009277344}, "b2": {"x": 104.11521240148447, "y": -56.88436451778645}}, "41": {"from_node_id": "41", "to_node_id": "22", "b1": {"x": 117.02800750732422, "y": -49.889122009277344}, "b2": {"x": 118.91742706298828, "y": -102.24970245361328}}}}, "7": {"name": "rxn01833", "bigg_id": "rxn01833", "reversibility": false, "label_x": 133.91742706298828, "label_y": 372.11087799072266, "gene_reaction_rule": "", "genes": [], "metabolites": [{"bigg_id": "cpd00001", "coefficient": -1}, {"bigg_id": "cpd00007", "coefficient": -1}, {"bigg_id": "cpd01298", "coefficient": -1}, {"bigg_id": "cpd00013", "coefficient": 1}, {"bigg_id": "cpd00025", "coefficient": 1}, {"bigg_id": "cpd00428", "coefficient": 1}], "segments": {"42": {"from_node_id": "45", "to_node_id": "46", "b1": null, "b2": null}, "43": {"from_node_id": "47", "to_node_id": "46", "b1": null, "b2": null}, "44": {"from_node_id": "45", "to_node_id": "48", "b1": {"x": 118.91742706298828, "y": 296.11087799072266}, "b2": {"x": 136.91742706298828, "y": 290.86087799072266}}, "45": {"from_node_id": "45", "to_node_id": "49", "b1": {"x": 118.91742706298828, "y": 296.11087799072266}, "b2": {"x": 100.91742706298828, "y": 290.86087799072266}}, "46": {"from_node_id": "45", "to_node_id": "43", "b1": {"x": 118.91742706298828, "y": 300.11087799072266}, "b2": {"x": 118.91742706298828, "y": 245.86087799072266}}, "47": {"from_node_id": "47", "to_node_id": "50", "b1": {"x": 118.91742706298828, "y": 428.11087799072266}, "b2": {"x": 136.91742706298828, "y": 433.36087799072266}}, "48": {"from_node_id": "47", "to_node_id": "51", "b1": {"x": 118.91742706298828, "y": 428.11087799072266}, "b2": {"x": 100.91742706298828, "y": 433.36087799072266}}, "49": {"from_node_id": "47", "to_node_id": "52", "b1": {"x": 118.91742706298828, "y": 424.11087799072266}, "b2": {"x": 118.91742706298828, "y": 478.36087799072266}}}}, "8": {"name": "rxn01068", "bigg_id": "rxn01068", "reversibility": false, "label_x": -288.720161155763, "label_y": -321.1384113244547, "gene_reaction_rule": "", "genes": [], "metabolites": [{"bigg_id": "cpd00003", "coefficient": -1}, {"bigg_id": "cpd00161", "coefficient": -1}, {"bigg_id": "cpd00004", "coefficient": 1}, {"bigg_id": "cpd00067", "coefficient": 1}, {"bigg_id": "cpd02211", "coefficient": 1}], "segments": {"50": {"from_node_id": "53", "to_node_id": "54", "b1": null, "b2": null}, "51": {"from_node_id": "55", "to_node_id": "54", "b1": null, "b2": null}, "52": {"from_node_id": "53", "to_node_id": "56", "b1": {"x": -282.55397713543806, "y": -365.0550057102086}, "b2": {"x": -304.829764791231, "y": -388.1127862695395}}, "53": {"from_node_id": "53", "to_node_id": "0", "b1": {"x": -286.55193193008813, "y": -364.9271094243602}, "b2": {"x": -587.1464804159431, "y": -240.7596100296593}}, "54": {"from_node_id": "55", "to_node_id": "58", "b1": {"x": -154.61942370663306, "y": -369.14768685736146}, "b2": {"x": -159.60292834823053, "y": -378.622636588376}}, "55": {"from_node_id": "55", "to_node_id": "59", "b1": {"x": -154.61942370663306, "y": -369.14768685736146}, "b2": {"x": -149.94764132497292, "y": -387.30634730846344}}, "56": {"from_node_id": "55", "to_node_id": "22", "b1": {"x": -158.61737850128304, "y": -369.0197905715133}, "b2": {"x": 118.91742706298828, "y": -219.74970245361328}}}}}, "nodes": {"0": {"node_type": "metabolite", "x": -582, "y": -163.99996948242188, "bigg_id": "cpd00161", "name": "L-Threonine", "label_x": -727.2475280761719, "label_y": -158.83615112304688, "node_is_primary": true}, "1": {"node_type": "multimarker", "x": -582, "y": -8.999969482421875}, "2": {"node_type": "midmarker", "x": -582, "y": 11.000030517578125}, "3": {"node_type": "multimarker", "x": -582, "y": 31.000030517578125}, "4": {"node_type": "metabolite", "x": -662, "y": 116.00003051757812, "bigg_id": "cpd00013", "name": "NH3", "label_x": -734, "label_y": 146.00003051757812, "node_is_primary": false}, "5": {"node_type": "metabolite", "x": -582, "y": 186.00003051757812, "bigg_id": "cpd00094", "name": "2-Oxobutyrate", "label_x": -557, "label_y": 186.00003051757812, "node_is_primary": true}, "12": {"node_type": "multimarker", "x": -427, "y": -163.99996948242188}, "13": {"node_type": "midmarker", "x": -407, "y": -163.99996948242188}, "14": {"node_type": "multimarker", "x": -387, "y": -163.99996948242188}, "15": {"node_type": "metabolite", "x": -232, "y": -163.99996948242188, "bigg_id": "cpd00033", "name": "Glycine", "label_x": -275.2, "label_y": -123.99996948242188, "node_is_primary": true}, "16": {"node_type": "metabolite", "x": -302, "y": -83.99996948242188, "bigg_id": "cpd00071", "name": "Acetaldehyde", "label_x": -385.80829162597655, "label_y": -46.388694763183594, "node_is_primary": false}, "17": {"node_type": "multimarker", "x": -77, "y": -163.99996948242188}, "18": {"node_type": "midmarker", "x": -57, "y": -163.99996948242188}, "19": {"node_type": "multimarker", "x": -37, "y": -163.99996948242188}, "20": {"node_type": "metabolite", "x": -162, "y": -83.99996948242188, "bigg_id": "cpd00022", "name": "Acetyl-CoA", "label_x": -198.03383178710936, "label_y": -46.388694763183594, "node_is_primary": false}, "21": {"node_type": "metabolite", "x": 45.35497283935547, "y": -104.1668472290039, "bigg_id": "cpd00010", "name": "CoA", "label_x": -18.628648948669422, "label_y": -88.72930908203125, "node_is_primary": false}, "22": {"node_type": "metabolite", "x": 118.91742706298828, "y": -160.99970245361328, "bigg_id": "cpd02211", "name": "L-2-Amino-acetoacetate", "label_x": 142.6016586303711, "label_y": -156.83052825927734, "node_is_primary": true}, "39": {"node_type": "multimarker", "x": 117.02800750732422, "y": 32.110877990722656}, "40": {"node_type": "midmarker", "x": 117.02800750732422, "y": 12.110877990722656}, "41": {"node_type": "multimarker", "x": 117.02800750732422, "y": -7.889122009277344}, "42": {"node_type": "metabolite", "x": 37.02800750732422, "y": 117.11087799072266, "bigg_id": "cpd00011", "name": "CO2", "label_x": -34.97199249267578, "label_y": 147.11087799072266, "node_is_primary": false}, "43": {"node_type": "metabolite", "x": 118.91742706298828, "y": 187.11087799072266, "bigg_id": "cpd01298", "name": "Aminoacetone", "label_x": 143.91742706298828, "label_y": 187.11087799072266, "node_is_primary": true}, "44": {"node_type": "metabolite", "x": 35.138587951660156, "y": -41.87477493286133, "bigg_id": "cpd00067", "name": "H+", "label_x": -6.6306891441345215, "label_y": -26.990137100219727, "node_is_primary": false}, "45": {"node_type": "multimarker", "x": 118.91742706298828, "y": 342.11087799072266}, "46": {"node_type": "midmarker", "x": 118.91742706298828, "y": 362.11087799072266}, "47": {"node_type": "multimarker", "x": 118.91742706298828, "y": 382.11087799072266}, "48": {"node_type": "metabolite", "x": 198.91742706298828, "y": 257.11087799072266, "bigg_id": "cpd00001", "name": "H2O", "label_x": 213.91742706298828, "label_y": 257.11087799072266, "node_is_primary": false}, "49": {"node_type": "metabolite", "x": 38.91742706298828, "y": 257.11087799072266, "bigg_id": "cpd00007", "name": "O2", "label_x": -33.08257293701172, "label_y": 287.11087799072266, "node_is_primary": false}, "50": {"node_type": "metabolite", "x": 198.91742706298828, "y": 467.11087799072266, "bigg_id": "cpd00013", "name": "NH3", "label_x": 213.91742706298828, "label_y": 467.11087799072266, "node_is_primary": false}, "51": {"node_type": "metabolite", "x": 38.91742706298828, "y": 467.11087799072266, "bigg_id": "cpd00025", "name": "H2O2", "label_x": -33.08257293701172, "label_y": 497.11087799072266, "node_is_primary": false}, "52": {"node_type": "metabolite", "x": 118.91742706298828, "y": 537.1108779907227, "bigg_id": "cpd00428", "name": "2-Oxopropanal", "label_x": 143.91742706298828, "label_y": 537.1108779907227, "node_is_primary": true}, "53": {"node_type": "multimarker", "x": -240.5754517916111, "y": -366.39791671161817}, "54": {"node_type": "midmarker", "x": -220.58567781836067, "y": -367.03739814086094}, "55": {"node_type": "multimarker", "x": -200.5959038451098, "y": -367.6768795701033}, "56": {"node_type": "metabolite", "x": -318.7788585990105, "y": -445.1827896157963, "bigg_id": "cpd00003", "name": "NAD", "label_x": -331.56724971229175, "label_y": -473.5240982095463, "node_is_primary": false}, "58": {"node_type": "metabolite", "x": -156.5381114102803, "y": -449.1468834623192, "bigg_id": "cpd00004", "name": "NADH", "label_x": -200.19681044592483, "label_y": -466.38240287149887, "node_is_primary": false}, "59": {"node_type": "metabolite", "x": -118.19729017576464, "y": -450.35377153738773, "bigg_id": "cpd00067", "name": "H+", "label_x": -103.19729017576464, "label_y": -450.35377153738773, "node_is_primary": false}}, "text_labels": {"0": {"x": -478.11071014404297, "y": -595.393798828125, "text": "Threonine Degradation"}}, "canvas": {"x": -1018.716552734375, "y": -809, "width": 1786.7643432617188, "height": 1614.8341674804688}}]