[{"map_name":"new_map","map_id":"pFGYdBT1HmuJ","map_description":"","homepage":"https://escher.github.io","schema":"https://escher.github.io/escher/jsonschema/1-0-0#"},{"reactions":{"0":{"name":"rxn00605","bigg_id":"rxn00605","reversibility":false,"label_x":-915.3855590820312,"label_y":-283.84336853027344,"gene_reaction_rule":"","genes":[],"metabolites":[{"bigg_id":"cpd00026","coefficient":-1},{"bigg_id":"cpd00079","coefficient":-1},{"bigg_id":"cpd00014","coefficient":1},{"bigg_id":"cpd00523","coefficient":1}],"segments":{"0":{"from_node_id":"1","to_node_id":"2","b1":null,"b2":null},"1":{"from_node_id":"3","to_node_id":"2","b1":null,"b2":null},"2":{"from_node_id":"1","to_node_id":"0","b1":{"x":-930.3855590820312,"y":-355.84336853027344},"b2":{"x":-880.4227294921875,"y":-439.9368896484375}},"3":{"from_node_id":"1","to_node_id":"4","b1":{"x":-930.3855590820312,"y":-359.84336853027344},"b2":{"x":-951,"y":-380.78013610839844}},"4":{"from_node_id":"3","to_node_id":"5","b1":{"x":-930.3855590820312,"y":-227.84336853027344},"b2":{"x":-948.3855590820312,"y":-222.59336853027344}},"5":{"from_node_id":"3","to_node_id":"13","b1":{"x":-930.3855590820312,"y":-231.84336853027344},"b2":{"x":-867.7487182617188,"y":-157.71770095825195}}}},"1":{"name":"rxn12303","bigg_id":"rxn12303","reversibility":false,"label_x":-674.41015625,"label_y":-271.02378845214844,"gene_reaction_rule":"","genes":[],"metabolites":[{"bigg_id":"cpd00026","coefficient":-1},{"bigg_id":"cpd00863","coefficient":-1},{"bigg_id":"cpd00014","coefficient":1},{"bigg_id":"cpd00523","coefficient":1}],"segments":{"6":{"from_node_id":"8","to_node_id":"9","b1":null,"b2":null},"7":{"from_node_id":"10","to_node_id":"9","b1":null,"b2":null},"8":{"from_node_id":"8","to_node_id":"0","b1":{"x":-689.41015625,"y":-343.02378845214844},"b2":{"x":-766.40576171875,"y":-463.5522766113281}},"9":{"from_node_id":"8","to_node_id":"11","b1":{"x":-689.41015625,"y":-347.02378845214844},"b2":{"x":-678.72705078125,"y":-367.8847198486328}},"10":{"from_node_id":"10","to_node_id":"12","b1":{"x":-689.41015625,"y":-215.02378845214844},"b2":{"x":-678.0791303513431,"y":-228.39845816534884}},"11":{"from_node_id":"10","to_node_id":"13","b1":{"x":-689.41015625,"y":-219.02378845214844},"b2":{"x":-739.1609497070312,"y":-164.89702987670898}}}},"2":{"name":"rxn02004","bigg_id":"rxn02004","reversibility":false,"label_x":-789.6049041748047,"label_y":185.4840850830078,"gene_reaction_rule":"","genes":[],"metabolites":[{"bigg_id":"cpd00001","coefficient":-1},{"bigg_id":"cpd00523","coefficient":-1},{"bigg_id":"cpd00009","coefficient":1},{"bigg_id":"cpd00794","coefficient":1}],"segments":{"12":{"from_node_id":"15","to_node_id":"16","b1":null,"b2":null},"13":{"from_node_id":"17","to_node_id":"16","b1":null,"b2":null},"14":{"from_node_id":"15","to_node_id":"14","b1":{"x":-804.6049041748047,"y":113.48408508300781},"b2":{"x":-807.2193450927734,"y":111.52342987060547}},"15":{"from_node_id":"15","to_node_id":"13","b1":{"x":-804.6049041748047,"y":109.48408508300781},"b2":{"x":-806.0425720214844,"y":28.838470458984375}},"16":{"from_node_id":"17","to_node_id":"19","b1":{"x":-804.6049041748047,"y":241.4840850830078},"b2":{"x":-822.6049041748047,"y":246.7340850830078}},"17":{"from_node_id":"17","to_node_id":"55","b1":{"x":-804.6049041748047,"y":237.4840850830078},"b2":{"x":-802.3512649536133,"y":305.6385040283203}}}},"3":{"name":"rxn15550","bigg_id":"rxn15550","reversibility":false,"label_x":-427.81678621290575,"label_y":-226.12386455620515,"gene_reaction_rule":"","genes":[],"metabolites":[{"bigg_id":"cpd00009","coefficient":-1},{"bigg_id":"cpd00523","coefficient":-1},{"bigg_id":"cpd00501","coefficient":1},{"bigg_id":"cpd19006","coefficient":1}],"segments":{"18":{"from_node_id":"22","to_node_id":"23","b1":null,"b2":null},"19":{"from_node_id":"24","to_node_id":"23","b1":null,"b2":null},"20":{"from_node_id":"22","to_node_id":"21","b1":{"x":-439.4395442116073,"y":-203.36116693518053},"b2":{"x":-470.1457142506324,"y":-238.74825559820488}},"21":{"from_node_id":"22","to_node_id":"13","b1":{"x":-443.43854015198457,"y":-203.2715484725462},"b2":{"x":-546.8127288818359,"y":-97.50823974609375}},"22":{"from_node_id":"24","to_node_id":"26","b1":{"x":-315.4706700599071,"y":-206.13933927683914},"b2":{"x":-261.23428761853853,"y":-207.35478967631454}},"23":{"from_node_id":"24","to_node_id":"27","b1":{"x":-311.4716741195298,"y":-206.22895773947315},"b2":{"x":-300.5907736242316,"y":-188.3511002399822}}}},"4":{"name":"rxn15300","bigg_id":"rxn15300","reversibility":false,"label_x":-205.43754308428328,"label_y":417.92328307055027,"gene_reaction_rule":"","genes":[],"metabolites":[{"bigg_id":"cpd00001","coefficient":-1},{"bigg_id":"cpd11657","coefficient":-1},{"bigg_id":"cpd01355","coefficient":1},{"bigg_id":"cpd11976","coefficient":1}],"segments":{"24":{"from_node_id":"29","to_node_id":"30","b1":null,"b2":null},"25":{"from_node_id":"31","to_node_id":"30","b1":null,"b2":null},"26":{"from_node_id":"29","to_node_id":"28","b1":{"x":-69.55188988920617,"y":380.90021273563195},"b2":{"x":-54.524341719977656,"y":364.44479975214904}},"27":{"from_node_id":"29","to_node_id":"32","b1":{"x":-65.55229137473003,"y":380.84354067017455},"b2":{"x":-3.039559728724157,"y":381.0722348003692}},"28":{"from_node_id":"31","to_node_id":"58","b1":{"x":-193.53944383795488,"y":382.6570467648447},"b2":{"x":-248.8656272841953,"y":379.7331659868878}},"29":{"from_node_id":"31","to_node_id":"34","b1":{"x":-197.53904235243,"y":382.7137188303027},"b2":{"x":-203.0435396972424,"y":364.78990760107683}}}},"5":{"name":"rxn06051","bigg_id":"rxn06051","reversibility":false,"label_x":260.33807373046875,"label_y":917.9197692871094,"gene_reaction_rule":"","genes":[],"metabolites":[{"bigg_id":"cpd11735","coefficient":-1},{"bigg_id":"cpd12869","coefficient":1}],"segments":{"30":{"from_node_id":"36","to_node_id":"37","b1":null,"b2":null},"31":{"from_node_id":"38","to_node_id":"37","b1":null,"b2":null},"32":{"from_node_id":"36","to_node_id":"45","b1":{"x":245.33807373046875,"y":845.9197692871094},"b2":{"x":280.67970275878906,"y":728.3823699951172}},"33":{"from_node_id":"38","to_node_id":"39","b1":{"x":245.33807373046875,"y":969.9197692871094},"b2":{"x":245.33807373046875,"y":1024.1697692871094}}}},"6":{"name":"rxn15591","bigg_id":"rxn15591","reversibility":false,"label_x":374.72748947143555,"label_y":577.9959716796875,"gene_reaction_rule":"","genes":[],"metabolites":[{"bigg_id":"cpd11594","coefficient":-1},{"bigg_id":"cpd00179","coefficient":1},{"bigg_id":"cpd11735","coefficient":1}],"segments":{"34":{"from_node_id":"41","to_node_id":"42","b1":null,"b2":null},"35":{"from_node_id":"43","to_node_id":"42","b1":null,"b2":null},"36":{"from_node_id":"41","to_node_id":"50","b1":{"x":359.72748947143555,"y":505.9959716796875},"b2":{"x":359.72748947143555,"y":451.7459716796875}},"37":{"from_node_id":"43","to_node_id":"44","b1":{"x":359.72748947143555,"y":629.9959716796875},"b2":{"x":359.72748947143555,"y":684.2459716796875}},"38":{"from_node_id":"43","to_node_id":"45","b1":{"x":359.72748947143555,"y":633.9959716796875},"b2":{"x":341.72748947143555,"y":639.2459716796875}}}},"7":{"name":"rxn06093","bigg_id":"rxn06093","reversibility":false,"label_x":372.66087341308594,"label_y":224.66470336914062,"gene_reaction_rule":"","genes":[],"metabolites":[{"bigg_id":"cpd00001","coefficient":-1},{"bigg_id":"cpd11594","coefficient":1}],"segments":{"39":{"from_node_id":"47","to_node_id":"48","b1":null,"b2":null},"40":{"from_node_id":"49","to_node_id":"48","b1":null,"b2":null},"41":{"from_node_id":"47","to_node_id":"46","b1":{"x":357.66087341308594,"y":152.66470336914062},"b2":{"x":357.66087341308594,"y":98.41470336914062}},"42":{"from_node_id":"49","to_node_id":"50","b1":{"x":357.66087341308594,"y":276.6647033691406},"b2":{"x":357.66087341308594,"y":330.9147033691406}}}},"8":{"name":"rxn15360","bigg_id":"rxn15360","reversibility":false,"label_x":-1198.5383714229063,"label_y":430.99697557220793,"gene_reaction_rule":"","genes":[],"metabolites":[{"bigg_id":"cpd00009","coefficient":-1},{"bigg_id":"cpd00794","coefficient":-1},{"bigg_id":"cpd00501","coefficient":1},{"bigg_id":"cpd19001","coefficient":1}],"segments":{"43":{"from_node_id":"52","to_node_id":"53","b1":null,"b2":null},"44":{"from_node_id":"54","to_node_id":"53","b1":null,"b2":null},"45":{"from_node_id":"52","to_node_id":"51","b1":{"x":-1062.6499487085885,"y":388.97188963017413},"b2":{"x":-1065.9212543706692,"y":372.7150380026725}},"46":{"from_node_id":"52","to_node_id":"55","b1":{"x":-1058.650169546576,"y":388.92985803335927},"b2":{"x":-938.3638305664062,"y":385.3767395019531}},"47":{"from_node_id":"54","to_node_id":"56","b1":{"x":-1186.6431027309743,"y":390.27486913142747},"b2":{"x":-1240.8901076157692,"y":390.84492266322593}},"48":{"from_node_id":"54","to_node_id":"57","b1":{"x":-1190.6428818929876,"y":390.31690072824193},"b2":{"x":-1201.310738135045,"y":380.2164752766457}}}},"9":{"name":"rxn15226","bigg_id":"rxn15226","reversibility":false,"label_x":-648.7745842918997,"label_y":434.02101279696905,"gene_reaction_rule":"","genes":[],"metabolites":[{"bigg_id":"cpd01355","coefficient":-1},{"bigg_id":"cpd00794","coefficient":1}],"segments":{"49":{"from_node_id":"59","to_node_id":"60","b1":null,"b2":null},"50":{"from_node_id":"61","to_node_id":"60","b1":null,"b2":null},"51":{"from_node_id":"59","to_node_id":"58","b1":{"x":-515.4972321080463,"y":382.29105295145644},"b2":{"x":-461.24730483706765,"y":382.3798847785274}},"52":{"from_node_id":"61","to_node_id":"55","b1":{"x":-639.4970658702839,"y":382.088008775294},"b2":{"x":-635.3417663574219,"y":384.7986755371094}}}}},"nodes":{"0":{"node_type":"metabolite","x":-812.4465942382812,"y":-527.446044921875,"bigg_id":"cpd00026","name":"UDP-glucose","label_x":-787.4465942382812,"label_y":-527.446044921875,"node_is_primary":true},"1":{"node_type":"multimarker","x":-930.3855590820312,"y":-313.84336853027344},"2":{"node_type":"midmarker","x":-930.3855590820312,"y":-293.84336853027344},"3":{"node_type":"multimarker","x":-930.3855590820312,"y":-273.84336853027344},"4":{"node_type":"metabolite","x":-1013,"y":-414.53013610839844,"bigg_id":"cpd00079","name":"D-glucose-6-phosphate","label_x":-1176.5064086914062,"label_y":-439.43394470214844,"node_is_primary":true},"5":{"node_type":"metabolite","x":-1010.3855590820312,"y":-188.84336853027344,"bigg_id":"cpd00014","name":"UDP","label_x":-1079.7710571289062,"label_y":-169.30123901367188,"node_is_primary":false},"8":{"node_type":"multimarker","x":-689.41015625,"y":-301.02378845214844},"9":{"node_type":"midmarker","x":-689.41015625,"y":-281.02378845214844},"10":{"node_type":"multimarker","x":-689.41015625,"y":-261.02378845214844},"11":{"node_type":"metabolite","x":-604.7747802734375,"y":-430.3938446044922,"bigg_id":"cpd00863","name":"beta-D-Glucose 6-phosphate","label_x":-668.9313659667969,"label_y":-450.06871032714844,"node_is_primary":true},"12":{"node_type":"metabolite","x":-617.7710571289062,"y":-191.71060180664062,"bigg_id":"cpd00014","name":"UDP","label_x":-598.2647094726562,"label_y":-177.39739990234375,"node_is_primary":false},"13":{"node_type":"metabolite","x":-807.1370849609375,"y":-59.08662796020508,"bigg_id":"cpd00523","name":"Trehalose 6-phosphate","label_x":-1072.3429565429688,"label_y":-46.01428985595703,"node_is_primary":true},"14":{"node_type":"metabolite","x":-883.0389251708984,"y":81.5325698852539,"bigg_id":"cpd00001","name":"H2O","label_x":-858.0389251708984,"label_y":81.5325698852539,"node_is_primary":false},"15":{"node_type":"multimarker","x":-804.6049041748047,"y":155.4840850830078},"16":{"node_type":"midmarker","x":-804.6049041748047,"y":175.4840850830078},"17":{"node_type":"multimarker","x":-804.6049041748047,"y":195.4840850830078},"19":{"node_type":"metabolite","x":-884.6049041748047,"y":280.4840850830078,"bigg_id":"cpd00009","name":"Phosphate","label_x":-956.6049041748047,"label_y":310.4840850830078,"node_is_primary":false},"21":{"node_type":"metabolite","x":-489.66395662687864,"y":-294.95026445756287,"bigg_id":"cpd00009","name":"Phosphate","label_x":-464.66395662687864,"label_y":-294.95026445756287,"node_is_primary":false},"22":{"node_type":"multimarker","x":-397.45008683764445,"y":-204.30216079283898},"23":{"node_type":"midmarker","x":-377.4551071357573,"y":-204.75025310600986},"24":{"node_type":"multimarker","x":-357.4601274338701,"y":-205.1983454191805},"26":{"node_type":"metabolite","x":-202.4990347442452,"y":-208.67106084625365,"bigg_id":"cpd00501","name":"beta-D-Glucose 1-phosphate","label_x":-187.95690236662068,"label_y":-250.5025427798474,"node_is_primary":true},"27":{"node_type":"metabolite","x":-265.46015920646784,"y":-127.12281894260772,"bigg_id":"cpd19006","name":"alpha-D-Glucose 6-phosphate","label_x":-337.4601592064679,"label_y":-97.12281894260772,"node_is_primary":true},"28":{"node_type":"metabolite","x":-19.31044331156511,"y":306.0941487614309,"bigg_id":"cpd00001","name":"H2O","label_x":8.304058641560118,"label_y":311.32309163252444,"node_is_primary":false},"29":{"node_type":"multimarker","x":-111.54767429120119,"y":381.49526942294585},"30":{"node_type":"midmarker","x":-131.54566686358015,"y":381.7786297502381},"31":{"node_type":"multimarker","x":-151.54365943595906,"y":382.06199007753094},"32":{"node_type":"metabolite","x":89.96137860433419,"y":381.3474796565017,"bigg_id":"cpd11657","name":"Starch","label_x":17.961378604334186,"label_y":411.3474796565019,"node_is_primary":true},"34":{"node_type":"metabolite","x":-237.66856917773703,"y":303.27430117900735,"bigg_id":"cpd11976","name":"Maltodextrin","label_x":-309.668569177737,"label_y":333.27430117900735,"node_is_primary":false},"36":{"node_type":"multimarker","x":245.33807373046875,"y":887.9197692871094},"37":{"node_type":"midmarker","x":245.33807373046875,"y":907.9197692871094},"38":{"node_type":"multimarker","x":245.33807373046875,"y":927.9197692871094},"39":{"node_type":"metabolite","x":245.33807373046875,"y":1082.9197692871094,"bigg_id":"cpd12869","name":"4-alpha-D-(1,4-alpha-D-Glucanosyl)n trehalose","label_x":270.33807373046875,"label_y":1082.9197692871094,"node_is_primary":true},"41":{"node_type":"multimarker","x":359.72748947143555,"y":547.9959716796875},"42":{"node_type":"midmarker","x":359.72748947143555,"y":567.9959716796875},"43":{"node_type":"multimarker","x":359.72748947143555,"y":587.9959716796875},"44":{"node_type":"metabolite","x":359.72748947143555,"y":742.9959716796875,"bigg_id":"cpd00179","name":"Maltose","label_x":384.72748947143555,"label_y":742.9959716796875,"node_is_primary":true},"45":{"node_type":"metabolite","x":279.72748947143555,"y":672.9959716796875,"bigg_id":"cpd11735","name":"Amylose","label_x":207.72748947143555,"label_y":702.9959716796875,"node_is_primary":false},"46":{"node_type":"metabolite","x":357.66087341308594,"y":39.664703369140625,"bigg_id":"cpd00001","name":"H2O","label_x":382.66087341308594,"label_y":39.664703369140625,"node_is_primary":true},"47":{"node_type":"multimarker","x":357.66087341308594,"y":194.66470336914062},"48":{"node_type":"midmarker","x":357.66087341308594,"y":214.66470336914062},"49":{"node_type":"multimarker","x":357.66087341308594,"y":234.66470336914062},"50":{"node_type":"metabolite","x":357.66087341308594,"y":389.6647033691406,"bigg_id":"cpd11594","name":"Dextrin","label_x":382.66087341308594,"label_y":389.6647033691406,"node_is_primary":true},"51":{"node_type":"metabolite","x":-1022.8612655067361,"y":311.96494745961394,"bigg_id":"cpd00009","name":"Phosphate","label_x":-1146.8859237098611,"label_y":319.80836176625456,"node_is_primary":false},"52":{"node_type":"multimarker","x":-1104.6476299097194,"y":389.4132213967279},"53":{"node_type":"midmarker","x":-1124.6465257197813,"y":389.6233793808017},"54":{"node_type":"multimarker","x":-1144.6454215298434,"y":389.8335373648733},"55":{"node_type":"metabolite","x":-801.6642456054688,"y":383.00030517578125,"bigg_id":"cpd00794","name":"TRHL","label_x":-776.928955078125,"label_y":363.325439453125,"node_is_primary":false},"56":{"node_type":"metabolite","x":-1299.6368640578278,"y":391.4622617414404,"bigg_id":"cpd00501","name":"beta-D-Glucose 1-phosphate","label_x":-1601.4452136672028,"label_y":399.305676048081,"node_is_primary":true},"57":{"node_type":"metabolite","x":-1235.710364565151,"y":318.5745398635755,"bigg_id":"cpd19001","name":"alpha-D-Glucose","label_x":-1417.517981752651,"label_y":319.81541510771615,"node_is_primary":false},"58":{"node_type":"metabolite","x":-402.4973835989107,"y":382.47608514424934,"bigg_id":"cpd01355","name":"beta-Maltose","label_x":-437.6301198049654,"label_y":343.25907464620246,"node_is_primary":true},"59":{"node_type":"multimarker","x":-557.4971758017077,"y":382.2222799240466},"60":{"node_type":"midmarker","x":-577.4971489891652,"y":382.1895308633753},"61":{"node_type":"multimarker","x":-597.4971221766227,"y":382.1567818027038}},"text_labels":{},"canvas":{"x":-2160.0634765625,"y":-809,"width":3152.8800048828125,"height":2427}}]