[{"map_name":"new_map","map_id":"ChUc93PJNuFV","map_description":"","homepage":"https://escher.github.io","schema":"https://escher.github.io/escher/jsonschema/1-0-0#"},{"reactions":{"0":{"name":"rxn03397","bigg_id":"rxn03397","reversibility":false,"label_x":312.852783203125,"label_y":316.0582580566406,"gene_reaction_rule":"","genes":[],"metabolites":[{"bigg_id":"cpd00017","coefficient":-1},{"bigg_id":"cpd03447","coefficient":-1},{"bigg_id":"cpd00019","coefficient":1},{"bigg_id":"cpd00067","coefficient":1},{"bigg_id":"cpd03448","coefficient":1}],"segments":{"0":{"from_node_id":"1","to_node_id":"2","b1":null,"b2":null},"1":{"from_node_id":"3","to_node_id":"2","b1":null,"b2":null},"2":{"from_node_id":"1","to_node_id":"0","b1":{"x":297.852783203125,"y":244.05825805664062},"b2":{"x":313.7633972167969,"y":221.62940979003906}},"3":{"from_node_id":"1","to_node_id":"43","b1":{"x":297.852783203125,"y":240.05825805664062},"b2":{"x":292.77984619140625,"y":138.90822458267212}},"4":{"from_node_id":"3","to_node_id":"5","b1":{"x":297.852783203125,"y":372.0582580566406},"b2":{"x":315.852783203125,"y":377.3082580566406}},"5":{"from_node_id":"3","to_node_id":"6","b1":{"x":297.852783203125,"y":372.0582580566406},"b2":{"x":279.852783203125,"y":377.3082580566406}},"6":{"from_node_id":"3","to_node_id":"7","b1":{"x":297.852783203125,"y":368.0582580566406},"b2":{"x":297.852783203125,"y":424.5812072753906}}}},"1":{"name":"rxn03394","bigg_id":"rxn03394","reversibility":false,"label_x":-40.90336036682129,"label_y":-982.0036315917969,"gene_reaction_rule":"","genes":[],"metabolites":[{"bigg_id":"cpd00005","coefficient":-1},{"bigg_id":"cpd00007","coefficient":-1},{"bigg_id":"cpd00067","coefficient":-1},{"bigg_id":"cpd03444","coefficient":-1},{"bigg_id":"cpd00001","coefficient":1},{"bigg_id":"cpd00006","coefficient":1},{"bigg_id":"cpd03445","coefficient":1}],"segments":{"7":{"from_node_id":"9","to_node_id":"10","b1":null,"b2":null},"8":{"from_node_id":"11","to_node_id":"10","b1":null,"b2":null},"9":{"from_node_id":"9","to_node_id":"8","b1":{"x":-55.90336036682129,"y":-1054.0036315917969},"b2":{"x":-80.59824562072754,"y":-1070.2615661621094}},"10":{"from_node_id":"9","to_node_id":"12","b1":{"x":-55.90336036682129,"y":-1058.0036315917969},"b2":{"x":-37.90336036682129,"y":-1063.2536315917969}},"11":{"from_node_id":"9","to_node_id":"13","b1":{"x":-55.90336036682129,"y":-1058.0036315917969},"b2":{"x":-77.20563697814941,"y":-1098.3184509277344}},"12":{"from_node_id":"9","to_node_id":"14","b1":{"x":-55.90336036682129,"y":-1058.0036315917969},"b2":{"x":-57.70627403259277,"y":-1138.5627136230469}},"13":{"from_node_id":"11","to_node_id":"15","b1":{"x":-55.90336036682129,"y":-926.0036315917969},"b2":{"x":-37.90336036682129,"y":-920.7536315917969}},"14":{"from_node_id":"11","to_node_id":"16","b1":{"x":-55.90336036682129,"y":-926.0036315917969},"b2":{"x":-73.90336036682129,"y":-920.7536315917969}},"15":{"from_node_id":"11","to_node_id":"17","b1":{"x":-55.90336036682129,"y":-930.0036315917969},"b2":{"x":-55.90336036682129,"y":-875.7536315917969}}}},"2":{"name":"rxn00966","bigg_id":"rxn00966","reversibility":false,"label_x":281.8619000909378,"label_y":-2258.8630498732473,"gene_reaction_rule":"","genes":[],"metabolites":[{"bigg_id":"cpd00020","coefficient":-1},{"bigg_id":"cpd00136","coefficient":-1},{"bigg_id":"cpd00216","coefficient":1}],"segments":{"16":{"from_node_id":"19","to_node_id":"20","b1":null,"b2":null},"17":{"from_node_id":"21","to_node_id":"20","b1":null,"b2":null},"18":{"from_node_id":"19","to_node_id":"18","b1":{"x":267.65057306437643,"y":-2206.868066246013},"b2":{"x":223.5065983861675,"y":-2171.3036079159338}},"19":{"from_node_id":"19","to_node_id":"82","b1":{"x":267.7014551916937,"y":-2202.8683898829627},"b2":{"x":263.349737931602,"y":-2173.562750049713}},"20":{"from_node_id":"21","to_node_id":"23","b1":{"x":266.073227117497,"y":-2330.8580335004804},"b2":{"x":267.25122603429344,"y":-2381.3673160493086}}}},"3":{"name":"rxn04139","bigg_id":"rxn04139","reversibility":false,"label_x":313.6166687011719,"label_y":684.8319396972656,"gene_reaction_rule":"","genes":[],"metabolites":[{"bigg_id":"cpd00005","coefficient":-1},{"bigg_id":"cpd00007","coefficient":-1},{"bigg_id":"cpd00067","coefficient":-3},{"bigg_id":"cpd03448","coefficient":-1},{"bigg_id":"cpd00001","coefficient":1},{"bigg_id":"cpd00006","coefficient":1},{"bigg_id":"cpd03449","coefficient":1}],"segments":{"21":{"from_node_id":"25","to_node_id":"26","b1":null,"b2":null},"22":{"from_node_id":"27","to_node_id":"26","b1":null,"b2":null},"23":{"from_node_id":"25","to_node_id":"24","b1":{"x":298.6166687011719,"y":612.8319396972656},"b2":{"x":248.6120147705078,"y":569.9466552734375}},"24":{"from_node_id":"25","to_node_id":"28","b1":{"x":298.6166687011719,"y":608.8319396972656},"b2":{"x":316.6166687011719,"y":603.5819396972656}},"25":{"from_node_id":"25","to_node_id":"29","b1":{"x":298.6166687011719,"y":608.8319396972656},"b2":{"x":253.3413848876953,"y":605.8548278808594}},"26":{"from_node_id":"25","to_node_id":"7","b1":{"x":298.6166687011719,"y":608.8319396972656},"b2":{"x":297.2087097167969,"y":545.6097717285156}},"27":{"from_node_id":"27","to_node_id":"31","b1":{"x":298.6166687011719,"y":740.8319396972656},"b2":{"x":316.6166687011719,"y":746.0819396972656}},"28":{"from_node_id":"27","to_node_id":"32","b1":{"x":298.6166687011719,"y":740.8319396972656},"b2":{"x":280.6166687011719,"y":746.0819396972656}},"29":{"from_node_id":"27","to_node_id":"33","b1":{"x":298.6166687011719,"y":736.8319396972656},"b2":{"x":298.6166687011719,"y":836.5406494140625}}}},"4":{"name":"rxn03396","bigg_id":"rxn03396","reversibility":false,"label_x":309.2174987792969,"label_y":-169.66554641723633,"gene_reaction_rule":"","genes":[],"metabolites":[{"bigg_id":"cpd00005","coefficient":-1},{"bigg_id":"cpd00007","coefficient":-1},{"bigg_id":"cpd03446","coefficient":-1},{"bigg_id":"cpd00001","coefficient":1},{"bigg_id":"cpd00006","coefficient":1},{"bigg_id":"cpd00067","coefficient":1},{"bigg_id":"cpd03447","coefficient":1}],"segments":{"30":{"from_node_id":"35","to_node_id":"36","b1":null,"b2":null},"31":{"from_node_id":"37","to_node_id":"36","b1":null,"b2":null},"32":{"from_node_id":"35","to_node_id":"34","b1":{"x":294.2174987792969,"y":-241.66554641723633},"b2":{"x":241.93991088867188,"y":-250.45676040649414}},"33":{"from_node_id":"35","to_node_id":"38","b1":{"x":294.2174987792969,"y":-245.66554641723633},"b2":{"x":312.2174987792969,"y":-250.91554641723633}},"34":{"from_node_id":"35","to_node_id":"51","b1":{"x":294.2174987792969,"y":-245.66554641723633},"b2":{"x":295.86663818359375,"y":-306.6664047241211}},"35":{"from_node_id":"37","to_node_id":"40","b1":{"x":294.2174987792969,"y":-113.66554641723633},"b2":{"x":312.2174987792969,"y":-108.41554641723633}},"36":{"from_node_id":"37","to_node_id":"41","b1":{"x":294.2174987792969,"y":-113.66554641723633},"b2":{"x":276.2174987792969,"y":-108.41554641723633}},"37":{"from_node_id":"37","to_node_id":"42","b1":{"x":294.2174987792969,"y":-113.66554641723633},"b2":{"x":258.2174987792969,"y":-123.41554641723633}},"38":{"from_node_id":"37","to_node_id":"43","b1":{"x":294.2174987792969,"y":-117.66554641723633},"b2":{"x":294.217529296875,"y":4.772623538970947}}}},"5":{"name":"rxn03395","bigg_id":"rxn03395","reversibility":false,"label_x":-39.80930519104004,"label_y":-605.4647369384766,"gene_reaction_rule":"","genes":[],"metabolites":[{"bigg_id":"cpd00017","coefficient":-1},{"bigg_id":"cpd03445","coefficient":-1},{"bigg_id":"cpd00019","coefficient":1},{"bigg_id":"cpd00067","coefficient":1},{"bigg_id":"cpd03446","coefficient":1}],"segments":{"39":{"from_node_id":"45","to_node_id":"46","b1":null,"b2":null},"40":{"from_node_id":"47","to_node_id":"46","b1":null,"b2":null},"41":{"from_node_id":"45","to_node_id":"44","b1":{"x":-54.80930519104004,"y":-677.4647369384766},"b2":{"x":-20.71525001525879,"y":-706.7124176025391}},"42":{"from_node_id":"45","to_node_id":"17","b1":{"x":-54.80930519104004,"y":-681.4647369384766},"b2":{"x":-54.29471778869629,"y":-744.5754451751709}},"43":{"from_node_id":"47","to_node_id":"49","b1":{"x":-54.80930519104004,"y":-549.4647369384766},"b2":{"x":-36.80930519104004,"y":-544.2147369384766}},"44":{"from_node_id":"47","to_node_id":"50","b1":{"x":-54.80930519104004,"y":-549.4647369384766},"b2":{"x":-72.80930519104004,"y":-544.2147369384766}},"45":{"from_node_id":"47","to_node_id":"51","b1":{"x":-55.82783317565918,"y":-378.3721160888672},"b2":{"x":-52.68364715576172,"y":-376.6711883544922}}}},"6":{"name":"rxn11946","bigg_id":"rxn11946","reversibility":false,"label_x":312.02095794677734,"label_y":1086.8248443603516,"gene_reaction_rule":"","genes":[],"metabolites":[{"bigg_id":"cpd00017","coefficient":-1},{"bigg_id":"cpd03449","coefficient":-1},{"bigg_id":"cpd00019","coefficient":1},{"bigg_id":"cpd00067","coefficient":3},{"bigg_id":"cpd15560","coefficient":1}],"segments":{"46":{"from_node_id":"53","to_node_id":"54","b1":null,"b2":null},"47":{"from_node_id":"55","to_node_id":"54","b1":null,"b2":null},"48":{"from_node_id":"53","to_node_id":"52","b1":{"x":297.02095794677734,"y":1014.8248443603516},"b2":{"x":315.20446014404297,"y":1015.1254425048828}},"49":{"from_node_id":"53","to_node_id":"33","b1":{"x":297.02095794677734,"y":1010.8248443603516},"b2":{"x":295.69531059265137,"y":985.2374725341797}},"50":{"from_node_id":"55","to_node_id":"57","b1":{"x":297.02095794677734,"y":1142.8248443603516},"b2":{"x":315.02095794677734,"y":1148.0748443603516}},"51":{"from_node_id":"55","to_node_id":"58","b1":{"x":297.02095794677734,"y":1142.8248443603516},"b2":{"x":279.02095794677734,"y":1148.0748443603516}},"52":{"from_node_id":"55","to_node_id":"59","b1":{"x":297.02095794677734,"y":1138.8248443603516},"b2":{"x":297.02095794677734,"y":1193.0748443603516}}}},"9":{"name":"rxn03393","bigg_id":"rxn03393","reversibility":false,"label_x":-41.57929229736328,"label_y":-1424.8287715911865,"gene_reaction_rule":"","genes":[],"metabolites":[{"bigg_id":"cpd00067","coefficient":-1},{"bigg_id":"cpd03443","coefficient":-1},{"bigg_id":"cpd00011","coefficient":1},{"bigg_id":"cpd03444","coefficient":1}],"segments":{"66":{"from_node_id":"76","to_node_id":"77","b1":null,"b2":null},"67":{"from_node_id":"78","to_node_id":"77","b1":null,"b2":null},"68":{"from_node_id":"76","to_node_id":"75","b1":{"x":-56.57929229736328,"y":-1496.8287715911865},"b2":{"x":-95.80910110473633,"y":-1500.640417098999}},"69":{"from_node_id":"76","to_node_id":"89","b1":{"x":-52.6359977722168,"y":-1694.2403926849365},"b2":{"x":-52.205817222595215,"y":-1692.677282333374}},"70":{"from_node_id":"78","to_node_id":"80","b1":{"x":-56.57929229736328,"y":-1368.8287715911865},"b2":{"x":-74.57929229736328,"y":-1363.5787715911865}},"71":{"from_node_id":"78","to_node_id":"14","b1":{"x":-56.57929229736328,"y":-1372.8287715911865},"b2":{"x":-57.46287727355957,"y":-1332.9615173339844}}}},"10":{"name":"rxn03893","bigg_id":"rxn03893","reversibility":false,"label_x":281.0681953430176,"label_y":-1861.7272090911865,"gene_reaction_rule":"","genes":[],"metabolites":[{"bigg_id":"cpd00136","coefficient":-1},{"bigg_id":"cpd02557","coefficient":-1},{"bigg_id":"cpd00012","coefficient":1},{"bigg_id":"cpd00067","coefficient":1},{"bigg_id":"cpd03443","coefficient":1}],"segments":{"72":{"from_node_id":"83","to_node_id":"84","b1":null,"b2":null},"73":{"from_node_id":"85","to_node_id":"84","b1":null,"b2":null},"74":{"from_node_id":"83","to_node_id":"82","b1":{"x":266.0681953430176,"y":-1933.7272090911865},"b2":{"x":266.0681953430176,"y":-1987.9772090911865}},"75":{"from_node_id":"83","to_node_id":"86","b1":{"x":266.0681953430176,"y":-1937.7272090911865},"b2":{"x":248.06819534301758,"y":-1942.9772090911865}},"76":{"from_node_id":"85","to_node_id":"87","b1":{"x":266.0681953430176,"y":-1805.7272090911865},"b2":{"x":284.0681953430176,"y":-1806.0919551849365}},"77":{"from_node_id":"85","to_node_id":"88","b1":{"x":266.0681953430176,"y":-1805.7272090911865},"b2":{"x":248.06819534301758,"y":-1800.4772090911865}},"78":{"from_node_id":"85","to_node_id":"89","b1":{"x":266.0681953430176,"y":-1809.7272090911865},"b2":{"x":266.0681953430176,"y":-1755.4772090911865}}}},"11":{"name":"rxn25474","bigg_id":"rxn25474","reversibility":false,"label_x":631.4448011835274,"label_y":-1415.3229294067353,"gene_reaction_rule":"","genes":[],"metabolites":[{"bigg_id":"cpd00005","coefficient":-1},{"bigg_id":"cpd00007","coefficient":-1},{"bigg_id":"cpd00067","coefficient":-1},{"bigg_id":"cpd03443","coefficient":-1},{"bigg_id":"cpd00001","coefficient":1},{"bigg_id":"cpd00006","coefficient":1},{"bigg_id":"cpd25893","coefficient":1}],"segments":{"79":{"from_node_id":"90","to_node_id":"91","b1":null,"b2":null},"80":{"from_node_id":"92","to_node_id":"91","b1":null,"b2":null},"81":{"from_node_id":"90","to_node_id":"93","b1":{"x":605.8332578995798,"y":-1486.2362825569653},"b2":{"x":638.9769841895375,"y":-1497.6034741097026}},"82":{"from_node_id":"90","to_node_id":"94","b1":{"x":605.8332578995798,"y":-1486.2362825569653},"b2":{"x":582.1601575158414,"y":-1508.1255620384388}},"83":{"from_node_id":"90","to_node_id":"95","b1":{"x":605.8332578995798,"y":-1486.2362825569653},"b2":{"x":538.1296242842551,"y":-1487.3076492159187}},"84":{"from_node_id":"90","to_node_id":"89","b1":{"x":607.750168799956,"y":-1695.5946943925571},"b2":{"x":609.2958869934082,"y":-1696.727331161499}},"85":{"from_node_id":"92","to_node_id":"96","b1":{"x":607.3311247409122,"y":-1354.2447813346298},"b2":{"x":621.604263603799,"y":-1352.8998229041142}},"86":{"from_node_id":"92","to_node_id":"97","b1":{"x":607.3311247409122,"y":-1354.2447813346298},"b2":{"x":589.3918579145109,"y":-1348.7908647849242}},"87":{"from_node_id":"92","to_node_id":"98","b1":{"x":607.2857348366299,"y":-1358.2445237959137},"b2":{"x":607.9013354134659,"y":-1303.9980166647636}}}},"12":{"name":"rxn22114","bigg_id":"rxn22114","reversibility":false,"label_x":623.5679996326196,"label_y":-1060.2517992646722,"gene_reaction_rule":"","genes":[],"metabolites":[{"bigg_id":"cpd00017","coefficient":-1},{"bigg_id":"cpd25893","coefficient":-1},{"bigg_id":"cpd00019","coefficient":1},{"bigg_id":"cpd00067","coefficient":1},{"bigg_id":"cpd25898","coefficient":1}],"segments":{"88":{"from_node_id":"99","to_node_id":"100","b1":null,"b2":null},"89":{"from_node_id":"101","to_node_id":"100","b1":null,"b2":null},"90":{"from_node_id":"99","to_node_id":"102","b1":{"x":608.5679996326196,"y":-1136.2517992646722},"b2":{"x":590.5679996326196,"y":-1141.5017992646722}},"91":{"from_node_id":"99","to_node_id":"98","b1":{"x":608.5679996326196,"y":-1132.2517992646722},"b2":{"x":608.5679996326196,"y":-1186.5017992646722}},"92":{"from_node_id":"101","to_node_id":"103","b1":{"x":608.5679996326196,"y":-1004.2517992646722},"b2":{"x":626.5679996326196,"y":-999.0017992646722}},"93":{"from_node_id":"101","to_node_id":"104","b1":{"x":608.5679996326196,"y":-1004.2517992646722},"b2":{"x":590.5679996326196,"y":-999.0017992646722}},"94":{"from_node_id":"101","to_node_id":"105","b1":{"x":608.5679996326196,"y":-1008.2517992646722},"b2":{"x":608.5679385974634,"y":-888.4970080049065}}}},"13":{"name":"rxn25479","bigg_id":"rxn25479","reversibility":false,"label_x":625.4395206287134,"label_y":-648.4901720674065,"gene_reaction_rule":"","genes":[],"metabolites":[{"bigg_id":"cpd00067","coefficient":-1},{"bigg_id":"cpd25898","coefficient":-1},{"bigg_id":"cpd00011","coefficient":1},{"bigg_id":"cpd03446","coefficient":1}],"segments":{"95":{"from_node_id":"106","to_node_id":"107","b1":null,"b2":null},"96":{"from_node_id":"108","to_node_id":"107","b1":null,"b2":null},"97":{"from_node_id":"106","to_node_id":"109","b1":{"x":610.4395206287134,"y":-724.4901720674065},"b2":{"x":592.4395206287134,"y":-729.7401720674065}},"98":{"from_node_id":"106","to_node_id":"105","b1":{"x":610.4395206287134,"y":-720.4901720674065},"b2":{"x":608.5679385974634,"y":-770.9970080049065}},"99":{"from_node_id":"108","to_node_id":"110","b1":{"x":610.4395206287134,"y":-592.4901720674065},"b2":{"x":592.4395206287134,"y":-587.2401720674065}},"100":{"from_node_id":"108","to_node_id":"51","b1":{"x":610.4395206287134,"y":-379.38873163771905},"b2":{"x":610.4395206287134,"y":-377.54254023146905}}}}},"nodes":{"0":{"node_type":"metabolite","x":384.2244873046875,"y":199.24642944335938,"bigg_id":"cpd00017","name":"S-Adenosyl-L-methionine","label_x":409.2244873046875,"label_y":199.24642944335938,"node_is_primary":false},"1":{"node_type":"multimarker","x":297.852783203125,"y":286.0582580566406},"2":{"node_type":"midmarker","x":297.852783203125,"y":306.0582580566406},"3":{"node_type":"multimarker","x":297.852783203125,"y":326.0582580566406},"5":{"node_type":"metabolite","x":377.852783203125,"y":411.0582580566406,"bigg_id":"cpd00019","name":"S-Adenosyl-homocysteine","label_x":392.852783203125,"label_y":411.0582580566406,"node_is_primary":false},"6":{"node_type":"metabolite","x":217.852783203125,"y":411.0582580566406,"bigg_id":"cpd00067","name":"H+","label_x":145.852783203125,"label_y":441.0582580566406,"node_is_primary":false},"7":{"node_type":"metabolite","x":297.852783203125,"y":483.3312072753906,"bigg_id":"cpd03448","name":"2-Octaprenyl-3-methyl-6-methoxy-1,4-benzoquinone","label_x":322.852783203125,"label_y":483.3312072753906,"node_is_primary":true},"8":{"node_type":"metabolite","x":-167.98015022277832,"y":-1073.9229431152344,"bigg_id":"cpd00005","name":"NADPH","label_x":-272.153413772583,"label_y":-1056.8263854980469,"node_is_primary":false},"9":{"node_type":"multimarker","x":-55.90336036682129,"y":-1012.0036315917969},"10":{"node_type":"midmarker","x":-55.90336036682129,"y":-992.0036315917969},"11":{"node_type":"multimarker","x":-55.90336036682129,"y":-972.0036315917969},"12":{"node_type":"metabolite","x":24.09663963317871,"y":-1097.0036315917969,"bigg_id":"cpd00007","name":"O2","label_x":39.09663963317871,"label_y":-1097.0036315917969,"node_is_primary":false},"13":{"node_type":"metabolite","x":-139.2056369781494,"y":-1132.0684509277344,"bigg_id":"cpd00067","name":"H+","label_x":-184.0803928375244,"label_y":-1115.6310729980469,"node_is_primary":false},"14":{"node_type":"metabolite","x":-58.23185157775879,"y":-1235.6985778808594,"bigg_id":"cpd03444","name":"2-Octaprenylphenol","label_x":-150.8190574645996,"label_y":-1230.0289001464844,"node_is_primary":true},"15":{"node_type":"metabolite","x":24.09663963317871,"y":-887.0036315917969,"bigg_id":"cpd00001","name":"H2O","label_x":39.09663963317871,"label_y":-887.0036315917969,"node_is_primary":false},"16":{"node_type":"metabolite","x":-135.9033603668213,"y":-887.0036315917969,"bigg_id":"cpd00006","name":"NADP","label_x":-207.9033603668213,"label_y":-857.0036315917969,"node_is_primary":false},"17":{"node_type":"metabolite","x":-55.90336036682129,"y":-817.0036315917969,"bigg_id":"cpd03445","name":"2-Octaprenyl-6-hydroxyphenol","label_x":-30.90336036682129,"label_y":-817.0036315917969,"node_is_primary":true},"18":{"node_type":"metabolite","x":164.47516681377772,"y":-2155.5241816461757,"bigg_id":"cpd00020","name":"Pyruvate","label_x":107.27938129131678,"label_y":-2181.6772578180507,"node_is_primary":false},"19":{"node_type":"multimarker","x":267.11631072752925,"y":-2248.86466805801},"20":{"node_type":"midmarker","x":266.8619000909378,"y":-2268.8630498732473},"21":{"node_type":"multimarker","x":266.6074894543447,"y":-2288.8614316884837},"23":{"node_type":"metabolite","x":266.50389478930083,"y":-2440.112562631567,"bigg_id":"cpd00216","name":"Chorismate","label_x":291.50389478930083,"label_y":-2440.112562631567,"node_is_primary":true},"24":{"node_type":"metabolite","x":178.15090942382812,"y":538.471923828125,"bigg_id":"cpd00005","name":"NADPH","label_x":82.68514251708984,"label_y":545.290771484375,"node_is_primary":false},"25":{"node_type":"multimarker","x":298.6166687011719,"y":654.8319396972656},"26":{"node_type":"midmarker","x":298.6166687011719,"y":674.8319396972656},"27":{"node_type":"multimarker","x":298.6166687011719,"y":694.8319396972656},"28":{"node_type":"metabolite","x":378.6166687011719,"y":569.8319396972656,"bigg_id":"cpd00007","name":"O2","label_x":393.6166687011719,"label_y":569.8319396972656,"node_is_primary":false},"29":{"node_type":"metabolite","x":173.1578826904297,"y":590.2883605957031,"bigg_id":"cpd00067","name":"H+","label_x":121.61433410644531,"label_y":606.6507263183594,"node_is_primary":false},"31":{"node_type":"metabolite","x":378.6166687011719,"y":779.8319396972656,"bigg_id":"cpd00001","name":"H2O","label_x":393.6166687011719,"label_y":779.8319396972656,"node_is_primary":false},"32":{"node_type":"metabolite","x":218.61666870117188,"y":779.8319396972656,"bigg_id":"cpd00006","name":"NADP","label_x":146.61666870117188,"label_y":809.8319396972656,"node_is_primary":false},"33":{"node_type":"metabolite","x":298.6166687011719,"y":895.2906494140625,"bigg_id":"cpd03449","name":"2-Octaprenyl-3-methyl-5-hydroxy-6-methoxy-1,4-benzoquinone","label_x":323.6166687011719,"label_y":895.2906494140625,"node_is_primary":true},"34":{"node_type":"metabolite","x":144.2035369873047,"y":-266.02092361450195,"bigg_id":"cpd00005","name":"NADPH","label_x":110.10713195800781,"label_y":-218.28918838500977,"node_is_primary":false},"35":{"node_type":"multimarker","x":294.2174987792969,"y":-199.66554641723633},"36":{"node_type":"midmarker","x":294.2174987792969,"y":-179.66554641723633},"37":{"node_type":"multimarker","x":294.2174987792969,"y":-159.66554641723633},"38":{"node_type":"metabolite","x":374.2174987792969,"y":-284.6655464172363,"bigg_id":"cpd00007","name":"O2","label_x":389.2174987792969,"label_y":-284.6655464172363,"node_is_primary":false},"40":{"node_type":"metabolite","x":374.2174987792969,"y":-74.66554641723633,"bigg_id":"cpd00001","name":"H2O","label_x":389.2174987792969,"label_y":-74.66554641723633,"node_is_primary":false},"41":{"node_type":"metabolite","x":214.21749877929688,"y":-74.66554641723633,"bigg_id":"cpd00006","name":"NADP","label_x":142.21749877929688,"label_y":-44.66554641723633,"node_is_primary":false},"42":{"node_type":"metabolite","x":134.21749877929688,"y":-94.66554641723633,"bigg_id":"cpd00067","name":"H+","label_x":80.40100860595703,"label_y":-98.7596321105957,"node_is_primary":false},"43":{"node_type":"metabolite","x":294.217529296875,"y":63.52262353897095,"bigg_id":"cpd03447","name":"2-Octaprenyl-6-methoxy-1,4-benzoquinone","label_x":319.217529296875,"label_y":63.52262353897095,"node_is_primary":true},"44":{"node_type":"metabolite","x":38.381155014038086,"y":-722.2765655517578,"bigg_id":"cpd00017","name":"S-Adenosyl-L-methionine","label_x":63.381155014038086,"label_y":-722.2765655517578,"node_is_primary":false},"45":{"node_type":"multimarker","x":-54.80930519104004,"y":-635.4647369384766},"46":{"node_type":"midmarker","x":-54.80930519104004,"y":-615.4647369384766},"47":{"node_type":"multimarker","x":-54.80930519104004,"y":-595.4647369384766},"49":{"node_type":"metabolite","x":25.19069480895996,"y":-510.46473693847656,"bigg_id":"cpd00019","name":"S-Adenosyl-homocysteine","label_x":40.19069480895996,"label_y":-510.46473693847656,"node_is_primary":false},"50":{"node_type":"metabolite","x":-134.80930519104004,"y":-510.46473693847656,"bigg_id":"cpd00067","name":"H+","label_x":-206.80930519104004,"label_y":-480.46473693847656,"node_is_primary":false},"51":{"node_type":"metabolite","x":293.4345397949219,"y":-373.8769989013672,"bigg_id":"cpd03446","name":"2-Octaprenyl-6-methoxyphenol","label_x":149.99378967285156,"label_y":-400.0789031982422,"node_is_primary":true},"52":{"node_type":"metabolite","x":378.84676361083984,"y":981.3777618408203,"bigg_id":"cpd00017","name":"S-Adenosyl-L-methionine","label_x":403.84676361083984,"label_y":981.3777618408203,"node_is_primary":false},"53":{"node_type":"multimarker","x":297.02095794677734,"y":1056.8248443603516},"54":{"node_type":"midmarker","x":297.02095794677734,"y":1076.8248443603516},"55":{"node_type":"multimarker","x":297.02095794677734,"y":1096.8248443603516},"57":{"node_type":"metabolite","x":377.02095794677734,"y":1181.8248443603516,"bigg_id":"cpd00019","name":"S-Adenosyl-homocysteine","label_x":392.02095794677734,"label_y":1181.8248443603516,"node_is_primary":false},"58":{"node_type":"metabolite","x":217.02095794677734,"y":1181.8248443603516,"bigg_id":"cpd00067","name":"H+","label_x":145.02095794677734,"label_y":1211.8248443603516,"node_is_primary":false},"59":{"node_type":"metabolite","x":297.02095794677734,"y":1251.8248443603516,"bigg_id":"cpd15560","name":"Ubiquinone-8","label_x":322.02095794677734,"label_y":1251.8248443603516,"node_is_primary":true},"75":{"node_type":"metabolite","x":-142.51125717163086,"y":-1516.424352645874,"bigg_id":"cpd00067","name":"H+","label_x":-117.51125717163086,"label_y":-1516.424352645874,"node_is_primary":false},"76":{"node_type":"multimarker","x":-56.57929229736328,"y":-1454.8287715911865},"77":{"node_type":"midmarker","x":-56.57929229736328,"y":-1434.8287715911865},"78":{"node_type":"multimarker","x":-56.57929229736328,"y":-1414.8287715911865},"80":{"node_type":"metabolite","x":-136.57929229736328,"y":-1329.8287715911865,"bigg_id":"cpd00011","name":"CO2","label_x":-208.57929229736328,"label_y":-1299.8287715911865,"node_is_primary":false},"82":{"node_type":"metabolite","x":266.0681953430176,"y":-2046.7272090911865,"bigg_id":"cpd00136","name":"4-Hydroxybenzoate","label_x":291.0681953430176,"label_y":-2046.7272090911865,"node_is_primary":true},"83":{"node_type":"multimarker","x":266.0681953430176,"y":-1891.7272090911865},"84":{"node_type":"midmarker","x":266.0681953430176,"y":-1871.7272090911865},"85":{"node_type":"multimarker","x":266.0681953430176,"y":-1851.7272090911865},"86":{"node_type":"metabolite","x":186.06819534301758,"y":-1976.7272090911865,"bigg_id":"cpd02557","name":"Farnesylfarnesylgeraniol","label_x":114.06819534301758,"label_y":-1946.7272090911865,"node_is_primary":false},"87":{"node_type":"metabolite","x":346.0681953430176,"y":-1772.3419551849365,"bigg_id":"cpd00012","name":"PPi","label_x":361.0681953430176,"label_y":-1772.3419551849365,"node_is_primary":false},"88":{"node_type":"metabolite","x":186.06819534301758,"y":-1766.7272090911865,"bigg_id":"cpd00067","name":"H+","label_x":114.06819534301758,"label_y":-1736.7272090911865,"node_is_primary":false},"89":{"node_type":"metabolite","x":266.0681953430176,"y":-1696.7272090911865,"bigg_id":"cpd03443","name":"3-Octaprenyl-4-hydroxybenzoate","label_x":135.72836685180664,"label_y":-1659.295934677124,"node_is_primary":true},"90":{"node_type":"multimarker","x":606.3552417988327,"y":-1440.2392442522125},"91":{"node_type":"midmarker","x":606.5821913202461,"y":-1420.2405319457978},"92":{"node_type":"multimarker","x":606.8091408416602,"y":-1400.2418196393837},"93":{"node_type":"metabolite","x":694.9753299634424,"y":-1509.5961044087865,"bigg_id":"cpd00005","name":"NADPH","label_x":651.7753299634423,"label_y":-1529.5961044087865,"node_is_primary":false},"94":{"node_type":"metabolite","x":531.0105421657582,"y":-1526.197433429755,"bigg_id":"cpd00007","name":"O2","label_x":487.81054216575825,"label_y":-1523.6287078438174,"node_is_primary":false},"95":{"node_type":"metabolite","x":464.3435946099529,"y":-1494.061552920496,"bigg_id":"cpd00067","name":"H+","label_x":426.75827966854666,"label_y":-1470.9056691314336,"node_is_primary":false},"96":{"node_type":"metabolite","x":683.983249071071,"y":-1319.855539403422,"bigg_id":"cpd00001","name":"H2O","label_x":642.6547700671647,"label_y":-1358.571115575297,"node_is_primary":false},"97":{"node_type":"metabolite","x":527.7788270820126,"y":-1314.339494251465,"bigg_id":"cpd00006","name":"NADP","label_x":484.5788270820126,"label_y":-1274.339494251465,"node_is_primary":false},"98":{"node_type":"metabolite","x":608.5679996326196,"y":-1245.2517992646722,"bigg_id":"cpd25893","name":"3,4-dihydroxy-5-all-trans-octaprenylbenzoate","label_x":408.15657385136956,"label_y":-1235.1967455537347,"node_is_primary":true},"99":{"node_type":"multimarker","x":608.5679996326196,"y":-1090.2517992646722},"100":{"node_type":"midmarker","x":608.5679996326196,"y":-1070.2517992646722},"101":{"node_type":"multimarker","x":608.5679996326196,"y":-1050.2517992646722},"102":{"node_type":"metabolite","x":528.5679996326196,"y":-1175.2517992646722,"bigg_id":"cpd00017","name":"S-Adenosyl-L-methionine","label_x":409.7789066150415,"label_y":-1145.2517992646722,"node_is_primary":false},"103":{"node_type":"metabolite","x":688.5679996326196,"y":-965.2517992646722,"bigg_id":"cpd00019","name":"S-Adenosyl-homocysteine","label_x":703.5679996326196,"label_y":-965.2517992646722,"node_is_primary":false},"104":{"node_type":"metabolite","x":528.5679996326196,"y":-965.2517992646722,"bigg_id":"cpd00067","name":"H+","label_x":456.5679996326196,"label_y":-935.2517992646722,"node_is_primary":false},"105":{"node_type":"metabolite","x":608.5679385974634,"y":-829.7470080049065,"bigg_id":"cpd25898","name":"3-(3,7,11,15,19,23-octamethyltetracosa-2,6,10,14,18,22-hexaenyl) -4-hydroxy-5-methoxy-benzoic acid","label_x":328.5030582263696,"label_y":-826.0038439424065,"node_is_primary":true},"106":{"node_type":"multimarker","x":610.4395206287134,"y":-678.4901720674065},"107":{"node_type":"midmarker","x":610.4395206287134,"y":-658.4901720674065},"108":{"node_type":"multimarker","x":610.4395206287134,"y":-638.4901720674065},"109":{"node_type":"metabolite","x":530.4395206287134,"y":-763.4901720674065,"bigg_id":"cpd00067","name":"H+","label_x":458.43952062871335,"label_y":-733.4901720674065,"node_is_primary":false},"110":{"node_type":"metabolite","x":530.4395206287134,"y":-553.4901720674065,"bigg_id":"cpd00011","name":"CO2","label_x":458.43952062871335,"label_y":-523.4901720674065,"node_is_primary":false}},"text_labels":{"0":{"x":-31.314170837402344,"y":-2651.60888671875,"text":"Ubiquinone Biosynthesis"}},"canvas":{"x":-726.8074951171875,"y":-2955.438720703125,"width":2063.7171630859375,"height":4424.18896484375}}]