[{"map_name":"new_map","map_id":"9YGMK6mZMDvw","map_description":"","homepage":"https://escher.github.io","schema":"https://escher.github.io/escher/jsonschema/1-0-0#"},{"reactions":{"0":{"name":"rxn00293","bigg_id":"rxn00293","reversibility":false,"label_x":-289.6517333984375,"label_y":-145.3863983154297,"gene_reaction_rule":"","genes":[],"metabolites":[{"bigg_id":"cpd00062","coefficient":-1},{"bigg_id":"cpd02611","coefficient":-1},{"bigg_id":"cpd00012","coefficient":1},{"bigg_id":"cpd00037","coefficient":1}],"segments":{"0":{"from_node_id":"1","to_node_id":"2","b1":null,"b2":null},"1":{"from_node_id":"3","to_node_id":"2","b1":null,"b2":null},"2":{"from_node_id":"1","to_node_id":"0","b1":{"x":-304.6517333984375,"y":-217.3863983154297},"b2":{"x":-329.9708557128906,"y":-217.00038146972656}},"3":{"from_node_id":"1","to_node_id":"4","b1":{"x":-304.6517333984375,"y":-221.3863983154297},"b2":{"x":-306.6606750488281,"y":-254.62074279785156}},"4":{"from_node_id":"3","to_node_id":"5","b1":{"x":-304.6517333984375,"y":-89.38639831542969},"b2":{"x":-322.6517333984375,"y":-84.13639831542969}},"5":{"from_node_id":"3","to_node_id":"31","b1":{"x":-304.6517333984375,"y":-93.38639831542969},"b2":{"x":-304.6517333984375,"y":-39.13639831542969}}}},"1":{"name":"rxn01483","bigg_id":"rxn01483","reversibility":false,"label_x":-428.72580384817286,"label_y":-1192.1574273735353,"gene_reaction_rule":"","genes":[],"metabolites":[{"bigg_id":"cpd00022","coefficient":-1},{"bigg_id":"cpd00288","coefficient":-1},{"bigg_id":"cpd00010","coefficient":1},{"bigg_id":"cpd00067","coefficient":1},{"bigg_id":"cpd00293","coefficient":1}],"segments":{"6":{"from_node_id":"8","to_node_id":"9","b1":null,"b2":null},"7":{"from_node_id":"10","to_node_id":"9","b1":null,"b2":null},"8":{"from_node_id":"8","to_node_id":"7","b1":{"x":-444.250888296424,"y":-1140.1596509108094},"b2":{"x":-461.92627957145487,"y":-1138.8836424043616}},"9":{"from_node_id":"8","to_node_id":"42","b1":{"x":-441.636174624548,"y":-1072.5932660445155},"b2":{"x":-442.2214746140397,"y":-1068.51522920584}},"10":{"from_node_id":"10","to_node_id":"12","b1":{"x":-443.2007193999229,"y":-1264.155203836262},"b2":{"x":-479.8217758787986,"y":-1276.0253285536478}},"11":{"from_node_id":"10","to_node_id":"13","b1":{"x":-443.1668429839065,"y":-1268.1550603822438},"b2":{"x":-414.7711487073065,"y":-1273.5573159709193}},"12":{"from_node_id":"10","to_node_id":"14","b1":{"x":-443.1668429839065,"y":-1268.1550603822438},"b2":{"x":-443.66330893409054,"y":-1285.1708852580234}}}},"2":{"name":"rxn02285","bigg_id":"rxn02285","reversibility":false,"label_x":-285.48439025878906,"label_y":567.8349151611328,"gene_reaction_rule":"","genes":[],"metabolites":[{"bigg_id":"cpd00006","coefficient":-1},{"bigg_id":"cpd00773","coefficient":-1},{"bigg_id":"cpd00005","coefficient":1},{"bigg_id":"cpd00067","coefficient":1},{"bigg_id":"cpd02820","coefficient":1}],"segments":{"13":{"from_node_id":"16","to_node_id":"17","b1":null,"b2":null},"14":{"from_node_id":"18","to_node_id":"17","b1":null,"b2":null},"15":{"from_node_id":"16","to_node_id":"15","b1":{"x":-299.0311919399217,"y":619.8178822944193},"b2":{"x":-283.1011961452879,"y":622.0820312704195}},"16":{"from_node_id":"16","to_node_id":"19","b1":{"x":-298.9374372096721,"y":623.8167833997921},"b2":{"x":-300.80812920086777,"y":651.2974365136906}},"17":{"from_node_id":"18","to_node_id":"20","b1":{"x":-301.9375885776564,"y":495.85194802784633},"b2":{"x":-279.2225800998294,"y":492.25509641512735}},"18":{"from_node_id":"18","to_node_id":"21","b1":{"x":-302.031343307906,"y":491.8530469224735},"b2":{"x":-320.14945136553837,"y":487.02638550779375}},"19":{"from_node_id":"18","to_node_id":"37","b1":{"x":-302.031343307906,"y":491.8530469224735},"b2":{"x":-302.4933319091797,"y":523.8105010986328}}}},"3":{"name":"rxn03638","bigg_id":"rxn03638","reversibility":false,"label_x":-291.2892875671387,"label_y":-531.5687103271484,"gene_reaction_rule":"","genes":[],"metabolites":[{"bigg_id":"cpd00022","coefficient":-1},{"bigg_id":"cpd03671","coefficient":-1},{"bigg_id":"cpd00010","coefficient":1},{"bigg_id":"cpd00067","coefficient":1},{"bigg_id":"cpd02611","coefficient":1}],"segments":{"20":{"from_node_id":"24","to_node_id":"25","b1":null,"b2":null},"21":{"from_node_id":"26","to_node_id":"25","b1":null,"b2":null},"22":{"from_node_id":"24","to_node_id":"23","b1":{"x":-306.2892875671387,"y":-603.5687103271484},"b2":{"x":-340.9365043640137,"y":-613.8433685302734}},"23":{"from_node_id":"24","to_node_id":"27","b1":{"x":-306.2892875671387,"y":-607.5687103271484},"b2":{"x":-306.9656791687012,"y":-631.4748992919922}},"24":{"from_node_id":"26","to_node_id":"28","b1":{"x":-306.2892875671387,"y":-479.56871032714844},"b2":{"x":-335.6061820983887,"y":-473.29176330566406}},"25":{"from_node_id":"26","to_node_id":"29","b1":{"x":-306.2892875671387,"y":-475.56871032714844},"b2":{"x":-288.2892875671387,"y":-470.31871032714844}},"26":{"from_node_id":"26","to_node_id":"4","b1":{"x":-306.2892875671387,"y":-475.56871032714844},"b2":{"x":-308.2982597351074,"y":-438.3367462158203}}}},"4":{"name":"rxn00461","bigg_id":"rxn00461","reversibility":false,"label_x":-290,"label_y":203.99998474121094,"gene_reaction_rule":"","genes":[],"metabolites":[{"bigg_id":"cpd00037","coefficient":-1},{"bigg_id":"cpd00061","coefficient":-1},{"bigg_id":"cpd00009","coefficient":1},{"bigg_id":"cpd02820","coefficient":1}],"segments":{"27":{"from_node_id":"32","to_node_id":"33","b1":null,"b2":null},"28":{"from_node_id":"34","to_node_id":"33","b1":null,"b2":null},"29":{"from_node_id":"32","to_node_id":"31","b1":{"x":-305,"y":131.99998474121094},"b2":{"x":-305,"y":77.74998474121094}},"30":{"from_node_id":"32","to_node_id":"35","b1":{"x":-305,"y":127.99998474121094},"b2":{"x":-323,"y":122.74998474121094}},"31":{"from_node_id":"34","to_node_id":"36","b1":{"x":-305,"y":259.99998474121094},"b2":{"x":-323,"y":265.24998474121094}},"32":{"from_node_id":"34","to_node_id":"37","b1":{"x":-305,"y":255.99998474121094},"b2":{"x":-305,"y":310.24998474121094}}}},"5":{"name":"rxn01485","bigg_id":"rxn01485","reversibility":false,"label_x":-288.06358337402344,"label_y":-881.0799713134766,"gene_reaction_rule":"","genes":[],"metabolites":[{"bigg_id":"cpd03671","coefficient":-1},{"bigg_id":"cpd00288","coefficient":1}],"segments":{"33":{"from_node_id":"39","to_node_id":"40","b1":null,"b2":null},"34":{"from_node_id":"41","to_node_id":"40","b1":null,"b2":null},"35":{"from_node_id":"39","to_node_id":"27","b1":{"x":-303.8578542832081,"y":-829.0850591535029},"b2":{"x":-303.22026076233817,"y":-818.8148528104018}},"36":{"from_node_id":"41","to_node_id":"42","b1":{"x":-302.26931246483866,"y":-953.0748834734504},"b2":{"x":-301.5743254193022,"y":-1007.3204316134265}}}},"7":{"name":"rxn15064","bigg_id":"rxn15064","reversibility":false,"label_x":-130.4826784133911,"label_y":-1192.4988059997559,"gene_reaction_rule":"","genes":[],"metabolites":[{"bigg_id":"cpd00053","coefficient":-1},{"bigg_id":"cpd19035","coefficient":-1},{"bigg_id":"cpd00023","coefficient":1},{"bigg_id":"cpd00288","coefficient":1}],"segments":{"43":{"from_node_id":"51","to_node_id":"52","b1":null,"b2":null},"44":{"from_node_id":"53","to_node_id":"52","b1":null,"b2":null},"45":{"from_node_id":"51","to_node_id":"50","b1":{"x":-145.4826784133911,"y":-1264.4988059997559},"b2":{"x":-117.6723165512085,"y":-1268.4253196716309}},"46":{"from_node_id":"51","to_node_id":"54","b1":{"x":-145.4826784133911,"y":-1268.4988059997559},"b2":{"x":-146.26674365997314,"y":-1298.9105491638184}},"47":{"from_node_id":"53","to_node_id":"55","b1":{"x":-145.4826784133911,"y":-1136.4988059997559},"b2":{"x":-125.07787799835205,"y":-1140.5190696716309}},"48":{"from_node_id":"53","to_node_id":"42","b1":{"x":-146.80698108673096,"y":-1067.6620140075684},"b2":{"x":-148.13128185272217,"y":-1069.0329856872559}}}}},"nodes":{"0":{"node_type":"metabolite","x":-392.6024169921875,"y":-245.10089111328125,"bigg_id":"cpd00062","name":"UTP","label_x":-367.6024169921875,"label_y":-245.10089111328125,"node_is_primary":false},"1":{"node_type":"multimarker","x":-304.6517333984375,"y":-175.3863983154297},"2":{"node_type":"midmarker","x":-304.6517333984375,"y":-155.3863983154297},"3":{"node_type":"multimarker","x":-304.6517333984375,"y":-135.3863983154297},"4":{"node_type":"metabolite","x":-307.3617248535156,"y":-331.0134735107422,"bigg_id":"cpd02611","name":"N-Acetyl-D-glucosamine1-phosphate","label_x":-477.9730987548828,"label_y":-321.0022430419922,"node_is_primary":true},"5":{"node_type":"metabolite","x":-384.6517333984375,"y":-50.38639831542969,"bigg_id":"cpd00012","name":"PPi","label_x":-456.6517333984375,"label_y":-20.386398315429688,"node_is_primary":false},"7":{"node_type":"metabolite","x":-528.638988357472,"y":-1114.5676341508704,"bigg_id":"cpd00022","name":"Acetyl-CoA","label_x":-604.2860220488783,"label_y":-1146.350959346183,"node_is_primary":false},"8":{"node_type":"multimarker","x":-443.89518592825254,"y":-1182.1581446436237},"9":{"node_type":"midmarker","x":-443.72580384817286,"y":-1202.1574273735353},"10":{"node_type":"multimarker","x":-443.55642176809226,"y":-1222.1567101034475},"12":{"node_type":"metabolite","x":-533.6206637724674,"y":-1285.7740760649517,"bigg_id":"cpd00010","name":"CoA","label_x":-573.5115329130924,"label_y":-1250.0178504790142,"node_is_primary":false},"13":{"node_type":"metabolite","x":-358.6200863180999,"y":-1290.6152476430836,"bigg_id":"cpd00067","name":"H+","label_x":-343.6200863180999,"label_y":-1290.6152476430836,"node_is_primary":false},"14":{"node_type":"metabolite","x":-443.62191822880584,"y":-1362.0967388540003,"bigg_id":"cpd00293","name":"N-Acetyl-D-glucosamine 6-phosphate","label_x":-629.5119633948214,"label_y":-1396.9876079946253,"node_is_primary":true},"15":{"node_type":"metabolite","x":-224.42298030744348,"y":644.836154927465,"bigg_id":"cpd00006","name":"NADP","label_x":-199.42298030744348,"label_y":644.836154927465,"node_is_primary":false},"16":{"node_type":"multimarker","x":-300.0156166075416,"y":577.8294206879995},"17":{"node_type":"midmarker","x":-300.48439025878906,"y":557.8349151611328},"18":{"node_type":"multimarker","x":-300.95316391003655,"y":537.8404096342662},"19":{"node_type":"metabolite","x":-299.3330567264138,"y":706.2388969354731,"bigg_id":"cpd00773","name":"UDP-MurNAc","label_x":-366.0027039432108,"label_y":748.2321830682856,"node_is_primary":true},"20":{"node_type":"metabolite","x":-215.3028955470487,"y":456.17516709401934,"bigg_id":"cpd00005","name":"NADPH","label_x":-190.3028955470487,"label_y":456.17516709401934,"node_is_primary":false},"21":{"node_type":"metabolite","x":-382.92347403530493,"y":454.738855750074,"bigg_id":"cpd00067","name":"H+","label_x":-367.92347403530493,"label_y":454.738855750074,"node_is_primary":false},"23":{"node_type":"metabolite","x":-412.8961601257324,"y":-625.9528045654297,"bigg_id":"cpd00022","name":"Acetyl-CoA","label_x":-469.1838798522949,"label_y":-641.9438934326172,"node_is_primary":false},"24":{"node_type":"multimarker","x":-306.2892875671387,"y":-561.5687103271484},"25":{"node_type":"midmarker","x":-306.2892875671387,"y":-541.5687103271484},"26":{"node_type":"multimarker","x":-306.2892875671387,"y":-521.5687103271484},"27":{"node_type":"metabolite","x":-305.0015525817871,"y":-710.5328216552734,"bigg_id":"cpd03671","name":"D-Glucosamine1-phosphate","label_x":-442.2982597351074,"label_y":-703.1867523193359,"node_is_primary":true},"28":{"node_type":"metabolite","x":-418.22651290893555,"y":-459.8496856689453,"bigg_id":"cpd00010","name":"CoA","label_x":-443.8647880554199,"label_y":-477.1732940673828,"node_is_primary":false},"29":{"node_type":"metabolite","x":-226.28928756713867,"y":-436.56871032714844,"bigg_id":"cpd00067","name":"H+","label_x":-211.28928756713867,"label_y":-436.56871032714844,"node_is_primary":false},"31":{"node_type":"metabolite","x":-305,"y":18.999984741210938,"bigg_id":"cpd00037","name":"UDP-N-acetylglucosamine","label_x":-280,"label_y":18.999984741210938,"node_is_primary":true},"32":{"node_type":"multimarker","x":-305,"y":173.99998474121094},"33":{"node_type":"midmarker","x":-305,"y":193.99998474121094},"34":{"node_type":"multimarker","x":-305,"y":213.99998474121094},"35":{"node_type":"metabolite","x":-385,"y":88.99998474121094,"bigg_id":"cpd00061","name":"Phosphoenolpyruvate","label_x":-457,"label_y":118.99998474121094,"node_is_primary":false},"36":{"node_type":"metabolite","x":-385,"y":298.99998474121094,"bigg_id":"cpd00009","name":"Phosphate","label_x":-457,"label_y":328.99998474121094,"node_is_primary":false},"37":{"node_type":"metabolite","x":-305,"y":368.99998474121094,"bigg_id":"cpd02820","name":"UDP-N-acetylglucosamine enolpyruvate","label_x":-280,"label_y":368.99998474121094,"node_is_primary":true},"39":{"node_type":"multimarker","x":-303.31979979634116,"y":-871.0816125521947},"40":{"node_type":"midmarker","x":-303.06358337402344,"y":-891.0799713134766},"41":{"node_type":"multimarker","x":-302.8073669517057,"y":-911.0783300747582},"42":{"node_type":"metabolite","x":-300.8216896787453,"y":-1066.0656104746922,"bigg_id":"cpd00288","name":"D-Glucosamine phosphate","label_x":-416.197834087925,"label_y":-1095.2003760996922,"node_is_primary":true},"50":{"node_type":"metabolite","x":-48.80854892730713,"y":-1288.7705345153809,"bigg_id":"cpd00053","name":"L-Glutamine","label_x":-23.80854892730713,"label_y":-1288.7705345153809,"node_is_primary":false},"51":{"node_type":"multimarker","x":-145.4826784133911,"y":-1222.4988059997559},"52":{"node_type":"midmarker","x":-145.4826784133911,"y":-1202.4988059997559},"53":{"node_type":"multimarker","x":-145.4826784133911,"y":-1182.4988059997559},"54":{"node_type":"metabolite","x":-147.34879779815674,"y":-1367.0924339294434,"bigg_id":"cpd19035","name":"beta-D-Fructose 6-phosphate","label_x":-235.2404375076294,"label_y":-1395.3617210388184,"node_is_primary":true},"55":{"node_type":"metabolite","x":-42.7288293838501,"y":-1122.6606712341309,"bigg_id":"cpd00023","name":"L-Glutamate","label_x":-114.7288293838501,"label_y":-1092.6606712341309,"node_is_primary":false}},"text_labels":{"0":{"x":-858.7408981323242,"y":-1487.5926513671875,"text":"UDP-N-Acetylmuramate from Fructose-6-Phosphate"}},"canvas":{"x":-957.4156494140625,"y":-1657.0641479492188,"width":1475.9495544433594,"height":2596.5421142578125}}]